home_id,timestamp,room_temperature_C,relative_humidity_pct
IDEAL_01,2024-01-08 00:00:00,15.67,66.06
IDEAL_01,2024-01-08 00:30:00,14.7,64.44
IDEAL_01,2024-01-08 01:00:00,14.92,66.44
IDEAL_01,2024-01-08 01:30:00,15.42,63.71
IDEAL_01,2024-01-08 02:00:00,14.36,64.18
IDEAL_01,2024-01-08 02:30:00,14.72,66.26
IDEAL_01,2024-01-08 03:00:00,14.6,64.6
IDEAL_01,2024-01-08 03:30:00,14.68,65.54
IDEAL_01,2024-01-08 04:00:00,14.64,64.79
IDEAL_01,2024-01-08 04:30:00,14.42,65.01
IDEAL_01,2024-01-08 05:00:00,14.79,65.08
IDEAL_01,2024-01-08 05:30:00,14.28,64.57
IDEAL_01,2024-01-08 06:00:00,15.11,66.08
IDEAL_01,2024-01-08 06:30:00,14.96,64.69
IDEAL_01,2024-01-08 07:00:00,18.51,51.65
IDEAL_01,2024-01-08 07:30:00,18.53,50.54
IDEAL_01,2024-01-08 08:00:00,18.82,49.33
IDEAL_01,2024-01-08 08:30:00,18.39,53.0
IDEAL_01,2024-01-08 09:00:00,19.43,52.38
IDEAL_01,2024-01-08 09:30:00,18.85,55.06
IDEAL_01,2024-01-08 10:00:00,18.87,50.06
IDEAL_01,2024-01-08 10:30:00,18.98,51.32
IDEAL_01,2024-01-08 11:00:00,18.48,51.44
IDEAL_01,2024-01-08 11:30:00,19.15,53.11
IDEAL_01,2024-01-08 12:00:00,18.76,50.87
IDEAL_01,2024-01-08 12:30:00,19.09,49.87
IDEAL_01,2024-01-08 13:00:00,18.63,53.44
IDEAL_01,2024-01-08 13:30:00,19.24,51.16
IDEAL_01,2024-01-08 14:00:00,18.87,52.95
IDEAL_01,2024-01-08 14:30:00,19.58,52.77
IDEAL_01,2024-01-08 15:00:00,18.56,51.59
IDEAL_01,2024-01-08 15:30:00,18.79,51.37
IDEAL_01,2024-01-08 16:00:00,18.3,51.04
IDEAL_01,2024-01-08 16:30:00,18.5,51.61
IDEAL_01,2024-01-08 17:00:00,18.96,52.93
IDEAL_01,2024-01-08 17:30:00,19.16,50.44
IDEAL_01,2024-01-08 18:00:00,19.9,51.79
IDEAL_01,2024-01-08 18:30:00,18.67,49.95
IDEAL_01,2024-01-08 19:00:00,18.34,50.14
IDEAL_01,2024-01-08 19:30:00,19.01,51.58
IDEAL_01,2024-01-08 20:00:00,18.26,48.69
IDEAL_01,2024-01-08 20:30:00,18.94,54.72
IDEAL_01,2024-01-08 21:00:00,18.51,49.84
IDEAL_01,2024-01-08 21:30:00,18.79,51.57
IDEAL_01,2024-01-08 22:00:00,19.15,53.38
IDEAL_01,2024-01-08 22:30:00,18.67,50.34
IDEAL_01,2024-01-08 23:00:00,15.08,62.18
IDEAL_01,2024-01-08 23:30:00,15.06,64.96
IDEAL_01,2024-01-09 00:00:00,13.96,64.32
IDEAL_01,2024-01-09 00:30:00,14.35,62.22
IDEAL_01,2024-01-09 01:00:00,14.09,66.06
IDEAL_01,2024-01-09 01:30:00,15.51,65.94
IDEAL_01,2024-01-09 02:00:00,14.67,67.34
IDEAL_01,2024-01-09 02:30:00,15.42,63.95
IDEAL_01,2024-01-09 03:00:00,14.06,63.23
IDEAL_01,2024-01-09 03:30:00,14.48,65.02
IDEAL_01,2024-01-09 04:00:00,15.03,65.5
IDEAL_01,2024-01-09 04:30:00,14.78,67.01
IDEAL_01,2024-01-09 05:00:00,14.92,67.75
IDEAL_01,2024-01-09 05:30:00,14.21,67.45
IDEAL_01,2024-01-09 06:00:00,15.26,66.05
IDEAL_01,2024-01-09 06:30:00,15.02,66.83
IDEAL_01,2024-01-09 07:00:00,18.87,50.67
IDEAL_01,2024-01-09 07:30:00,18.44,51.88
IDEAL_01,2024-01-09 08:00:00,18.84,49.84
IDEAL_01,2024-01-09 08:30:00,18.59,51.72
IDEAL_01,2024-01-09 09:00:00,18.05,51.76
IDEAL_01,2024-01-09 09:30:00,18.69,54.21
IDEAL_01,2024-01-09 10:00:00,18.65,51.29
IDEAL_01,2024-01-09 10:30:00,19.13,51.77
IDEAL_01,2024-01-09 11:00:00,17.82,51.99
IDEAL_01,2024-01-09 11:30:00,18.8,50.95
IDEAL_01,2024-01-09 12:00:00,18.25,50.43
IDEAL_01,2024-01-09 12:30:00,18.84,53.58
IDEAL_01,2024-01-09 13:00:00,18.86,50.16
IDEAL_01,2024-01-09 13:30:00,18.68,49.64
IDEAL_01,2024-01-09 14:00:00,19.03,52.65
IDEAL_01,2024-01-09 14:30:00,18.21,53.37
IDEAL_01,2024-01-09 15:00:00,19.15,50.95
IDEAL_01,2024-01-09 15:30:00,18.43,50.98
IDEAL_01,2024-01-09 16:00:00,18.09,52.05
IDEAL_01,2024-01-09 16:30:00,18.6,50.57
IDEAL_01,2024-01-09 17:00:00,17.87,50.46
IDEAL_01,2024-01-09 17:30:00,18.81,52.95
IDEAL_01,2024-01-09 18:00:00,18.61,52.54
IDEAL_01,2024-01-09 18:30:00,19.2,53.6
IDEAL_01,2024-01-09 19:00:00,18.97,49.75
IDEAL_01,2024-01-09 19:30:00,18.15,50.88
IDEAL_01,2024-01-09 20:00:00,18.37,52.05
IDEAL_01,2024-01-09 20:30:00,18.92,50.24
IDEAL_01,2024-01-09 21:00:00,19.05,52.59
IDEAL_01,2024-01-09 21:30:00,19.2,53.47
IDEAL_01,2024-01-09 22:00:00,19.2,50.76
IDEAL_01,2024-01-09 22:30:00,18.67,51.69
IDEAL_01,2024-01-09 23:00:00,14.85,67.81
IDEAL_01,2024-01-09 23:30:00,15.23,68.33
IDEAL_01,2024-01-10 00:00:00,14.59,66.75
IDEAL_01,2024-01-10 00:30:00,14.86,66.52
IDEAL_01,2024-01-10 01:00:00,14.58,64.35
IDEAL_01,2024-01-10 01:30:00,14.49,66.17
IDEAL_01,2024-01-10 02:00:00,14.73,66.47
IDEAL_01,2024-01-10 02:30:00,14.43,65.32
IDEAL_01,2024-01-10 03:00:00,14.66,64.74
IDEAL_01,2024-01-10 03:30:00,14.3,63.71
IDEAL_01,2024-01-10 04:00:00,14.63,63.02
IDEAL_01,2024-01-10 04:30:00,14.89,62.71
IDEAL_01,2024-01-10 05:00:00,14.47,66.5
IDEAL_01,2024-01-10 05:30:00,14.71,65.85
IDEAL_01,2024-01-10 06:00:00,14.77,64.9
IDEAL_01,2024-01-10 06:30:00,14.89,65.13
IDEAL_01,2024-01-10 07:00:00,18.66,51.95
IDEAL_01,2024-01-10 07:30:00,19.14,51.38
IDEAL_01,2024-01-10 08:00:00,17.87,49.62
IDEAL_01,2024-01-10 08:30:00,19.88,53.0
IDEAL_01,2024-01-10 09:00:00,18.36,52.09
IDEAL_01,2024-01-10 09:30:00,18.87,52.03
IDEAL_01,2024-01-10 10:00:00,18.33,52.89
IDEAL_01,2024-01-10 10:30:00,18.97,50.41
IDEAL_01,2024-01-10 11:00:00,18.82,53.45
IDEAL_01,2024-01-10 11:30:00,18.45,51.42
IDEAL_01,2024-01-10 12:00:00,19.14,52.96
IDEAL_01,2024-01-10 12:30:00,18.64,52.73
IDEAL_01,2024-01-10 13:00:00,18.93,50.07
IDEAL_01,2024-01-10 13:30:00,18.34,52.39
IDEAL_01,2024-01-10 14:00:00,18.7,52.12
IDEAL_01,2024-01-10 14:30:00,19.51,51.68
IDEAL_01,2024-01-10 15:00:00,19.1,51.49
IDEAL_01,2024-01-10 15:30:00,18.83,51.5
IDEAL_01,2024-01-10 16:00:00,18.53,52.85
IDEAL_01,2024-01-10 16:30:00,18.74,52.5
IDEAL_01,2024-01-10 17:00:00,18.79,51.68
IDEAL_01,2024-01-10 17:30:00,18.89,49.39
IDEAL_01,2024-01-10 18:00:00,18.28,52.37
IDEAL_01,2024-01-10 18:30:00,18.98,52.72
IDEAL_01,2024-01-10 19:00:00,18.27,55.08
IDEAL_01,2024-01-10 19:30:00,19.36,53.24
IDEAL_01,2024-01-10 20:00:00,18.4,48.78
IDEAL_01,2024-01-10 20:30:00,18.83,51.75
IDEAL_01,2024-01-10 21:00:00,19.11,54.35
IDEAL_01,2024-01-10 21:30:00,18.61,52.57
IDEAL_01,2024-01-10 22:00:00,18.85,52.12
IDEAL_01,2024-01-10 22:30:00,19.28,52.98
IDEAL_01,2024-01-10 23:00:00,14.94,64.7
IDEAL_01,2024-01-10 23:30:00,14.85,66.35
IDEAL_01,2024-01-11 00:00:00,14.04,65.25
IDEAL_01,2024-01-11 00:30:00,14.34,65.6
IDEAL_01,2024-01-11 01:00:00,15.13,66.87
IDEAL_01,2024-01-11 01:30:00,14.94,64.24
IDEAL_01,2024-01-11 02:00:00,15.0,67.56
IDEAL_01,2024-01-11 02:30:00,14.96,65.0
IDEAL_01,2024-01-11 03:00:00,15.23,66.02
IDEAL_01,2024-01-11 03:30:00,14.61,63.53
IDEAL_01,2024-01-11 04:00:00,14.76,66.71
IDEAL_01,2024-01-11 04:30:00,14.3,67.8
IDEAL_01,2024-01-11 05:00:00,14.2,64.86
IDEAL_01,2024-01-11 05:30:00,14.05,63.97
IDEAL_01,2024-01-11 06:00:00,14.36,66.05
IDEAL_01,2024-01-11 06:30:00,15.33,67.81
IDEAL_01,2024-01-11 07:00:00,18.09,49.46
IDEAL_01,2024-01-11 07:30:00,18.59,49.97
IDEAL_01,2024-01-11 08:00:00,18.19,50.95
IDEAL_01,2024-01-11 08:30:00,18.47,50.4
IDEAL_01,2024-01-11 09:00:00,18.78,50.4
IDEAL_01,2024-01-11 09:30:00,18.43,48.49
IDEAL_01,2024-01-11 10:00:00,19.15,52.51
IDEAL_01,2024-01-11 10:30:00,19.32,52.14
IDEAL_01,2024-01-11 11:00:00,17.81,49.08
IDEAL_01,2024-01-11 11:30:00,18.44,53.82
IDEAL_01,2024-01-11 12:00:00,18.73,54.15
IDEAL_01,2024-01-11 12:30:00,19.16,50.5
IDEAL_01,2024-01-11 13:00:00,18.53,53.38
IDEAL_01,2024-01-11 13:30:00,18.7,50.77
IDEAL_01,2024-01-11 14:00:00,18.25,51.9
IDEAL_01,2024-01-11 14:30:00,18.1,50.38
IDEAL_01,2024-01-11 15:00:00,19.29,54.95
IDEAL_01,2024-01-11 15:30:00,17.98,51.19
IDEAL_01,2024-01-11 16:00:00,19.64,51.82
IDEAL_01,2024-01-11 16:30:00,19.0,50.6
IDEAL_01,2024-01-11 17:00:00,18.98,54.42
IDEAL_01,2024-01-11 17:30:00,18.94,54.46
IDEAL_01,2024-01-11 18:00:00,18.61,54.08
IDEAL_01,2024-01-11 18:30:00,18.87,53.07
IDEAL_01,2024-01-11 19:00:00,18.63,50.69
IDEAL_01,2024-01-11 19:30:00,18.93,52.87
IDEAL_01,2024-01-11 20:00:00,18.7,51.62
IDEAL_01,2024-01-11 20:30:00,18.33,53.6
IDEAL_01,2024-01-11 21:00:00,18.36,53.3
IDEAL_01,2024-01-11 21:30:00,18.32,50.66
IDEAL_01,2024-01-11 22:00:00,19.1,53.05
IDEAL_01,2024-01-11 22:30:00,18.46,52.65
IDEAL_01,2024-01-11 23:00:00,13.95,61.47
IDEAL_01,2024-01-11 23:30:00,14.87,66.83
IDEAL_01,2024-01-12 00:00:00,15.32,64.98
IDEAL_01,2024-01-12 00:30:00,15.02,64.3
IDEAL_01,2024-01-12 01:00:00,14.47,64.37
IDEAL_01,2024-01-12 01:30:00,14.08,65.43
IDEAL_01,2024-01-12 02:00:00,14.66,66.35
IDEAL_01,2024-01-12 02:30:00,14.65,63.58
IDEAL_01,2024-01-12 03:00:00,14.32,65.92
IDEAL_01,2024-01-12 03:30:00,14.93,66.5
IDEAL_01,2024-01-12 04:00:00,15.45,68.42
IDEAL_01,2024-01-12 04:30:00,14.8,64.02
IDEAL_01,2024-01-12 05:00:00,14.77,65.11
IDEAL_01,2024-01-12 05:30:00,14.33,66.02
IDEAL_01,2024-01-12 06:00:00,15.27,67.35
IDEAL_01,2024-01-12 06:30:00,14.68,65.17
IDEAL_01,2024-01-12 07:00:00,18.48,53.43
IDEAL_01,2024-01-12 07:30:00,18.74,48.72
IDEAL_01,2024-01-12 08:00:00,18.9,49.75
IDEAL_01,2024-01-12 08:30:00,18.77,52.15
IDEAL_01,2024-01-12 09:00:00,19.19,49.51
IDEAL_01,2024-01-12 09:30:00,18.86,49.87
IDEAL_01,2024-01-12 10:00:00,18.6,50.84
IDEAL_01,2024-01-12 10:30:00,18.87,52.79
IDEAL_01,2024-01-12 11:00:00,18.91,48.79
IDEAL_01,2024-01-12 11:30:00,18.19,51.89
IDEAL_01,2024-01-12 12:00:00,19.17,53.18
IDEAL_01,2024-01-12 12:30:00,18.59,51.34
IDEAL_01,2024-01-12 13:00:00,18.6,51.08
IDEAL_01,2024-01-12 13:30:00,19.01,52.23
IDEAL_01,2024-01-12 14:00:00,19.01,51.34
IDEAL_01,2024-01-12 14:30:00,18.43,53.72
IDEAL_01,2024-01-12 15:00:00,19.03,49.96
IDEAL_01,2024-01-12 15:30:00,18.49,51.55
IDEAL_01,2024-01-12 16:00:00,19.44,51.94
IDEAL_01,2024-01-12 16:30:00,18.38,51.06
IDEAL_01,2024-01-12 17:00:00,18.81,47.32
IDEAL_01,2024-01-12 17:30:00,18.4,51.39
IDEAL_01,2024-01-12 18:00:00,19.6,52.98
IDEAL_01,2024-01-12 18:30:00,18.21,52.8
IDEAL_01,2024-01-12 19:00:00,18.92,52.16
IDEAL_01,2024-01-12 19:30:00,18.42,49.98
IDEAL_01,2024-01-12 20:00:00,18.57,52.22
IDEAL_01,2024-01-12 20:30:00,18.89,50.77
IDEAL_01,2024-01-12 21:00:00,19.2,52.16
IDEAL_01,2024-01-12 21:30:00,19.36,51.81
IDEAL_01,2024-01-12 22:00:00,18.1,50.17
IDEAL_01,2024-01-12 22:30:00,18.82,50.29
IDEAL_01,2024-01-12 23:00:00,15.29,66.16
IDEAL_01,2024-01-12 23:30:00,14.04,65.3
IDEAL_01,2024-01-13 00:00:00,14.84,64.37
IDEAL_01,2024-01-13 00:30:00,14.71,64.25
IDEAL_01,2024-01-13 01:00:00,14.88,65.17
IDEAL_01,2024-01-13 01:30:00,14.4,67.98
IDEAL_01,2024-01-13 02:00:00,14.14,64.84
IDEAL_01,2024-01-13 02:30:00,13.94,65.61
IDEAL_01,2024-01-13 03:00:00,15.1,65.78
IDEAL_01,2024-01-13 03:30:00,15.15,63.93
IDEAL_01,2024-01-13 04:00:00,14.83,62.99
IDEAL_01,2024-01-13 04:30:00,14.5,64.09
IDEAL_01,2024-01-13 05:00:00,14.06,66.0
IDEAL_01,2024-01-13 05:30:00,14.94,65.76
IDEAL_01,2024-01-13 06:00:00,14.27,66.68
IDEAL_01,2024-01-13 06:30:00,14.43,65.78
IDEAL_01,2024-01-13 07:00:00,18.48,51.47
IDEAL_01,2024-01-13 07:30:00,18.63,50.72
IDEAL_01,2024-01-13 08:00:00,18.41,52.96
IDEAL_01,2024-01-13 08:30:00,18.72,50.25
IDEAL_01,2024-01-13 09:00:00,18.46,49.97
IDEAL_01,2024-01-13 09:30:00,18.99,52.48
IDEAL_01,2024-01-13 10:00:00,19.12,49.63
IDEAL_01,2024-01-13 10:30:00,18.75,55.25
IDEAL_01,2024-01-13 11:00:00,18.89,51.75
IDEAL_01,2024-01-13 11:30:00,19.56,52.15
IDEAL_01,2024-01-13 12:00:00,18.24,50.42
IDEAL_01,2024-01-13 12:30:00,18.22,51.16
IDEAL_01,2024-01-13 13:00:00,18.99,50.99
IDEAL_01,2024-01-13 13:30:00,19.49,50.82
IDEAL_01,2024-01-13 14:00:00,18.61,52.58
IDEAL_01,2024-01-13 14:30:00,19.4,50.96
IDEAL_01,2024-01-13 15:00:00,18.75,53.16
IDEAL_01,2024-01-13 15:30:00,18.44,55.63
IDEAL_01,2024-01-13 16:00:00,18.31,51.19
IDEAL_01,2024-01-13 16:30:00,18.96,51.86
IDEAL_01,2024-01-13 17:00:00,18.34,52.2
IDEAL_01,2024-01-13 17:30:00,18.74,54.35
IDEAL_01,2024-01-13 18:00:00,19.34,51.51
IDEAL_01,2024-01-13 18:30:00,18.59,50.39
IDEAL_01,2024-01-13 19:00:00,19.24,49.73
IDEAL_01,2024-01-13 19:30:00,18.22,51.54
IDEAL_01,2024-01-13 20:00:00,18.5,50.96
IDEAL_01,2024-01-13 20:30:00,18.15,54.65
IDEAL_01,2024-01-13 21:00:00,18.74,54.29
IDEAL_01,2024-01-13 21:30:00,19.02,50.08
IDEAL_01,2024-01-13 22:00:00,18.74,50.56
IDEAL_01,2024-01-13 22:30:00,19.2,51.74
IDEAL_01,2024-01-13 23:00:00,14.41,67.73
IDEAL_01,2024-01-13 23:30:00,14.8,65.72
IDEAL_01,2024-01-14 00:00:00,14.5,64.66
IDEAL_01,2024-01-14 00:30:00,14.85,65.54
IDEAL_01,2024-01-14 01:00:00,14.91,64.69
IDEAL_01,2024-01-14 01:30:00,14.94,66.53
IDEAL_01,2024-01-14 02:00:00,14.28,64.57
IDEAL_01,2024-01-14 02:30:00,14.35,64.87
IDEAL_01,2024-01-14 03:00:00,14.43,67.37
IDEAL_01,2024-01-14 03:30:00,14.61,64.48
IDEAL_01,2024-01-14 04:00:00,14.74,63.46
IDEAL_01,2024-01-14 04:30:00,14.99,65.77
IDEAL_01,2024-01-14 05:00:00,14.37,65.09
IDEAL_01,2024-01-14 05:30:00,14.07,66.4
IDEAL_01,2024-01-14 06:00:00,15.57,66.11
IDEAL_01,2024-01-14 06:30:00,14.26,65.58
IDEAL_01,2024-01-14 07:00:00,19.04,51.54
IDEAL_01,2024-01-14 07:30:00,18.72,50.53
IDEAL_01,2024-01-14 08:00:00,18.81,51.76
IDEAL_01,2024-01-14 08:30:00,18.71,52.95
IDEAL_01,2024-01-14 09:00:00,18.56,50.17
IDEAL_01,2024-01-14 09:30:00,18.9,51.62
IDEAL_01,2024-01-14 10:00:00,18.53,53.19
IDEAL_01,2024-01-14 10:30:00,19.18,52.39
IDEAL_01,2024-01-14 11:00:00,18.94,53.59
IDEAL_01,2024-01-14 11:30:00,18.95,50.78
IDEAL_01,2024-01-14 12:00:00,18.51,48.88
IDEAL_01,2024-01-14 12:30:00,18.62,51.93
IDEAL_01,2024-01-14 13:00:00,18.23,52.17
IDEAL_01,2024-01-14 13:30:00,18.57,53.68
IDEAL_01,2024-01-14 14:00:00,18.3,53.41
IDEAL_01,2024-01-14 14:30:00,19.24,52.44
IDEAL_01,2024-01-14 15:00:00,18.73,52.78
IDEAL_01,2024-01-14 15:30:00,18.78,51.34
IDEAL_01,2024-01-14 16:00:00,18.62,49.8
IDEAL_01,2024-01-14 16:30:00,18.79,51.81
IDEAL_01,2024-01-14 17:00:00,19.7,53.1
IDEAL_01,2024-01-14 17:30:00,18.59,52.62
IDEAL_01,2024-01-14 18:00:00,18.45,52.88
IDEAL_01,2024-01-14 18:30:00,18.92,50.99
IDEAL_01,2024-01-14 19:00:00,17.7,51.23
IDEAL_01,2024-01-14 19:30:00,18.74,52.36
IDEAL_01,2024-01-14 20:00:00,18.56,50.81
IDEAL_01,2024-01-14 20:30:00,18.31,50.86
IDEAL_01,2024-01-14 21:00:00,18.91,52.08
IDEAL_01,2024-01-14 21:30:00,18.73,52.77
IDEAL_01,2024-01-14 22:00:00,17.99,51.33
IDEAL_01,2024-01-14 22:30:00,18.45,49.89
IDEAL_01,2024-01-14 23:00:00,13.55,64.53
IDEAL_01,2024-01-14 23:30:00,14.83,65.94
IDEAL_02,2024-01-08 00:00:00,16.47,73.36
IDEAL_02,2024-01-08 00:30:00,16.27,73.72
IDEAL_02,2024-01-08 01:00:00,16.37,76.24
IDEAL_02,2024-01-08 01:30:00,16.25,74.06
IDEAL_02,2024-01-08 02:00:00,16.72,73.79
IDEAL_02,2024-01-08 02:30:00,16.84,74.18
IDEAL_02,2024-01-08 03:00:00,15.79,73.81
IDEAL_02,2024-01-08 03:30:00,16.16,72.99
IDEAL_02,2024-01-08 04:00:00,16.28,72.56
IDEAL_02,2024-01-08 04:30:00,16.16,72.91
IDEAL_02,2024-01-08 05:00:00,16.98,75.36
IDEAL_02,2024-01-08 05:30:00,16.35,73.11
IDEAL_02,2024-01-08 06:00:00,15.94,73.82
IDEAL_02,2024-01-08 06:30:00,16.5,75.11
IDEAL_02,2024-01-08 07:00:00,20.37,59.64
IDEAL_02,2024-01-08 07:30:00,20.39,61.0
IDEAL_02,2024-01-08 08:00:00,20.99,57.74
IDEAL_02,2024-01-08 08:30:00,20.41,59.86
IDEAL_02,2024-01-08 09:00:00,20.14,60.17
IDEAL_02,2024-01-08 09:30:00,19.48,60.09
IDEAL_02,2024-01-08 10:00:00,20.2,57.57
IDEAL_02,2024-01-08 10:30:00,20.79,61.86
IDEAL_02,2024-01-08 11:00:00,20.23,58.77
IDEAL_02,2024-01-08 11:30:00,19.37,60.56
IDEAL_02,2024-01-08 12:00:00,20.07,60.07
IDEAL_02,2024-01-08 12:30:00,20.66,61.56
IDEAL_02,2024-01-08 13:00:00,20.48,63.34
IDEAL_02,2024-01-08 13:30:00,19.93,58.12
IDEAL_02,2024-01-08 14:00:00,20.04,59.08
IDEAL_02,2024-01-08 14:30:00,20.1,60.34
IDEAL_02,2024-01-08 15:00:00,20.0,58.4
IDEAL_02,2024-01-08 15:30:00,19.45,61.23
IDEAL_02,2024-01-08 16:00:00,20.57,61.32
IDEAL_02,2024-01-08 16:30:00,20.77,60.89
IDEAL_02,2024-01-08 17:00:00,19.66,60.41
IDEAL_02,2024-01-08 17:30:00,20.76,62.11
IDEAL_02,2024-01-08 18:00:00,20.22,58.32
IDEAL_02,2024-01-08 18:30:00,20.75,60.15
IDEAL_02,2024-01-08 19:00:00,20.28,58.95
IDEAL_02,2024-01-08 19:30:00,20.32,61.39
IDEAL_02,2024-01-08 20:00:00,20.41,57.3
IDEAL_02,2024-01-08 20:30:00,19.95,60.01
IDEAL_02,2024-01-08 21:00:00,20.74,60.56
IDEAL_02,2024-01-08 21:30:00,19.82,58.63
IDEAL_02,2024-01-08 22:00:00,20.1,59.11
IDEAL_02,2024-01-08 22:30:00,20.47,60.08
IDEAL_02,2024-01-08 23:00:00,16.06,75.49
IDEAL_02,2024-01-08 23:30:00,16.58,72.5
IDEAL_02,2024-01-09 00:00:00,16.82,72.77
IDEAL_02,2024-01-09 00:30:00,16.67,75.74
IDEAL_02,2024-01-09 01:00:00,15.49,73.64
IDEAL_02,2024-01-09 01:30:00,16.32,72.89
IDEAL_02,2024-01-09 02:00:00,16.68,75.15
IDEAL_02,2024-01-09 02:30:00,15.74,73.32
IDEAL_02,2024-01-09 03:00:00,16.55,75.6
IDEAL_02,2024-01-09 03:30:00,16.53,73.06
IDEAL_02,2024-01-09 04:00:00,15.78,73.81
IDEAL_02,2024-01-09 04:30:00,16.6,75.47
IDEAL_02,2024-01-09 05:00:00,16.37,73.71
IDEAL_02,2024-01-09 05:30:00,16.52,75.19
IDEAL_02,2024-01-09 06:00:00,15.88,73.96
IDEAL_02,2024-01-09 06:30:00,16.32,77.03
IDEAL_02,2024-01-09 07:00:00,19.58,62.41
IDEAL_02,2024-01-09 07:30:00,19.35,58.06
IDEAL_02,2024-01-09 08:00:00,20.32,60.84
IDEAL_02,2024-01-09 08:30:00,20.71,58.83
IDEAL_02,2024-01-09 09:00:00,20.37,60.34
IDEAL_02,2024-01-09 09:30:00,20.24,60.16
IDEAL_02,2024-01-09 10:00:00,20.19,58.47
IDEAL_02,2024-01-09 10:30:00,19.89,61.64
IDEAL_02,2024-01-09 11:00:00,20.18,60.36
IDEAL_02,2024-01-09 11:30:00,20.43,59.63
IDEAL_02,2024-01-09 12:00:00,20.09,59.4
IDEAL_02,2024-01-09 12:30:00,20.57,60.26
IDEAL_02,2024-01-09 13:00:00,20.34,60.67
IDEAL_02,2024-01-09 13:30:00,20.39,59.87
IDEAL_02,2024-01-09 14:00:00,20.62,55.81
IDEAL_02,2024-01-09 14:30:00,20.05,60.08
IDEAL_02,2024-01-09 15:00:00,20.53,57.89
IDEAL_02,2024-01-09 15:30:00,20.11,59.74
IDEAL_02,2024-01-09 16:00:00,20.4,57.95
IDEAL_02,2024-01-09 16:30:00,20.01,57.93
IDEAL_02,2024-01-09 17:00:00,19.9,61.91
IDEAL_02,2024-01-09 17:30:00,20.3,59.57
IDEAL_02,2024-01-09 18:00:00,19.51,59.46
IDEAL_02,2024-01-09 18:30:00,20.15,60.78
IDEAL_02,2024-01-09 19:00:00,19.62,59.5
IDEAL_02,2024-01-09 19:30:00,20.58,63.21
IDEAL_02,2024-01-09 20:00:00,20.68,59.64
IDEAL_02,2024-01-09 20:30:00,19.92,60.6
IDEAL_02,2024-01-09 21:00:00,20.44,61.51
IDEAL_02,2024-01-09 21:30:00,20.62,62.46
IDEAL_02,2024-01-09 22:00:00,20.63,58.94
IDEAL_02,2024-01-09 22:30:00,20.35,59.43
IDEAL_02,2024-01-09 23:00:00,16.56,75.97
IDEAL_02,2024-01-09 23:30:00,16.01,75.27
IDEAL_02,2024-01-10 00:00:00,16.3,75.67
IDEAL_02,2024-01-10 00:30:00,16.08,72.0
IDEAL_02,2024-01-10 01:00:00,15.97,76.38
IDEAL_02,2024-01-10 01:30:00,16.28,72.91
IDEAL_02,2024-01-10 02:00:00,16.4,74.34
IDEAL_02,2024-01-10 02:30:00,16.73,73.83
IDEAL_02,2024-01-10 03:00:00,16.37,72.74
IDEAL_02,2024-01-10 03:30:00,16.52,71.94
IDEAL_02,2024-01-10 04:00:00,16.53,71.44
IDEAL_02,2024-01-10 04:30:00,17.34,74.23
IDEAL_02,2024-01-10 05:00:00,15.54,71.77
IDEAL_02,2024-01-10 05:30:00,15.99,72.35
IDEAL_02,2024-01-10 06:00:00,16.85,73.73
IDEAL_02,2024-01-10 06:30:00,16.12,70.1
IDEAL_02,2024-01-10 07:00:00,20.62,61.22
IDEAL_02,2024-01-10 07:30:00,20.36,56.44
IDEAL_02,2024-01-10 08:00:00,21.11,59.94
IDEAL_02,2024-01-10 08:30:00,19.82,60.08
IDEAL_02,2024-01-10 09:00:00,20.75,60.86
IDEAL_02,2024-01-10 09:30:00,20.96,59.99
IDEAL_02,2024-01-10 10:00:00,19.86,63.08
IDEAL_02,2024-01-10 10:30:00,20.58,60.38
IDEAL_02,2024-01-10 11:00:00,19.88,61.63
IDEAL_02,2024-01-10 11:30:00,20.28,58.97
IDEAL_02,2024-01-10 12:00:00,20.16,60.24
IDEAL_02,2024-01-10 12:30:00,19.3,62.38
IDEAL_02,2024-01-10 13:00:00,20.43,59.7
IDEAL_02,2024-01-10 13:30:00,20.32,60.34
IDEAL_02,2024-01-10 14:00:00,20.86,61.53
IDEAL_02,2024-01-10 14:30:00,20.51,58.94
IDEAL_02,2024-01-10 15:00:00,21.18,56.81
IDEAL_02,2024-01-10 15:30:00,20.31,60.44
IDEAL_02,2024-01-10 16:00:00,20.22,61.54
IDEAL_02,2024-01-10 16:30:00,20.19,58.03
IDEAL_02,2024-01-10 17:00:00,20.09,61.06
IDEAL_02,2024-01-10 17:30:00,19.38,61.07
IDEAL_02,2024-01-10 18:00:00,20.18,56.64
IDEAL_02,2024-01-10 18:30:00,19.44,58.65
IDEAL_02,2024-01-10 19:00:00,20.45,59.46
IDEAL_02,2024-01-10 19:30:00,19.77,59.78
IDEAL_02,2024-01-10 20:00:00,19.91,58.94
IDEAL_02,2024-01-10 20:30:00,20.0,58.86
IDEAL_02,2024-01-10 21:00:00,20.18,62.56
IDEAL_02,2024-01-10 21:30:00,20.27,59.89
IDEAL_02,2024-01-10 22:00:00,20.7,59.01
IDEAL_02,2024-01-10 22:30:00,20.03,59.99
IDEAL_02,2024-01-10 23:00:00,16.46,74.86
IDEAL_02,2024-01-10 23:30:00,17.36,74.13
IDEAL_02,2024-01-11 00:00:00,16.42,73.75
IDEAL_02,2024-01-11 00:30:00,16.19,73.08
IDEAL_02,2024-01-11 01:00:00,15.95,73.06
IDEAL_02,2024-01-11 01:30:00,16.19,73.16
IDEAL_02,2024-01-11 02:00:00,15.91,74.56
IDEAL_02,2024-01-11 02:30:00,16.37,72.56
IDEAL_02,2024-01-11 03:00:00,16.31,74.64
IDEAL_02,2024-01-11 03:30:00,15.4,76.17
IDEAL_02,2024-01-11 04:00:00,16.26,74.54
IDEAL_02,2024-01-11 04:30:00,16.7,73.5
IDEAL_02,2024-01-11 05:00:00,16.11,72.11
IDEAL_02,2024-01-11 05:30:00,16.0,76.42
IDEAL_02,2024-01-11 06:00:00,15.71,72.3
IDEAL_02,2024-01-11 06:30:00,15.52,75.33
IDEAL_02,2024-01-11 07:00:00,20.6,61.01
IDEAL_02,2024-01-11 07:30:00,20.19,59.7
IDEAL_02,2024-01-11 08:00:00,20.57,59.66
IDEAL_02,2024-01-11 08:30:00,20.88,57.3
IDEAL_02,2024-01-11 09:00:00,20.63,60.55
IDEAL_02,2024-01-11 09:30:00,20.05,60.98
IDEAL_02,2024-01-11 10:00:00,20.32,58.42
IDEAL_02,2024-01-11 10:30:00,20.02,59.82
IDEAL_02,2024-01-11 11:00:00,19.98,60.11
IDEAL_02,2024-01-11 11:30:00,20.4,60.93
IDEAL_02,2024-01-11 12:00:00,19.93,60.06
IDEAL_02,2024-01-11 12:30:00,19.38,57.61
IDEAL_02,2024-01-11 13:00:00,19.91,59.26
IDEAL_02,2024-01-11 13:30:00,20.14,60.39
IDEAL_02,2024-01-11 14:00:00,20.87,61.32
IDEAL_02,2024-01-11 14:30:00,20.07,59.13
IDEAL_02,2024-01-11 15:00:00,20.47,63.34
IDEAL_02,2024-01-11 15:30:00,20.2,57.21
IDEAL_02,2024-01-11 16:00:00,20.76,59.21
IDEAL_02,2024-01-11 16:30:00,20.73,59.93
IDEAL_02,2024-01-11 17:00:00,20.74,59.75
IDEAL_02,2024-01-11 17:30:00,19.57,58.21
IDEAL_02,2024-01-11 18:00:00,20.35,60.73
IDEAL_02,2024-01-11 18:30:00,20.57,60.61
IDEAL_02,2024-01-11 19:00:00,20.42,60.13
IDEAL_02,2024-01-11 19:30:00,20.52,60.55
IDEAL_02,2024-01-11 20:00:00,20.29,59.42
IDEAL_02,2024-01-11 20:30:00,19.97,57.63
IDEAL_02,2024-01-11 21:00:00,19.59,58.98
IDEAL_02,2024-01-11 21:30:00,20.01,60.29
IDEAL_02,2024-01-11 22:00:00,21.34,60.3
IDEAL_02,2024-01-11 22:30:00,20.07,60.12
IDEAL_02,2024-01-11 23:00:00,15.48,74.88
IDEAL_02,2024-01-11 23:30:00,16.56,73.18
IDEAL_02,2024-01-12 00:00:00,16.61,74.09
IDEAL_02,2024-01-12 00:30:00,16.78,74.91
IDEAL_02,2024-01-12 01:00:00,16.45,73.93
IDEAL_02,2024-01-12 01:30:00,16.6,72.19
IDEAL_02,2024-01-12 02:00:00,17.0,72.61
IDEAL_02,2024-01-12 02:30:00,15.97,75.3
IDEAL_02,2024-01-12 03:00:00,15.89,76.14
IDEAL_02,2024-01-12 03:30:00,15.83,75.82
IDEAL_02,2024-01-12 04:00:00,16.16,74.4
IDEAL_02,2024-01-12 04:30:00,16.84,72.25
IDEAL_02,2024-01-12 05:00:00,16.48,74.04
IDEAL_02,2024-01-12 05:30:00,16.46,76.4
IDEAL_02,2024-01-12 06:00:00,15.54,74.98
IDEAL_02,2024-01-12 06:30:00,15.99,73.74
IDEAL_02,2024-01-12 07:00:00,19.53,61.0
IDEAL_02,2024-01-12 07:30:00,20.73,58.15
IDEAL_02,2024-01-12 08:00:00,20.9,59.01
IDEAL_02,2024-01-12 08:30:00,20.58,58.43
IDEAL_02,2024-01-12 09:00:00,19.87,60.76
IDEAL_02,2024-01-12 09:30:00,20.86,61.13
IDEAL_02,2024-01-12 10:00:00,20.16,59.82
IDEAL_02,2024-01-12 10:30:00,19.78,58.74
IDEAL_02,2024-01-12 11:00:00,19.88,60.02
IDEAL_02,2024-01-12 11:30:00,20.09,59.32
IDEAL_02,2024-01-12 12:00:00,20.28,58.86
IDEAL_02,2024-01-12 12:30:00,20.2,60.56
IDEAL_02,2024-01-12 13:00:00,19.7,58.92
IDEAL_02,2024-01-12 13:30:00,20.75,57.7
IDEAL_02,2024-01-12 14:00:00,20.2,58.04
IDEAL_02,2024-01-12 14:30:00,19.98,57.65
IDEAL_02,2024-01-12 15:00:00,20.71,60.43
IDEAL_02,2024-01-12 15:30:00,19.79,60.28
IDEAL_02,2024-01-12 16:00:00,19.61,60.2
IDEAL_02,2024-01-12 16:30:00,20.77,60.94
IDEAL_02,2024-01-12 17:00:00,21.02,61.84
IDEAL_02,2024-01-12 17:30:00,20.08,59.17
IDEAL_02,2024-01-12 18:00:00,20.25,60.66
IDEAL_02,2024-01-12 18:30:00,19.81,57.68
IDEAL_02,2024-01-12 19:00:00,20.27,62.12
IDEAL_02,2024-01-12 19:30:00,20.07,58.19
IDEAL_02,2024-01-12 20:00:00,20.22,58.99
IDEAL_02,2024-01-12 20:30:00,20.43,59.16
IDEAL_02,2024-01-12 21:00:00,19.83,57.76
IDEAL_02,2024-01-12 21:30:00,20.12,60.1
IDEAL_02,2024-01-12 22:00:00,19.54,60.37
IDEAL_02,2024-01-12 22:30:00,20.12,59.77
IDEAL_02,2024-01-12 23:00:00,16.23,71.74
IDEAL_02,2024-01-12 23:30:00,16.36,77.03
IDEAL_02,2024-01-13 00:00:00,16.36,74.88
IDEAL_02,2024-01-13 00:30:00,16.63,78.01
IDEAL_02,2024-01-13 01:00:00,15.65,72.85
IDEAL_02,2024-01-13 01:30:00,15.67,75.49
IDEAL_02,2024-01-13 02:00:00,16.48,75.22
IDEAL_02,2024-01-13 02:30:00,15.45,73.62
IDEAL_02,2024-01-13 03:00:00,16.34,76.17
IDEAL_02,2024-01-13 03:30:00,15.79,73.45
IDEAL_02,2024-01-13 04:00:00,16.89,73.51
IDEAL_02,2024-01-13 04:30:00,16.37,68.85
IDEAL_02,2024-01-13 05:00:00,16.18,74.67
IDEAL_02,2024-01-13 05:30:00,16.76,72.07
IDEAL_02,2024-01-13 06:00:00,15.84,73.23
IDEAL_02,2024-01-13 06:30:00,15.92,72.51
IDEAL_02,2024-01-13 07:00:00,19.76,59.5
IDEAL_02,2024-01-13 07:30:00,19.92,60.72
IDEAL_02,2024-01-13 08:00:00,20.29,60.07
IDEAL_02,2024-01-13 08:30:00,20.46,61.12
IDEAL_02,2024-01-13 09:00:00,20.65,61.95
IDEAL_02,2024-01-13 09:30:00,19.53,59.5
IDEAL_02,2024-01-13 10:00:00,20.2,59.34
IDEAL_02,2024-01-13 10:30:00,19.82,61.49
IDEAL_02,2024-01-13 11:00:00,20.18,61.61
IDEAL_02,2024-01-13 11:30:00,21.2,61.16
IDEAL_02,2024-01-13 12:00:00,20.38,58.63
IDEAL_02,2024-01-13 12:30:00,20.62,60.69
IDEAL_02,2024-01-13 13:00:00,21.05,60.22
IDEAL_02,2024-01-13 13:30:00,20.72,61.63
IDEAL_02,2024-01-13 14:00:00,20.09,59.19
IDEAL_02,2024-01-13 14:30:00,19.75,57.55
IDEAL_02,2024-01-13 15:00:00,20.25,61.09
IDEAL_02,2024-01-13 15:30:00,20.04,56.22
IDEAL_02,2024-01-13 16:00:00,19.66,58.96
IDEAL_02,2024-01-13 16:30:00,20.36,58.52
IDEAL_02,2024-01-13 17:00:00,20.37,58.51
IDEAL_02,2024-01-13 17:30:00,20.97,58.93
IDEAL_02,2024-01-13 18:00:00,20.12,61.88
IDEAL_02,2024-01-13 18:30:00,20.38,61.28
IDEAL_02,2024-01-13 19:00:00,20.0,59.68
IDEAL_02,2024-01-13 19:30:00,20.61,61.75
IDEAL_02,2024-01-13 20:00:00,20.21,58.46
IDEAL_02,2024-01-13 20:30:00,19.8,58.26
IDEAL_02,2024-01-13 21:00:00,20.26,61.35
IDEAL_02,2024-01-13 21:30:00,20.42,60.92
IDEAL_02,2024-01-13 22:00:00,20.37,59.36
IDEAL_02,2024-01-13 22:30:00,20.68,58.35
IDEAL_02,2024-01-13 23:00:00,15.69,76.24
IDEAL_02,2024-01-13 23:30:00,15.93,71.47
IDEAL_02,2024-01-14 00:00:00,16.52,73.16
IDEAL_02,2024-01-14 00:30:00,15.97,74.4
IDEAL_02,2024-01-14 01:00:00,16.36,76.76
IDEAL_02,2024-01-14 01:30:00,15.3,74.63
IDEAL_02,2024-01-14 02:00:00,17.35,74.77
IDEAL_02,2024-01-14 02:30:00,16.16,73.2
IDEAL_02,2024-01-14 03:00:00,16.74,74.91
IDEAL_02,2024-01-14 03:30:00,16.13,74.21
IDEAL_02,2024-01-14 04:00:00,16.43,71.67
IDEAL_02,2024-01-14 04:30:00,16.86,75.24
IDEAL_02,2024-01-14 05:00:00,16.73,75.51
IDEAL_02,2024-01-14 05:30:00,16.18,75.26
IDEAL_02,2024-01-14 06:00:00,16.21,74.1
IDEAL_02,2024-01-14 06:30:00,16.67,72.62
IDEAL_02,2024-01-14 07:00:00,21.2,56.59
IDEAL_02,2024-01-14 07:30:00,20.34,60.29
IDEAL_02,2024-01-14 08:00:00,21.05,61.68
IDEAL_02,2024-01-14 08:30:00,20.17,61.55
IDEAL_02,2024-01-14 09:00:00,20.65,61.28
IDEAL_02,2024-01-14 09:30:00,20.71,59.94
IDEAL_02,2024-01-14 10:00:00,20.1,61.69
IDEAL_02,2024-01-14 10:30:00,19.97,61.44
IDEAL_02,2024-01-14 11:00:00,20.72,59.42
IDEAL_02,2024-01-14 11:30:00,20.05,61.07
IDEAL_02,2024-01-14 12:00:00,19.91,59.25
IDEAL_02,2024-01-14 12:30:00,19.99,60.86
IDEAL_02,2024-01-14 13:00:00,20.05,58.11
IDEAL_02,2024-01-14 13:30:00,20.61,58.22
IDEAL_02,2024-01-14 14:00:00,20.47,61.64
IDEAL_02,2024-01-14 14:30:00,20.55,61.46
IDEAL_02,2024-01-14 15:00:00,20.43,61.0
IDEAL_02,2024-01-14 15:30:00,20.03,60.19
IDEAL_02,2024-01-14 16:00:00,20.54,56.47
IDEAL_02,2024-01-14 16:30:00,20.74,59.94
IDEAL_02,2024-01-14 17:00:00,20.5,60.74
IDEAL_02,2024-01-14 17:30:00,20.44,59.25
IDEAL_02,2024-01-14 18:00:00,19.96,58.99
IDEAL_02,2024-01-14 18:30:00,20.35,62.22
IDEAL_02,2024-01-14 19:00:00,19.94,59.96
IDEAL_02,2024-01-14 19:30:00,20.26,60.74
IDEAL_02,2024-01-14 20:00:00,19.61,61.22
IDEAL_02,2024-01-14 20:30:00,19.61,58.55
IDEAL_02,2024-01-14 21:00:00,20.19,60.34
IDEAL_02,2024-01-14 21:30:00,20.05,62.03
IDEAL_02,2024-01-14 22:00:00,20.31,62.78
IDEAL_02,2024-01-14 22:30:00,20.21,60.11
IDEAL_02,2024-01-14 23:00:00,16.28,73.7
IDEAL_02,2024-01-14 23:30:00,16.51,74.46
IDEAL_03,2024-01-08 00:00:00,15.7,72.11
IDEAL_03,2024-01-08 00:30:00,15.99,69.39
IDEAL_03,2024-01-08 01:00:00,15.65,67.57
IDEAL_03,2024-01-08 01:30:00,15.7,71.25
IDEAL_03,2024-01-08 02:00:00,16.25,68.49
IDEAL_03,2024-01-08 02:30:00,16.42,71.33
IDEAL_03,2024-01-08 03:00:00,15.84,72.29
IDEAL_03,2024-01-08 03:30:00,16.41,71.24
IDEAL_03,2024-01-08 04:00:00,16.54,71.9
IDEAL_03,2024-01-08 04:30:00,16.87,73.32
IDEAL_03,2024-01-08 05:00:00,16.13,71.74
IDEAL_03,2024-01-08 05:30:00,15.84,70.79
IDEAL_03,2024-01-08 06:00:00,15.7,72.74
IDEAL_03,2024-01-08 06:30:00,15.66,72.92
IDEAL_03,2024-01-08 07:00:00,20.6,58.94
IDEAL_03,2024-01-08 07:30:00,19.49,55.55
IDEAL_03,2024-01-08 08:00:00,20.59,54.26
IDEAL_03,2024-01-08 08:30:00,19.75,55.46
IDEAL_03,2024-01-08 09:00:00,19.83,57.35
IDEAL_03,2024-01-08 09:30:00,20.04,56.53
IDEAL_03,2024-01-08 10:00:00,19.82,55.98
IDEAL_03,2024-01-08 10:30:00,20.47,57.13
IDEAL_03,2024-01-08 11:00:00,20.83,54.08
IDEAL_03,2024-01-08 11:30:00,19.84,56.5
IDEAL_03,2024-01-08 12:00:00,19.93,57.97
IDEAL_03,2024-01-08 12:30:00,20.03,57.11
IDEAL_03,2024-01-08 13:00:00,20.32,57.33
IDEAL_03,2024-01-08 13:30:00,20.04,58.69
IDEAL_03,2024-01-08 14:00:00,20.65,56.19
IDEAL_03,2024-01-08 14:30:00,20.56,55.31
IDEAL_03,2024-01-08 15:00:00,19.63,58.07
IDEAL_03,2024-01-08 15:30:00,20.31,58.05
IDEAL_03,2024-01-08 16:00:00,20.71,57.13
IDEAL_03,2024-01-08 16:30:00,19.9,56.05
IDEAL_03,2024-01-08 17:00:00,19.98,56.29
IDEAL_03,2024-01-08 17:30:00,19.89,54.38
IDEAL_03,2024-01-08 18:00:00,19.9,57.96
IDEAL_03,2024-01-08 18:30:00,19.43,57.91
IDEAL_03,2024-01-08 19:00:00,19.57,54.32
IDEAL_03,2024-01-08 19:30:00,20.13,57.59
IDEAL_03,2024-01-08 20:00:00,20.71,56.9
IDEAL_03,2024-01-08 20:30:00,19.85,54.76
IDEAL_03,2024-01-08 21:00:00,19.84,54.48
IDEAL_03,2024-01-08 21:30:00,20.78,56.85
IDEAL_03,2024-01-08 22:00:00,19.66,55.69
IDEAL_03,2024-01-08 22:30:00,19.44,59.02
IDEAL_03,2024-01-08 23:00:00,15.77,71.72
IDEAL_03,2024-01-08 23:30:00,15.83,71.0
IDEAL_03,2024-01-09 00:00:00,15.4,71.08
IDEAL_03,2024-01-09 00:30:00,16.05,72.29
IDEAL_03,2024-01-09 01:00:00,16.48,71.56
IDEAL_03,2024-01-09 01:30:00,15.59,71.04
IDEAL_03,2024-01-09 02:00:00,16.14,68.82
IDEAL_03,2024-01-09 02:30:00,16.26,74.88
IDEAL_03,2024-01-09 03:00:00,16.07,68.64
IDEAL_03,2024-01-09 03:30:00,16.17,69.82
IDEAL_03,2024-01-09 04:00:00,16.18,67.81
IDEAL_03,2024-01-09 04:30:00,15.77,71.1
IDEAL_03,2024-01-09 05:00:00,16.7,70.52
IDEAL_03,2024-01-09 05:30:00,16.6,71.44
IDEAL_03,2024-01-09 06:00:00,16.58,67.68
IDEAL_03,2024-01-09 06:30:00,16.51,71.96
IDEAL_03,2024-01-09 07:00:00,19.47,55.08
IDEAL_03,2024-01-09 07:30:00,20.47,56.07
IDEAL_03,2024-01-09 08:00:00,20.36,57.69
IDEAL_03,2024-01-09 08:30:00,19.49,56.68
IDEAL_03,2024-01-09 09:00:00,20.01,56.79
IDEAL_03,2024-01-09 09:30:00,20.21,57.49
IDEAL_03,2024-01-09 10:00:00,20.77,56.93
IDEAL_03,2024-01-09 10:30:00,20.39,55.78
IDEAL_03,2024-01-09 11:00:00,19.75,56.04
IDEAL_03,2024-01-09 11:30:00,20.78,56.61
IDEAL_03,2024-01-09 12:00:00,20.12,54.95
IDEAL_03,2024-01-09 12:30:00,20.0,57.78
IDEAL_03,2024-01-09 13:00:00,19.97,56.72
IDEAL_03,2024-01-09 13:30:00,19.45,56.4
IDEAL_03,2024-01-09 14:00:00,20.06,58.08
IDEAL_03,2024-01-09 14:30:00,20.3,56.11
IDEAL_03,2024-01-09 15:00:00,19.95,56.02
IDEAL_03,2024-01-09 15:30:00,20.27,55.56
IDEAL_03,2024-01-09 16:00:00,19.75,56.81
IDEAL_03,2024-01-09 16:30:00,20.04,56.75
IDEAL_03,2024-01-09 17:00:00,20.23,55.29
IDEAL_03,2024-01-09 17:30:00,20.18,56.02
IDEAL_03,2024-01-09 18:00:00,19.46,55.3
IDEAL_03,2024-01-09 18:30:00,19.92,55.23
IDEAL_03,2024-01-09 19:00:00,20.77,53.7
IDEAL_03,2024-01-09 19:30:00,19.9,55.94
IDEAL_03,2024-01-09 20:00:00,20.11,53.74
IDEAL_03,2024-01-09 20:30:00,20.07,55.6
IDEAL_03,2024-01-09 21:00:00,20.73,55.37
IDEAL_03,2024-01-09 21:30:00,20.62,57.87
IDEAL_03,2024-01-09 22:00:00,20.42,54.77
IDEAL_03,2024-01-09 22:30:00,19.71,55.15
IDEAL_03,2024-01-09 23:00:00,16.24,69.72
IDEAL_03,2024-01-09 23:30:00,16.33,69.42
IDEAL_03,2024-01-10 00:00:00,15.82,72.34
IDEAL_03,2024-01-10 00:30:00,15.75,68.58
IDEAL_03,2024-01-10 01:00:00,16.78,69.72
IDEAL_03,2024-01-10 01:30:00,15.98,70.79
IDEAL_03,2024-01-10 02:00:00,16.75,71.61
IDEAL_03,2024-01-10 02:30:00,16.5,69.72
IDEAL_03,2024-01-10 03:00:00,16.26,67.41
IDEAL_03,2024-01-10 03:30:00,16.28,70.07
IDEAL_03,2024-01-10 04:00:00,15.54,72.32
IDEAL_03,2024-01-10 04:30:00,16.18,70.71
IDEAL_03,2024-01-10 05:00:00,16.67,70.65
IDEAL_03,2024-01-10 05:30:00,16.37,68.7
IDEAL_03,2024-01-10 06:00:00,16.16,68.54
IDEAL_03,2024-01-10 06:30:00,16.78,70.32
IDEAL_03,2024-01-10 07:00:00,20.03,54.15
IDEAL_03,2024-01-10 07:30:00,19.85,57.46
IDEAL_03,2024-01-10 08:00:00,20.16,55.02
IDEAL_03,2024-01-10 08:30:00,20.41,56.25
IDEAL_03,2024-01-10 09:00:00,19.41,53.46
IDEAL_03,2024-01-10 09:30:00,20.21,55.7
IDEAL_03,2024-01-10 10:00:00,20.42,54.51
IDEAL_03,2024-01-10 10:30:00,19.99,52.81
IDEAL_03,2024-01-10 11:00:00,20.54,57.1
IDEAL_03,2024-01-10 11:30:00,20.36,58.75
IDEAL_03,2024-01-10 12:00:00,20.96,57.98
IDEAL_03,2024-01-10 12:30:00,19.8,57.31
IDEAL_03,2024-01-10 13:00:00,20.43,55.67
IDEAL_03,2024-01-10 13:30:00,19.69,57.5
IDEAL_03,2024-01-10 14:00:00,19.45,58.13
IDEAL_03,2024-01-10 14:30:00,19.29,56.5
IDEAL_03,2024-01-10 15:00:00,20.32,54.51
IDEAL_03,2024-01-10 15:30:00,20.17,55.54
IDEAL_03,2024-01-10 16:00:00,19.91,58.84
IDEAL_03,2024-01-10 16:30:00,19.39,56.18
IDEAL_03,2024-01-10 17:00:00,19.82,51.3
IDEAL_03,2024-01-10 17:30:00,20.1,54.09
IDEAL_03,2024-01-10 18:00:00,20.42,55.65
IDEAL_03,2024-01-10 18:30:00,20.09,57.84
IDEAL_03,2024-01-10 19:00:00,20.2,55.88
IDEAL_03,2024-01-10 19:30:00,19.95,57.87
IDEAL_03,2024-01-10 20:00:00,20.8,55.5
IDEAL_03,2024-01-10 20:30:00,19.69,53.34
IDEAL_03,2024-01-10 21:00:00,19.82,55.55
IDEAL_03,2024-01-10 21:30:00,19.9,56.81
IDEAL_03,2024-01-10 22:00:00,20.32,56.68
IDEAL_03,2024-01-10 22:30:00,19.68,54.41
IDEAL_03,2024-01-10 23:00:00,16.15,69.76
IDEAL_03,2024-01-10 23:30:00,16.17,74.32
IDEAL_03,2024-01-11 00:00:00,15.82,68.44
IDEAL_03,2024-01-11 00:30:00,16.23,71.28
IDEAL_03,2024-01-11 01:00:00,15.7,67.15
IDEAL_03,2024-01-11 01:30:00,15.65,71.59
IDEAL_03,2024-01-11 02:00:00,16.14,68.95
IDEAL_03,2024-01-11 02:30:00,15.44,70.89
IDEAL_03,2024-01-11 03:00:00,15.24,68.35
IDEAL_03,2024-01-11 03:30:00,16.31,70.73
IDEAL_03,2024-01-11 04:00:00,16.52,68.93
IDEAL_03,2024-01-11 04:30:00,15.91,69.22
IDEAL_03,2024-01-11 05:00:00,15.83,70.95
IDEAL_03,2024-01-11 05:30:00,16.5,69.65
IDEAL_03,2024-01-11 06:00:00,15.64,70.86
IDEAL_03,2024-01-11 06:30:00,15.55,70.0
IDEAL_03,2024-01-11 07:00:00,20.38,56.39
IDEAL_03,2024-01-11 07:30:00,20.1,56.96
IDEAL_03,2024-01-11 08:00:00,20.53,55.77
IDEAL_03,2024-01-11 08:30:00,19.24,54.8
IDEAL_03,2024-01-11 09:00:00,19.54,55.49
IDEAL_03,2024-01-11 09:30:00,20.11,58.08
IDEAL_03,2024-01-11 10:00:00,20.27,56.46
IDEAL_03,2024-01-11 10:30:00,20.44,55.02
IDEAL_03,2024-01-11 11:00:00,20.17,56.89
IDEAL_03,2024-01-11 11:30:00,20.17,56.99
IDEAL_03,2024-01-11 12:00:00,19.94,57.07
IDEAL_03,2024-01-11 12:30:00,20.74,54.82
IDEAL_03,2024-01-11 13:00:00,19.66,55.27
IDEAL_03,2024-01-11 13:30:00,20.24,55.28
IDEAL_03,2024-01-11 14:00:00,19.7,55.75
IDEAL_03,2024-01-11 14:30:00,20.31,57.1
IDEAL_03,2024-01-11 15:00:00,19.69,56.73
IDEAL_03,2024-01-11 15:30:00,20.4,56.85
IDEAL_03,2024-01-11 16:00:00,20.14,58.32
IDEAL_03,2024-01-11 16:30:00,20.8,57.32
IDEAL_03,2024-01-11 17:00:00,19.99,56.08
IDEAL_03,2024-01-11 17:30:00,20.27,54.51
IDEAL_03,2024-01-11 18:00:00,19.79,55.22
IDEAL_03,2024-01-11 18:30:00,19.98,55.9
IDEAL_03,2024-01-11 19:00:00,20.14,57.53
IDEAL_03,2024-01-11 19:30:00,19.49,56.25
IDEAL_03,2024-01-11 20:00:00,19.53,55.31
IDEAL_03,2024-01-11 20:30:00,20.34,55.19
IDEAL_03,2024-01-11 21:00:00,20.04,56.19
IDEAL_03,2024-01-11 21:30:00,19.86,57.63
IDEAL_03,2024-01-11 22:00:00,19.81,58.68
IDEAL_03,2024-01-11 22:30:00,19.82,55.98
IDEAL_03,2024-01-11 23:00:00,16.15,70.22
IDEAL_03,2024-01-11 23:30:00,16.28,68.47
IDEAL_03,2024-01-12 00:00:00,15.26,73.2
IDEAL_03,2024-01-12 00:30:00,16.67,68.19
IDEAL_03,2024-01-12 01:00:00,16.64,72.05
IDEAL_03,2024-01-12 01:30:00,15.17,69.74
IDEAL_03,2024-01-12 02:00:00,16.53,69.39
IDEAL_03,2024-01-12 02:30:00,16.52,68.63
IDEAL_03,2024-01-12 03:00:00,16.1,73.91
IDEAL_03,2024-01-12 03:30:00,15.58,70.62
IDEAL_03,2024-01-12 04:00:00,16.51,70.32
IDEAL_03,2024-01-12 04:30:00,16.0,71.62
IDEAL_03,2024-01-12 05:00:00,16.32,69.31
IDEAL_03,2024-01-12 05:30:00,16.99,70.29
IDEAL_03,2024-01-12 06:00:00,16.2,70.38
IDEAL_03,2024-01-12 06:30:00,15.73,69.52
IDEAL_03,2024-01-12 07:00:00,19.97,58.09
IDEAL_03,2024-01-12 07:30:00,19.78,55.96
IDEAL_03,2024-01-12 08:00:00,20.27,53.96
IDEAL_03,2024-01-12 08:30:00,19.78,55.84
IDEAL_03,2024-01-12 09:00:00,19.91,56.66
IDEAL_03,2024-01-12 09:30:00,19.59,54.95
IDEAL_03,2024-01-12 10:00:00,20.05,55.07
IDEAL_03,2024-01-12 10:30:00,20.17,55.47
IDEAL_03,2024-01-12 11:00:00,19.03,58.12
IDEAL_03,2024-01-12 11:30:00,20.2,55.56
IDEAL_03,2024-01-12 12:00:00,20.08,58.43
IDEAL_03,2024-01-12 12:30:00,19.79,55.37
IDEAL_03,2024-01-12 13:00:00,20.91,56.78
IDEAL_03,2024-01-12 13:30:00,20.48,55.62
IDEAL_03,2024-01-12 14:00:00,19.66,57.42
IDEAL_03,2024-01-12 14:30:00,20.44,54.61
IDEAL_03,2024-01-12 15:00:00,20.6,57.4
IDEAL_03,2024-01-12 15:30:00,20.15,56.46
IDEAL_03,2024-01-12 16:00:00,20.24,55.33
IDEAL_03,2024-01-12 16:30:00,20.24,56.04
IDEAL_03,2024-01-12 17:00:00,19.27,58.59
IDEAL_03,2024-01-12 17:30:00,20.03,56.5
IDEAL_03,2024-01-12 18:00:00,20.0,55.24
IDEAL_03,2024-01-12 18:30:00,20.67,54.48
IDEAL_03,2024-01-12 19:00:00,20.23,57.05
IDEAL_03,2024-01-12 19:30:00,19.98,56.58
IDEAL_03,2024-01-12 20:00:00,20.06,57.33
IDEAL_03,2024-01-12 20:30:00,20.51,54.1
IDEAL_03,2024-01-12 21:00:00,20.03,54.53
IDEAL_03,2024-01-12 21:30:00,19.82,58.01
IDEAL_03,2024-01-12 22:00:00,19.99,56.79
IDEAL_03,2024-01-12 22:30:00,20.48,57.09
IDEAL_03,2024-01-12 23:00:00,16.3,68.85
IDEAL_03,2024-01-12 23:30:00,16.12,68.82
IDEAL_03,2024-01-13 00:00:00,16.18,71.78
IDEAL_03,2024-01-13 00:30:00,15.88,71.85
IDEAL_03,2024-01-13 01:00:00,16.02,68.66
IDEAL_03,2024-01-13 01:30:00,15.83,68.37
IDEAL_03,2024-01-13 02:00:00,15.98,70.13
IDEAL_03,2024-01-13 02:30:00,16.64,69.09
IDEAL_03,2024-01-13 03:00:00,15.67,69.06
IDEAL_03,2024-01-13 03:30:00,15.82,68.41
IDEAL_03,2024-01-13 04:00:00,15.6,69.59
IDEAL_03,2024-01-13 04:30:00,15.51,68.56
IDEAL_03,2024-01-13 05:00:00,16.03,68.65
IDEAL_03,2024-01-13 05:30:00,15.85,70.74
IDEAL_03,2024-01-13 06:00:00,16.8,70.21
IDEAL_03,2024-01-13 06:30:00,15.99,71.02
IDEAL_03,2024-01-13 07:00:00,20.62,53.82
IDEAL_03,2024-01-13 07:30:00,20.49,56.31
IDEAL_03,2024-01-13 08:00:00,20.02,59.4
IDEAL_03,2024-01-13 08:30:00,20.94,55.73
IDEAL_03,2024-01-13 09:00:00,20.21,57.53
IDEAL_03,2024-01-13 09:30:00,20.71,57.51
IDEAL_03,2024-01-13 10:00:00,20.66,57.59
IDEAL_03,2024-01-13 10:30:00,20.27,56.54
IDEAL_03,2024-01-13 11:00:00,20.4,57.14
IDEAL_03,2024-01-13 11:30:00,20.35,57.34
IDEAL_03,2024-01-13 12:00:00,19.64,57.24
IDEAL_03,2024-01-13 12:30:00,20.12,54.61
IDEAL_03,2024-01-13 13:00:00,20.53,53.73
IDEAL_03,2024-01-13 13:30:00,20.71,53.96
IDEAL_03,2024-01-13 14:00:00,19.81,55.89
IDEAL_03,2024-01-13 14:30:00,20.31,57.18
IDEAL_03,2024-01-13 15:00:00,20.16,54.63
IDEAL_03,2024-01-13 15:30:00,20.05,57.68
IDEAL_03,2024-01-13 16:00:00,20.24,55.54
IDEAL_03,2024-01-13 16:30:00,20.19,55.55
IDEAL_03,2024-01-13 17:00:00,20.32,55.04
IDEAL_03,2024-01-13 17:30:00,20.68,53.46
IDEAL_03,2024-01-13 18:00:00,20.41,56.63
IDEAL_03,2024-01-13 18:30:00,20.22,58.86
IDEAL_03,2024-01-13 19:00:00,20.85,56.2
IDEAL_03,2024-01-13 19:30:00,20.54,53.51
IDEAL_03,2024-01-13 20:00:00,20.06,57.46
IDEAL_03,2024-01-13 20:30:00,19.61,53.85
IDEAL_03,2024-01-13 21:00:00,19.7,54.48
IDEAL_03,2024-01-13 21:30:00,20.47,55.93
IDEAL_03,2024-01-13 22:00:00,19.85,56.47
IDEAL_03,2024-01-13 22:30:00,19.7,54.78
IDEAL_03,2024-01-13 23:00:00,15.8,69.87
IDEAL_03,2024-01-13 23:30:00,15.83,71.36
IDEAL_03,2024-01-14 00:00:00,16.44,71.57
IDEAL_03,2024-01-14 00:30:00,16.04,72.17
IDEAL_03,2024-01-14 01:00:00,15.55,73.15
IDEAL_03,2024-01-14 01:30:00,16.11,71.51
IDEAL_03,2024-01-14 02:00:00,16.19,69.97
IDEAL_03,2024-01-14 02:30:00,15.91,71.58
IDEAL_03,2024-01-14 03:00:00,16.56,70.99
IDEAL_03,2024-01-14 03:30:00,15.93,71.05
IDEAL_03,2024-01-14 04:00:00,16.54,70.56
IDEAL_03,2024-01-14 04:30:00,16.34,68.92
IDEAL_03,2024-01-14 05:00:00,16.47,68.75
IDEAL_03,2024-01-14 05:30:00,15.66,70.14
IDEAL_03,2024-01-14 06:00:00,16.14,70.51
IDEAL_03,2024-01-14 06:30:00,16.08,69.27
IDEAL_03,2024-01-14 07:00:00,19.53,56.93
IDEAL_03,2024-01-14 07:30:00,20.54,59.41
IDEAL_03,2024-01-14 08:00:00,19.77,53.67
IDEAL_03,2024-01-14 08:30:00,19.86,57.16
IDEAL_03,2024-01-14 09:00:00,19.69,56.19
IDEAL_03,2024-01-14 09:30:00,20.38,56.97
IDEAL_03,2024-01-14 10:00:00,19.49,55.64
IDEAL_03,2024-01-14 10:30:00,20.35,56.07
IDEAL_03,2024-01-14 11:00:00,20.52,56.48
IDEAL_03,2024-01-14 11:30:00,20.31,55.84
IDEAL_03,2024-01-14 12:00:00,20.39,54.01
IDEAL_03,2024-01-14 12:30:00,20.4,55.94
IDEAL_03,2024-01-14 13:00:00,19.72,54.17
IDEAL_03,2024-01-14 13:30:00,20.67,57.27
IDEAL_03,2024-01-14 14:00:00,19.92,53.49
IDEAL_03,2024-01-14 14:30:00,20.07,57.83
IDEAL_03,2024-01-14 15:00:00,19.97,56.93
IDEAL_03,2024-01-14 15:30:00,20.3,56.94
IDEAL_03,2024-01-14 16:00:00,19.88,53.04
IDEAL_03,2024-01-14 16:30:00,20.13,55.8
IDEAL_03,2024-01-14 17:00:00,19.61,58.02
IDEAL_03,2024-01-14 17:30:00,20.57,55.51
IDEAL_03,2024-01-14 18:00:00,20.37,54.67
IDEAL_03,2024-01-14 18:30:00,19.98,55.34
IDEAL_03,2024-01-14 19:00:00,19.91,56.19
IDEAL_03,2024-01-14 19:30:00,20.36,55.01
IDEAL_03,2024-01-14 20:00:00,19.82,58.14
IDEAL_03,2024-01-14 20:30:00,20.15,56.19
IDEAL_03,2024-01-14 21:00:00,20.56,55.46
IDEAL_03,2024-01-14 21:30:00,19.78,54.34
IDEAL_03,2024-01-14 22:00:00,20.25,57.02
IDEAL_03,2024-01-14 22:30:00,20.23,56.98
IDEAL_03,2024-01-14 23:00:00,16.06,69.1
IDEAL_03,2024-01-14 23:30:00,15.9,66.94
IDEAL_04,2024-01-08 00:00:00,15.24,74.6
IDEAL_04,2024-01-08 00:30:00,15.89,75.63
IDEAL_04,2024-01-08 01:00:00,15.1,75.67
IDEAL_04,2024-01-08 01:30:00,14.9,77.43
IDEAL_04,2024-01-08 02:00:00,14.65,78.36
IDEAL_04,2024-01-08 02:30:00,14.98,74.31
IDEAL_04,2024-01-08 03:00:00,15.17,78.98
IDEAL_04,2024-01-08 03:30:00,15.13,74.82
IDEAL_04,2024-01-08 04:00:00,15.8,76.25
IDEAL_04,2024-01-08 04:30:00,15.31,76.75
IDEAL_04,2024-01-08 05:00:00,15.05,79.66
IDEAL_04,2024-01-08 05:30:00,14.82,75.17
IDEAL_04,2024-01-08 06:00:00,15.21,73.29
IDEAL_04,2024-01-08 06:30:00,14.74,78.22
IDEAL_04,2024-01-08 07:00:00,19.18,60.74
IDEAL_04,2024-01-08 07:30:00,19.3,61.45
IDEAL_04,2024-01-08 08:00:00,19.02,60.31
IDEAL_04,2024-01-08 08:30:00,18.85,61.45
IDEAL_04,2024-01-08 09:00:00,18.23,60.73
IDEAL_04,2024-01-08 09:30:00,19.56,63.0
IDEAL_04,2024-01-08 10:00:00,19.27,62.11
IDEAL_04,2024-01-08 10:30:00,19.28,60.97
IDEAL_04,2024-01-08 11:00:00,18.48,63.48
IDEAL_04,2024-01-08 11:30:00,19.66,62.37
IDEAL_04,2024-01-08 12:00:00,18.92,59.22
IDEAL_04,2024-01-08 12:30:00,18.99,63.37
IDEAL_04,2024-01-08 13:00:00,18.68,62.27
IDEAL_04,2024-01-08 13:30:00,18.39,64.07
IDEAL_04,2024-01-08 14:00:00,19.57,62.17
IDEAL_04,2024-01-08 14:30:00,19.62,60.8
IDEAL_04,2024-01-08 15:00:00,19.04,61.68
IDEAL_04,2024-01-08 15:30:00,18.83,63.19
IDEAL_04,2024-01-08 16:00:00,18.96,60.83
IDEAL_04,2024-01-08 16:30:00,18.97,61.33
IDEAL_04,2024-01-08 17:00:00,18.63,61.66
IDEAL_04,2024-01-08 17:30:00,18.99,60.26
IDEAL_04,2024-01-08 18:00:00,19.17,60.85
IDEAL_04,2024-01-08 18:30:00,19.51,62.25
IDEAL_04,2024-01-08 19:00:00,19.11,63.79
IDEAL_04,2024-01-08 19:30:00,18.48,62.46
IDEAL_04,2024-01-08 20:00:00,19.25,61.92
IDEAL_04,2024-01-08 20:30:00,19.0,60.74
IDEAL_04,2024-01-08 21:00:00,19.65,63.63
IDEAL_04,2024-01-08 21:30:00,19.68,62.64
IDEAL_04,2024-01-08 22:00:00,19.69,60.93
IDEAL_04,2024-01-08 22:30:00,18.88,63.34
IDEAL_04,2024-01-08 23:00:00,15.9,76.83
IDEAL_04,2024-01-08 23:30:00,15.25,74.77
IDEAL_04,2024-01-09 00:00:00,15.76,75.84
IDEAL_04,2024-01-09 00:30:00,14.91,75.25
IDEAL_04,2024-01-09 01:00:00,14.99,79.94
IDEAL_04,2024-01-09 01:30:00,15.22,76.79
IDEAL_04,2024-01-09 02:00:00,15.17,76.27
IDEAL_04,2024-01-09 02:30:00,15.61,76.7
IDEAL_04,2024-01-09 03:00:00,15.01,78.06
IDEAL_04,2024-01-09 03:30:00,15.57,75.86
IDEAL_04,2024-01-09 04:00:00,15.4,75.1
IDEAL_04,2024-01-09 04:30:00,15.02,77.25
IDEAL_04,2024-01-09 05:00:00,15.37,75.73
IDEAL_04,2024-01-09 05:30:00,14.92,74.38
IDEAL_04,2024-01-09 06:00:00,16.05,74.09
IDEAL_04,2024-01-09 06:30:00,14.04,78.28
IDEAL_04,2024-01-09 07:00:00,19.38,62.19
IDEAL_04,2024-01-09 07:30:00,18.4,61.1
IDEAL_04,2024-01-09 08:00:00,19.02,61.64
IDEAL_04,2024-01-09 08:30:00,19.07,63.2
IDEAL_04,2024-01-09 09:00:00,19.71,61.55
IDEAL_04,2024-01-09 09:30:00,18.83,59.81
IDEAL_04,2024-01-09 10:00:00,19.63,62.48
IDEAL_04,2024-01-09 10:30:00,18.64,63.8
IDEAL_04,2024-01-09 11:00:00,19.65,63.7
IDEAL_04,2024-01-09 11:30:00,18.92,61.15
IDEAL_04,2024-01-09 12:00:00,19.14,63.89
IDEAL_04,2024-01-09 12:30:00,18.97,62.31
IDEAL_04,2024-01-09 13:00:00,19.62,63.85
IDEAL_04,2024-01-09 13:30:00,19.54,62.85
IDEAL_04,2024-01-09 14:00:00,19.28,59.71
IDEAL_04,2024-01-09 14:30:00,18.65,64.61
IDEAL_04,2024-01-09 15:00:00,18.82,62.07
IDEAL_04,2024-01-09 15:30:00,18.7,62.85
IDEAL_04,2024-01-09 16:00:00,18.21,59.97
IDEAL_04,2024-01-09 16:30:00,19.61,62.75
IDEAL_04,2024-01-09 17:00:00,18.98,63.64
IDEAL_04,2024-01-09 17:30:00,18.97,64.89
IDEAL_04,2024-01-09 18:00:00,19.71,64.09
IDEAL_04,2024-01-09 18:30:00,18.92,62.82
IDEAL_04,2024-01-09 19:00:00,18.77,59.67
IDEAL_04,2024-01-09 19:30:00,19.02,62.19
IDEAL_04,2024-01-09 20:00:00,18.65,61.1
IDEAL_04,2024-01-09 20:30:00,19.24,62.34
IDEAL_04,2024-01-09 21:00:00,18.96,60.16
IDEAL_04,2024-01-09 21:30:00,18.9,61.67
IDEAL_04,2024-01-09 22:00:00,18.87,61.21
IDEAL_04,2024-01-09 22:30:00,19.06,61.17
IDEAL_04,2024-01-09 23:00:00,15.14,75.18
IDEAL_04,2024-01-09 23:30:00,14.9,75.78
IDEAL_04,2024-01-10 00:00:00,14.96,76.42
IDEAL_04,2024-01-10 00:30:00,15.07,72.24
IDEAL_04,2024-01-10 01:00:00,15.03,72.42
IDEAL_04,2024-01-10 01:30:00,15.12,75.48
IDEAL_04,2024-01-10 02:00:00,14.84,75.69
IDEAL_04,2024-01-10 02:30:00,15.51,76.27
IDEAL_04,2024-01-10 03:00:00,15.15,74.9
IDEAL_04,2024-01-10 03:30:00,14.91,76.0
IDEAL_04,2024-01-10 04:00:00,15.24,76.18
IDEAL_04,2024-01-10 04:30:00,15.08,74.89
IDEAL_04,2024-01-10 05:00:00,14.41,77.51
IDEAL_04,2024-01-10 05:30:00,15.24,76.25
IDEAL_04,2024-01-10 06:00:00,14.7,76.81
IDEAL_04,2024-01-10 06:30:00,15.48,76.09
IDEAL_04,2024-01-10 07:00:00,19.01,65.14
IDEAL_04,2024-01-10 07:30:00,19.42,62.88
IDEAL_04,2024-01-10 08:00:00,18.85,61.26
IDEAL_04,2024-01-10 08:30:00,19.13,63.22
IDEAL_04,2024-01-10 09:00:00,19.59,59.53
IDEAL_04,2024-01-10 09:30:00,19.0,62.17
IDEAL_04,2024-01-10 10:00:00,18.87,62.47
IDEAL_04,2024-01-10 10:30:00,19.37,62.18
IDEAL_04,2024-01-10 11:00:00,19.36,61.49
IDEAL_04,2024-01-10 11:30:00,18.89,60.47
IDEAL_04,2024-01-10 12:00:00,18.31,60.8
IDEAL_04,2024-01-10 12:30:00,18.86,62.14
IDEAL_04,2024-01-10 13:00:00,19.38,60.32
IDEAL_04,2024-01-10 13:30:00,18.8,64.64
IDEAL_04,2024-01-10 14:00:00,19.1,58.03
IDEAL_04,2024-01-10 14:30:00,18.84,61.5
IDEAL_04,2024-01-10 15:00:00,18.33,62.15
IDEAL_04,2024-01-10 15:30:00,18.84,62.75
IDEAL_04,2024-01-10 16:00:00,19.38,60.61
IDEAL_04,2024-01-10 16:30:00,18.16,63.69
IDEAL_04,2024-01-10 17:00:00,19.21,59.9
IDEAL_04,2024-01-10 17:30:00,18.63,61.14
IDEAL_04,2024-01-10 18:00:00,19.35,62.92
IDEAL_04,2024-01-10 18:30:00,19.39,63.55
IDEAL_04,2024-01-10 19:00:00,19.04,59.88
IDEAL_04,2024-01-10 19:30:00,19.04,65.96
IDEAL_04,2024-01-10 20:00:00,18.78,60.64
IDEAL_04,2024-01-10 20:30:00,18.57,60.02
IDEAL_04,2024-01-10 21:00:00,19.79,62.74
IDEAL_04,2024-01-10 21:30:00,18.76,61.47
IDEAL_04,2024-01-10 22:00:00,19.73,61.24
IDEAL_04,2024-01-10 22:30:00,18.76,62.88
IDEAL_04,2024-01-10 23:00:00,15.32,73.7
IDEAL_04,2024-01-10 23:30:00,14.65,73.44
IDEAL_04,2024-01-11 00:00:00,15.32,75.09
IDEAL_04,2024-01-11 00:30:00,14.98,77.61
IDEAL_04,2024-01-11 01:00:00,14.98,75.16
IDEAL_04,2024-01-11 01:30:00,15.35,78.39
IDEAL_04,2024-01-11 02:00:00,14.92,77.79
IDEAL_04,2024-01-11 02:30:00,14.54,76.41
IDEAL_04,2024-01-11 03:00:00,15.41,76.5
IDEAL_04,2024-01-11 03:30:00,14.65,76.41
IDEAL_04,2024-01-11 04:00:00,15.31,76.23
IDEAL_04,2024-01-11 04:30:00,15.5,75.44
IDEAL_04,2024-01-11 05:00:00,14.96,75.61
IDEAL_04,2024-01-11 05:30:00,15.58,74.38
IDEAL_04,2024-01-11 06:00:00,15.3,72.67
IDEAL_04,2024-01-11 06:30:00,14.83,77.64
IDEAL_04,2024-01-11 07:00:00,19.67,62.22
IDEAL_04,2024-01-11 07:30:00,18.65,62.0
IDEAL_04,2024-01-11 08:00:00,18.96,62.59
IDEAL_04,2024-01-11 08:30:00,19.02,60.75
IDEAL_04,2024-01-11 09:00:00,19.35,60.49
IDEAL_04,2024-01-11 09:30:00,19.55,61.56
IDEAL_04,2024-01-11 10:00:00,19.53,64.04
IDEAL_04,2024-01-11 10:30:00,19.2,60.24
IDEAL_04,2024-01-11 11:00:00,18.99,58.05
IDEAL_04,2024-01-11 11:30:00,18.38,61.21
IDEAL_04,2024-01-11 12:00:00,18.58,63.7
IDEAL_04,2024-01-11 12:30:00,19.81,59.39
IDEAL_04,2024-01-11 13:00:00,18.37,60.22
IDEAL_04,2024-01-11 13:30:00,18.79,62.38
IDEAL_04,2024-01-11 14:00:00,19.56,65.84
IDEAL_04,2024-01-11 14:30:00,19.19,59.95
IDEAL_04,2024-01-11 15:00:00,19.48,59.89
IDEAL_04,2024-01-11 15:30:00,19.32,62.5
IDEAL_04,2024-01-11 16:00:00,19.69,63.8
IDEAL_04,2024-01-11 16:30:00,19.22,61.05
IDEAL_04,2024-01-11 17:00:00,19.37,59.56
IDEAL_04,2024-01-11 17:30:00,18.82,62.64
IDEAL_04,2024-01-11 18:00:00,19.34,62.91
IDEAL_04,2024-01-11 18:30:00,18.95,64.66
IDEAL_04,2024-01-11 19:00:00,18.93,62.97
IDEAL_04,2024-01-11 19:30:00,19.46,63.23
IDEAL_04,2024-01-11 20:00:00,19.47,61.6
IDEAL_04,2024-01-11 20:30:00,19.78,65.65
IDEAL_04,2024-01-11 21:00:00,19.76,61.39
IDEAL_04,2024-01-11 21:30:00,19.47,61.07
IDEAL_04,2024-01-11 22:00:00,18.42,64.7
IDEAL_04,2024-01-11 22:30:00,19.84,59.78
IDEAL_04,2024-01-11 23:00:00,15.47,73.22
IDEAL_04,2024-01-11 23:30:00,14.8,76.17
IDEAL_04,2024-01-12 00:00:00,15.4,75.99
IDEAL_04,2024-01-12 00:30:00,14.69,75.65
IDEAL_04,2024-01-12 01:00:00,15.35,77.48
IDEAL_04,2024-01-12 01:30:00,14.58,74.63
IDEAL_04,2024-01-12 02:00:00,14.78,76.08
IDEAL_04,2024-01-12 02:30:00,15.39,75.45
IDEAL_04,2024-01-12 03:00:00,15.54,74.65
IDEAL_04,2024-01-12 03:30:00,15.24,75.9
IDEAL_04,2024-01-12 04:00:00,14.99,77.27
IDEAL_04,2024-01-12 04:30:00,14.26,79.17
IDEAL_04,2024-01-12 05:00:00,15.02,76.86
IDEAL_04,2024-01-12 05:30:00,15.32,72.22
IDEAL_04,2024-01-12 06:00:00,14.98,75.93
IDEAL_04,2024-01-12 06:30:00,15.1,76.06
IDEAL_04,2024-01-12 07:00:00,19.03,63.39
IDEAL_04,2024-01-12 07:30:00,18.98,62.27
IDEAL_04,2024-01-12 08:00:00,19.14,63.87
IDEAL_04,2024-01-12 08:30:00,19.0,62.58
IDEAL_04,2024-01-12 09:00:00,19.68,64.33
IDEAL_04,2024-01-12 09:30:00,18.22,61.33
IDEAL_04,2024-01-12 10:00:00,18.89,62.2
IDEAL_04,2024-01-12 10:30:00,18.76,63.23
IDEAL_04,2024-01-12 11:00:00,19.19,61.13
IDEAL_04,2024-01-12 11:30:00,19.14,60.8
IDEAL_04,2024-01-12 12:00:00,19.76,61.04
IDEAL_04,2024-01-12 12:30:00,19.89,60.86
IDEAL_04,2024-01-12 13:00:00,18.8,62.77
IDEAL_04,2024-01-12 13:30:00,19.11,59.24
IDEAL_04,2024-01-12 14:00:00,19.19,59.65
IDEAL_04,2024-01-12 14:30:00,18.79,64.78
IDEAL_04,2024-01-12 15:00:00,19.36,60.9
IDEAL_04,2024-01-12 15:30:00,19.01,62.29
IDEAL_04,2024-01-12 16:00:00,18.68,59.75
IDEAL_04,2024-01-12 16:30:00,18.99,62.13
IDEAL_04,2024-01-12 17:00:00,18.71,60.91
IDEAL_04,2024-01-12 17:30:00,19.52,59.64
IDEAL_04,2024-01-12 18:00:00,19.87,63.99
IDEAL_04,2024-01-12 18:30:00,19.2,63.76
IDEAL_04,2024-01-12 19:00:00,19.15,61.83
IDEAL_04,2024-01-12 19:30:00,19.17,63.49
IDEAL_04,2024-01-12 20:00:00,19.58,64.84
IDEAL_04,2024-01-12 20:30:00,19.57,63.12
IDEAL_04,2024-01-12 21:00:00,19.06,62.71
IDEAL_04,2024-01-12 21:30:00,19.21,62.29
IDEAL_04,2024-01-12 22:00:00,19.37,62.96
IDEAL_04,2024-01-12 22:30:00,18.65,61.44
IDEAL_04,2024-01-12 23:00:00,15.59,75.57
IDEAL_04,2024-01-12 23:30:00,15.8,76.66
IDEAL_04,2024-01-13 00:00:00,15.57,75.28
IDEAL_04,2024-01-13 00:30:00,14.61,75.44
IDEAL_04,2024-01-13 01:00:00,14.32,75.99
IDEAL_04,2024-01-13 01:30:00,15.39,77.71
IDEAL_04,2024-01-13 02:00:00,14.8,74.29
IDEAL_04,2024-01-13 02:30:00,15.22,77.13
IDEAL_04,2024-01-13 03:00:00,15.72,77.18
IDEAL_04,2024-01-13 03:30:00,14.84,77.17
IDEAL_04,2024-01-13 04:00:00,14.96,74.78
IDEAL_04,2024-01-13 04:30:00,15.22,73.45
IDEAL_04,2024-01-13 05:00:00,14.59,76.83
IDEAL_04,2024-01-13 05:30:00,14.8,76.27
IDEAL_04,2024-01-13 06:00:00,15.12,77.49
IDEAL_04,2024-01-13 06:30:00,14.99,74.94
IDEAL_04,2024-01-13 07:00:00,19.35,63.13
IDEAL_04,2024-01-13 07:30:00,20.21,63.57
IDEAL_04,2024-01-13 08:00:00,19.15,61.85
IDEAL_04,2024-01-13 08:30:00,18.77,62.61
IDEAL_04,2024-01-13 09:00:00,19.67,62.56
IDEAL_04,2024-01-13 09:30:00,18.47,60.76
IDEAL_04,2024-01-13 10:00:00,18.55,62.78
IDEAL_04,2024-01-13 10:30:00,18.87,64.42
IDEAL_04,2024-01-13 11:00:00,18.99,62.02
IDEAL_04,2024-01-13 11:30:00,18.86,59.8
IDEAL_04,2024-01-13 12:00:00,19.09,60.96
IDEAL_04,2024-01-13 12:30:00,19.22,59.32
IDEAL_04,2024-01-13 13:00:00,19.53,63.92
IDEAL_04,2024-01-13 13:30:00,19.14,63.13
IDEAL_04,2024-01-13 14:00:00,18.88,61.24
IDEAL_04,2024-01-13 14:30:00,19.51,59.86
IDEAL_04,2024-01-13 15:00:00,18.78,60.74
IDEAL_04,2024-01-13 15:30:00,18.45,61.03
IDEAL_04,2024-01-13 16:00:00,19.59,62.15
IDEAL_04,2024-01-13 16:30:00,19.56,62.1
IDEAL_04,2024-01-13 17:00:00,18.79,64.0
IDEAL_04,2024-01-13 17:30:00,18.95,60.95
IDEAL_04,2024-01-13 18:00:00,18.74,59.73
IDEAL_04,2024-01-13 18:30:00,19.24,60.25
IDEAL_04,2024-01-13 19:00:00,19.8,61.95
IDEAL_04,2024-01-13 19:30:00,19.39,60.9
IDEAL_04,2024-01-13 20:00:00,19.52,61.55
IDEAL_04,2024-01-13 20:30:00,19.43,61.31
IDEAL_04,2024-01-13 21:00:00,19.11,63.47
IDEAL_04,2024-01-13 21:30:00,19.54,61.11
IDEAL_04,2024-01-13 22:00:00,19.4,61.42
IDEAL_04,2024-01-13 22:30:00,19.68,63.06
IDEAL_04,2024-01-13 23:00:00,14.92,75.14
IDEAL_04,2024-01-13 23:30:00,14.41,76.62
IDEAL_04,2024-01-14 00:00:00,15.52,76.49
IDEAL_04,2024-01-14 00:30:00,15.25,76.2
IDEAL_04,2024-01-14 01:00:00,14.99,74.29
IDEAL_04,2024-01-14 01:30:00,15.01,77.83
IDEAL_04,2024-01-14 02:00:00,16.13,79.32
IDEAL_04,2024-01-14 02:30:00,14.85,76.0
IDEAL_04,2024-01-14 03:00:00,14.77,74.42
IDEAL_04,2024-01-14 03:30:00,15.14,76.03
IDEAL_04,2024-01-14 04:00:00,15.58,77.47
IDEAL_04,2024-01-14 04:30:00,16.02,75.07
IDEAL_04,2024-01-14 05:00:00,15.37,75.79
IDEAL_04,2024-01-14 05:30:00,14.6,76.5
IDEAL_04,2024-01-14 06:00:00,15.89,77.79
IDEAL_04,2024-01-14 06:30:00,15.1,77.15
IDEAL_04,2024-01-14 07:00:00,18.77,63.21
IDEAL_04,2024-01-14 07:30:00,18.67,61.35
IDEAL_04,2024-01-14 08:00:00,19.44,62.59
IDEAL_04,2024-01-14 08:30:00,19.2,60.91
IDEAL_04,2024-01-14 09:00:00,19.24,63.26
IDEAL_04,2024-01-14 09:30:00,19.62,63.72
IDEAL_04,2024-01-14 10:00:00,18.79,62.82
IDEAL_04,2024-01-14 10:30:00,19.65,61.44
IDEAL_04,2024-01-14 11:00:00,18.9,61.68
IDEAL_04,2024-01-14 11:30:00,19.97,64.7
IDEAL_04,2024-01-14 12:00:00,19.35,61.46
IDEAL_04,2024-01-14 12:30:00,18.74,63.56
IDEAL_04,2024-01-14 13:00:00,18.3,62.5
IDEAL_04,2024-01-14 13:30:00,19.43,61.49
IDEAL_04,2024-01-14 14:00:00,18.96,59.97
IDEAL_04,2024-01-14 14:30:00,19.04,62.31
IDEAL_04,2024-01-14 15:00:00,19.41,62.12
IDEAL_04,2024-01-14 15:30:00,19.51,64.7
IDEAL_04,2024-01-14 16:00:00,19.6,60.7
IDEAL_04,2024-01-14 16:30:00,18.64,65.43
IDEAL_04,2024-01-14 17:00:00,19.68,62.56
IDEAL_04,2024-01-14 17:30:00,18.87,62.56
IDEAL_04,2024-01-14 18:00:00,18.2,61.1
IDEAL_04,2024-01-14 18:30:00,18.64,62.46
IDEAL_04,2024-01-14 19:00:00,19.19,62.7
IDEAL_04,2024-01-14 19:30:00,18.72,63.39
IDEAL_04,2024-01-14 20:00:00,19.07,60.52
IDEAL_04,2024-01-14 20:30:00,19.24,64.1
IDEAL_04,2024-01-14 21:00:00,19.03,62.53
IDEAL_04,2024-01-14 21:30:00,18.91,62.9
IDEAL_04,2024-01-14 22:00:00,18.61,61.66
IDEAL_04,2024-01-14 22:30:00,19.12,60.6
IDEAL_04,2024-01-14 23:00:00,14.28,76.1
IDEAL_04,2024-01-14 23:30:00,14.83,76.27
IDEAL_05,2024-01-08 00:00:00,16.16,66.38
IDEAL_05,2024-01-08 00:30:00,15.47,65.57
IDEAL_05,2024-01-08 01:00:00,15.35,66.48
IDEAL_05,2024-01-08 01:30:00,15.64,67.58
IDEAL_05,2024-01-08 02:00:00,15.77,64.46
IDEAL_05,2024-01-08 02:30:00,15.66,67.55
IDEAL_05,2024-01-08 03:00:00,15.74,64.97
IDEAL_05,2024-01-08 03:30:00,15.85,69.28
IDEAL_05,2024-01-08 04:00:00,15.22,68.49
IDEAL_05,2024-01-08 04:30:00,15.26,65.89
IDEAL_05,2024-01-08 05:00:00,14.67,64.61
IDEAL_05,2024-01-08 05:30:00,16.14,64.33
IDEAL_05,2024-01-08 06:00:00,15.77,67.37
IDEAL_05,2024-01-08 06:30:00,16.18,66.01
IDEAL_05,2024-01-08 07:00:00,19.31,53.45
IDEAL_05,2024-01-08 07:30:00,19.77,55.36
IDEAL_05,2024-01-08 08:00:00,19.85,50.9
IDEAL_05,2024-01-08 08:30:00,19.54,50.21
IDEAL_05,2024-01-08 09:00:00,19.14,52.35
IDEAL_05,2024-01-08 09:30:00,20.46,53.78
IDEAL_05,2024-01-08 10:00:00,20.32,50.65
IDEAL_05,2024-01-08 10:30:00,19.61,52.11
IDEAL_05,2024-01-08 11:00:00,19.97,54.11
IDEAL_05,2024-01-08 11:30:00,19.57,49.61
IDEAL_05,2024-01-08 12:00:00,19.36,52.41
IDEAL_05,2024-01-08 12:30:00,20.49,51.25
IDEAL_05,2024-01-08 13:00:00,19.1,52.24
IDEAL_05,2024-01-08 13:30:00,19.65,53.12
IDEAL_05,2024-01-08 14:00:00,19.8,52.39
IDEAL_05,2024-01-08 14:30:00,20.42,50.54
IDEAL_05,2024-01-08 15:00:00,20.12,51.31
IDEAL_05,2024-01-08 15:30:00,19.09,54.2
IDEAL_05,2024-01-08 16:00:00,19.76,52.55
IDEAL_05,2024-01-08 16:30:00,19.77,53.32
IDEAL_05,2024-01-08 17:00:00,19.67,52.43
IDEAL_05,2024-01-08 17:30:00,20.01,53.27
IDEAL_05,2024-01-08 18:00:00,19.2,51.46
IDEAL_05,2024-01-08 18:30:00,19.6,50.91
IDEAL_05,2024-01-08 19:00:00,19.95,53.2
IDEAL_05,2024-01-08 19:30:00,20.03,53.75
IDEAL_05,2024-01-08 20:00:00,19.82,50.69
IDEAL_05,2024-01-08 20:30:00,19.65,51.19
IDEAL_05,2024-01-08 21:00:00,19.71,51.81
IDEAL_05,2024-01-08 21:30:00,20.06,54.49
IDEAL_05,2024-01-08 22:00:00,19.78,52.9
IDEAL_05,2024-01-08 22:30:00,19.35,50.07
IDEAL_05,2024-01-08 23:00:00,15.27,65.92
IDEAL_05,2024-01-08 23:30:00,15.17,65.69
IDEAL_05,2024-01-09 00:00:00,16.34,64.3
IDEAL_05,2024-01-09 00:30:00,16.09,65.9
IDEAL_05,2024-01-09 01:00:00,15.72,65.62
IDEAL_05,2024-01-09 01:30:00,15.58,65.52
IDEAL_05,2024-01-09 02:00:00,15.53,65.45
IDEAL_05,2024-01-09 02:30:00,16.2,68.27
IDEAL_05,2024-01-09 03:00:00,16.52,65.51
IDEAL_05,2024-01-09 03:30:00,15.52,66.13
IDEAL_05,2024-01-09 04:00:00,16.22,65.97
IDEAL_05,2024-01-09 04:30:00,15.77,65.3
IDEAL_05,2024-01-09 05:00:00,15.68,66.18
IDEAL_05,2024-01-09 05:30:00,16.36,66.16
IDEAL_05,2024-01-09 06:00:00,15.76,66.18
IDEAL_05,2024-01-09 06:30:00,15.88,64.77
IDEAL_05,2024-01-09 07:00:00,19.86,51.75
IDEAL_05,2024-01-09 07:30:00,19.11,53.2
IDEAL_05,2024-01-09 08:00:00,19.88,51.79
IDEAL_05,2024-01-09 08:30:00,19.54,52.3
IDEAL_05,2024-01-09 09:00:00,19.19,52.31
IDEAL_05,2024-01-09 09:30:00,19.56,52.68
IDEAL_05,2024-01-09 10:00:00,19.55,52.9
IDEAL_05,2024-01-09 10:30:00,20.17,51.8
IDEAL_05,2024-01-09 11:00:00,19.34,50.69
IDEAL_05,2024-01-09 11:30:00,19.45,50.23
IDEAL_05,2024-01-09 12:00:00,19.86,53.58
IDEAL_05,2024-01-09 12:30:00,19.23,53.21
IDEAL_05,2024-01-09 13:00:00,19.5,53.03
IDEAL_05,2024-01-09 13:30:00,19.1,53.28
IDEAL_05,2024-01-09 14:00:00,20.13,51.82
IDEAL_05,2024-01-09 14:30:00,19.64,51.12
IDEAL_05,2024-01-09 15:00:00,19.76,50.59
IDEAL_05,2024-01-09 15:30:00,20.13,50.42
IDEAL_05,2024-01-09 16:00:00,19.47,53.88
IDEAL_05,2024-01-09 16:30:00,19.64,51.32
IDEAL_05,2024-01-09 17:00:00,19.34,53.64
IDEAL_05,2024-01-09 17:30:00,19.34,51.78
IDEAL_05,2024-01-09 18:00:00,19.39,51.04
IDEAL_05,2024-01-09 18:30:00,19.57,50.42
IDEAL_05,2024-01-09 19:00:00,19.61,51.18
IDEAL_05,2024-01-09 19:30:00,19.88,54.19
IDEAL_05,2024-01-09 20:00:00,19.41,50.43
IDEAL_05,2024-01-09 20:30:00,19.89,55.23
IDEAL_05,2024-01-09 21:00:00,19.96,50.8
IDEAL_05,2024-01-09 21:30:00,19.58,53.18
IDEAL_05,2024-01-09 22:00:00,19.44,51.84
IDEAL_05,2024-01-09 22:30:00,19.8,51.58
IDEAL_05,2024-01-09 23:00:00,15.68,64.15
IDEAL_05,2024-01-09 23:30:00,15.85,65.91
IDEAL_05,2024-01-10 00:00:00,16.39,64.32
IDEAL_05,2024-01-10 00:30:00,15.79,63.54
IDEAL_05,2024-01-10 01:00:00,15.51,66.24
IDEAL_05,2024-01-10 01:30:00,15.41,65.11
IDEAL_05,2024-01-10 02:00:00,15.42,68.58
IDEAL_05,2024-01-10 02:30:00,15.18,67.56
IDEAL_05,2024-01-10 03:00:00,16.14,68.6
IDEAL_05,2024-01-10 03:30:00,14.87,65.04
IDEAL_05,2024-01-10 04:00:00,15.96,66.26
IDEAL_05,2024-01-10 04:30:00,15.42,62.13
IDEAL_05,2024-01-10 05:00:00,15.56,65.64
IDEAL_05,2024-01-10 05:30:00,15.4,66.21
IDEAL_05,2024-01-10 06:00:00,16.34,66.29
IDEAL_05,2024-01-10 06:30:00,15.77,65.99
IDEAL_05,2024-01-10 07:00:00,20.08,52.16
IDEAL_05,2024-01-10 07:30:00,20.28,47.99
IDEAL_05,2024-01-10 08:00:00,19.83,52.44
IDEAL_05,2024-01-10 08:30:00,19.28,52.78
IDEAL_05,2024-01-10 09:00:00,19.67,54.07
IDEAL_05,2024-01-10 09:30:00,19.47,52.61
IDEAL_05,2024-01-10 10:00:00,19.56,51.86
IDEAL_05,2024-01-10 10:30:00,19.72,53.72
IDEAL_05,2024-01-10 11:00:00,19.71,48.52
IDEAL_05,2024-01-10 11:30:00,19.93,51.29
IDEAL_05,2024-01-10 12:00:00,19.99,50.91
IDEAL_05,2024-01-10 12:30:00,19.71,52.01
IDEAL_05,2024-01-10 13:00:00,19.92,48.76
IDEAL_05,2024-01-10 13:30:00,19.54,54.04
IDEAL_05,2024-01-10 14:00:00,20.29,51.68
IDEAL_05,2024-01-10 14:30:00,19.54,52.54
IDEAL_05,2024-01-10 15:00:00,20.24,52.39
IDEAL_05,2024-01-10 15:30:00,19.17,53.95
IDEAL_05,2024-01-10 16:00:00,19.61,49.27
IDEAL_05,2024-01-10 16:30:00,19.63,52.23
IDEAL_05,2024-01-10 17:00:00,19.87,53.78
IDEAL_05,2024-01-10 17:30:00,20.11,51.91
IDEAL_05,2024-01-10 18:00:00,19.26,50.63
IDEAL_05,2024-01-10 18:30:00,19.32,51.15
IDEAL_05,2024-01-10 19:00:00,19.2,51.47
IDEAL_05,2024-01-10 19:30:00,20.29,50.98
IDEAL_05,2024-01-10 20:00:00,19.88,51.83
IDEAL_05,2024-01-10 20:30:00,19.33,54.32
IDEAL_05,2024-01-10 21:00:00,19.59,51.16
IDEAL_05,2024-01-10 21:30:00,20.24,51.33
IDEAL_05,2024-01-10 22:00:00,19.65,52.75
IDEAL_05,2024-01-10 22:30:00,19.63,51.8
IDEAL_05,2024-01-10 23:00:00,15.45,64.06
IDEAL_05,2024-01-10 23:30:00,15.35,65.97
IDEAL_05,2024-01-11 00:00:00,16.24,65.91
IDEAL_05,2024-01-11 00:30:00,16.43,67.52
IDEAL_05,2024-01-11 01:00:00,15.37,64.6
IDEAL_05,2024-01-11 01:30:00,16.32,67.53
IDEAL_05,2024-01-11 02:00:00,15.57,65.91
IDEAL_05,2024-01-11 02:30:00,15.98,64.4
IDEAL_05,2024-01-11 03:00:00,16.33,64.1
IDEAL_05,2024-01-11 03:30:00,15.7,68.96
IDEAL_05,2024-01-11 04:00:00,15.63,65.82
IDEAL_05,2024-01-11 04:30:00,16.08,67.46
IDEAL_05,2024-01-11 05:00:00,15.32,63.5
IDEAL_05,2024-01-11 05:30:00,16.22,70.01
IDEAL_05,2024-01-11 06:00:00,15.82,67.4
IDEAL_05,2024-01-11 06:30:00,15.53,65.68
IDEAL_05,2024-01-11 07:00:00,19.52,51.6
IDEAL_05,2024-01-11 07:30:00,19.21,53.16
IDEAL_05,2024-01-11 08:00:00,19.55,53.07
IDEAL_05,2024-01-11 08:30:00,19.66,52.33
IDEAL_05,2024-01-11 09:00:00,19.34,52.07
IDEAL_05,2024-01-11 09:30:00,19.74,52.9
IDEAL_05,2024-01-11 10:00:00,19.95,49.45
IDEAL_05,2024-01-11 10:30:00,19.68,51.5
IDEAL_05,2024-01-11 11:00:00,20.03,49.59
IDEAL_05,2024-01-11 11:30:00,19.44,52.97
IDEAL_05,2024-01-11 12:00:00,20.16,51.04
IDEAL_05,2024-01-11 12:30:00,19.81,49.7
IDEAL_05,2024-01-11 13:00:00,20.38,50.87
IDEAL_05,2024-01-11 13:30:00,20.73,52.28
IDEAL_05,2024-01-11 14:00:00,19.57,51.75
IDEAL_05,2024-01-11 14:30:00,19.59,50.3
IDEAL_05,2024-01-11 15:00:00,19.66,49.5
IDEAL_05,2024-01-11 15:30:00,20.0,52.17
IDEAL_05,2024-01-11 16:00:00,20.29,51.19
IDEAL_05,2024-01-11 16:30:00,19.5,51.67
IDEAL_05,2024-01-11 17:00:00,19.92,51.82
IDEAL_05,2024-01-11 17:30:00,19.71,52.7
IDEAL_05,2024-01-11 18:00:00,20.01,53.33
IDEAL_05,2024-01-11 18:30:00,20.37,52.28
IDEAL_05,2024-01-11 19:00:00,19.67,51.58
IDEAL_05,2024-01-11 19:30:00,19.09,52.1
IDEAL_05,2024-01-11 20:00:00,20.06,51.55
IDEAL_05,2024-01-11 20:30:00,19.43,49.59
IDEAL_05,2024-01-11 21:00:00,19.71,53.7
IDEAL_05,2024-01-11 21:30:00,20.08,53.41
IDEAL_05,2024-01-11 22:00:00,19.88,55.04
IDEAL_05,2024-01-11 22:30:00,19.72,55.48
IDEAL_05,2024-01-11 23:00:00,15.53,64.29
IDEAL_05,2024-01-11 23:30:00,14.6,65.56
IDEAL_05,2024-01-12 00:00:00,16.04,69.83
IDEAL_05,2024-01-12 00:30:00,15.66,66.0
IDEAL_05,2024-01-12 01:00:00,16.37,66.42
IDEAL_05,2024-01-12 01:30:00,15.92,63.78
IDEAL_05,2024-01-12 02:00:00,15.55,66.28
IDEAL_05,2024-01-12 02:30:00,16.19,68.96
IDEAL_05,2024-01-12 03:00:00,16.22,67.99
IDEAL_05,2024-01-12 03:30:00,15.68,65.14
IDEAL_05,2024-01-12 04:00:00,16.24,65.46
IDEAL_05,2024-01-12 04:30:00,15.54,64.36
IDEAL_05,2024-01-12 05:00:00,15.83,64.78
IDEAL_05,2024-01-12 05:30:00,15.99,63.19
IDEAL_05,2024-01-12 06:00:00,16.08,65.93
IDEAL_05,2024-01-12 06:30:00,16.01,68.32
IDEAL_05,2024-01-12 07:00:00,19.63,52.59
IDEAL_05,2024-01-12 07:30:00,20.2,54.11
IDEAL_05,2024-01-12 08:00:00,19.71,53.67
IDEAL_05,2024-01-12 08:30:00,19.54,51.24
IDEAL_05,2024-01-12 09:00:00,19.54,50.92
IDEAL_05,2024-01-12 09:30:00,20.54,50.98
IDEAL_05,2024-01-12 10:00:00,19.47,49.48
IDEAL_05,2024-01-12 10:30:00,20.28,52.11
IDEAL_05,2024-01-12 11:00:00,19.31,47.7
IDEAL_05,2024-01-12 11:30:00,19.96,52.95
IDEAL_05,2024-01-12 12:00:00,19.88,52.17
IDEAL_05,2024-01-12 12:30:00,20.41,52.77
IDEAL_05,2024-01-12 13:00:00,19.5,53.64
IDEAL_05,2024-01-12 13:30:00,19.39,52.36
IDEAL_05,2024-01-12 14:00:00,19.72,54.51
IDEAL_05,2024-01-12 14:30:00,20.43,52.99
IDEAL_05,2024-01-12 15:00:00,19.41,50.92
IDEAL_05,2024-01-12 15:30:00,18.73,51.7
IDEAL_05,2024-01-12 16:00:00,19.79,48.67
IDEAL_05,2024-01-12 16:30:00,20.14,50.71
IDEAL_05,2024-01-12 17:00:00,19.36,51.49
IDEAL_05,2024-01-12 17:30:00,20.1,52.88
IDEAL_05,2024-01-12 18:00:00,19.35,50.93
IDEAL_05,2024-01-12 18:30:00,19.7,50.19
IDEAL_05,2024-01-12 19:00:00,20.06,49.23
IDEAL_05,2024-01-12 19:30:00,19.29,51.16
IDEAL_05,2024-01-12 20:00:00,19.84,54.98
IDEAL_05,2024-01-12 20:30:00,20.25,52.47
IDEAL_05,2024-01-12 21:00:00,19.95,53.47
IDEAL_05,2024-01-12 21:30:00,19.47,50.71
IDEAL_05,2024-01-12 22:00:00,20.37,49.7
IDEAL_05,2024-01-12 22:30:00,20.03,50.23
IDEAL_05,2024-01-12 23:00:00,15.02,65.91
IDEAL_05,2024-01-12 23:30:00,16.11,63.07
IDEAL_05,2024-01-13 00:00:00,15.53,64.55
IDEAL_05,2024-01-13 00:30:00,15.84,65.18
IDEAL_05,2024-01-13 01:00:00,16.17,64.08
IDEAL_05,2024-01-13 01:30:00,15.54,62.87
IDEAL_05,2024-01-13 02:00:00,15.1,66.49
IDEAL_05,2024-01-13 02:30:00,16.36,66.13
IDEAL_05,2024-01-13 03:00:00,16.23,67.23
IDEAL_05,2024-01-13 03:30:00,15.73,64.39
IDEAL_05,2024-01-13 04:00:00,16.1,67.2
IDEAL_05,2024-01-13 04:30:00,15.61,68.35
IDEAL_05,2024-01-13 05:00:00,15.8,66.45
IDEAL_05,2024-01-13 05:30:00,15.71,65.14
IDEAL_05,2024-01-13 06:00:00,15.63,66.28
IDEAL_05,2024-01-13 06:30:00,15.91,65.07
IDEAL_05,2024-01-13 07:00:00,19.28,50.82
IDEAL_05,2024-01-13 07:30:00,19.66,53.08
IDEAL_05,2024-01-13 08:00:00,19.89,51.85
IDEAL_05,2024-01-13 08:30:00,20.5,53.87
IDEAL_05,2024-01-13 09:00:00,19.3,51.39
IDEAL_05,2024-01-13 09:30:00,19.97,51.55
IDEAL_05,2024-01-13 10:00:00,20.01,51.21
IDEAL_05,2024-01-13 10:30:00,19.01,50.38
IDEAL_05,2024-01-13 11:00:00,19.93,53.28
IDEAL_05,2024-01-13 11:30:00,20.11,55.34
IDEAL_05,2024-01-13 12:00:00,20.0,51.49
IDEAL_05,2024-01-13 12:30:00,19.73,51.04
IDEAL_05,2024-01-13 13:00:00,19.9,50.94
IDEAL_05,2024-01-13 13:30:00,19.83,51.04
IDEAL_05,2024-01-13 14:00:00,19.09,54.53
IDEAL_05,2024-01-13 14:30:00,19.84,50.98
IDEAL_05,2024-01-13 15:00:00,19.62,51.18
IDEAL_05,2024-01-13 15:30:00,19.48,50.2
IDEAL_05,2024-01-13 16:00:00,20.76,52.5
IDEAL_05,2024-01-13 16:30:00,20.26,51.96
IDEAL_05,2024-01-13 17:00:00,19.3,50.35
IDEAL_05,2024-01-13 17:30:00,19.9,50.72
IDEAL_05,2024-01-13 18:00:00,20.35,54.36
IDEAL_05,2024-01-13 18:30:00,19.16,52.11
IDEAL_05,2024-01-13 19:00:00,19.79,52.21
IDEAL_05,2024-01-13 19:30:00,19.81,52.22
IDEAL_05,2024-01-13 20:00:00,19.25,54.15
IDEAL_05,2024-01-13 20:30:00,19.91,50.49
IDEAL_05,2024-01-13 21:00:00,20.21,51.46
IDEAL_05,2024-01-13 21:30:00,20.37,51.8
IDEAL_05,2024-01-13 22:00:00,19.66,49.48
IDEAL_05,2024-01-13 22:30:00,20.76,50.68
IDEAL_05,2024-01-13 23:00:00,14.94,67.63
IDEAL_05,2024-01-13 23:30:00,15.91,67.2
IDEAL_05,2024-01-14 00:00:00,15.2,67.46
IDEAL_05,2024-01-14 00:30:00,15.8,65.17
IDEAL_05,2024-01-14 01:00:00,15.55,65.36
IDEAL_05,2024-01-14 01:30:00,15.97,63.38
IDEAL_05,2024-01-14 02:00:00,15.71,67.46
IDEAL_05,2024-01-14 02:30:00,15.43,67.7
IDEAL_05,2024-01-14 03:00:00,15.46,67.68
IDEAL_05,2024-01-14 03:30:00,16.54,68.46
IDEAL_05,2024-01-14 04:00:00,15.94,66.69
IDEAL_05,2024-01-14 04:30:00,15.08,68.39
IDEAL_05,2024-01-14 05:00:00,15.98,65.76
IDEAL_05,2024-01-14 05:30:00,15.68,63.41
IDEAL_05,2024-01-14 06:00:00,15.76,67.35
IDEAL_05,2024-01-14 06:30:00,16.09,63.35
IDEAL_05,2024-01-14 07:00:00,20.24,52.31
IDEAL_05,2024-01-14 07:30:00,19.42,53.49
IDEAL_05,2024-01-14 08:00:00,19.75,52.54
IDEAL_05,2024-01-14 08:30:00,19.54,55.48
IDEAL_05,2024-01-14 09:00:00,20.0,49.11
IDEAL_05,2024-01-14 09:30:00,19.67,51.93
IDEAL_05,2024-01-14 10:00:00,19.77,52.08
IDEAL_05,2024-01-14 10:30:00,19.65,50.04
IDEAL_05,2024-01-14 11:00:00,19.72,50.33
IDEAL_05,2024-01-14 11:30:00,20.44,50.79
IDEAL_05,2024-01-14 12:00:00,20.72,50.41
IDEAL_05,2024-01-14 12:30:00,19.91,51.9
IDEAL_05,2024-01-14 13:00:00,19.72,51.15
IDEAL_05,2024-01-14 13:30:00,19.12,52.54
IDEAL_05,2024-01-14 14:00:00,19.46,53.03
IDEAL_05,2024-01-14 14:30:00,19.71,52.93
IDEAL_05,2024-01-14 15:00:00,19.48,51.44
IDEAL_05,2024-01-14 15:30:00,19.52,52.49
IDEAL_05,2024-01-14 16:00:00,20.39,53.61
IDEAL_05,2024-01-14 16:30:00,19.77,52.73
IDEAL_05,2024-01-14 17:00:00,19.81,54.85
IDEAL_05,2024-01-14 17:30:00,19.49,53.53
IDEAL_05,2024-01-14 18:00:00,20.23,54.64
IDEAL_05,2024-01-14 18:30:00,19.68,48.32
IDEAL_05,2024-01-14 19:00:00,19.55,52.2
IDEAL_05,2024-01-14 19:30:00,19.13,51.57
IDEAL_05,2024-01-14 20:00:00,19.74,51.87
IDEAL_05,2024-01-14 20:30:00,19.54,50.85
IDEAL_05,2024-01-14 21:00:00,20.44,52.65
IDEAL_05,2024-01-14 21:30:00,20.5,49.35
IDEAL_05,2024-01-14 22:00:00,19.27,52.66
IDEAL_05,2024-01-14 22:30:00,19.31,50.9
IDEAL_05,2024-01-14 23:00:00,15.65,65.31
IDEAL_05,2024-01-14 23:30:00,15.44,66.72
IDEAL_06,2024-01-08 00:00:00,14.74,64.0
IDEAL_06,2024-01-08 00:30:00,15.13,65.07
IDEAL_06,2024-01-08 01:00:00,14.32,64.04
IDEAL_06,2024-01-08 01:30:00,14.68,66.52
IDEAL_06,2024-01-08 02:00:00,15.06,64.92
IDEAL_06,2024-01-08 02:30:00,14.85,65.0
IDEAL_06,2024-01-08 03:00:00,14.88,65.03
IDEAL_06,2024-01-08 03:30:00,15.15,63.35
IDEAL_06,2024-01-08 04:00:00,14.55,63.49
IDEAL_06,2024-01-08 04:30:00,14.46,65.34
IDEAL_06,2024-01-08 05:00:00,14.94,64.37
IDEAL_06,2024-01-08 05:30:00,14.65,62.42
IDEAL_06,2024-01-08 06:00:00,15.16,66.99
IDEAL_06,2024-01-08 06:30:00,14.86,65.65
IDEAL_06,2024-01-08 07:00:00,18.46,50.24
IDEAL_06,2024-01-08 07:30:00,18.84,49.77
IDEAL_06,2024-01-08 08:00:00,18.35,50.48
IDEAL_06,2024-01-08 08:30:00,19.09,50.96
IDEAL_06,2024-01-08 09:00:00,18.15,47.13
IDEAL_06,2024-01-08 09:30:00,19.2,53.35
IDEAL_06,2024-01-08 10:00:00,18.84,49.0
IDEAL_06,2024-01-08 10:30:00,18.64,50.18
IDEAL_06,2024-01-08 11:00:00,19.01,50.24
IDEAL_06,2024-01-08 11:30:00,18.91,53.18
IDEAL_06,2024-01-08 12:00:00,19.24,50.05
IDEAL_06,2024-01-08 12:30:00,19.24,52.57
IDEAL_06,2024-01-08 13:00:00,18.85,50.79
IDEAL_06,2024-01-08 13:30:00,18.36,48.74
IDEAL_06,2024-01-08 14:00:00,18.49,50.38
IDEAL_06,2024-01-08 14:30:00,18.68,50.0
IDEAL_06,2024-01-08 15:00:00,19.14,48.56
IDEAL_06,2024-01-08 15:30:00,18.53,50.72
IDEAL_06,2024-01-08 16:00:00,18.56,50.22
IDEAL_06,2024-01-08 16:30:00,19.45,51.02
IDEAL_06,2024-01-08 17:00:00,18.67,50.47
IDEAL_06,2024-01-08 17:30:00,18.45,49.21
IDEAL_06,2024-01-08 18:00:00,19.02,51.34
IDEAL_06,2024-01-08 18:30:00,18.69,49.25
IDEAL_06,2024-01-08 19:00:00,18.15,45.53
IDEAL_06,2024-01-08 19:30:00,19.12,50.38
IDEAL_06,2024-01-08 20:00:00,18.41,49.35
IDEAL_06,2024-01-08 20:30:00,18.73,50.76
IDEAL_06,2024-01-08 21:00:00,18.68,53.18
IDEAL_06,2024-01-08 21:30:00,18.8,53.22
IDEAL_06,2024-01-08 22:00:00,17.83,49.94
IDEAL_06,2024-01-08 22:30:00,18.57,48.94
IDEAL_06,2024-01-08 23:00:00,15.16,65.06
IDEAL_06,2024-01-08 23:30:00,15.21,63.63
IDEAL_06,2024-01-09 00:00:00,14.31,64.77
IDEAL_06,2024-01-09 00:30:00,15.08,63.19
IDEAL_06,2024-01-09 01:00:00,14.4,64.56
IDEAL_06,2024-01-09 01:30:00,14.56,62.96
IDEAL_06,2024-01-09 02:00:00,14.58,65.96
IDEAL_06,2024-01-09 02:30:00,14.75,63.3
IDEAL_06,2024-01-09 03:00:00,15.11,65.17
IDEAL_06,2024-01-09 03:30:00,14.81,62.29
IDEAL_06,2024-01-09 04:00:00,14.66,65.35
IDEAL_06,2024-01-09 04:30:00,15.1,62.73
IDEAL_06,2024-01-09 05:00:00,14.39,64.57
IDEAL_06,2024-01-09 05:30:00,14.68,65.72
IDEAL_06,2024-01-09 06:00:00,15.11,63.88
IDEAL_06,2024-01-09 06:30:00,14.92,62.64
IDEAL_06,2024-01-09 07:00:00,18.52,50.93
IDEAL_06,2024-01-09 07:30:00,18.1,48.92
IDEAL_06,2024-01-09 08:00:00,18.83,49.58
IDEAL_06,2024-01-09 08:30:00,18.08,50.58
IDEAL_06,2024-01-09 09:00:00,18.62,52.22
IDEAL_06,2024-01-09 09:30:00,19.18,50.22
IDEAL_06,2024-01-09 10:00:00,18.95,50.22
IDEAL_06,2024-01-09 10:30:00,17.9,51.29
IDEAL_06,2024-01-09 11:00:00,18.79,50.26
IDEAL_06,2024-01-09 11:30:00,18.58,51.14
IDEAL_06,2024-01-09 12:00:00,18.2,51.8
IDEAL_06,2024-01-09 12:30:00,18.84,49.69
IDEAL_06,2024-01-09 13:00:00,18.51,45.27
IDEAL_06,2024-01-09 13:30:00,18.51,48.96
IDEAL_06,2024-01-09 14:00:00,18.76,52.0
IDEAL_06,2024-01-09 14:30:00,18.46,50.13
IDEAL_06,2024-01-09 15:00:00,18.75,49.67
IDEAL_06,2024-01-09 15:30:00,18.47,51.93
IDEAL_06,2024-01-09 16:00:00,18.49,50.03
IDEAL_06,2024-01-09 16:30:00,19.11,47.04
IDEAL_06,2024-01-09 17:00:00,19.15,47.92
IDEAL_06,2024-01-09 17:30:00,18.03,50.81
IDEAL_06,2024-01-09 18:00:00,19.01,50.08
IDEAL_06,2024-01-09 18:30:00,19.27,52.36
IDEAL_06,2024-01-09 19:00:00,19.33,49.08
IDEAL_06,2024-01-09 19:30:00,18.92,49.72
IDEAL_06,2024-01-09 20:00:00,18.29,48.86
IDEAL_06,2024-01-09 20:30:00,18.96,49.4
IDEAL_06,2024-01-09 21:00:00,18.36,47.34
IDEAL_06,2024-01-09 21:30:00,18.57,49.6
IDEAL_06,2024-01-09 22:00:00,18.86,50.1
IDEAL_06,2024-01-09 22:30:00,18.39,49.98
IDEAL_06,2024-01-09 23:00:00,14.25,67.41
IDEAL_06,2024-01-09 23:30:00,14.89,66.93
IDEAL_06,2024-01-10 00:00:00,15.46,63.06
IDEAL_06,2024-01-10 00:30:00,15.21,61.12
IDEAL_06,2024-01-10 01:00:00,14.99,64.03
IDEAL_06,2024-01-10 01:30:00,15.1,64.75
IDEAL_06,2024-01-10 02:00:00,14.96,62.89
IDEAL_06,2024-01-10 02:30:00,14.89,62.97
IDEAL_06,2024-01-10 03:00:00,15.07,66.56
IDEAL_06,2024-01-10 03:30:00,14.16,63.8
IDEAL_06,2024-01-10 04:00:00,14.79,65.18
IDEAL_06,2024-01-10 04:30:00,14.68,62.79
IDEAL_06,2024-01-10 05:00:00,14.74,64.1
IDEAL_06,2024-01-10 05:30:00,14.52,63.68
IDEAL_06,2024-01-10 06:00:00,14.92,63.17
IDEAL_06,2024-01-10 06:30:00,14.38,65.92
IDEAL_06,2024-01-10 07:00:00,18.5,48.1
IDEAL_06,2024-01-10 07:30:00,18.45,50.63
IDEAL_06,2024-01-10 08:00:00,19.05,49.65
IDEAL_06,2024-01-10 08:30:00,18.7,50.8
IDEAL_06,2024-01-10 09:00:00,18.52,49.67
IDEAL_06,2024-01-10 09:30:00,18.56,51.48
IDEAL_06,2024-01-10 10:00:00,18.71,48.77
IDEAL_06,2024-01-10 10:30:00,19.36,51.92
IDEAL_06,2024-01-10 11:00:00,18.21,50.14
IDEAL_06,2024-01-10 11:30:00,18.98,48.19
IDEAL_06,2024-01-10 12:00:00,18.9,51.2
IDEAL_06,2024-01-10 12:30:00,18.36,49.88
IDEAL_06,2024-01-10 13:00:00,19.3,47.62
IDEAL_06,2024-01-10 13:30:00,18.92,50.68
IDEAL_06,2024-01-10 14:00:00,18.51,51.69
IDEAL_06,2024-01-10 14:30:00,17.96,52.11
IDEAL_06,2024-01-10 15:00:00,18.8,49.62
IDEAL_06,2024-01-10 15:30:00,18.69,50.4
IDEAL_06,2024-01-10 16:00:00,18.3,50.26
IDEAL_06,2024-01-10 16:30:00,18.29,52.42
IDEAL_06,2024-01-10 17:00:00,19.06,48.97
IDEAL_06,2024-01-10 17:30:00,17.93,49.49
IDEAL_06,2024-01-10 18:00:00,18.83,48.93
IDEAL_06,2024-01-10 18:30:00,18.63,48.01
IDEAL_06,2024-01-10 19:00:00,18.91,50.55
IDEAL_06,2024-01-10 19:30:00,18.59,52.58
IDEAL_06,2024-01-10 20:00:00,18.83,49.89
IDEAL_06,2024-01-10 20:30:00,18.41,48.86
IDEAL_06,2024-01-10 21:00:00,18.69,50.46
IDEAL_06,2024-01-10 21:30:00,18.9,51.07
IDEAL_06,2024-01-10 22:00:00,18.77,49.95
IDEAL_06,2024-01-10 22:30:00,18.86,52.29
IDEAL_06,2024-01-10 23:00:00,14.34,62.96
IDEAL_06,2024-01-10 23:30:00,14.47,63.75
IDEAL_06,2024-01-11 00:00:00,14.48,64.63
IDEAL_06,2024-01-11 00:30:00,14.6,64.77
IDEAL_06,2024-01-11 01:00:00,15.25,64.25
IDEAL_06,2024-01-11 01:30:00,14.57,62.27
IDEAL_06,2024-01-11 02:00:00,14.25,67.69
IDEAL_06,2024-01-11 02:30:00,14.93,63.83
IDEAL_06,2024-01-11 03:00:00,15.25,64.35
IDEAL_06,2024-01-11 03:30:00,14.2,65.11
IDEAL_06,2024-01-11 04:00:00,15.5,63.23
IDEAL_06,2024-01-11 04:30:00,14.87,64.27
IDEAL_06,2024-01-11 05:00:00,15.12,63.17
IDEAL_06,2024-01-11 05:30:00,15.3,64.81
IDEAL_06,2024-01-11 06:00:00,15.1,63.77
IDEAL_06,2024-01-11 06:30:00,14.66,64.59
IDEAL_06,2024-01-11 07:00:00,19.2,48.61
IDEAL_06,2024-01-11 07:30:00,18.81,48.94
IDEAL_06,2024-01-11 08:00:00,19.14,48.14
IDEAL_06,2024-01-11 08:30:00,19.19,49.12
IDEAL_06,2024-01-11 09:00:00,18.27,46.32
IDEAL_06,2024-01-11 09:30:00,19.03,49.72
IDEAL_06,2024-01-11 10:00:00,18.64,49.38
IDEAL_06,2024-01-11 10:30:00,18.76,50.41
IDEAL_06,2024-01-11 11:00:00,18.76,50.25
IDEAL_06,2024-01-11 11:30:00,18.74,52.07
IDEAL_06,2024-01-11 12:00:00,19.32,54.07
IDEAL_06,2024-01-11 12:30:00,18.16,51.89
IDEAL_06,2024-01-11 13:00:00,18.02,49.5
IDEAL_06,2024-01-11 13:30:00,17.94,49.44
IDEAL_06,2024-01-11 14:00:00,19.14,51.49
IDEAL_06,2024-01-11 14:30:00,18.4,47.66
IDEAL_06,2024-01-11 15:00:00,18.76,49.71
IDEAL_06,2024-01-11 15:30:00,18.66,49.83
IDEAL_06,2024-01-11 16:00:00,18.35,51.06
IDEAL_06,2024-01-11 16:30:00,19.05,51.1
IDEAL_06,2024-01-11 17:00:00,18.66,49.07
IDEAL_06,2024-01-11 17:30:00,18.61,49.56
IDEAL_06,2024-01-11 18:00:00,18.8,50.85
IDEAL_06,2024-01-11 18:30:00,19.0,48.98
IDEAL_06,2024-01-11 19:00:00,18.33,51.99
IDEAL_06,2024-01-11 19:30:00,19.06,51.1
IDEAL_06,2024-01-11 20:00:00,19.29,50.44
IDEAL_06,2024-01-11 20:30:00,18.14,50.77
IDEAL_06,2024-01-11 21:00:00,18.82,49.48
IDEAL_06,2024-01-11 21:30:00,18.59,49.24
IDEAL_06,2024-01-11 22:00:00,18.99,49.55
IDEAL_06,2024-01-11 22:30:00,18.22,50.93
IDEAL_06,2024-01-11 23:00:00,15.36,64.48
IDEAL_06,2024-01-11 23:30:00,14.07,63.55
IDEAL_06,2024-01-12 00:00:00,14.61,65.31
IDEAL_06,2024-01-12 00:30:00,14.88,63.92
IDEAL_06,2024-01-12 01:00:00,14.43,63.14
IDEAL_06,2024-01-12 01:30:00,14.37,64.56
IDEAL_06,2024-01-12 02:00:00,14.8,62.66
IDEAL_06,2024-01-12 02:30:00,14.74,61.65
IDEAL_06,2024-01-12 03:00:00,14.71,64.18
IDEAL_06,2024-01-12 03:30:00,15.05,63.2
IDEAL_06,2024-01-12 04:00:00,14.55,63.8
IDEAL_06,2024-01-12 04:30:00,14.84,62.73
IDEAL_06,2024-01-12 05:00:00,14.51,66.0
IDEAL_06,2024-01-12 05:30:00,14.37,63.19
IDEAL_06,2024-01-12 06:00:00,14.59,63.53
IDEAL_06,2024-01-12 06:30:00,14.51,64.75
IDEAL_06,2024-01-12 07:00:00,18.53,48.12
IDEAL_06,2024-01-12 07:30:00,19.17,48.01
IDEAL_06,2024-01-12 08:00:00,18.61,50.75
IDEAL_06,2024-01-12 08:30:00,18.44,49.52
IDEAL_06,2024-01-12 09:00:00,18.72,48.83
IDEAL_06,2024-01-12 09:30:00,18.75,51.09
IDEAL_06,2024-01-12 10:00:00,18.23,48.96
IDEAL_06,2024-01-12 10:30:00,18.59,49.77
IDEAL_06,2024-01-12 11:00:00,18.57,48.84
IDEAL_06,2024-01-12 11:30:00,18.64,50.64
IDEAL_06,2024-01-12 12:00:00,19.0,52.18
IDEAL_06,2024-01-12 12:30:00,18.76,47.39
IDEAL_06,2024-01-12 13:00:00,19.2,50.35
IDEAL_06,2024-01-12 13:30:00,18.7,51.47
IDEAL_06,2024-01-12 14:00:00,19.42,49.55
IDEAL_06,2024-01-12 14:30:00,18.52,48.49
IDEAL_06,2024-01-12 15:00:00,18.4,50.81
IDEAL_06,2024-01-12 15:30:00,18.93,51.69
IDEAL_06,2024-01-12 16:00:00,19.25,51.52
IDEAL_06,2024-01-12 16:30:00,18.16,50.73
IDEAL_06,2024-01-12 17:00:00,18.63,50.33
IDEAL_06,2024-01-12 17:30:00,18.46,48.83
IDEAL_06,2024-01-12 18:00:00,18.77,51.48
IDEAL_06,2024-01-12 18:30:00,18.71,51.4
IDEAL_06,2024-01-12 19:00:00,19.25,48.48
IDEAL_06,2024-01-12 19:30:00,18.67,50.73
IDEAL_06,2024-01-12 20:00:00,19.26,51.16
IDEAL_06,2024-01-12 20:30:00,18.58,51.51
IDEAL_06,2024-01-12 21:00:00,19.08,50.07
IDEAL_06,2024-01-12 21:30:00,18.8,48.9
IDEAL_06,2024-01-12 22:00:00,19.4,49.43
IDEAL_06,2024-01-12 22:30:00,18.12,48.67
IDEAL_06,2024-01-12 23:00:00,14.24,64.11
IDEAL_06,2024-01-12 23:30:00,15.44,63.81
IDEAL_06,2024-01-13 00:00:00,14.42,67.4
IDEAL_06,2024-01-13 00:30:00,14.44,65.52
IDEAL_06,2024-01-13 01:00:00,14.36,65.64
IDEAL_06,2024-01-13 01:30:00,15.17,64.89
IDEAL_06,2024-01-13 02:00:00,14.21,63.63
IDEAL_06,2024-01-13 02:30:00,14.72,63.77
IDEAL_06,2024-01-13 03:00:00,14.6,63.91
IDEAL_06,2024-01-13 03:30:00,15.12,64.47
IDEAL_06,2024-01-13 04:00:00,14.48,64.77
IDEAL_06,2024-01-13 04:30:00,14.87,64.18
IDEAL_06,2024-01-13 05:00:00,14.24,63.75
IDEAL_06,2024-01-13 05:30:00,15.62,63.29
IDEAL_06,2024-01-13 06:00:00,14.61,62.09
IDEAL_06,2024-01-13 06:30:00,14.71,66.11
IDEAL_06,2024-01-13 07:00:00,19.37,53.49
IDEAL_06,2024-01-13 07:30:00,18.47,51.98
IDEAL_06,2024-01-13 08:00:00,19.38,48.29
IDEAL_06,2024-01-13 08:30:00,18.54,51.36
IDEAL_06,2024-01-13 09:00:00,18.98,51.72
IDEAL_06,2024-01-13 09:30:00,18.48,49.58
IDEAL_06,2024-01-13 10:00:00,18.17,50.92
IDEAL_06,2024-01-13 10:30:00,18.87,49.5
IDEAL_06,2024-01-13 11:00:00,18.96,52.48
IDEAL_06,2024-01-13 11:30:00,18.18,50.73
IDEAL_06,2024-01-13 12:00:00,18.59,48.81
IDEAL_06,2024-01-13 12:30:00,19.19,51.19
IDEAL_06,2024-01-13 13:00:00,18.95,51.77
IDEAL_06,2024-01-13 13:30:00,18.55,50.48
IDEAL_06,2024-01-13 14:00:00,18.47,50.9
IDEAL_06,2024-01-13 14:30:00,19.49,50.08
IDEAL_06,2024-01-13 15:00:00,18.13,48.48
IDEAL_06,2024-01-13 15:30:00,18.68,49.96
IDEAL_06,2024-01-13 16:00:00,18.12,50.97
IDEAL_06,2024-01-13 16:30:00,19.23,49.99
IDEAL_06,2024-01-13 17:00:00,18.71,51.38
IDEAL_06,2024-01-13 17:30:00,18.78,49.59
IDEAL_06,2024-01-13 18:00:00,19.82,49.69
IDEAL_06,2024-01-13 18:30:00,18.47,51.43
IDEAL_06,2024-01-13 19:00:00,19.41,50.52
IDEAL_06,2024-01-13 19:30:00,18.55,49.57
IDEAL_06,2024-01-13 20:00:00,18.62,51.73
IDEAL_06,2024-01-13 20:30:00,19.76,49.15
IDEAL_06,2024-01-13 21:00:00,18.64,49.09
IDEAL_06,2024-01-13 21:30:00,18.16,45.94
IDEAL_06,2024-01-13 22:00:00,18.82,49.35
IDEAL_06,2024-01-13 22:30:00,18.64,52.15
IDEAL_06,2024-01-13 23:00:00,14.86,61.07
IDEAL_06,2024-01-13 23:30:00,14.66,62.75
IDEAL_06,2024-01-14 00:00:00,15.59,64.84
IDEAL_06,2024-01-14 00:30:00,14.93,60.82
IDEAL_06,2024-01-14 01:00:00,14.28,63.42
IDEAL_06,2024-01-14 01:30:00,14.76,65.89
IDEAL_06,2024-01-14 02:00:00,14.39,67.25
IDEAL_06,2024-01-14 02:30:00,14.61,64.62
IDEAL_06,2024-01-14 03:00:00,14.34,62.79
IDEAL_06,2024-01-14 03:30:00,15.55,62.74
IDEAL_06,2024-01-14 04:00:00,14.43,64.4
IDEAL_06,2024-01-14 04:30:00,14.98,64.6
IDEAL_06,2024-01-14 05:00:00,14.58,66.97
IDEAL_06,2024-01-14 05:30:00,14.25,65.64
IDEAL_06,2024-01-14 06:00:00,14.79,64.31
IDEAL_06,2024-01-14 06:30:00,14.87,63.68
IDEAL_06,2024-01-14 07:00:00,18.93,54.7
IDEAL_06,2024-01-14 07:30:00,17.66,51.12
IDEAL_06,2024-01-14 08:00:00,18.21,49.18
IDEAL_06,2024-01-14 08:30:00,19.09,49.85
IDEAL_06,2024-01-14 09:00:00,18.34,48.87
IDEAL_06,2024-01-14 09:30:00,18.79,46.58
IDEAL_06,2024-01-14 10:00:00,18.21,50.65
IDEAL_06,2024-01-14 10:30:00,19.0,52.86
IDEAL_06,2024-01-14 11:00:00,19.08,47.74
IDEAL_06,2024-01-14 11:30:00,19.0,50.27
IDEAL_06,2024-01-14 12:00:00,19.12,49.12
IDEAL_06,2024-01-14 12:30:00,19.33,50.96
IDEAL_06,2024-01-14 13:00:00,18.24,49.92
IDEAL_06,2024-01-14 13:30:00,18.39,48.14
IDEAL_06,2024-01-14 14:00:00,19.07,48.71
IDEAL_06,2024-01-14 14:30:00,19.16,48.94
IDEAL_06,2024-01-14 15:00:00,18.44,52.2
IDEAL_06,2024-01-14 15:30:00,18.41,52.12
IDEAL_06,2024-01-14 16:00:00,18.45,49.72
IDEAL_06,2024-01-14 16:30:00,18.07,52.02
IDEAL_06,2024-01-14 17:00:00,18.2,49.92
IDEAL_06,2024-01-14 17:30:00,18.21,49.69
IDEAL_06,2024-01-14 18:00:00,18.59,50.27
IDEAL_06,2024-01-14 18:30:00,18.82,50.61
IDEAL_06,2024-01-14 19:00:00,18.88,49.35
IDEAL_06,2024-01-14 19:30:00,18.51,50.22
IDEAL_06,2024-01-14 20:00:00,18.52,51.36
IDEAL_06,2024-01-14 20:30:00,18.76,50.38
IDEAL_06,2024-01-14 21:00:00,18.11,50.25
IDEAL_06,2024-01-14 21:30:00,19.09,50.92
IDEAL_06,2024-01-14 22:00:00,19.22,51.18
IDEAL_06,2024-01-14 22:30:00,18.46,50.09
IDEAL_06,2024-01-14 23:00:00,14.55,63.47
IDEAL_06,2024-01-14 23:30:00,15.21,64.47
IDEAL_07,2024-01-08 00:00:00,14.44,65.25
IDEAL_07,2024-01-08 00:30:00,14.76,65.11
IDEAL_07,2024-01-08 01:00:00,14.7,61.97
IDEAL_07,2024-01-08 01:30:00,15.85,63.66
IDEAL_07,2024-01-08 02:00:00,15.44,66.57
IDEAL_07,2024-01-08 02:30:00,14.93,66.81
IDEAL_07,2024-01-08 03:00:00,15.63,62.85
IDEAL_07,2024-01-08 03:30:00,15.83,64.38
IDEAL_07,2024-01-08 04:00:00,15.63,67.21
IDEAL_07,2024-01-08 04:30:00,15.36,64.53
IDEAL_07,2024-01-08 05:00:00,15.52,65.44
IDEAL_07,2024-01-08 05:30:00,15.79,67.77
IDEAL_07,2024-01-08 06:00:00,15.24,65.06
IDEAL_07,2024-01-08 06:30:00,15.44,64.85
IDEAL_07,2024-01-08 07:00:00,19.33,51.37
IDEAL_07,2024-01-08 07:30:00,18.79,54.38
IDEAL_07,2024-01-08 08:00:00,19.8,52.27
IDEAL_07,2024-01-08 08:30:00,20.25,51.63
IDEAL_07,2024-01-08 09:00:00,19.08,50.82
IDEAL_07,2024-01-08 09:30:00,19.82,52.41
IDEAL_07,2024-01-08 10:00:00,19.09,52.59
IDEAL_07,2024-01-08 10:30:00,19.48,49.99
IDEAL_07,2024-01-08 11:00:00,20.03,52.63
IDEAL_07,2024-01-08 11:30:00,19.22,51.38
IDEAL_07,2024-01-08 12:00:00,19.43,51.64
IDEAL_07,2024-01-08 12:30:00,18.71,50.28
IDEAL_07,2024-01-08 13:00:00,19.17,51.0
IDEAL_07,2024-01-08 13:30:00,18.67,50.06
IDEAL_07,2024-01-08 14:00:00,19.6,49.99
IDEAL_07,2024-01-08 14:30:00,19.76,52.17
IDEAL_07,2024-01-08 15:00:00,19.34,51.07
IDEAL_07,2024-01-08 15:30:00,19.55,49.65
IDEAL_07,2024-01-08 16:00:00,19.3,54.87
IDEAL_07,2024-01-08 16:30:00,19.73,49.92
IDEAL_07,2024-01-08 17:00:00,19.48,53.24
IDEAL_07,2024-01-08 17:30:00,18.64,49.39
IDEAL_07,2024-01-08 18:00:00,19.81,52.29
IDEAL_07,2024-01-08 18:30:00,19.28,51.23
IDEAL_07,2024-01-08 19:00:00,18.92,50.66
IDEAL_07,2024-01-08 19:30:00,19.26,51.9
IDEAL_07,2024-01-08 20:00:00,18.67,51.7
IDEAL_07,2024-01-08 20:30:00,18.93,50.38
IDEAL_07,2024-01-08 21:00:00,19.49,50.32
IDEAL_07,2024-01-08 21:30:00,19.52,49.24
IDEAL_07,2024-01-08 22:00:00,19.55,52.06
IDEAL_07,2024-01-08 22:30:00,19.43,49.72
IDEAL_07,2024-01-08 23:00:00,15.15,65.61
IDEAL_07,2024-01-08 23:30:00,15.41,66.49
IDEAL_07,2024-01-09 00:00:00,15.26,65.92
IDEAL_07,2024-01-09 00:30:00,14.78,64.52
IDEAL_07,2024-01-09 01:00:00,15.12,66.97
IDEAL_07,2024-01-09 01:30:00,15.79,64.99
IDEAL_07,2024-01-09 02:00:00,16.07,63.6
IDEAL_07,2024-01-09 02:30:00,15.69,65.18
IDEAL_07,2024-01-09 03:00:00,16.05,66.48
IDEAL_07,2024-01-09 03:30:00,15.47,64.59
IDEAL_07,2024-01-09 04:00:00,16.13,66.92
IDEAL_07,2024-01-09 04:30:00,16.25,64.45
IDEAL_07,2024-01-09 05:00:00,14.74,64.65
IDEAL_07,2024-01-09 05:30:00,15.52,64.03
IDEAL_07,2024-01-09 06:00:00,15.47,66.63
IDEAL_07,2024-01-09 06:30:00,15.26,65.52
IDEAL_07,2024-01-09 07:00:00,19.63,50.13
IDEAL_07,2024-01-09 07:30:00,19.45,51.01
IDEAL_07,2024-01-09 08:00:00,19.14,47.0
IDEAL_07,2024-01-09 08:30:00,19.42,52.77
IDEAL_07,2024-01-09 09:00:00,19.91,51.35
IDEAL_07,2024-01-09 09:30:00,19.5,47.99
IDEAL_07,2024-01-09 10:00:00,19.68,49.42
IDEAL_07,2024-01-09 10:30:00,19.32,50.97
IDEAL_07,2024-01-09 11:00:00,19.61,49.63
IDEAL_07,2024-01-09 11:30:00,18.95,52.79
IDEAL_07,2024-01-09 12:00:00,19.23,52.23
IDEAL_07,2024-01-09 12:30:00,19.39,52.14
IDEAL_07,2024-01-09 13:00:00,18.92,47.7
IDEAL_07,2024-01-09 13:30:00,19.1,50.82
IDEAL_07,2024-01-09 14:00:00,19.56,50.56
IDEAL_07,2024-01-09 14:30:00,19.48,50.17
IDEAL_07,2024-01-09 15:00:00,19.75,50.98
IDEAL_07,2024-01-09 15:30:00,19.19,49.91
IDEAL_07,2024-01-09 16:00:00,19.45,51.93
IDEAL_07,2024-01-09 16:30:00,19.16,52.75
IDEAL_07,2024-01-09 17:00:00,19.71,52.62
IDEAL_07,2024-01-09 17:30:00,19.91,51.4
IDEAL_07,2024-01-09 18:00:00,19.62,54.6
IDEAL_07,2024-01-09 18:30:00,19.86,53.31
IDEAL_07,2024-01-09 19:00:00,19.44,51.45
IDEAL_07,2024-01-09 19:30:00,19.75,50.88
IDEAL_07,2024-01-09 20:00:00,19.46,53.61
IDEAL_07,2024-01-09 20:30:00,19.02,53.12
IDEAL_07,2024-01-09 21:00:00,19.53,49.49
IDEAL_07,2024-01-09 21:30:00,19.03,53.23
IDEAL_07,2024-01-09 22:00:00,20.37,51.37
IDEAL_07,2024-01-09 22:30:00,19.3,50.31
IDEAL_07,2024-01-09 23:00:00,15.69,62.63
IDEAL_07,2024-01-09 23:30:00,15.43,65.2
IDEAL_07,2024-01-10 00:00:00,14.94,65.59
IDEAL_07,2024-01-10 00:30:00,14.67,67.98
IDEAL_07,2024-01-10 01:00:00,15.73,67.04
IDEAL_07,2024-01-10 01:30:00,16.05,64.73
IDEAL_07,2024-01-10 02:00:00,15.14,66.19
IDEAL_07,2024-01-10 02:30:00,14.77,66.84
IDEAL_07,2024-01-10 03:00:00,15.3,65.73
IDEAL_07,2024-01-10 03:30:00,15.06,64.72
IDEAL_07,2024-01-10 04:00:00,15.17,64.81
IDEAL_07,2024-01-10 04:30:00,15.68,66.18
IDEAL_07,2024-01-10 05:00:00,15.41,66.22
IDEAL_07,2024-01-10 05:30:00,15.1,65.16
IDEAL_07,2024-01-10 06:00:00,15.67,61.67
IDEAL_07,2024-01-10 06:30:00,15.7,63.67
IDEAL_07,2024-01-10 07:00:00,19.3,52.53
IDEAL_07,2024-01-10 07:30:00,19.49,48.41
IDEAL_07,2024-01-10 08:00:00,19.64,53.38
IDEAL_07,2024-01-10 08:30:00,19.6,53.16
IDEAL_07,2024-01-10 09:00:00,19.45,51.67
IDEAL_07,2024-01-10 09:30:00,20.0,52.5
IDEAL_07,2024-01-10 10:00:00,19.66,52.4
IDEAL_07,2024-01-10 10:30:00,19.25,51.43
IDEAL_07,2024-01-10 11:00:00,19.25,49.54
IDEAL_07,2024-01-10 11:30:00,19.21,53.05
IDEAL_07,2024-01-10 12:00:00,19.68,53.71
IDEAL_07,2024-01-10 12:30:00,19.18,49.79
IDEAL_07,2024-01-10 13:00:00,19.26,49.49
IDEAL_07,2024-01-10 13:30:00,19.85,51.4
IDEAL_07,2024-01-10 14:00:00,19.51,50.66
IDEAL_07,2024-01-10 14:30:00,19.91,51.82
IDEAL_07,2024-01-10 15:00:00,19.75,53.42
IDEAL_07,2024-01-10 15:30:00,18.96,48.24
IDEAL_07,2024-01-10 16:00:00,19.39,53.98
IDEAL_07,2024-01-10 16:30:00,19.83,50.99
IDEAL_07,2024-01-10 17:00:00,18.94,52.37
IDEAL_07,2024-01-10 17:30:00,19.6,52.53
IDEAL_07,2024-01-10 18:00:00,19.42,52.71
IDEAL_07,2024-01-10 18:30:00,18.73,51.7
IDEAL_07,2024-01-10 19:00:00,19.48,52.05
IDEAL_07,2024-01-10 19:30:00,19.1,52.04
IDEAL_07,2024-01-10 20:00:00,18.96,50.66
IDEAL_07,2024-01-10 20:30:00,19.44,48.97
IDEAL_07,2024-01-10 21:00:00,18.66,49.77
IDEAL_07,2024-01-10 21:30:00,19.16,51.45
IDEAL_07,2024-01-10 22:00:00,20.45,50.42
IDEAL_07,2024-01-10 22:30:00,19.69,50.43
IDEAL_07,2024-01-10 23:00:00,15.08,68.3
IDEAL_07,2024-01-10 23:30:00,15.99,66.89
IDEAL_07,2024-01-11 00:00:00,15.03,65.23
IDEAL_07,2024-01-11 00:30:00,15.21,66.61
IDEAL_07,2024-01-11 01:00:00,14.97,64.97
IDEAL_07,2024-01-11 01:30:00,15.53,65.77
IDEAL_07,2024-01-11 02:00:00,15.98,66.27
IDEAL_07,2024-01-11 02:30:00,15.03,64.98
IDEAL_07,2024-01-11 03:00:00,14.61,64.58
IDEAL_07,2024-01-11 03:30:00,15.87,67.44
IDEAL_07,2024-01-11 04:00:00,16.05,66.52
IDEAL_07,2024-01-11 04:30:00,14.63,62.22
IDEAL_07,2024-01-11 05:00:00,15.62,64.6
IDEAL_07,2024-01-11 05:30:00,15.52,64.43
IDEAL_07,2024-01-11 06:00:00,15.12,64.67
IDEAL_07,2024-01-11 06:30:00,14.87,66.9
IDEAL_07,2024-01-11 07:00:00,19.83,51.63
IDEAL_07,2024-01-11 07:30:00,19.5,49.52
IDEAL_07,2024-01-11 08:00:00,19.53,51.03
IDEAL_07,2024-01-11 08:30:00,19.18,52.42
IDEAL_07,2024-01-11 09:00:00,19.11,51.27
IDEAL_07,2024-01-11 09:30:00,18.45,50.64
IDEAL_07,2024-01-11 10:00:00,19.34,52.1
IDEAL_07,2024-01-11 10:30:00,20.01,54.03
IDEAL_07,2024-01-11 11:00:00,19.08,52.3
IDEAL_07,2024-01-11 11:30:00,18.82,53.56
IDEAL_07,2024-01-11 12:00:00,19.61,50.74
IDEAL_07,2024-01-11 12:30:00,19.68,51.59
IDEAL_07,2024-01-11 13:00:00,19.2,51.56
IDEAL_07,2024-01-11 13:30:00,19.29,51.78
IDEAL_07,2024-01-11 14:00:00,19.54,52.26
IDEAL_07,2024-01-11 14:30:00,19.37,50.23
IDEAL_07,2024-01-11 15:00:00,19.83,52.57
IDEAL_07,2024-01-11 15:30:00,20.41,49.16
IDEAL_07,2024-01-11 16:00:00,18.75,49.6
IDEAL_07,2024-01-11 16:30:00,19.92,54.81
IDEAL_07,2024-01-11 17:00:00,19.47,50.84
IDEAL_07,2024-01-11 17:30:00,19.99,52.7
IDEAL_07,2024-01-11 18:00:00,19.72,54.15
IDEAL_07,2024-01-11 18:30:00,19.46,48.13
IDEAL_07,2024-01-11 19:00:00,19.74,53.29
IDEAL_07,2024-01-11 19:30:00,19.27,52.58
IDEAL_07,2024-01-11 20:00:00,19.12,54.06
IDEAL_07,2024-01-11 20:30:00,19.76,49.83
IDEAL_07,2024-01-11 21:00:00,19.09,53.78
IDEAL_07,2024-01-11 21:30:00,19.69,50.49
IDEAL_07,2024-01-11 22:00:00,19.44,53.19
IDEAL_07,2024-01-11 22:30:00,18.5,51.55
IDEAL_07,2024-01-11 23:00:00,15.2,66.76
IDEAL_07,2024-01-11 23:30:00,15.57,65.68
IDEAL_07,2024-01-12 00:00:00,15.27,62.84
IDEAL_07,2024-01-12 00:30:00,14.41,60.92
IDEAL_07,2024-01-12 01:00:00,15.96,65.92
IDEAL_07,2024-01-12 01:30:00,15.5,65.21
IDEAL_07,2024-01-12 02:00:00,15.61,66.2
IDEAL_07,2024-01-12 02:30:00,15.24,65.23
IDEAL_07,2024-01-12 03:00:00,15.64,68.63
IDEAL_07,2024-01-12 03:30:00,16.17,65.95
IDEAL_07,2024-01-12 04:00:00,15.14,64.93
IDEAL_07,2024-01-12 04:30:00,16.1,66.11
IDEAL_07,2024-01-12 05:00:00,15.59,64.96
IDEAL_07,2024-01-12 05:30:00,15.08,65.74
IDEAL_07,2024-01-12 06:00:00,16.32,63.78
IDEAL_07,2024-01-12 06:30:00,15.59,65.59
IDEAL_07,2024-01-12 07:00:00,19.7,50.89
IDEAL_07,2024-01-12 07:30:00,19.32,49.92
IDEAL_07,2024-01-12 08:00:00,19.11,54.57
IDEAL_07,2024-01-12 08:30:00,19.5,49.98
IDEAL_07,2024-01-12 09:00:00,20.06,51.61
IDEAL_07,2024-01-12 09:30:00,19.31,50.4
IDEAL_07,2024-01-12 10:00:00,19.42,52.05
IDEAL_07,2024-01-12 10:30:00,20.01,49.69
IDEAL_07,2024-01-12 11:00:00,19.31,52.86
IDEAL_07,2024-01-12 11:30:00,19.64,54.66
IDEAL_07,2024-01-12 12:00:00,19.78,50.34
IDEAL_07,2024-01-12 12:30:00,19.35,53.43
IDEAL_07,2024-01-12 13:00:00,19.56,51.03
IDEAL_07,2024-01-12 13:30:00,19.7,53.86
IDEAL_07,2024-01-12 14:00:00,19.27,54.89
IDEAL_07,2024-01-12 14:30:00,19.76,51.25
IDEAL_07,2024-01-12 15:00:00,19.21,49.32
IDEAL_07,2024-01-12 15:30:00,19.16,53.03
IDEAL_07,2024-01-12 16:00:00,18.82,51.94
IDEAL_07,2024-01-12 16:30:00,19.23,52.36
IDEAL_07,2024-01-12 17:00:00,19.11,51.09
IDEAL_07,2024-01-12 17:30:00,19.27,50.28
IDEAL_07,2024-01-12 18:00:00,19.68,53.34
IDEAL_07,2024-01-12 18:30:00,18.74,52.08
IDEAL_07,2024-01-12 19:00:00,18.64,49.44
IDEAL_07,2024-01-12 19:30:00,19.13,52.63
IDEAL_07,2024-01-12 20:00:00,19.62,52.33
IDEAL_07,2024-01-12 20:30:00,19.55,51.12
IDEAL_07,2024-01-12 21:00:00,19.13,54.03
IDEAL_07,2024-01-12 21:30:00,19.9,50.68
IDEAL_07,2024-01-12 22:00:00,19.17,51.35
IDEAL_07,2024-01-12 22:30:00,19.62,52.76
IDEAL_07,2024-01-12 23:00:00,15.29,65.72
IDEAL_07,2024-01-12 23:30:00,15.08,63.53
IDEAL_07,2024-01-13 00:00:00,15.19,65.88
IDEAL_07,2024-01-13 00:30:00,15.73,64.98
IDEAL_07,2024-01-13 01:00:00,15.58,66.89
IDEAL_07,2024-01-13 01:30:00,15.82,65.83
IDEAL_07,2024-01-13 02:00:00,15.58,65.75
IDEAL_07,2024-01-13 02:30:00,14.79,64.03
IDEAL_07,2024-01-13 03:00:00,16.28,65.26
IDEAL_07,2024-01-13 03:30:00,15.58,67.06
IDEAL_07,2024-01-13 04:00:00,15.64,64.44
IDEAL_07,2024-01-13 04:30:00,15.28,65.55
IDEAL_07,2024-01-13 05:00:00,15.88,64.2
IDEAL_07,2024-01-13 05:30:00,14.99,63.83
IDEAL_07,2024-01-13 06:00:00,15.68,65.48
IDEAL_07,2024-01-13 06:30:00,14.6,65.86
IDEAL_07,2024-01-13 07:00:00,19.7,54.59
IDEAL_07,2024-01-13 07:30:00,19.0,50.92
IDEAL_07,2024-01-13 08:00:00,19.54,51.53
IDEAL_07,2024-01-13 08:30:00,19.97,49.73
IDEAL_07,2024-01-13 09:00:00,19.76,52.52
IDEAL_07,2024-01-13 09:30:00,19.92,52.2
IDEAL_07,2024-01-13 10:00:00,19.88,53.84
IDEAL_07,2024-01-13 10:30:00,19.22,53.27
IDEAL_07,2024-01-13 11:00:00,19.67,52.13
IDEAL_07,2024-01-13 11:30:00,18.74,50.9
IDEAL_07,2024-01-13 12:00:00,19.16,51.91
IDEAL_07,2024-01-13 12:30:00,19.99,51.44
IDEAL_07,2024-01-13 13:00:00,19.28,53.03
IDEAL_07,2024-01-13 13:30:00,18.68,52.84
IDEAL_07,2024-01-13 14:00:00,20.24,51.16
IDEAL_07,2024-01-13 14:30:00,19.66,49.41
IDEAL_07,2024-01-13 15:00:00,19.74,53.6
IDEAL_07,2024-01-13 15:30:00,19.04,52.48
IDEAL_07,2024-01-13 16:00:00,19.55,51.12
IDEAL_07,2024-01-13 16:30:00,19.53,52.42
IDEAL_07,2024-01-13 17:00:00,19.1,51.72
IDEAL_07,2024-01-13 17:30:00,19.36,53.58
IDEAL_07,2024-01-13 18:00:00,18.83,48.71
IDEAL_07,2024-01-13 18:30:00,19.29,51.01
IDEAL_07,2024-01-13 19:00:00,19.82,54.0
IDEAL_07,2024-01-13 19:30:00,19.13,52.45
IDEAL_07,2024-01-13 20:00:00,20.19,54.26
IDEAL_07,2024-01-13 20:30:00,18.86,49.77
IDEAL_07,2024-01-13 21:00:00,19.33,53.21
IDEAL_07,2024-01-13 21:30:00,19.17,53.12
IDEAL_07,2024-01-13 22:00:00,19.36,49.08
IDEAL_07,2024-01-13 22:30:00,19.98,51.16
IDEAL_07,2024-01-13 23:00:00,15.04,65.44
IDEAL_07,2024-01-13 23:30:00,15.25,63.17
IDEAL_07,2024-01-14 00:00:00,15.69,65.19
IDEAL_07,2024-01-14 00:30:00,15.47,66.91
IDEAL_07,2024-01-14 01:00:00,15.5,65.02
IDEAL_07,2024-01-14 01:30:00,15.05,65.97
IDEAL_07,2024-01-14 02:00:00,15.4,65.98
IDEAL_07,2024-01-14 02:30:00,15.88,65.59
IDEAL_07,2024-01-14 03:00:00,14.79,64.55
IDEAL_07,2024-01-14 03:30:00,15.15,66.59
IDEAL_07,2024-01-14 04:00:00,14.71,63.22
IDEAL_07,2024-01-14 04:30:00,15.65,65.62
IDEAL_07,2024-01-14 05:00:00,15.92,67.68
IDEAL_07,2024-01-14 05:30:00,15.36,64.93
IDEAL_07,2024-01-14 06:00:00,15.03,64.51
IDEAL_07,2024-01-14 06:30:00,15.04,66.69
IDEAL_07,2024-01-14 07:00:00,19.31,51.85
IDEAL_07,2024-01-14 07:30:00,19.31,52.72
IDEAL_07,2024-01-14 08:00:00,19.8,51.66
IDEAL_07,2024-01-14 08:30:00,19.16,48.02
IDEAL_07,2024-01-14 09:00:00,19.61,53.37
IDEAL_07,2024-01-14 09:30:00,19.31,54.71
IDEAL_07,2024-01-14 10:00:00,19.13,53.53
IDEAL_07,2024-01-14 10:30:00,19.3,46.3
IDEAL_07,2024-01-14 11:00:00,19.57,52.28
IDEAL_07,2024-01-14 11:30:00,19.8,50.9
IDEAL_07,2024-01-14 12:00:00,19.33,49.98
IDEAL_07,2024-01-14 12:30:00,18.95,51.79
IDEAL_07,2024-01-14 13:00:00,19.83,51.38
IDEAL_07,2024-01-14 13:30:00,19.07,52.37
IDEAL_07,2024-01-14 14:00:00,19.54,51.69
IDEAL_07,2024-01-14 14:30:00,19.42,49.92
IDEAL_07,2024-01-14 15:00:00,19.37,50.74
IDEAL_07,2024-01-14 15:30:00,19.24,50.5
IDEAL_07,2024-01-14 16:00:00,19.68,49.03
IDEAL_07,2024-01-14 16:30:00,18.0,49.55
IDEAL_07,2024-01-14 17:00:00,19.89,51.29
IDEAL_07,2024-01-14 17:30:00,19.07,53.74
IDEAL_07,2024-01-14 18:00:00,19.59,50.8
IDEAL_07,2024-01-14 18:30:00,19.57,50.47
IDEAL_07,2024-01-14 19:00:00,19.94,49.83
IDEAL_07,2024-01-14 19:30:00,19.51,51.65
IDEAL_07,2024-01-14 20:00:00,19.1,53.37
IDEAL_07,2024-01-14 20:30:00,18.79,54.61
IDEAL_07,2024-01-14 21:00:00,19.29,52.03
IDEAL_07,2024-01-14 21:30:00,18.65,51.81
IDEAL_07,2024-01-14 22:00:00,19.18,50.79
IDEAL_07,2024-01-14 22:30:00,19.31,51.04
IDEAL_07,2024-01-14 23:00:00,15.16,66.55
IDEAL_07,2024-01-14 23:30:00,15.45,65.13
IDEAL_08,2024-01-08 00:00:00,16.38,74.47
IDEAL_08,2024-01-08 00:30:00,16.43,77.97
IDEAL_08,2024-01-08 01:00:00,16.21,74.36
IDEAL_08,2024-01-08 01:30:00,16.41,75.05
IDEAL_08,2024-01-08 02:00:00,15.64,76.83
IDEAL_08,2024-01-08 02:30:00,16.66,75.74
IDEAL_08,2024-01-08 03:00:00,17.38,71.53
IDEAL_08,2024-01-08 03:30:00,16.22,74.9
IDEAL_08,2024-01-08 04:00:00,16.59,76.18
IDEAL_08,2024-01-08 04:30:00,16.78,72.87
IDEAL_08,2024-01-08 05:00:00,16.96,76.02
IDEAL_08,2024-01-08 05:30:00,16.34,75.48
IDEAL_08,2024-01-08 06:00:00,15.72,76.67
IDEAL_08,2024-01-08 06:30:00,16.55,73.85
IDEAL_08,2024-01-08 07:00:00,20.5,62.38
IDEAL_08,2024-01-08 07:30:00,20.31,61.13
IDEAL_08,2024-01-08 08:00:00,20.39,63.54
IDEAL_08,2024-01-08 08:30:00,20.5,65.07
IDEAL_08,2024-01-08 09:00:00,20.59,63.2
IDEAL_08,2024-01-08 09:30:00,20.57,61.61
IDEAL_08,2024-01-08 10:00:00,20.36,64.37
IDEAL_08,2024-01-08 10:30:00,20.6,61.8
IDEAL_08,2024-01-08 11:00:00,20.33,59.53
IDEAL_08,2024-01-08 11:30:00,20.7,60.83
IDEAL_08,2024-01-08 12:00:00,20.19,62.03
IDEAL_08,2024-01-08 12:30:00,20.47,62.13
IDEAL_08,2024-01-08 13:00:00,19.79,59.2
IDEAL_08,2024-01-08 13:30:00,20.3,59.25
IDEAL_08,2024-01-08 14:00:00,20.67,60.38
IDEAL_08,2024-01-08 14:30:00,20.03,61.69
IDEAL_08,2024-01-08 15:00:00,20.32,61.88
IDEAL_08,2024-01-08 15:30:00,19.48,61.1
IDEAL_08,2024-01-08 16:00:00,19.9,59.64
IDEAL_08,2024-01-08 16:30:00,20.0,63.5
IDEAL_08,2024-01-08 17:00:00,20.48,59.28
IDEAL_08,2024-01-08 17:30:00,20.58,62.84
IDEAL_08,2024-01-08 18:00:00,20.42,62.0
IDEAL_08,2024-01-08 18:30:00,20.29,62.81
IDEAL_08,2024-01-08 19:00:00,20.29,60.22
IDEAL_08,2024-01-08 19:30:00,20.73,60.68
IDEAL_08,2024-01-08 20:00:00,20.53,60.97
IDEAL_08,2024-01-08 20:30:00,20.31,60.18
IDEAL_08,2024-01-08 21:00:00,20.96,61.23
IDEAL_08,2024-01-08 21:30:00,21.22,63.26
IDEAL_08,2024-01-08 22:00:00,19.95,58.94
IDEAL_08,2024-01-08 22:30:00,20.65,59.9
IDEAL_08,2024-01-08 23:00:00,17.68,73.74
IDEAL_08,2024-01-08 23:30:00,16.56,74.75
IDEAL_08,2024-01-09 00:00:00,16.49,74.69
IDEAL_08,2024-01-09 00:30:00,16.42,76.05
IDEAL_08,2024-01-09 01:00:00,16.64,74.94
IDEAL_08,2024-01-09 01:30:00,16.75,75.34
IDEAL_08,2024-01-09 02:00:00,15.95,75.49
IDEAL_08,2024-01-09 02:30:00,16.43,75.26
IDEAL_08,2024-01-09 03:00:00,15.54,75.94
IDEAL_08,2024-01-09 03:30:00,16.36,74.71
IDEAL_08,2024-01-09 04:00:00,16.08,77.36
IDEAL_08,2024-01-09 04:30:00,16.58,78.7
IDEAL_08,2024-01-09 05:00:00,15.78,75.95
IDEAL_08,2024-01-09 05:30:00,16.24,75.23
IDEAL_08,2024-01-09 06:00:00,16.83,75.83
IDEAL_08,2024-01-09 06:30:00,16.17,73.24
IDEAL_08,2024-01-09 07:00:00,19.68,61.16
IDEAL_08,2024-01-09 07:30:00,20.55,59.79
IDEAL_08,2024-01-09 08:00:00,20.21,61.65
IDEAL_08,2024-01-09 08:30:00,20.37,59.8
IDEAL_08,2024-01-09 09:00:00,20.15,60.37
IDEAL_08,2024-01-09 09:30:00,21.23,58.08
IDEAL_08,2024-01-09 10:00:00,19.82,59.13
IDEAL_08,2024-01-09 10:30:00,21.58,61.42
IDEAL_08,2024-01-09 11:00:00,20.29,59.59
IDEAL_08,2024-01-09 11:30:00,20.52,62.49
IDEAL_08,2024-01-09 12:00:00,20.21,59.46
IDEAL_08,2024-01-09 12:30:00,20.2,61.57
IDEAL_08,2024-01-09 13:00:00,20.13,59.75
IDEAL_08,2024-01-09 13:30:00,20.68,61.47
IDEAL_08,2024-01-09 14:00:00,19.88,58.59
IDEAL_08,2024-01-09 14:30:00,20.59,60.21
IDEAL_08,2024-01-09 15:00:00,19.57,59.62
IDEAL_08,2024-01-09 15:30:00,20.55,62.21
IDEAL_08,2024-01-09 16:00:00,20.78,61.58
IDEAL_08,2024-01-09 16:30:00,19.93,59.04
IDEAL_08,2024-01-09 17:00:00,20.72,60.59
IDEAL_08,2024-01-09 17:30:00,20.46,59.73
IDEAL_08,2024-01-09 18:00:00,21.08,62.32
IDEAL_08,2024-01-09 18:30:00,20.1,62.8
IDEAL_08,2024-01-09 19:00:00,21.57,58.73
IDEAL_08,2024-01-09 19:30:00,19.49,62.13
IDEAL_08,2024-01-09 20:00:00,20.31,59.65
IDEAL_08,2024-01-09 20:30:00,19.76,60.51
IDEAL_08,2024-01-09 21:00:00,21.18,60.94
IDEAL_08,2024-01-09 21:30:00,20.34,63.61
IDEAL_08,2024-01-09 22:00:00,20.38,59.38
IDEAL_08,2024-01-09 22:30:00,20.62,62.14
IDEAL_08,2024-01-09 23:00:00,16.44,73.13
IDEAL_08,2024-01-09 23:30:00,16.21,73.03
IDEAL_08,2024-01-10 00:00:00,15.94,74.93
IDEAL_08,2024-01-10 00:30:00,16.51,74.92
IDEAL_08,2024-01-10 01:00:00,16.6,70.64
IDEAL_08,2024-01-10 01:30:00,16.72,76.63
IDEAL_08,2024-01-10 02:00:00,17.21,71.68
IDEAL_08,2024-01-10 02:30:00,15.57,74.67
IDEAL_08,2024-01-10 03:00:00,16.42,76.88
IDEAL_08,2024-01-10 03:30:00,16.92,78.2
IDEAL_08,2024-01-10 04:00:00,16.39,74.35
IDEAL_08,2024-01-10 04:30:00,15.51,72.74
IDEAL_08,2024-01-10 05:00:00,15.93,76.83
IDEAL_08,2024-01-10 05:30:00,16.58,76.19
IDEAL_08,2024-01-10 06:00:00,16.56,74.16
IDEAL_08,2024-01-10 06:30:00,16.71,73.97
IDEAL_08,2024-01-10 07:00:00,20.13,59.81
IDEAL_08,2024-01-10 07:30:00,20.55,60.37
IDEAL_08,2024-01-10 08:00:00,20.07,61.36
IDEAL_08,2024-01-10 08:30:00,20.55,60.04
IDEAL_08,2024-01-10 09:00:00,20.47,60.23
IDEAL_08,2024-01-10 09:30:00,20.12,61.85
IDEAL_08,2024-01-10 10:00:00,21.07,58.67
IDEAL_08,2024-01-10 10:30:00,19.76,60.33
IDEAL_08,2024-01-10 11:00:00,20.39,58.38
IDEAL_08,2024-01-10 11:30:00,20.11,61.05
IDEAL_08,2024-01-10 12:00:00,21.18,57.98
IDEAL_08,2024-01-10 12:30:00,20.68,62.22
IDEAL_08,2024-01-10 13:00:00,20.18,58.92
IDEAL_08,2024-01-10 13:30:00,20.33,58.23
IDEAL_08,2024-01-10 14:00:00,21.19,60.34
IDEAL_08,2024-01-10 14:30:00,20.07,63.46
IDEAL_08,2024-01-10 15:00:00,19.74,61.96
IDEAL_08,2024-01-10 15:30:00,20.56,58.01
IDEAL_08,2024-01-10 16:00:00,20.57,58.88
IDEAL_08,2024-01-10 16:30:00,20.71,60.3
IDEAL_08,2024-01-10 17:00:00,20.71,64.25
IDEAL_08,2024-01-10 17:30:00,21.15,59.48
IDEAL_08,2024-01-10 18:00:00,19.76,59.49
IDEAL_08,2024-01-10 18:30:00,19.96,63.18
IDEAL_08,2024-01-10 19:00:00,20.71,61.18
IDEAL_08,2024-01-10 19:30:00,20.0,62.47
IDEAL_08,2024-01-10 20:00:00,19.86,59.8
IDEAL_08,2024-01-10 20:30:00,21.19,60.74
IDEAL_08,2024-01-10 21:00:00,19.8,62.86
IDEAL_08,2024-01-10 21:30:00,20.3,60.67
IDEAL_08,2024-01-10 22:00:00,20.42,62.57
IDEAL_08,2024-01-10 22:30:00,20.97,61.47
IDEAL_08,2024-01-10 23:00:00,15.7,73.33
IDEAL_08,2024-01-10 23:30:00,16.61,74.87
IDEAL_08,2024-01-11 00:00:00,16.09,76.36
IDEAL_08,2024-01-11 00:30:00,16.7,75.89
IDEAL_08,2024-01-11 01:00:00,16.08,74.83
IDEAL_08,2024-01-11 01:30:00,17.07,72.05
IDEAL_08,2024-01-11 02:00:00,16.08,72.2
IDEAL_08,2024-01-11 02:30:00,15.46,72.51
IDEAL_08,2024-01-11 03:00:00,16.13,74.12
IDEAL_08,2024-01-11 03:30:00,16.34,74.32
IDEAL_08,2024-01-11 04:00:00,16.88,72.68
IDEAL_08,2024-01-11 04:30:00,15.94,76.42
IDEAL_08,2024-01-11 05:00:00,15.95,72.99
IDEAL_08,2024-01-11 05:30:00,16.83,72.83
IDEAL_08,2024-01-11 06:00:00,15.89,75.02
IDEAL_08,2024-01-11 06:30:00,16.37,76.35
IDEAL_08,2024-01-11 07:00:00,20.38,63.97
IDEAL_08,2024-01-11 07:30:00,20.53,61.76
IDEAL_08,2024-01-11 08:00:00,20.14,63.26
IDEAL_08,2024-01-11 08:30:00,20.07,59.07
IDEAL_08,2024-01-11 09:00:00,20.58,64.13
IDEAL_08,2024-01-11 09:30:00,20.09,58.1
IDEAL_08,2024-01-11 10:00:00,19.9,60.13
IDEAL_08,2024-01-11 10:30:00,20.94,61.73
IDEAL_08,2024-01-11 11:00:00,20.64,58.48
IDEAL_08,2024-01-11 11:30:00,21.15,59.5
IDEAL_08,2024-01-11 12:00:00,20.76,59.26
IDEAL_08,2024-01-11 12:30:00,19.94,60.42
IDEAL_08,2024-01-11 13:00:00,20.48,63.02
IDEAL_08,2024-01-11 13:30:00,20.04,60.92
IDEAL_08,2024-01-11 14:00:00,19.78,60.2
IDEAL_08,2024-01-11 14:30:00,20.27,56.56
IDEAL_08,2024-01-11 15:00:00,20.84,61.59
IDEAL_08,2024-01-11 15:30:00,20.55,62.07
IDEAL_08,2024-01-11 16:00:00,19.89,58.34
IDEAL_08,2024-01-11 16:30:00,20.25,60.79
IDEAL_08,2024-01-11 17:00:00,20.39,61.18
IDEAL_08,2024-01-11 17:30:00,19.77,62.34
IDEAL_08,2024-01-11 18:00:00,20.73,59.8
IDEAL_08,2024-01-11 18:30:00,20.35,59.58
IDEAL_08,2024-01-11 19:00:00,19.89,60.21
IDEAL_08,2024-01-11 19:30:00,19.87,62.82
IDEAL_08,2024-01-11 20:00:00,20.88,62.46
IDEAL_08,2024-01-11 20:30:00,20.29,60.86
IDEAL_08,2024-01-11 21:00:00,20.92,62.42
IDEAL_08,2024-01-11 21:30:00,21.07,57.34
IDEAL_08,2024-01-11 22:00:00,20.85,62.08
IDEAL_08,2024-01-11 22:30:00,20.23,59.21
IDEAL_08,2024-01-11 23:00:00,15.44,77.54
IDEAL_08,2024-01-11 23:30:00,16.57,73.29
IDEAL_08,2024-01-12 00:00:00,17.28,73.61
IDEAL_08,2024-01-12 00:30:00,16.43,75.73
IDEAL_08,2024-01-12 01:00:00,15.65,75.88
IDEAL_08,2024-01-12 01:30:00,16.17,74.22
IDEAL_08,2024-01-12 02:00:00,16.37,75.45
IDEAL_08,2024-01-12 02:30:00,16.0,75.63
IDEAL_08,2024-01-12 03:00:00,15.42,75.48
IDEAL_08,2024-01-12 03:30:00,16.4,74.28
IDEAL_08,2024-01-12 04:00:00,16.13,75.65
IDEAL_08,2024-01-12 04:30:00,17.15,77.0
IDEAL_08,2024-01-12 05:00:00,16.48,73.05
IDEAL_08,2024-01-12 05:30:00,16.63,73.63
IDEAL_08,2024-01-12 06:00:00,16.4,74.93
IDEAL_08,2024-01-12 06:30:00,16.48,73.31
IDEAL_08,2024-01-12 07:00:00,19.78,58.18
IDEAL_08,2024-01-12 07:30:00,20.03,62.53
IDEAL_08,2024-01-12 08:00:00,20.88,57.55
IDEAL_08,2024-01-12 08:30:00,20.53,60.29
IDEAL_08,2024-01-12 09:00:00,20.28,62.03
IDEAL_08,2024-01-12 09:30:00,20.64,61.29
IDEAL_08,2024-01-12 10:00:00,20.65,60.31
IDEAL_08,2024-01-12 10:30:00,21.24,59.24
IDEAL_08,2024-01-12 11:00:00,20.51,61.41
IDEAL_08,2024-01-12 11:30:00,20.02,59.41
IDEAL_08,2024-01-12 12:00:00,20.4,61.29
IDEAL_08,2024-01-12 12:30:00,20.69,61.1
IDEAL_08,2024-01-12 13:00:00,20.84,61.12
IDEAL_08,2024-01-12 13:30:00,19.8,59.93
IDEAL_08,2024-01-12 14:00:00,20.55,63.94
IDEAL_08,2024-01-12 14:30:00,20.09,61.43
IDEAL_08,2024-01-12 15:00:00,20.22,60.47
IDEAL_08,2024-01-12 15:30:00,20.78,61.29
IDEAL_08,2024-01-12 16:00:00,20.74,59.73
IDEAL_08,2024-01-12 16:30:00,20.17,60.31
IDEAL_08,2024-01-12 17:00:00,20.38,64.48
IDEAL_08,2024-01-12 17:30:00,20.23,59.74
IDEAL_08,2024-01-12 18:00:00,21.6,60.77
IDEAL_08,2024-01-12 18:30:00,20.56,60.21
IDEAL_08,2024-01-12 19:00:00,20.11,59.33
IDEAL_08,2024-01-12 19:30:00,20.97,61.52
IDEAL_08,2024-01-12 20:00:00,20.99,60.94
IDEAL_08,2024-01-12 20:30:00,21.16,62.26
IDEAL_08,2024-01-12 21:00:00,21.28,62.11
IDEAL_08,2024-01-12 21:30:00,20.73,62.24
IDEAL_08,2024-01-12 22:00:00,20.3,59.51
IDEAL_08,2024-01-12 22:30:00,20.36,61.85
IDEAL_08,2024-01-12 23:00:00,16.33,75.89
IDEAL_08,2024-01-12 23:30:00,16.28,73.36
IDEAL_08,2024-01-13 00:00:00,16.94,74.41
IDEAL_08,2024-01-13 00:30:00,16.44,72.71
IDEAL_08,2024-01-13 01:00:00,16.83,75.89
IDEAL_08,2024-01-13 01:30:00,16.71,75.89
IDEAL_08,2024-01-13 02:00:00,16.0,77.04
IDEAL_08,2024-01-13 02:30:00,15.76,74.55
IDEAL_08,2024-01-13 03:00:00,15.95,75.57
IDEAL_08,2024-01-13 03:30:00,16.27,76.37
IDEAL_08,2024-01-13 04:00:00,16.5,73.76
IDEAL_08,2024-01-13 04:30:00,16.18,73.53
IDEAL_08,2024-01-13 05:00:00,16.73,73.81
IDEAL_08,2024-01-13 05:30:00,16.23,74.37
IDEAL_08,2024-01-13 06:00:00,16.55,73.58
IDEAL_08,2024-01-13 06:30:00,16.49,73.87
IDEAL_08,2024-01-13 07:00:00,21.14,62.21
IDEAL_08,2024-01-13 07:30:00,20.05,60.75
IDEAL_08,2024-01-13 08:00:00,21.33,61.35
IDEAL_08,2024-01-13 08:30:00,20.21,60.06
IDEAL_08,2024-01-13 09:00:00,19.91,59.97
IDEAL_08,2024-01-13 09:30:00,20.36,61.32
IDEAL_08,2024-01-13 10:00:00,21.74,61.08
IDEAL_08,2024-01-13 10:30:00,20.8,62.06
IDEAL_08,2024-01-13 11:00:00,20.69,62.84
IDEAL_08,2024-01-13 11:30:00,20.76,59.85
IDEAL_08,2024-01-13 12:00:00,20.14,62.18
IDEAL_08,2024-01-13 12:30:00,20.57,59.27
IDEAL_08,2024-01-13 13:00:00,20.45,64.0
IDEAL_08,2024-01-13 13:30:00,21.17,59.71
IDEAL_08,2024-01-13 14:00:00,20.4,61.93
IDEAL_08,2024-01-13 14:30:00,20.29,59.26
IDEAL_08,2024-01-13 15:00:00,19.98,60.66
IDEAL_08,2024-01-13 15:30:00,20.5,63.21
IDEAL_08,2024-01-13 16:00:00,20.56,59.66
IDEAL_08,2024-01-13 16:30:00,19.96,64.2
IDEAL_08,2024-01-13 17:00:00,20.63,60.88
IDEAL_08,2024-01-13 17:30:00,20.54,62.35
IDEAL_08,2024-01-13 18:00:00,20.85,61.49
IDEAL_08,2024-01-13 18:30:00,20.93,61.58
IDEAL_08,2024-01-13 19:00:00,20.48,58.75
IDEAL_08,2024-01-13 19:30:00,20.03,60.18
IDEAL_08,2024-01-13 20:00:00,20.11,62.68
IDEAL_08,2024-01-13 20:30:00,21.15,60.37
IDEAL_08,2024-01-13 21:00:00,20.51,61.1
IDEAL_08,2024-01-13 21:30:00,21.14,58.57
IDEAL_08,2024-01-13 22:00:00,20.64,60.08
IDEAL_08,2024-01-13 22:30:00,20.75,62.57
IDEAL_08,2024-01-13 23:00:00,16.82,72.97
IDEAL_08,2024-01-13 23:30:00,15.95,75.97
IDEAL_08,2024-01-14 00:00:00,16.57,75.16
IDEAL_08,2024-01-14 00:30:00,15.95,74.54
IDEAL_08,2024-01-14 01:00:00,16.33,74.47
IDEAL_08,2024-01-14 01:30:00,16.7,74.15
IDEAL_08,2024-01-14 02:00:00,16.03,74.29
IDEAL_08,2024-01-14 02:30:00,16.67,76.28
IDEAL_08,2024-01-14 03:00:00,15.84,74.24
IDEAL_08,2024-01-14 03:30:00,16.9,77.6
IDEAL_08,2024-01-14 04:00:00,16.18,75.34
IDEAL_08,2024-01-14 04:30:00,16.03,74.03
IDEAL_08,2024-01-14 05:00:00,15.87,76.35
IDEAL_08,2024-01-14 05:30:00,16.21,75.83
IDEAL_08,2024-01-14 06:00:00,15.68,72.41
IDEAL_08,2024-01-14 06:30:00,16.22,73.34
IDEAL_08,2024-01-14 07:00:00,20.88,60.72
IDEAL_08,2024-01-14 07:30:00,20.37,58.51
IDEAL_08,2024-01-14 08:00:00,19.97,64.03
IDEAL_08,2024-01-14 08:30:00,20.53,62.12
IDEAL_08,2024-01-14 09:00:00,20.5,60.87
IDEAL_08,2024-01-14 09:30:00,21.23,60.38
IDEAL_08,2024-01-14 10:00:00,20.76,59.99
IDEAL_08,2024-01-14 10:30:00,20.57,57.94
IDEAL_08,2024-01-14 11:00:00,20.81,58.29
IDEAL_08,2024-01-14 11:30:00,20.39,63.74
IDEAL_08,2024-01-14 12:00:00,20.41,63.25
IDEAL_08,2024-01-14 12:30:00,21.11,60.03
IDEAL_08,2024-01-14 13:00:00,19.79,62.25
IDEAL_08,2024-01-14 13:30:00,20.83,61.65
IDEAL_08,2024-01-14 14:00:00,20.4,61.83
IDEAL_08,2024-01-14 14:30:00,20.33,58.75
IDEAL_08,2024-01-14 15:00:00,20.22,58.18
IDEAL_08,2024-01-14 15:30:00,20.51,62.66
IDEAL_08,2024-01-14 16:00:00,20.43,57.92
IDEAL_08,2024-01-14 16:30:00,20.28,60.67
IDEAL_08,2024-01-14 17:00:00,20.16,60.34
IDEAL_08,2024-01-14 17:30:00,19.68,60.2
IDEAL_08,2024-01-14 18:00:00,20.15,61.36
IDEAL_08,2024-01-14 18:30:00,20.24,59.87
IDEAL_08,2024-01-14 19:00:00,20.5,61.48
IDEAL_08,2024-01-14 19:30:00,21.23,61.1
IDEAL_08,2024-01-14 20:00:00,20.2,64.04
IDEAL_08,2024-01-14 20:30:00,20.03,58.81
IDEAL_08,2024-01-14 21:00:00,20.16,60.93
IDEAL_08,2024-01-14 21:30:00,20.51,61.54
IDEAL_08,2024-01-14 22:00:00,20.68,60.51
IDEAL_08,2024-01-14 22:30:00,20.74,58.88
IDEAL_08,2024-01-14 23:00:00,16.78,76.78
IDEAL_08,2024-01-14 23:30:00,16.83,75.4
IDEAL_09,2024-01-08 00:00:00,15.97,67.89
IDEAL_09,2024-01-08 00:30:00,16.65,67.32
IDEAL_09,2024-01-08 01:00:00,17.16,68.15
IDEAL_09,2024-01-08 01:30:00,16.46,70.02
IDEAL_09,2024-01-08 02:00:00,16.48,66.59
IDEAL_09,2024-01-08 02:30:00,17.1,67.23
IDEAL_09,2024-01-08 03:00:00,16.09,67.72
IDEAL_09,2024-01-08 03:30:00,17.17,69.33
IDEAL_09,2024-01-08 04:00:00,16.87,68.17
IDEAL_09,2024-01-08 04:30:00,16.11,69.31
IDEAL_09,2024-01-08 05:00:00,16.21,69.38
IDEAL_09,2024-01-08 05:30:00,16.27,68.72
IDEAL_09,2024-01-08 06:00:00,15.74,66.24
IDEAL_09,2024-01-08 06:30:00,16.58,70.32
IDEAL_09,2024-01-08 07:00:00,20.12,55.95
IDEAL_09,2024-01-08 07:30:00,20.6,53.93
IDEAL_09,2024-01-08 08:00:00,19.96,51.76
IDEAL_09,2024-01-08 08:30:00,20.85,51.49
IDEAL_09,2024-01-08 09:00:00,20.77,54.21
IDEAL_09,2024-01-08 09:30:00,20.19,52.78
IDEAL_09,2024-01-08 10:00:00,20.62,51.26
IDEAL_09,2024-01-08 10:30:00,20.51,51.46
IDEAL_09,2024-01-08 11:00:00,21.07,53.13
IDEAL_09,2024-01-08 11:30:00,20.06,54.13
IDEAL_09,2024-01-08 12:00:00,20.42,55.94
IDEAL_09,2024-01-08 12:30:00,20.22,54.56
IDEAL_09,2024-01-08 13:00:00,20.49,53.26
IDEAL_09,2024-01-08 13:30:00,20.69,54.4
IDEAL_09,2024-01-08 14:00:00,20.22,54.27
IDEAL_09,2024-01-08 14:30:00,20.33,54.94
IDEAL_09,2024-01-08 15:00:00,20.86,53.77
IDEAL_09,2024-01-08 15:30:00,21.02,55.39
IDEAL_09,2024-01-08 16:00:00,20.67,55.07
IDEAL_09,2024-01-08 16:30:00,20.42,53.96
IDEAL_09,2024-01-08 17:00:00,20.38,53.65
IDEAL_09,2024-01-08 17:30:00,20.7,55.21
IDEAL_09,2024-01-08 18:00:00,20.57,52.76
IDEAL_09,2024-01-08 18:30:00,19.82,51.57
IDEAL_09,2024-01-08 19:00:00,20.71,51.56
IDEAL_09,2024-01-08 19:30:00,20.13,52.64
IDEAL_09,2024-01-08 20:00:00,19.91,54.82
IDEAL_09,2024-01-08 20:30:00,19.81,53.2
IDEAL_09,2024-01-08 21:00:00,20.39,54.14
IDEAL_09,2024-01-08 21:30:00,20.07,53.09
IDEAL_09,2024-01-08 22:00:00,19.55,53.1
IDEAL_09,2024-01-08 22:30:00,20.33,52.29
IDEAL_09,2024-01-08 23:00:00,16.28,67.69
IDEAL_09,2024-01-08 23:30:00,16.42,67.57
IDEAL_09,2024-01-09 00:00:00,16.22,68.45
IDEAL_09,2024-01-09 00:30:00,17.21,68.26
IDEAL_09,2024-01-09 01:00:00,16.68,67.54
IDEAL_09,2024-01-09 01:30:00,16.28,65.57
IDEAL_09,2024-01-09 02:00:00,16.45,69.44
IDEAL_09,2024-01-09 02:30:00,17.04,67.71
IDEAL_09,2024-01-09 03:00:00,16.86,67.95
IDEAL_09,2024-01-09 03:30:00,15.92,70.23
IDEAL_09,2024-01-09 04:00:00,16.09,69.2
IDEAL_09,2024-01-09 04:30:00,16.16,68.5
IDEAL_09,2024-01-09 05:00:00,16.3,67.83
IDEAL_09,2024-01-09 05:30:00,16.24,67.82
IDEAL_09,2024-01-09 06:00:00,16.49,68.19
IDEAL_09,2024-01-09 06:30:00,16.77,68.44
IDEAL_09,2024-01-09 07:00:00,20.84,56.4
IDEAL_09,2024-01-09 07:30:00,20.35,57.54
IDEAL_09,2024-01-09 08:00:00,19.82,54.27
IDEAL_09,2024-01-09 08:30:00,20.06,50.6
IDEAL_09,2024-01-09 09:00:00,20.27,52.41
IDEAL_09,2024-01-09 09:30:00,19.98,56.55
IDEAL_09,2024-01-09 10:00:00,20.93,54.91
IDEAL_09,2024-01-09 10:30:00,20.0,54.47
IDEAL_09,2024-01-09 11:00:00,20.72,53.58
IDEAL_09,2024-01-09 11:30:00,19.8,52.05
IDEAL_09,2024-01-09 12:00:00,20.74,56.35
IDEAL_09,2024-01-09 12:30:00,20.42,52.6
IDEAL_09,2024-01-09 13:00:00,21.08,54.93
IDEAL_09,2024-01-09 13:30:00,20.02,51.88
IDEAL_09,2024-01-09 14:00:00,20.25,53.51
IDEAL_09,2024-01-09 14:30:00,20.33,55.32
IDEAL_09,2024-01-09 15:00:00,20.42,53.46
IDEAL_09,2024-01-09 15:30:00,20.34,53.28
IDEAL_09,2024-01-09 16:00:00,20.35,53.85
IDEAL_09,2024-01-09 16:30:00,20.34,51.83
IDEAL_09,2024-01-09 17:00:00,19.65,51.55
IDEAL_09,2024-01-09 17:30:00,20.87,54.9
IDEAL_09,2024-01-09 18:00:00,21.62,53.2
IDEAL_09,2024-01-09 18:30:00,20.6,54.89
IDEAL_09,2024-01-09 19:00:00,20.02,55.51
IDEAL_09,2024-01-09 19:30:00,20.06,55.63
IDEAL_09,2024-01-09 20:00:00,20.72,51.4
IDEAL_09,2024-01-09 20:30:00,20.63,52.79
IDEAL_09,2024-01-09 21:00:00,20.36,54.64
IDEAL_09,2024-01-09 21:30:00,20.78,54.66
IDEAL_09,2024-01-09 22:00:00,19.65,57.21
IDEAL_09,2024-01-09 22:30:00,20.78,52.47
IDEAL_09,2024-01-09 23:00:00,16.57,69.59
IDEAL_09,2024-01-09 23:30:00,16.08,68.39
IDEAL_09,2024-01-10 00:00:00,15.9,65.37
IDEAL_09,2024-01-10 00:30:00,16.53,67.01
IDEAL_09,2024-01-10 01:00:00,17.04,68.23
IDEAL_09,2024-01-10 01:30:00,16.39,65.28
IDEAL_09,2024-01-10 02:00:00,16.14,64.72
IDEAL_09,2024-01-10 02:30:00,16.55,65.19
IDEAL_09,2024-01-10 03:00:00,17.2,68.22
IDEAL_09,2024-01-10 03:30:00,16.65,67.11
IDEAL_09,2024-01-10 04:00:00,16.69,66.9
IDEAL_09,2024-01-10 04:30:00,16.97,66.95
IDEAL_09,2024-01-10 05:00:00,16.67,65.7
IDEAL_09,2024-01-10 05:30:00,16.16,67.15
IDEAL_09,2024-01-10 06:00:00,15.78,65.1
IDEAL_09,2024-01-10 06:30:00,16.11,69.61
IDEAL_09,2024-01-10 07:00:00,20.03,56.37
IDEAL_09,2024-01-10 07:30:00,20.74,50.34
IDEAL_09,2024-01-10 08:00:00,20.8,53.13
IDEAL_09,2024-01-10 08:30:00,20.55,53.23
IDEAL_09,2024-01-10 09:00:00,19.97,53.57
IDEAL_09,2024-01-10 09:30:00,21.19,55.34
IDEAL_09,2024-01-10 10:00:00,20.31,53.13
IDEAL_09,2024-01-10 10:30:00,20.72,53.7
IDEAL_09,2024-01-10 11:00:00,20.5,58.3
IDEAL_09,2024-01-10 11:30:00,20.56,53.67
IDEAL_09,2024-01-10 12:00:00,20.7,56.48
IDEAL_09,2024-01-10 12:30:00,20.2,54.59
IDEAL_09,2024-01-10 13:00:00,21.0,53.0
IDEAL_09,2024-01-10 13:30:00,19.84,52.75
IDEAL_09,2024-01-10 14:00:00,20.06,53.82
IDEAL_09,2024-01-10 14:30:00,20.99,52.14
IDEAL_09,2024-01-10 15:00:00,20.71,52.54
IDEAL_09,2024-01-10 15:30:00,21.49,53.2
IDEAL_09,2024-01-10 16:00:00,20.5,54.27
IDEAL_09,2024-01-10 16:30:00,21.16,56.57
IDEAL_09,2024-01-10 17:00:00,19.73,53.11
IDEAL_09,2024-01-10 17:30:00,19.91,54.53
IDEAL_09,2024-01-10 18:00:00,20.83,51.39
IDEAL_09,2024-01-10 18:30:00,19.78,55.42
IDEAL_09,2024-01-10 19:00:00,20.4,51.25
IDEAL_09,2024-01-10 19:30:00,20.94,55.03
IDEAL_09,2024-01-10 20:00:00,20.68,53.71
IDEAL_09,2024-01-10 20:30:00,20.48,53.65
IDEAL_09,2024-01-10 21:00:00,20.3,53.38
IDEAL_09,2024-01-10 21:30:00,20.56,51.88
IDEAL_09,2024-01-10 22:00:00,20.71,51.96
IDEAL_09,2024-01-10 22:30:00,20.21,55.09
IDEAL_09,2024-01-10 23:00:00,16.63,67.85
IDEAL_09,2024-01-10 23:30:00,16.91,67.37
IDEAL_09,2024-01-11 00:00:00,16.39,68.5
IDEAL_09,2024-01-11 00:30:00,16.5,67.98
IDEAL_09,2024-01-11 01:00:00,16.67,66.64
IDEAL_09,2024-01-11 01:30:00,16.7,71.52
IDEAL_09,2024-01-11 02:00:00,16.83,68.94
IDEAL_09,2024-01-11 02:30:00,16.07,68.02
IDEAL_09,2024-01-11 03:00:00,16.26,67.06
IDEAL_09,2024-01-11 03:30:00,16.28,69.26
IDEAL_09,2024-01-11 04:00:00,16.11,66.65
IDEAL_09,2024-01-11 04:30:00,15.76,66.53
IDEAL_09,2024-01-11 05:00:00,15.17,70.37
IDEAL_09,2024-01-11 05:30:00,16.95,67.88
IDEAL_09,2024-01-11 06:00:00,15.85,66.69
IDEAL_09,2024-01-11 06:30:00,17.1,67.84
IDEAL_09,2024-01-11 07:00:00,20.77,55.11
IDEAL_09,2024-01-11 07:30:00,20.31,54.76
IDEAL_09,2024-01-11 08:00:00,20.72,55.29
IDEAL_09,2024-01-11 08:30:00,20.65,51.96
IDEAL_09,2024-01-11 09:00:00,20.04,55.26
IDEAL_09,2024-01-11 09:30:00,20.47,53.56
IDEAL_09,2024-01-11 10:00:00,20.08,53.97
IDEAL_09,2024-01-11 10:30:00,20.74,55.65
IDEAL_09,2024-01-11 11:00:00,20.19,54.89
IDEAL_09,2024-01-11 11:30:00,20.44,54.36
IDEAL_09,2024-01-11 12:00:00,20.42,50.86
IDEAL_09,2024-01-11 12:30:00,20.53,53.76
IDEAL_09,2024-01-11 13:00:00,21.14,52.66
IDEAL_09,2024-01-11 13:30:00,20.38,54.9
IDEAL_09,2024-01-11 14:00:00,20.96,55.32
IDEAL_09,2024-01-11 14:30:00,20.67,53.38
IDEAL_09,2024-01-11 15:00:00,21.04,52.83
IDEAL_09,2024-01-11 15:30:00,20.34,56.17
IDEAL_09,2024-01-11 16:00:00,20.75,52.93
IDEAL_09,2024-01-11 16:30:00,20.45,52.04
IDEAL_09,2024-01-11 17:00:00,19.28,52.58
IDEAL_09,2024-01-11 17:30:00,20.04,53.0
IDEAL_09,2024-01-11 18:00:00,20.71,52.54
IDEAL_09,2024-01-11 18:30:00,20.68,55.1
IDEAL_09,2024-01-11 19:00:00,19.96,50.54
IDEAL_09,2024-01-11 19:30:00,20.56,52.51
IDEAL_09,2024-01-11 20:00:00,20.68,53.76
IDEAL_09,2024-01-11 20:30:00,20.46,54.15
IDEAL_09,2024-01-11 21:00:00,20.77,56.37
IDEAL_09,2024-01-11 21:30:00,20.71,56.15
IDEAL_09,2024-01-11 22:00:00,20.46,51.43
IDEAL_09,2024-01-11 22:30:00,20.27,50.97
IDEAL_09,2024-01-11 23:00:00,16.89,67.87
IDEAL_09,2024-01-11 23:30:00,16.66,66.82
IDEAL_09,2024-01-12 00:00:00,15.92,66.04
IDEAL_09,2024-01-12 00:30:00,16.56,67.86
IDEAL_09,2024-01-12 01:00:00,16.02,68.18
IDEAL_09,2024-01-12 01:30:00,16.09,66.57
IDEAL_09,2024-01-12 02:00:00,16.22,66.9
IDEAL_09,2024-01-12 02:30:00,16.49,66.69
IDEAL_09,2024-01-12 03:00:00,16.63,67.22
IDEAL_09,2024-01-12 03:30:00,16.31,68.64
IDEAL_09,2024-01-12 04:00:00,16.33,66.22
IDEAL_09,2024-01-12 04:30:00,16.28,66.87
IDEAL_09,2024-01-12 05:00:00,16.9,67.23
IDEAL_09,2024-01-12 05:30:00,15.34,67.82
IDEAL_09,2024-01-12 06:00:00,16.35,68.25
IDEAL_09,2024-01-12 06:30:00,17.09,70.9
IDEAL_09,2024-01-12 07:00:00,20.68,54.69
IDEAL_09,2024-01-12 07:30:00,20.98,54.73
IDEAL_09,2024-01-12 08:00:00,19.66,53.43
IDEAL_09,2024-01-12 08:30:00,19.98,52.36
IDEAL_09,2024-01-12 09:00:00,20.68,53.04
IDEAL_09,2024-01-12 09:30:00,21.1,52.77
IDEAL_09,2024-01-12 10:00:00,20.02,54.42
IDEAL_09,2024-01-12 10:30:00,20.32,51.36
IDEAL_09,2024-01-12 11:00:00,20.64,54.72
IDEAL_09,2024-01-12 11:30:00,19.9,53.66
IDEAL_09,2024-01-12 12:00:00,20.69,54.93
IDEAL_09,2024-01-12 12:30:00,19.41,52.75
IDEAL_09,2024-01-12 13:00:00,20.67,52.48
IDEAL_09,2024-01-12 13:30:00,20.08,53.22
IDEAL_09,2024-01-12 14:00:00,20.3,53.19
IDEAL_09,2024-01-12 14:30:00,20.74,55.04
IDEAL_09,2024-01-12 15:00:00,20.66,55.03
IDEAL_09,2024-01-12 15:30:00,20.47,56.69
IDEAL_09,2024-01-12 16:00:00,20.86,53.09
IDEAL_09,2024-01-12 16:30:00,19.8,48.81
IDEAL_09,2024-01-12 17:00:00,20.56,53.22
IDEAL_09,2024-01-12 17:30:00,20.16,54.18
IDEAL_09,2024-01-12 18:00:00,20.84,54.9
IDEAL_09,2024-01-12 18:30:00,20.75,54.29
IDEAL_09,2024-01-12 19:00:00,20.77,53.09
IDEAL_09,2024-01-12 19:30:00,21.13,56.4
IDEAL_09,2024-01-12 20:00:00,20.93,52.28
IDEAL_09,2024-01-12 20:30:00,20.41,53.42
IDEAL_09,2024-01-12 21:00:00,20.48,52.21
IDEAL_09,2024-01-12 21:30:00,20.72,53.86
IDEAL_09,2024-01-12 22:00:00,20.53,56.22
IDEAL_09,2024-01-12 22:30:00,20.76,53.62
IDEAL_09,2024-01-12 23:00:00,15.58,67.63
IDEAL_09,2024-01-12 23:30:00,17.23,65.29
IDEAL_09,2024-01-13 00:00:00,16.5,67.4
IDEAL_09,2024-01-13 00:30:00,15.83,69.56
IDEAL_09,2024-01-13 01:00:00,16.11,67.46
IDEAL_09,2024-01-13 01:30:00,15.62,67.36
IDEAL_09,2024-01-13 02:00:00,16.04,69.49
IDEAL_09,2024-01-13 02:30:00,16.42,67.36
IDEAL_09,2024-01-13 03:00:00,17.08,69.77
IDEAL_09,2024-01-13 03:30:00,16.64,65.91
IDEAL_09,2024-01-13 04:00:00,16.57,68.85
IDEAL_09,2024-01-13 04:30:00,16.02,70.3
IDEAL_09,2024-01-13 05:00:00,16.15,69.34
IDEAL_09,2024-01-13 05:30:00,16.18,65.03
IDEAL_09,2024-01-13 06:00:00,16.19,66.88
IDEAL_09,2024-01-13 06:30:00,16.34,67.47
IDEAL_09,2024-01-13 07:00:00,20.37,55.35
IDEAL_09,2024-01-13 07:30:00,20.34,51.84
IDEAL_09,2024-01-13 08:00:00,20.21,52.3
IDEAL_09,2024-01-13 08:30:00,20.53,51.43
IDEAL_09,2024-01-13 09:00:00,20.35,52.59
IDEAL_09,2024-01-13 09:30:00,19.84,51.96
IDEAL_09,2024-01-13 10:00:00,20.49,56.23
IDEAL_09,2024-01-13 10:30:00,20.43,52.86
IDEAL_09,2024-01-13 11:00:00,19.84,54.87
IDEAL_09,2024-01-13 11:30:00,20.24,53.86
IDEAL_09,2024-01-13 12:00:00,20.72,53.84
IDEAL_09,2024-01-13 12:30:00,20.02,52.95
IDEAL_09,2024-01-13 13:00:00,19.98,54.99
IDEAL_09,2024-01-13 13:30:00,20.35,54.06
IDEAL_09,2024-01-13 14:00:00,20.73,53.98
IDEAL_09,2024-01-13 14:30:00,21.2,52.94
IDEAL_09,2024-01-13 15:00:00,20.74,53.19
IDEAL_09,2024-01-13 15:30:00,20.91,54.72
IDEAL_09,2024-01-13 16:00:00,20.62,54.18
IDEAL_09,2024-01-13 16:30:00,20.2,54.02
IDEAL_09,2024-01-13 17:00:00,20.74,52.7
IDEAL_09,2024-01-13 17:30:00,20.44,56.75
IDEAL_09,2024-01-13 18:00:00,20.63,53.11
IDEAL_09,2024-01-13 18:30:00,20.1,53.79
IDEAL_09,2024-01-13 19:00:00,20.66,53.55
IDEAL_09,2024-01-13 19:30:00,20.43,56.76
IDEAL_09,2024-01-13 20:00:00,20.57,53.4
IDEAL_09,2024-01-13 20:30:00,20.44,53.26
IDEAL_09,2024-01-13 21:00:00,20.37,54.01
IDEAL_09,2024-01-13 21:30:00,20.67,52.79
IDEAL_09,2024-01-13 22:00:00,20.31,54.0
IDEAL_09,2024-01-13 22:30:00,19.84,57.39
IDEAL_09,2024-01-13 23:00:00,15.73,68.28
IDEAL_09,2024-01-13 23:30:00,16.55,68.23
IDEAL_09,2024-01-14 00:00:00,16.3,66.76
IDEAL_09,2024-01-14 00:30:00,15.78,70.4
IDEAL_09,2024-01-14 01:00:00,16.52,70.74
IDEAL_09,2024-01-14 01:30:00,16.44,69.11
IDEAL_09,2024-01-14 02:00:00,16.28,68.81
IDEAL_09,2024-01-14 02:30:00,16.58,67.48
IDEAL_09,2024-01-14 03:00:00,17.0,68.42
IDEAL_09,2024-01-14 03:30:00,16.99,66.58
IDEAL_09,2024-01-14 04:00:00,16.53,66.14
IDEAL_09,2024-01-14 04:30:00,16.44,65.6
IDEAL_09,2024-01-14 05:00:00,16.54,68.45
IDEAL_09,2024-01-14 05:30:00,16.6,65.77
IDEAL_09,2024-01-14 06:00:00,16.37,67.08
IDEAL_09,2024-01-14 06:30:00,16.55,67.74
IDEAL_09,2024-01-14 07:00:00,19.85,55.33
IDEAL_09,2024-01-14 07:30:00,20.51,52.97
IDEAL_09,2024-01-14 08:00:00,20.67,55.5
IDEAL_09,2024-01-14 08:30:00,20.28,55.24
IDEAL_09,2024-01-14 09:00:00,20.44,52.23
IDEAL_09,2024-01-14 09:30:00,20.03,55.52
IDEAL_09,2024-01-14 10:00:00,19.98,53.41
IDEAL_09,2024-01-14 10:30:00,20.56,53.08
IDEAL_09,2024-01-14 11:00:00,20.18,53.41
IDEAL_09,2024-01-14 11:30:00,19.77,53.83
IDEAL_09,2024-01-14 12:00:00,20.03,53.21
IDEAL_09,2024-01-14 12:30:00,20.09,52.57
IDEAL_09,2024-01-14 13:00:00,20.79,52.71
IDEAL_09,2024-01-14 13:30:00,20.55,54.04
IDEAL_09,2024-01-14 14:00:00,20.13,53.59
IDEAL_09,2024-01-14 14:30:00,20.24,54.62
IDEAL_09,2024-01-14 15:00:00,21.0,53.91
IDEAL_09,2024-01-14 15:30:00,20.85,53.95
IDEAL_09,2024-01-14 16:00:00,20.03,54.72
IDEAL_09,2024-01-14 16:30:00,20.94,55.96
IDEAL_09,2024-01-14 17:00:00,20.44,56.02
IDEAL_09,2024-01-14 17:30:00,20.8,55.84
IDEAL_09,2024-01-14 18:00:00,20.41,55.14
IDEAL_09,2024-01-14 18:30:00,20.95,56.96
IDEAL_09,2024-01-14 19:00:00,20.01,54.49
IDEAL_09,2024-01-14 19:30:00,20.37,54.32
IDEAL_09,2024-01-14 20:00:00,20.96,57.2
IDEAL_09,2024-01-14 20:30:00,19.52,49.74
IDEAL_09,2024-01-14 21:00:00,20.46,53.51
IDEAL_09,2024-01-14 21:30:00,20.32,55.71
IDEAL_09,2024-01-14 22:00:00,20.75,55.3
IDEAL_09,2024-01-14 22:30:00,20.9,57.68
IDEAL_09,2024-01-14 23:00:00,16.77,67.99
IDEAL_09,2024-01-14 23:30:00,16.57,67.19
IDEAL_10,2024-01-08 00:00:00,16.8,63.86
IDEAL_10,2024-01-08 00:30:00,16.81,66.65
IDEAL_10,2024-01-08 01:00:00,16.13,63.18
IDEAL_10,2024-01-08 01:30:00,16.26,66.61
IDEAL_10,2024-01-08 02:00:00,15.91,65.21
IDEAL_10,2024-01-08 02:30:00,15.95,62.53
IDEAL_10,2024-01-08 03:00:00,16.57,67.33
IDEAL_10,2024-01-08 03:30:00,16.8,63.7
IDEAL_10,2024-01-08 04:00:00,15.88,66.17
IDEAL_10,2024-01-08 04:30:00,16.25,64.58
IDEAL_10,2024-01-08 05:00:00,16.06,64.92
IDEAL_10,2024-01-08 05:30:00,16.5,65.71
IDEAL_10,2024-01-08 06:00:00,16.0,65.63
IDEAL_10,2024-01-08 06:30:00,15.39,63.85
IDEAL_10,2024-01-08 07:00:00,20.56,51.16
IDEAL_10,2024-01-08 07:30:00,20.03,51.05
IDEAL_10,2024-01-08 08:00:00,20.08,50.68
IDEAL_10,2024-01-08 08:30:00,20.33,50.06
IDEAL_10,2024-01-08 09:00:00,20.3,50.68
IDEAL_10,2024-01-08 09:30:00,20.34,53.31
IDEAL_10,2024-01-08 10:00:00,19.5,49.92
IDEAL_10,2024-01-08 10:30:00,20.38,52.17
IDEAL_10,2024-01-08 11:00:00,19.39,49.43
IDEAL_10,2024-01-08 11:30:00,20.46,49.04
IDEAL_10,2024-01-08 12:00:00,20.6,55.28
IDEAL_10,2024-01-08 12:30:00,19.61,51.17
IDEAL_10,2024-01-08 13:00:00,20.29,51.21
IDEAL_10,2024-01-08 13:30:00,20.58,51.26
IDEAL_10,2024-01-08 14:00:00,19.98,52.47
IDEAL_10,2024-01-08 14:30:00,20.43,50.97
IDEAL_10,2024-01-08 15:00:00,19.04,51.59
IDEAL_10,2024-01-08 15:30:00,20.6,48.77
IDEAL_10,2024-01-08 16:00:00,20.17,51.84
IDEAL_10,2024-01-08 16:30:00,20.05,50.01
IDEAL_10,2024-01-08 17:00:00,20.55,51.37
IDEAL_10,2024-01-08 17:30:00,20.85,47.79
IDEAL_10,2024-01-08 18:00:00,20.35,51.31
IDEAL_10,2024-01-08 18:30:00,20.8,47.0
IDEAL_10,2024-01-08 19:00:00,19.53,49.95
IDEAL_10,2024-01-08 19:30:00,20.42,47.8
IDEAL_10,2024-01-08 20:00:00,20.1,51.31
IDEAL_10,2024-01-08 20:30:00,19.84,50.47
IDEAL_10,2024-01-08 21:00:00,19.38,49.21
IDEAL_10,2024-01-08 21:30:00,20.4,52.51
IDEAL_10,2024-01-08 22:00:00,20.51,49.02
IDEAL_10,2024-01-08 22:30:00,20.69,45.82
IDEAL_10,2024-01-08 23:00:00,16.63,65.13
IDEAL_10,2024-01-08 23:30:00,15.85,61.71
IDEAL_10,2024-01-09 00:00:00,16.67,63.06
IDEAL_10,2024-01-09 00:30:00,16.71,63.59
IDEAL_10,2024-01-09 01:00:00,16.05,62.23
IDEAL_10,2024-01-09 01:30:00,16.17,63.62
IDEAL_10,2024-01-09 02:00:00,15.78,62.25
IDEAL_10,2024-01-09 02:30:00,16.75,64.61
IDEAL_10,2024-01-09 03:00:00,15.55,62.52
IDEAL_10,2024-01-09 03:30:00,16.37,64.41
IDEAL_10,2024-01-09 04:00:00,15.92,66.11
IDEAL_10,2024-01-09 04:30:00,15.71,65.54
IDEAL_10,2024-01-09 05:00:00,15.41,64.24
IDEAL_10,2024-01-09 05:30:00,16.07,62.88
IDEAL_10,2024-01-09 06:00:00,15.65,64.6
IDEAL_10,2024-01-09 06:30:00,16.18,63.32
IDEAL_10,2024-01-09 07:00:00,20.86,50.66
IDEAL_10,2024-01-09 07:30:00,20.24,47.79
IDEAL_10,2024-01-09 08:00:00,20.95,51.57
IDEAL_10,2024-01-09 08:30:00,19.76,50.41
IDEAL_10,2024-01-09 09:00:00,19.64,53.68
IDEAL_10,2024-01-09 09:30:00,19.75,52.32
IDEAL_10,2024-01-09 10:00:00,20.13,51.21
IDEAL_10,2024-01-09 10:30:00,21.25,50.18
IDEAL_10,2024-01-09 11:00:00,19.49,49.27
IDEAL_10,2024-01-09 11:30:00,20.4,51.78
IDEAL_10,2024-01-09 12:00:00,19.88,50.02
IDEAL_10,2024-01-09 12:30:00,20.07,52.12
IDEAL_10,2024-01-09 13:00:00,19.65,50.96
IDEAL_10,2024-01-09 13:30:00,20.51,50.97
IDEAL_10,2024-01-09 14:00:00,20.14,51.25
IDEAL_10,2024-01-09 14:30:00,20.59,48.98
IDEAL_10,2024-01-09 15:00:00,20.23,48.83
IDEAL_10,2024-01-09 15:30:00,19.38,48.78
IDEAL_10,2024-01-09 16:00:00,20.59,51.93
IDEAL_10,2024-01-09 16:30:00,19.35,48.94
IDEAL_10,2024-01-09 17:00:00,19.41,49.13
IDEAL_10,2024-01-09 17:30:00,19.79,51.17
IDEAL_10,2024-01-09 18:00:00,19.79,49.98
IDEAL_10,2024-01-09 18:30:00,20.71,49.79
IDEAL_10,2024-01-09 19:00:00,20.09,49.66
IDEAL_10,2024-01-09 19:30:00,20.66,46.87
IDEAL_10,2024-01-09 20:00:00,19.93,48.91
IDEAL_10,2024-01-09 20:30:00,20.28,52.13
IDEAL_10,2024-01-09 21:00:00,20.35,49.55
IDEAL_10,2024-01-09 21:30:00,20.43,47.51
IDEAL_10,2024-01-09 22:00:00,19.97,48.85
IDEAL_10,2024-01-09 22:30:00,20.0,50.9
IDEAL_10,2024-01-09 23:00:00,16.04,64.87
IDEAL_10,2024-01-09 23:30:00,15.5,63.92
IDEAL_10,2024-01-10 00:00:00,16.12,63.33
IDEAL_10,2024-01-10 00:30:00,16.0,62.26
IDEAL_10,2024-01-10 01:00:00,16.39,64.91
IDEAL_10,2024-01-10 01:30:00,16.19,65.62
IDEAL_10,2024-01-10 02:00:00,16.69,66.3
IDEAL_10,2024-01-10 02:30:00,16.18,62.7
IDEAL_10,2024-01-10 03:00:00,15.93,66.41
IDEAL_10,2024-01-10 03:30:00,16.18,64.28
IDEAL_10,2024-01-10 04:00:00,16.45,64.4
IDEAL_10,2024-01-10 04:30:00,15.45,65.7
IDEAL_10,2024-01-10 05:00:00,15.87,63.55
IDEAL_10,2024-01-10 05:30:00,15.88,61.12
IDEAL_10,2024-01-10 06:00:00,16.32,65.42
IDEAL_10,2024-01-10 06:30:00,16.37,64.89
IDEAL_10,2024-01-10 07:00:00,20.2,49.82
IDEAL_10,2024-01-10 07:30:00,19.16,51.3
IDEAL_10,2024-01-10 08:00:00,19.5,51.6
IDEAL_10,2024-01-10 08:30:00,20.06,48.09
IDEAL_10,2024-01-10 09:00:00,19.96,50.4
IDEAL_10,2024-01-10 09:30:00,20.16,46.95
IDEAL_10,2024-01-10 10:00:00,19.97,50.18
IDEAL_10,2024-01-10 10:30:00,20.77,49.8
IDEAL_10,2024-01-10 11:00:00,19.24,51.1
IDEAL_10,2024-01-10 11:30:00,20.28,48.75
IDEAL_10,2024-01-10 12:00:00,20.49,49.73
IDEAL_10,2024-01-10 12:30:00,20.44,45.54
IDEAL_10,2024-01-10 13:00:00,20.47,51.2
IDEAL_10,2024-01-10 13:30:00,20.53,50.23
IDEAL_10,2024-01-10 14:00:00,19.91,50.49
IDEAL_10,2024-01-10 14:30:00,19.72,48.12
IDEAL_10,2024-01-10 15:00:00,19.34,50.96
IDEAL_10,2024-01-10 15:30:00,20.01,52.84
IDEAL_10,2024-01-10 16:00:00,19.85,50.09
IDEAL_10,2024-01-10 16:30:00,20.62,51.34
IDEAL_10,2024-01-10 17:00:00,20.04,49.06
IDEAL_10,2024-01-10 17:30:00,19.74,50.25
IDEAL_10,2024-01-10 18:00:00,19.68,48.07
IDEAL_10,2024-01-10 18:30:00,20.95,51.54
IDEAL_10,2024-01-10 19:00:00,20.15,50.6
IDEAL_10,2024-01-10 19:30:00,19.84,48.53
IDEAL_10,2024-01-10 20:00:00,20.21,49.16
IDEAL_10,2024-01-10 20:30:00,20.91,50.45
IDEAL_10,2024-01-10 21:00:00,20.0,51.75
IDEAL_10,2024-01-10 21:30:00,20.43,52.58
IDEAL_10,2024-01-10 22:00:00,20.63,50.16
IDEAL_10,2024-01-10 22:30:00,19.4,48.32
IDEAL_10,2024-01-10 23:00:00,15.9,64.72
IDEAL_10,2024-01-10 23:30:00,16.58,67.04
IDEAL_10,2024-01-11 00:00:00,15.88,61.93
IDEAL_10,2024-01-11 00:30:00,16.32,62.93
IDEAL_10,2024-01-11 01:00:00,15.85,65.28
IDEAL_10,2024-01-11 01:30:00,15.98,64.59
IDEAL_10,2024-01-11 02:00:00,15.93,63.54
IDEAL_10,2024-01-11 02:30:00,16.41,64.69
IDEAL_10,2024-01-11 03:00:00,16.24,65.83
IDEAL_10,2024-01-11 03:30:00,16.2,64.22
IDEAL_10,2024-01-11 04:00:00,17.16,64.08
IDEAL_10,2024-01-11 04:30:00,16.85,65.25
IDEAL_10,2024-01-11 05:00:00,15.36,63.96
IDEAL_10,2024-01-11 05:30:00,15.98,66.08
IDEAL_10,2024-01-11 06:00:00,17.13,67.4
IDEAL_10,2024-01-11 06:30:00,15.93,63.02
IDEAL_10,2024-01-11 07:00:00,20.99,48.49
IDEAL_10,2024-01-11 07:30:00,19.99,50.92
IDEAL_10,2024-01-11 08:00:00,20.06,48.43
IDEAL_10,2024-01-11 08:30:00,20.5,48.41
IDEAL_10,2024-01-11 09:00:00,20.12,47.29
IDEAL_10,2024-01-11 09:30:00,20.35,49.79
IDEAL_10,2024-01-11 10:00:00,20.79,50.31
IDEAL_10,2024-01-11 10:30:00,20.46,49.59
IDEAL_10,2024-01-11 11:00:00,20.21,52.45
IDEAL_10,2024-01-11 11:30:00,20.83,52.34
IDEAL_10,2024-01-11 12:00:00,20.51,53.26
IDEAL_10,2024-01-11 12:30:00,19.86,50.43
IDEAL_10,2024-01-11 13:00:00,20.95,52.14
IDEAL_10,2024-01-11 13:30:00,20.41,50.83
IDEAL_10,2024-01-11 14:00:00,20.07,50.68
IDEAL_10,2024-01-11 14:30:00,19.35,49.66
IDEAL_10,2024-01-11 15:00:00,19.61,46.97
IDEAL_10,2024-01-11 15:30:00,20.84,51.32
IDEAL_10,2024-01-11 16:00:00,20.85,52.09
IDEAL_10,2024-01-11 16:30:00,20.19,48.07
IDEAL_10,2024-01-11 17:00:00,19.45,50.35
IDEAL_10,2024-01-11 17:30:00,19.72,51.85
IDEAL_10,2024-01-11 18:00:00,19.51,49.82
IDEAL_10,2024-01-11 18:30:00,19.49,52.15
IDEAL_10,2024-01-11 19:00:00,20.97,50.15
IDEAL_10,2024-01-11 19:30:00,20.98,49.57
IDEAL_10,2024-01-11 20:00:00,19.71,52.24
IDEAL_10,2024-01-11 20:30:00,20.15,48.96
IDEAL_10,2024-01-11 21:00:00,19.64,49.28
IDEAL_10,2024-01-11 21:30:00,20.15,49.02
IDEAL_10,2024-01-11 22:00:00,20.81,48.65
IDEAL_10,2024-01-11 22:30:00,20.59,50.59
IDEAL_10,2024-01-11 23:00:00,16.48,63.59
IDEAL_10,2024-01-11 23:30:00,16.08,65.1
IDEAL_10,2024-01-12 00:00:00,16.66,61.76
IDEAL_10,2024-01-12 00:30:00,16.41,62.68
IDEAL_10,2024-01-12 01:00:00,16.32,64.44
IDEAL_10,2024-01-12 01:30:00,16.11,66.57
IDEAL_10,2024-01-12 02:00:00,16.28,64.93
IDEAL_10,2024-01-12 02:30:00,16.27,63.48
IDEAL_10,2024-01-12 03:00:00,15.94,62.13
IDEAL_10,2024-01-12 03:30:00,15.85,63.39
IDEAL_10,2024-01-12 04:00:00,15.76,64.3
IDEAL_10,2024-01-12 04:30:00,15.78,60.83
IDEAL_10,2024-01-12 05:00:00,16.08,62.54
IDEAL_10,2024-01-12 05:30:00,16.02,63.26
IDEAL_10,2024-01-12 06:00:00,15.91,63.98
IDEAL_10,2024-01-12 06:30:00,15.88,64.28
IDEAL_10,2024-01-12 07:00:00,20.27,49.45
IDEAL_10,2024-01-12 07:30:00,20.71,51.12
IDEAL_10,2024-01-12 08:00:00,20.15,50.55
IDEAL_10,2024-01-12 08:30:00,20.13,49.81
IDEAL_10,2024-01-12 09:00:00,19.78,51.33
IDEAL_10,2024-01-12 09:30:00,20.07,51.21
IDEAL_10,2024-01-12 10:00:00,20.63,48.18
IDEAL_10,2024-01-12 10:30:00,20.57,50.31
IDEAL_10,2024-01-12 11:00:00,20.54,51.7
IDEAL_10,2024-01-12 11:30:00,20.53,51.95
IDEAL_10,2024-01-12 12:00:00,20.33,50.92
IDEAL_10,2024-01-12 12:30:00,20.32,50.01
IDEAL_10,2024-01-12 13:00:00,20.25,50.99
IDEAL_10,2024-01-12 13:30:00,19.99,51.57
IDEAL_10,2024-01-12 14:00:00,20.19,50.54
IDEAL_10,2024-01-12 14:30:00,20.24,50.71
IDEAL_10,2024-01-12 15:00:00,20.41,49.99
IDEAL_10,2024-01-12 15:30:00,20.2,48.36
IDEAL_10,2024-01-12 16:00:00,21.0,50.1
IDEAL_10,2024-01-12 16:30:00,19.67,49.35
IDEAL_10,2024-01-12 17:00:00,20.46,49.35
IDEAL_10,2024-01-12 17:30:00,20.14,52.51
IDEAL_10,2024-01-12 18:00:00,20.16,51.79
IDEAL_10,2024-01-12 18:30:00,19.83,47.82
IDEAL_10,2024-01-12 19:00:00,20.56,48.74
IDEAL_10,2024-01-12 19:30:00,20.42,49.82
IDEAL_10,2024-01-12 20:00:00,20.49,49.4
IDEAL_10,2024-01-12 20:30:00,20.22,50.84
IDEAL_10,2024-01-12 21:00:00,20.03,48.5
IDEAL_10,2024-01-12 21:30:00,20.13,51.8
IDEAL_10,2024-01-12 22:00:00,20.33,50.3
IDEAL_10,2024-01-12 22:30:00,19.35,49.85
IDEAL_10,2024-01-12 23:00:00,16.51,64.34
IDEAL_10,2024-01-12 23:30:00,17.13,63.74
IDEAL_10,2024-01-13 00:00:00,16.35,61.32
IDEAL_10,2024-01-13 00:30:00,16.04,64.38
IDEAL_10,2024-01-13 01:00:00,16.09,63.88
IDEAL_10,2024-01-13 01:30:00,16.44,62.93
IDEAL_10,2024-01-13 02:00:00,16.05,66.01
IDEAL_10,2024-01-13 02:30:00,16.5,65.37
IDEAL_10,2024-01-13 03:00:00,16.09,68.02
IDEAL_10,2024-01-13 03:30:00,16.84,65.61
IDEAL_10,2024-01-13 04:00:00,16.83,63.4
IDEAL_10,2024-01-13 04:30:00,16.02,63.0
IDEAL_10,2024-01-13 05:00:00,16.12,63.62
IDEAL_10,2024-01-13 05:30:00,16.15,63.36
IDEAL_10,2024-01-13 06:00:00,16.15,64.53
IDEAL_10,2024-01-13 06:30:00,15.78,62.05
IDEAL_10,2024-01-13 07:00:00,19.72,51.33
IDEAL_10,2024-01-13 07:30:00,20.66,50.5
IDEAL_10,2024-01-13 08:00:00,20.59,51.16
IDEAL_10,2024-01-13 08:30:00,20.59,48.65
IDEAL_10,2024-01-13 09:00:00,20.13,50.73
IDEAL_10,2024-01-13 09:30:00,20.91,52.31
IDEAL_10,2024-01-13 10:00:00,20.15,49.07
IDEAL_10,2024-01-13 10:30:00,20.5,49.03
IDEAL_10,2024-01-13 11:00:00,19.6,51.43
IDEAL_10,2024-01-13 11:30:00,20.06,48.91
IDEAL_10,2024-01-13 12:00:00,20.09,50.01
IDEAL_10,2024-01-13 12:30:00,20.13,52.58
IDEAL_10,2024-01-13 13:00:00,19.63,49.05
IDEAL_10,2024-01-13 13:30:00,20.44,52.68
IDEAL_10,2024-01-13 14:00:00,20.57,49.86
IDEAL_10,2024-01-13 14:30:00,19.86,48.68
IDEAL_10,2024-01-13 15:00:00,19.7,51.27
IDEAL_10,2024-01-13 15:30:00,19.85,50.52
IDEAL_10,2024-01-13 16:00:00,20.35,50.38
IDEAL_10,2024-01-13 16:30:00,19.92,49.21
IDEAL_10,2024-01-13 17:00:00,20.1,50.51
IDEAL_10,2024-01-13 17:30:00,19.73,47.26
IDEAL_10,2024-01-13 18:00:00,20.95,50.69
IDEAL_10,2024-01-13 18:30:00,20.19,52.31
IDEAL_10,2024-01-13 19:00:00,20.62,47.71
IDEAL_10,2024-01-13 19:30:00,20.35,49.75
IDEAL_10,2024-01-13 20:00:00,20.14,49.05
IDEAL_10,2024-01-13 20:30:00,20.12,48.1
IDEAL_10,2024-01-13 21:00:00,19.87,47.28
IDEAL_10,2024-01-13 21:30:00,19.98,48.59
IDEAL_10,2024-01-13 22:00:00,19.75,50.0
IDEAL_10,2024-01-13 22:30:00,19.71,52.09
IDEAL_10,2024-01-13 23:00:00,16.99,62.08
IDEAL_10,2024-01-13 23:30:00,16.27,64.8
IDEAL_10,2024-01-14 00:00:00,16.74,64.69
IDEAL_10,2024-01-14 00:30:00,15.84,66.87
IDEAL_10,2024-01-14 01:00:00,15.66,65.22
IDEAL_10,2024-01-14 01:30:00,15.76,65.31
IDEAL_10,2024-01-14 02:00:00,15.99,65.41
IDEAL_10,2024-01-14 02:30:00,16.17,62.98
IDEAL_10,2024-01-14 03:00:00,16.1,63.5
IDEAL_10,2024-01-14 03:30:00,15.85,66.04
IDEAL_10,2024-01-14 04:00:00,16.19,61.29
IDEAL_10,2024-01-14 04:30:00,16.23,63.34
IDEAL_10,2024-01-14 05:00:00,16.44,62.37
IDEAL_10,2024-01-14 05:30:00,16.74,64.71
IDEAL_10,2024-01-14 06:00:00,16.01,63.73
IDEAL_10,2024-01-14 06:30:00,16.64,65.3
IDEAL_10,2024-01-14 07:00:00,20.18,50.2
IDEAL_10,2024-01-14 07:30:00,19.55,48.04
IDEAL_10,2024-01-14 08:00:00,20.87,48.11
IDEAL_10,2024-01-14 08:30:00,21.07,50.35
IDEAL_10,2024-01-14 09:00:00,20.4,49.21
IDEAL_10,2024-01-14 09:30:00,20.19,49.56
IDEAL_10,2024-01-14 10:00:00,20.05,51.77
IDEAL_10,2024-01-14 10:30:00,19.97,51.5
IDEAL_10,2024-01-14 11:00:00,20.64,53.06
IDEAL_10,2024-01-14 11:30:00,20.15,49.89
IDEAL_10,2024-01-14 12:00:00,20.83,49.4
IDEAL_10,2024-01-14 12:30:00,20.17,50.99
IDEAL_10,2024-01-14 13:00:00,19.99,49.52
IDEAL_10,2024-01-14 13:30:00,19.92,49.57
IDEAL_10,2024-01-14 14:00:00,19.86,50.06
IDEAL_10,2024-01-14 14:30:00,20.36,52.84
IDEAL_10,2024-01-14 15:00:00,19.64,51.42
IDEAL_10,2024-01-14 15:30:00,19.83,51.58
IDEAL_10,2024-01-14 16:00:00,20.69,52.77
IDEAL_10,2024-01-14 16:30:00,19.77,51.72
IDEAL_10,2024-01-14 17:00:00,20.5,48.67
IDEAL_10,2024-01-14 17:30:00,19.33,51.69
IDEAL_10,2024-01-14 18:00:00,20.74,51.88
IDEAL_10,2024-01-14 18:30:00,19.65,51.34
IDEAL_10,2024-01-14 19:00:00,19.81,50.07
IDEAL_10,2024-01-14 19:30:00,20.43,51.18
IDEAL_10,2024-01-14 20:00:00,20.26,50.33
IDEAL_10,2024-01-14 20:30:00,20.51,48.9
IDEAL_10,2024-01-14 21:00:00,19.64,49.27
IDEAL_10,2024-01-14 21:30:00,20.04,51.42
IDEAL_10,2024-01-14 22:00:00,19.91,49.0
IDEAL_10,2024-01-14 22:30:00,19.71,49.15
IDEAL_10,2024-01-14 23:00:00,16.39,65.49
IDEAL_10,2024-01-14 23:30:00,16.53,64.56
