from,to,intensity_forecast,intensity_actual,intensity_index
2024-01-01T00:00Z,2024-01-01T00:30Z,64,64,low
2024-01-01T00:30Z,2024-01-01T01:00Z,62,64,low
2024-01-01T01:00Z,2024-01-01T01:30Z,65,62,low
2024-01-01T01:30Z,2024-01-01T02:00Z,61,71,low
2024-01-01T02:00Z,2024-01-01T02:30Z,61,66,low
2024-01-01T02:30Z,2024-01-01T03:00Z,67,67,low
2024-01-01T03:00Z,2024-01-01T03:30Z,63,64,low
2024-01-01T03:30Z,2024-01-01T04:00Z,64,60,low
2024-01-01T04:00Z,2024-01-01T04:30Z,67,57,low
2024-01-01T04:30Z,2024-01-01T05:00Z,60,57,low
2024-01-01T05:00Z,2024-01-01T05:30Z,62,60,low
2024-01-01T05:30Z,2024-01-01T06:00Z,55,59,low
2024-01-01T06:00Z,2024-01-01T06:30Z,58,62,low
2024-01-01T06:30Z,2024-01-01T07:00Z,58,60,low
2024-01-01T07:00Z,2024-01-01T07:30Z,50,60,low
2024-01-01T07:30Z,2024-01-01T08:00Z,60,52,low
2024-01-01T08:00Z,2024-01-01T08:30Z,60,47,low
2024-01-01T08:30Z,2024-01-01T09:00Z,54,46,low
2024-01-01T09:00Z,2024-01-01T09:30Z,39,48,low
2024-01-01T09:30Z,2024-01-01T10:00Z,43,50,low
2024-01-01T10:00Z,2024-01-01T10:30Z,44,54,low
2024-01-01T10:30Z,2024-01-01T11:00Z,47,62,low
2024-01-01T11:00Z,2024-01-01T11:30Z,49,71,low
2024-01-01T11:30Z,2024-01-01T12:00Z,59,82,low
2024-01-01T12:00Z,2024-01-01T12:30Z,78,91,low
2024-01-01T12:30Z,2024-01-01T13:00Z,81,101,low
2024-01-01T13:00Z,2024-01-01T13:30Z,113,110,moderate
2024-01-01T13:30Z,2024-01-01T14:00Z,121,113,moderate
2024-01-01T14:00Z,2024-01-01T14:30Z,123,116,moderate
2024-01-01T14:30Z,2024-01-01T15:00Z,124,110,moderate
2024-01-01T15:00Z,2024-01-01T15:30Z,125,115,moderate
2024-01-01T15:30Z,2024-01-01T16:00Z,136,115,moderate
2024-01-01T16:00Z,2024-01-01T16:30Z,121,115,moderate
2024-01-01T16:30Z,2024-01-01T17:00Z,122,113,moderate
2024-01-01T17:00Z,2024-01-01T17:30Z,114,108,low
2024-01-01T17:30Z,2024-01-01T18:00Z,104,103,low
2024-01-01T18:00Z,2024-01-01T18:30Z,89,93,low
2024-01-01T18:30Z,2024-01-01T19:00Z,82,82,low
2024-01-01T19:00Z,2024-01-01T19:30Z,77,70,low
2024-01-01T19:30Z,2024-01-01T20:00Z,69,61,low
2024-01-01T20:00Z,2024-01-01T20:30Z,66,50,low
2024-01-01T20:30Z,2024-01-01T21:00Z,60,44,low
2024-01-01T21:00Z,2024-01-01T21:30Z,44,41,low
2024-01-01T21:30Z,2024-01-01T22:00Z,42,42,low
2024-01-01T22:00Z,2024-01-01T22:30Z,40,46,low
2024-01-01T22:30Z,2024-01-01T23:00Z,39,49,low
2024-01-01T23:00Z,2024-01-01T23:30Z,46,50,low
2024-01-01T23:30Z,2024-01-02T00:00Z,40,50,low
2024-01-02T00:00Z,2024-01-02T00:30Z,50,53,low
2024-01-02T00:30Z,2024-01-02T01:00Z,48,57,low
2024-01-02T01:00Z,2024-01-02T01:30Z,52,59,low
2024-01-02T01:30Z,2024-01-02T02:00Z,56,53,low
2024-01-02T02:00Z,2024-01-02T02:30Z,57,53,low
2024-01-02T02:30Z,2024-01-02T03:00Z,50,55,low
2024-01-02T03:00Z,2024-01-02T03:30Z,54,56,low
2024-01-02T03:30Z,2024-01-02T04:00Z,57,57,low
2024-01-02T04:00Z,2024-01-02T04:30Z,56,59,low
2024-01-02T04:30Z,2024-01-02T05:00Z,56,65,low
2024-01-02T05:00Z,2024-01-02T05:30Z,59,66,low
2024-01-02T05:30Z,2024-01-02T06:00Z,66,70,low
2024-01-02T06:00Z,2024-01-02T06:30Z,68,83,low
2024-01-02T06:30Z,2024-01-02T07:00Z,70,96,low
2024-01-02T07:00Z,2024-01-02T07:30Z,84,105,low
2024-01-02T07:30Z,2024-01-02T08:00Z,90,100,low
2024-01-02T08:00Z,2024-01-02T08:30Z,121,111,moderate
2024-01-02T08:30Z,2024-01-02T09:00Z,130,117,moderate
2024-01-02T09:00Z,2024-01-02T09:30Z,141,127,moderate
2024-01-02T09:30Z,2024-01-02T10:00Z,143,135,moderate
2024-01-02T10:00Z,2024-01-02T10:30Z,138,139,moderate
2024-01-02T10:30Z,2024-01-02T11:00Z,144,149,moderate
2024-01-02T11:00Z,2024-01-02T11:30Z,146,143,moderate
2024-01-02T11:30Z,2024-01-02T12:00Z,154,148,moderate
2024-01-02T12:00Z,2024-01-02T12:30Z,148,152,moderate
2024-01-02T12:30Z,2024-01-02T13:00Z,150,152,moderate
2024-01-02T13:00Z,2024-01-02T13:30Z,153,154,moderate
2024-01-02T13:30Z,2024-01-02T14:00Z,158,153,moderate
2024-01-02T14:00Z,2024-01-02T14:30Z,155,150,moderate
2024-01-02T14:30Z,2024-01-02T15:00Z,152,145,moderate
2024-01-02T15:00Z,2024-01-02T15:30Z,154,144,moderate
2024-01-02T15:30Z,2024-01-02T16:00Z,158,143,moderate
2024-01-02T16:00Z,2024-01-02T16:30Z,146,140,moderate
2024-01-02T16:30Z,2024-01-02T17:00Z,145,138,moderate
2024-01-02T17:00Z,2024-01-02T17:30Z,142,136,moderate
2024-01-02T17:30Z,2024-01-02T18:00Z,139,130,moderate
2024-01-02T18:00Z,2024-01-02T18:30Z,133,127,moderate
2024-01-02T18:30Z,2024-01-02T19:00Z,122,124,moderate
2024-01-02T19:00Z,2024-01-02T19:30Z,110,118,moderate
2024-01-02T19:30Z,2024-01-02T20:00Z,101,108,low
2024-01-02T20:00Z,2024-01-02T20:30Z,105,100,low
2024-01-02T20:30Z,2024-01-02T21:00Z,96,92,low
2024-01-02T21:00Z,2024-01-02T21:30Z,91,82,low
2024-01-02T21:30Z,2024-01-02T22:00Z,89,70,low
2024-01-02T22:00Z,2024-01-02T22:30Z,86,66,low
2024-01-02T22:30Z,2024-01-02T23:00Z,71,70,low
2024-01-02T23:00Z,2024-01-02T23:30Z,65,66,low
2024-01-02T23:30Z,2024-01-03T00:00Z,66,66,low
2024-01-03T00:00Z,2024-01-03T00:30Z,65,67,low
2024-01-03T00:30Z,2024-01-03T01:00Z,66,65,low
2024-01-03T01:00Z,2024-01-03T01:30Z,64,63,low
2024-01-03T01:30Z,2024-01-03T02:00Z,66,67,low
2024-01-03T02:00Z,2024-01-03T02:30Z,67,71,low
2024-01-03T02:30Z,2024-01-03T03:00Z,69,76,low
2024-01-03T03:00Z,2024-01-03T03:30Z,76,73,low
2024-01-03T03:30Z,2024-01-03T04:00Z,80,77,low
2024-01-03T04:00Z,2024-01-03T04:30Z,74,78,low
2024-01-03T04:30Z,2024-01-03T05:00Z,75,78,low
2024-01-03T05:00Z,2024-01-03T05:30Z,79,81,low
2024-01-03T05:30Z,2024-01-03T06:00Z,78,87,low
2024-01-03T06:00Z,2024-01-03T06:30Z,68,105,low
2024-01-03T06:30Z,2024-01-03T07:00Z,105,115,moderate
2024-01-03T07:00Z,2024-01-03T07:30Z,135,131,moderate
2024-01-03T07:30Z,2024-01-03T08:00Z,136,138,moderate
2024-01-03T08:00Z,2024-01-03T08:30Z,118,146,moderate
2024-01-03T08:30Z,2024-01-03T09:00Z,147,149,moderate
2024-01-03T09:00Z,2024-01-03T09:30Z,150,149,moderate
2024-01-03T09:30Z,2024-01-03T10:00Z,147,150,moderate
2024-01-03T10:00Z,2024-01-03T10:30Z,153,153,moderate
2024-01-03T10:30Z,2024-01-03T11:00Z,149,155,moderate
2024-01-03T11:00Z,2024-01-03T11:30Z,152,157,moderate
2024-01-03T11:30Z,2024-01-03T12:00Z,157,160,moderate
2024-01-03T12:00Z,2024-01-03T12:30Z,155,163,moderate
2024-01-03T12:30Z,2024-01-03T13:00Z,155,166,moderate
2024-01-03T13:00Z,2024-01-03T13:30Z,159,168,moderate
2024-01-03T13:30Z,2024-01-03T14:00Z,166,167,moderate
2024-01-03T14:00Z,2024-01-03T14:30Z,166,174,moderate
2024-01-03T14:30Z,2024-01-03T15:00Z,173,173,moderate
2024-01-03T15:00Z,2024-01-03T15:30Z,176,170,moderate
2024-01-03T15:30Z,2024-01-03T16:00Z,177,170,moderate
2024-01-03T16:00Z,2024-01-03T16:30Z,173,174,moderate
2024-01-03T16:30Z,2024-01-03T17:00Z,172,173,moderate
2024-01-03T17:00Z,2024-01-03T17:30Z,174,174,moderate
2024-01-03T17:30Z,2024-01-03T18:00Z,174,174,moderate
2024-01-03T18:00Z,2024-01-03T18:30Z,177,176,moderate
2024-01-03T18:30Z,2024-01-03T19:00Z,179,174,moderate
2024-01-03T19:00Z,2024-01-03T19:30Z,180,168,moderate
2024-01-03T19:30Z,2024-01-03T20:00Z,161,162,moderate
2024-01-03T20:00Z,2024-01-03T20:30Z,150,154,moderate
2024-01-03T20:30Z,2024-01-03T21:00Z,146,143,moderate
2024-01-03T21:00Z,2024-01-03T21:30Z,139,137,moderate
2024-01-03T21:30Z,2024-01-03T22:00Z,132,127,moderate
2024-01-03T22:00Z,2024-01-03T22:30Z,103,119,moderate
2024-01-03T22:30Z,2024-01-03T23:00Z,103,117,moderate
2024-01-03T23:00Z,2024-01-03T23:30Z,104,117,moderate
2024-01-03T23:30Z,2024-01-04T00:00Z,96,114,moderate
2024-01-04T00:00Z,2024-01-04T00:30Z,94,111,moderate
2024-01-04T00:30Z,2024-01-04T01:00Z,107,101,low
2024-01-04T01:00Z,2024-01-04T01:30Z,104,99,low
2024-01-04T01:30Z,2024-01-04T02:00Z,97,98,low
2024-01-04T02:00Z,2024-01-04T02:30Z,97,89,low
2024-01-04T02:30Z,2024-01-04T03:00Z,89,88,low
2024-01-04T03:00Z,2024-01-04T03:30Z,85,91,low
2024-01-04T03:30Z,2024-01-04T04:00Z,81,95,low
2024-01-04T04:00Z,2024-01-04T04:30Z,90,98,low
2024-01-04T04:30Z,2024-01-04T05:00Z,94,96,low
2024-01-04T05:00Z,2024-01-04T05:30Z,101,98,low
2024-01-04T05:30Z,2024-01-04T06:00Z,99,117,moderate
2024-01-04T06:00Z,2024-01-04T06:30Z,115,144,moderate
2024-01-04T06:30Z,2024-01-04T07:00Z,149,189,moderate
2024-01-04T07:00Z,2024-01-04T07:30Z,158,205,high
2024-01-04T07:30Z,2024-01-04T08:00Z,192,207,high
2024-01-04T08:00Z,2024-01-04T08:30Z,168,207,high
2024-01-04T08:30Z,2024-01-04T09:00Z,206,203,high
2024-01-04T09:00Z,2024-01-04T09:30Z,206,204,high
2024-01-04T09:30Z,2024-01-04T10:00Z,209,202,high
2024-01-04T10:00Z,2024-01-04T10:30Z,208,201,high
2024-01-04T10:30Z,2024-01-04T11:00Z,201,199,high
2024-01-04T11:00Z,2024-01-04T11:30Z,204,206,high
2024-01-04T11:30Z,2024-01-04T12:00Z,208,211,high
2024-01-04T12:00Z,2024-01-04T12:30Z,210,214,high
2024-01-04T12:30Z,2024-01-04T13:00Z,212,222,high
2024-01-04T13:00Z,2024-01-04T13:30Z,221,228,high
2024-01-04T13:30Z,2024-01-04T14:00Z,228,236,high
2024-01-04T14:00Z,2024-01-04T14:30Z,234,235,high
2024-01-04T14:30Z,2024-01-04T15:00Z,238,236,high
2024-01-04T15:00Z,2024-01-04T15:30Z,234,237,high
2024-01-04T15:30Z,2024-01-04T16:00Z,235,239,high
2024-01-04T16:00Z,2024-01-04T16:30Z,237,237,high
2024-01-04T16:30Z,2024-01-04T17:00Z,242,240,high
2024-01-04T17:00Z,2024-01-04T17:30Z,235,238,high
2024-01-04T17:30Z,2024-01-04T18:00Z,241,237,high
2024-01-04T18:00Z,2024-01-04T18:30Z,243,234,high
2024-01-04T18:30Z,2024-01-04T19:00Z,245,233,high
2024-01-04T19:00Z,2024-01-04T19:30Z,240,226,high
2024-01-04T19:30Z,2024-01-04T20:00Z,240,220,high
2024-01-04T20:00Z,2024-01-04T20:30Z,232,207,high
2024-01-04T20:30Z,2024-01-04T21:00Z,224,197,high
2024-01-04T21:00Z,2024-01-04T21:30Z,208,187,moderate
2024-01-04T21:30Z,2024-01-04T22:00Z,200,184,moderate
2024-01-04T22:00Z,2024-01-04T22:30Z,186,172,moderate
2024-01-04T22:30Z,2024-01-04T23:00Z,185,152,moderate
2024-01-04T23:00Z,2024-01-04T23:30Z,154,146,moderate
2024-01-04T23:30Z,2024-01-05T00:00Z,145,141,moderate
2024-01-05T00:00Z,2024-01-05T00:30Z,153,142,moderate
2024-01-05T00:30Z,2024-01-05T01:00Z,141,143,moderate
2024-01-05T01:00Z,2024-01-05T01:30Z,147,140,moderate
2024-01-05T01:30Z,2024-01-05T02:00Z,150,147,moderate
2024-01-05T02:00Z,2024-01-05T02:30Z,148,138,moderate
2024-01-05T02:30Z,2024-01-05T03:00Z,154,135,moderate
2024-01-05T03:00Z,2024-01-05T03:30Z,153,131,moderate
2024-01-05T03:30Z,2024-01-05T04:00Z,151,131,moderate
2024-01-05T04:00Z,2024-01-05T04:30Z,141,128,moderate
2024-01-05T04:30Z,2024-01-05T05:00Z,135,124,moderate
2024-01-05T05:00Z,2024-01-05T05:30Z,135,126,moderate
2024-01-05T05:30Z,2024-01-05T06:00Z,127,150,moderate
2024-01-05T06:00Z,2024-01-05T06:30Z,136,169,moderate
2024-01-05T06:30Z,2024-01-05T07:00Z,162,195,high
2024-01-05T07:00Z,2024-01-05T07:30Z,171,201,high
2024-01-05T07:30Z,2024-01-05T08:00Z,176,193,high
2024-01-05T08:00Z,2024-01-05T08:30Z,201,195,high
2024-01-05T08:30Z,2024-01-05T09:00Z,198,195,high
2024-01-05T09:00Z,2024-01-05T09:30Z,192,197,high
2024-01-05T09:30Z,2024-01-05T10:00Z,195,196,high
2024-01-05T10:00Z,2024-01-05T10:30Z,198,193,high
2024-01-05T10:30Z,2024-01-05T11:00Z,200,188,moderate
2024-01-05T11:00Z,2024-01-05T11:30Z,195,184,moderate
2024-01-05T11:30Z,2024-01-05T12:00Z,196,182,moderate
2024-01-05T12:00Z,2024-01-05T12:30Z,188,179,moderate
2024-01-05T12:30Z,2024-01-05T13:00Z,185,182,moderate
2024-01-05T13:00Z,2024-01-05T13:30Z,182,183,moderate
2024-01-05T13:30Z,2024-01-05T14:00Z,187,185,moderate
2024-01-05T14:00Z,2024-01-05T14:30Z,187,188,moderate
2024-01-05T14:30Z,2024-01-05T15:00Z,190,188,moderate
2024-01-05T15:00Z,2024-01-05T15:30Z,190,191,high
2024-01-05T15:30Z,2024-01-05T16:00Z,190,188,moderate
2024-01-05T16:00Z,2024-01-05T16:30Z,195,188,moderate
2024-01-05T16:30Z,2024-01-05T17:00Z,190,190,high
2024-01-05T17:00Z,2024-01-05T17:30Z,190,189,moderate
2024-01-05T17:30Z,2024-01-05T18:00Z,192,189,moderate
2024-01-05T18:00Z,2024-01-05T18:30Z,192,190,high
2024-01-05T18:30Z,2024-01-05T19:00Z,193,192,high
2024-01-05T19:00Z,2024-01-05T19:30Z,194,188,moderate
2024-01-05T19:30Z,2024-01-05T20:00Z,191,185,moderate
2024-01-05T20:00Z,2024-01-05T20:30Z,189,182,moderate
2024-01-05T20:30Z,2024-01-05T21:00Z,187,171,moderate
2024-01-05T21:00Z,2024-01-05T21:30Z,184,166,moderate
2024-01-05T21:30Z,2024-01-05T22:00Z,177,165,moderate
2024-01-05T22:00Z,2024-01-05T22:30Z,168,161,moderate
2024-01-05T22:30Z,2024-01-05T23:00Z,171,142,moderate
2024-01-05T23:00Z,2024-01-05T23:30Z,137,129,moderate
2024-01-05T23:30Z,2024-01-06T00:00Z,144,123,moderate
2024-01-06T00:00Z,2024-01-06T00:30Z,137,124,moderate
2024-01-06T00:30Z,2024-01-06T01:00Z,130,122,moderate
2024-01-06T01:00Z,2024-01-06T01:30Z,127,117,moderate
2024-01-06T01:30Z,2024-01-06T02:00Z,127,116,moderate
2024-01-06T02:00Z,2024-01-06T02:30Z,119,114,moderate
2024-01-06T02:30Z,2024-01-06T03:00Z,123,116,moderate
2024-01-06T03:00Z,2024-01-06T03:30Z,112,115,moderate
2024-01-06T03:30Z,2024-01-06T04:00Z,114,117,moderate
2024-01-06T04:00Z,2024-01-06T04:30Z,117,120,moderate
2024-01-06T04:30Z,2024-01-06T05:00Z,125,129,moderate
2024-01-06T05:00Z,2024-01-06T05:30Z,128,132,moderate
2024-01-06T05:30Z,2024-01-06T06:00Z,137,136,moderate
2024-01-06T06:00Z,2024-01-06T06:30Z,136,142,moderate
2024-01-06T06:30Z,2024-01-06T07:00Z,152,165,moderate
2024-01-06T07:00Z,2024-01-06T07:30Z,161,177,moderate
2024-01-06T07:30Z,2024-01-06T08:00Z,176,186,moderate
2024-01-06T08:00Z,2024-01-06T08:30Z,181,195,high
2024-01-06T08:30Z,2024-01-06T09:00Z,191,199,high
2024-01-06T09:00Z,2024-01-06T09:30Z,196,199,high
2024-01-06T09:30Z,2024-01-06T10:00Z,204,196,high
2024-01-06T10:00Z,2024-01-06T10:30Z,199,196,high
2024-01-06T10:30Z,2024-01-06T11:00Z,198,192,high
2024-01-06T11:00Z,2024-01-06T11:30Z,195,191,high
2024-01-06T11:30Z,2024-01-06T12:00Z,196,191,high
2024-01-06T12:00Z,2024-01-06T12:30Z,192,189,moderate
2024-01-06T12:30Z,2024-01-06T13:00Z,189,188,moderate
2024-01-06T13:00Z,2024-01-06T13:30Z,194,195,high
2024-01-06T13:30Z,2024-01-06T14:00Z,196,202,high
2024-01-06T14:00Z,2024-01-06T14:30Z,198,206,high
2024-01-06T14:30Z,2024-01-06T15:00Z,204,206,high
2024-01-06T15:00Z,2024-01-06T15:30Z,209,210,high
2024-01-06T15:30Z,2024-01-06T16:00Z,215,210,high
2024-01-06T16:00Z,2024-01-06T16:30Z,219,213,high
2024-01-06T16:30Z,2024-01-06T17:00Z,221,211,high
2024-01-06T17:00Z,2024-01-06T17:30Z,216,208,high
2024-01-06T17:30Z,2024-01-06T18:00Z,214,210,high
2024-01-06T18:00Z,2024-01-06T18:30Z,212,213,high
2024-01-06T18:30Z,2024-01-06T19:00Z,211,213,high
2024-01-06T19:00Z,2024-01-06T19:30Z,210,213,high
2024-01-06T19:30Z,2024-01-06T20:00Z,219,212,high
2024-01-06T20:00Z,2024-01-06T20:30Z,211,208,high
2024-01-06T20:30Z,2024-01-06T21:00Z,214,201,high
2024-01-06T21:00Z,2024-01-06T21:30Z,208,197,high
2024-01-06T21:30Z,2024-01-06T22:00Z,204,198,high
2024-01-06T22:00Z,2024-01-06T22:30Z,207,190,high
2024-01-06T22:30Z,2024-01-06T23:00Z,194,173,moderate
2024-01-06T23:00Z,2024-01-06T23:30Z,172,161,moderate
2024-01-06T23:30Z,2024-01-07T00:00Z,176,155,moderate
2024-01-07T00:00Z,2024-01-07T00:30Z,184,162,moderate
2024-01-07T00:30Z,2024-01-07T01:00Z,154,153,moderate
2024-01-07T01:00Z,2024-01-07T01:30Z,160,151,moderate
2024-01-07T01:30Z,2024-01-07T02:00Z,165,148,moderate
2024-01-07T02:00Z,2024-01-07T02:30Z,159,150,moderate
2024-01-07T02:30Z,2024-01-07T03:00Z,157,150,moderate
2024-01-07T03:00Z,2024-01-07T03:30Z,155,144,moderate
2024-01-07T03:30Z,2024-01-07T04:00Z,156,142,moderate
2024-01-07T04:00Z,2024-01-07T04:30Z,150,144,moderate
2024-01-07T04:30Z,2024-01-07T05:00Z,150,146,moderate
2024-01-07T05:00Z,2024-01-07T05:30Z,151,142,moderate
2024-01-07T05:30Z,2024-01-07T06:00Z,155,149,moderate
2024-01-07T06:00Z,2024-01-07T06:30Z,155,155,moderate
2024-01-07T06:30Z,2024-01-07T07:00Z,158,170,moderate
2024-01-07T07:00Z,2024-01-07T07:30Z,161,172,moderate
2024-01-07T07:30Z,2024-01-07T08:00Z,190,181,moderate
2024-01-07T08:00Z,2024-01-07T08:30Z,183,194,high
2024-01-07T08:30Z,2024-01-07T09:00Z,195,204,high
2024-01-07T09:00Z,2024-01-07T09:30Z,197,206,high
2024-01-07T09:30Z,2024-01-07T10:00Z,210,201,high
2024-01-07T10:00Z,2024-01-07T10:30Z,214,204,high
2024-01-07T10:30Z,2024-01-07T11:00Z,205,201,high
2024-01-07T11:00Z,2024-01-07T11:30Z,206,203,high
2024-01-07T11:30Z,2024-01-07T12:00Z,208,204,high
2024-01-07T12:00Z,2024-01-07T12:30Z,209,205,high
2024-01-07T12:30Z,2024-01-07T13:00Z,210,215,high
2024-01-07T13:00Z,2024-01-07T13:30Z,212,214,high
2024-01-07T13:30Z,2024-01-07T14:00Z,222,214,high
2024-01-07T14:00Z,2024-01-07T14:30Z,223,222,high
2024-01-07T14:30Z,2024-01-07T15:00Z,222,230,high
2024-01-07T15:00Z,2024-01-07T15:30Z,230,232,high
2024-01-07T15:30Z,2024-01-07T16:00Z,237,233,high
2024-01-07T16:00Z,2024-01-07T16:30Z,251,234,high
2024-01-07T16:30Z,2024-01-07T17:00Z,249,235,high
2024-01-07T17:00Z,2024-01-07T17:30Z,245,234,high
2024-01-07T17:30Z,2024-01-07T18:00Z,243,231,high
2024-01-07T18:00Z,2024-01-07T18:30Z,245,235,high
2024-01-07T18:30Z,2024-01-07T19:00Z,240,239,high
2024-01-07T19:00Z,2024-01-07T19:30Z,239,237,high
2024-01-07T19:30Z,2024-01-07T20:00Z,240,233,high
2024-01-07T20:00Z,2024-01-07T20:30Z,243,226,high
2024-01-07T20:30Z,2024-01-07T21:00Z,230,226,high
2024-01-07T21:00Z,2024-01-07T21:30Z,226,220,high
2024-01-07T21:30Z,2024-01-07T22:00Z,219,221,high
2024-01-07T22:00Z,2024-01-07T22:30Z,213,214,high
2024-01-07T22:30Z,2024-01-07T23:00Z,214,194,high
2024-01-07T23:00Z,2024-01-07T23:30Z,200,188,moderate
2024-01-07T23:30Z,2024-01-08T00:00Z,180,184,moderate
2024-01-08T00:00Z,2024-01-08T00:30Z,192,187,moderate
2024-01-08T00:30Z,2024-01-08T01:00Z,190,180,moderate
2024-01-08T01:00Z,2024-01-08T01:30Z,185,173,moderate
2024-01-08T01:30Z,2024-01-08T02:00Z,168,171,moderate
2024-01-08T02:00Z,2024-01-08T02:30Z,168,162,moderate
2024-01-08T02:30Z,2024-01-08T03:00Z,157,163,moderate
2024-01-08T03:00Z,2024-01-08T03:30Z,160,162,moderate
2024-01-08T03:30Z,2024-01-08T04:00Z,161,168,moderate
2024-01-08T04:00Z,2024-01-08T04:30Z,157,169,moderate
2024-01-08T04:30Z,2024-01-08T05:00Z,167,193,high
2024-01-08T05:00Z,2024-01-08T05:30Z,168,207,high
2024-01-08T05:30Z,2024-01-08T06:00Z,209,241,high
2024-01-08T06:00Z,2024-01-08T06:30Z,235,253,high
2024-01-08T06:30Z,2024-01-08T07:00Z,244,258,high
2024-01-08T07:00Z,2024-01-08T07:30Z,254,257,high
2024-01-08T07:30Z,2024-01-08T08:00Z,254,255,high
2024-01-08T08:00Z,2024-01-08T08:30Z,254,252,high
2024-01-08T08:30Z,2024-01-08T09:00Z,252,244,high
2024-01-08T09:00Z,2024-01-08T09:30Z,249,243,high
2024-01-08T09:30Z,2024-01-08T10:00Z,240,247,high
2024-01-08T10:00Z,2024-01-08T10:30Z,239,244,high
2024-01-08T10:30Z,2024-01-08T11:00Z,237,243,high
2024-01-08T11:00Z,2024-01-08T11:30Z,241,241,high
2024-01-08T11:30Z,2024-01-08T12:00Z,237,239,high
2024-01-08T12:00Z,2024-01-08T12:30Z,238,238,high
2024-01-08T12:30Z,2024-01-08T13:00Z,235,238,high
2024-01-08T13:00Z,2024-01-08T13:30Z,235,240,high
2024-01-08T13:30Z,2024-01-08T14:00Z,232,243,high
2024-01-08T14:00Z,2024-01-08T14:30Z,235,244,high
2024-01-08T14:30Z,2024-01-08T15:00Z,235,244,high
2024-01-08T15:00Z,2024-01-08T15:30Z,239,241,high
2024-01-08T15:30Z,2024-01-08T16:00Z,238,234,high
2024-01-08T16:00Z,2024-01-08T16:30Z,241,238,high
2024-01-08T16:30Z,2024-01-08T17:00Z,235,231,high
2024-01-08T17:00Z,2024-01-08T17:30Z,238,223,high
2024-01-08T17:30Z,2024-01-08T18:00Z,230,224,high
2024-01-08T18:00Z,2024-01-08T18:30Z,219,227,high
2024-01-08T18:30Z,2024-01-08T19:00Z,218,228,high
2024-01-08T19:00Z,2024-01-08T19:30Z,218,226,high
2024-01-08T19:30Z,2024-01-08T20:00Z,228,222,high
2024-01-08T20:00Z,2024-01-08T20:30Z,226,207,high
2024-01-08T20:30Z,2024-01-08T21:00Z,216,196,high
2024-01-08T21:00Z,2024-01-08T21:30Z,200,186,moderate
2024-01-08T21:30Z,2024-01-08T22:00Z,193,188,moderate
2024-01-08T22:00Z,2024-01-08T22:30Z,175,176,moderate
2024-01-08T22:30Z,2024-01-08T23:00Z,164,172,moderate
2024-01-08T23:00Z,2024-01-08T23:30Z,134,167,moderate
2024-01-08T23:30Z,2024-01-09T00:00Z,167,170,moderate
2024-01-09T00:00Z,2024-01-09T00:30Z,164,174,moderate
2024-01-09T00:30Z,2024-01-09T01:00Z,169,173,moderate
2024-01-09T01:00Z,2024-01-09T01:30Z,174,171,moderate
2024-01-09T01:30Z,2024-01-09T02:00Z,170,170,moderate
2024-01-09T02:00Z,2024-01-09T02:30Z,172,165,moderate
2024-01-09T02:30Z,2024-01-09T03:00Z,167,164,moderate
2024-01-09T03:00Z,2024-01-09T03:30Z,165,165,moderate
2024-01-09T03:30Z,2024-01-09T04:00Z,165,173,moderate
2024-01-09T04:00Z,2024-01-09T04:30Z,165,172,moderate
2024-01-09T04:30Z,2024-01-09T05:00Z,173,179,moderate
2024-01-09T05:00Z,2024-01-09T05:30Z,172,188,moderate
2024-01-09T05:30Z,2024-01-09T06:00Z,182,203,high
2024-01-09T06:00Z,2024-01-09T06:30Z,204,214,high
2024-01-09T06:30Z,2024-01-09T07:00Z,226,217,high
2024-01-09T07:00Z,2024-01-09T07:30Z,236,220,high
2024-01-09T07:30Z,2024-01-09T08:00Z,215,222,high
2024-01-09T08:00Z,2024-01-09T08:30Z,217,222,high
2024-01-09T08:30Z,2024-01-09T09:00Z,223,222,high
2024-01-09T09:00Z,2024-01-09T09:30Z,222,217,high
2024-01-09T09:30Z,2024-01-09T10:00Z,222,213,high
2024-01-09T10:00Z,2024-01-09T10:30Z,215,208,high
2024-01-09T10:30Z,2024-01-09T11:00Z,213,204,high
2024-01-09T11:00Z,2024-01-09T11:30Z,212,202,high
2024-01-09T11:30Z,2024-01-09T12:00Z,205,203,high
2024-01-09T12:00Z,2024-01-09T12:30Z,203,199,high
2024-01-09T12:30Z,2024-01-09T13:00Z,205,201,high
2024-01-09T13:00Z,2024-01-09T13:30Z,200,205,high
2024-01-09T13:30Z,2024-01-09T14:00Z,204,209,high
2024-01-09T14:00Z,2024-01-09T14:30Z,208,219,high
2024-01-09T14:30Z,2024-01-09T15:00Z,210,226,high
2024-01-09T15:00Z,2024-01-09T15:30Z,224,231,high
2024-01-09T15:30Z,2024-01-09T16:00Z,230,232,high
2024-01-09T16:00Z,2024-01-09T16:30Z,233,236,high
2024-01-09T16:30Z,2024-01-09T17:00Z,231,236,high
2024-01-09T17:00Z,2024-01-09T17:30Z,232,238,high
2024-01-09T17:30Z,2024-01-09T18:00Z,231,241,high
2024-01-09T18:00Z,2024-01-09T18:30Z,234,239,high
2024-01-09T18:30Z,2024-01-09T19:00Z,240,234,high
2024-01-09T19:00Z,2024-01-09T19:30Z,239,240,high
2024-01-09T19:30Z,2024-01-09T20:00Z,233,243,high
2024-01-09T20:00Z,2024-01-09T20:30Z,237,240,high
2024-01-09T20:30Z,2024-01-09T21:00Z,240,239,high
2024-01-09T21:00Z,2024-01-09T21:30Z,236,227,high
2024-01-09T21:30Z,2024-01-09T22:00Z,228,212,high
2024-01-09T22:00Z,2024-01-09T22:30Z,217,201,high
2024-01-09T22:30Z,2024-01-09T23:00Z,199,205,high
2024-01-09T23:00Z,2024-01-09T23:30Z,185,206,high
2024-01-09T23:30Z,2024-01-10T00:00Z,198,211,high
2024-01-10T00:00Z,2024-01-10T00:30Z,186,218,high
2024-01-10T00:30Z,2024-01-10T01:00Z,212,217,high
2024-01-10T01:00Z,2024-01-10T01:30Z,215,218,high
2024-01-10T01:30Z,2024-01-10T02:00Z,212,222,high
2024-01-10T02:00Z,2024-01-10T02:30Z,219,226,high
2024-01-10T02:30Z,2024-01-10T03:00Z,221,228,high
2024-01-10T03:00Z,2024-01-10T03:30Z,224,229,high
2024-01-10T03:30Z,2024-01-10T04:00Z,221,233,high
2024-01-10T04:00Z,2024-01-10T04:30Z,228,233,high
2024-01-10T04:30Z,2024-01-10T05:00Z,234,237,high
2024-01-10T05:00Z,2024-01-10T05:30Z,237,243,high
2024-01-10T05:30Z,2024-01-10T06:00Z,251,251,high
2024-01-10T06:00Z,2024-01-10T06:30Z,273,261,high
2024-01-10T06:30Z,2024-01-10T07:00Z,256,268,high
2024-01-10T07:00Z,2024-01-10T07:30Z,260,266,high
2024-01-10T07:30Z,2024-01-10T08:00Z,266,269,high
2024-01-10T08:00Z,2024-01-10T08:30Z,267,270,very high
2024-01-10T08:30Z,2024-01-10T09:00Z,267,266,high
2024-01-10T09:00Z,2024-01-10T09:30Z,268,268,high
2024-01-10T09:30Z,2024-01-10T10:00Z,264,265,high
2024-01-10T10:00Z,2024-01-10T10:30Z,268,262,high
2024-01-10T10:30Z,2024-01-10T11:00Z,261,257,high
2024-01-10T11:00Z,2024-01-10T11:30Z,257,252,high
2024-01-10T11:30Z,2024-01-10T12:00Z,253,252,high
2024-01-10T12:00Z,2024-01-10T12:30Z,246,249,high
2024-01-10T12:30Z,2024-01-10T13:00Z,244,249,high
2024-01-10T13:00Z,2024-01-10T13:30Z,250,250,high
2024-01-10T13:30Z,2024-01-10T14:00Z,249,248,high
2024-01-10T14:00Z,2024-01-10T14:30Z,252,250,high
2024-01-10T14:30Z,2024-01-10T15:00Z,251,248,high
2024-01-10T15:00Z,2024-01-10T15:30Z,253,255,high
2024-01-10T15:30Z,2024-01-10T16:00Z,252,250,high
2024-01-10T16:00Z,2024-01-10T16:30Z,253,251,high
2024-01-10T16:30Z,2024-01-10T17:00Z,250,248,high
2024-01-10T17:00Z,2024-01-10T17:30Z,250,247,high
2024-01-10T17:30Z,2024-01-10T18:00Z,245,242,high
2024-01-10T18:00Z,2024-01-10T18:30Z,247,244,high
2024-01-10T18:30Z,2024-01-10T19:00Z,245,257,high
2024-01-10T19:00Z,2024-01-10T19:30Z,247,254,high
2024-01-10T19:30Z,2024-01-10T20:00Z,257,252,high
2024-01-10T20:00Z,2024-01-10T20:30Z,256,252,high
2024-01-10T20:30Z,2024-01-10T21:00Z,253,252,high
2024-01-10T21:00Z,2024-01-10T21:30Z,249,249,high
2024-01-10T21:30Z,2024-01-10T22:00Z,248,246,high
2024-01-10T22:00Z,2024-01-10T22:30Z,241,241,high
2024-01-10T22:30Z,2024-01-10T23:00Z,232,242,high
2024-01-10T23:00Z,2024-01-10T23:30Z,214,242,high
2024-01-10T23:30Z,2024-01-11T00:00Z,204,242,high
2024-01-11T00:00Z,2024-01-11T00:30Z,206,250,high
2024-01-11T00:30Z,2024-01-11T01:00Z,247,251,high
2024-01-11T01:00Z,2024-01-11T01:30Z,251,252,high
2024-01-11T01:30Z,2024-01-11T02:00Z,249,255,high
2024-01-11T02:00Z,2024-01-11T02:30Z,249,256,high
2024-01-11T02:30Z,2024-01-11T03:00Z,253,255,high
2024-01-11T03:00Z,2024-01-11T03:30Z,258,250,high
2024-01-11T03:30Z,2024-01-11T04:00Z,255,249,high
2024-01-11T04:00Z,2024-01-11T04:30Z,252,248,high
2024-01-11T04:30Z,2024-01-11T05:00Z,256,253,high
2024-01-11T05:00Z,2024-01-11T05:30Z,251,250,high
2024-01-11T05:30Z,2024-01-11T06:00Z,264,257,high
2024-01-11T06:00Z,2024-01-11T06:30Z,264,273,very high
2024-01-11T06:30Z,2024-01-11T07:00Z,263,279,very high
2024-01-11T07:00Z,2024-01-11T07:30Z,269,283,very high
2024-01-11T07:30Z,2024-01-11T08:00Z,277,283,very high
2024-01-11T08:00Z,2024-01-11T08:30Z,287,281,very high
2024-01-11T08:30Z,2024-01-11T09:00Z,289,275,very high
2024-01-11T09:00Z,2024-01-11T09:30Z,278,276,very high
2024-01-11T09:30Z,2024-01-11T10:00Z,274,275,very high
2024-01-11T10:00Z,2024-01-11T10:30Z,273,273,very high
2024-01-11T10:30Z,2024-01-11T11:00Z,272,271,very high
2024-01-11T11:00Z,2024-01-11T11:30Z,270,270,very high
2024-01-11T11:30Z,2024-01-11T12:00Z,270,270,very high
2024-01-11T12:00Z,2024-01-11T12:30Z,271,267,high
2024-01-11T12:30Z,2024-01-11T13:00Z,269,259,high
2024-01-11T13:00Z,2024-01-11T13:30Z,264,256,high
2024-01-11T13:30Z,2024-01-11T14:00Z,257,255,high
2024-01-11T14:00Z,2024-01-11T14:30Z,256,253,high
2024-01-11T14:30Z,2024-01-11T15:00Z,257,244,high
2024-01-11T15:00Z,2024-01-11T15:30Z,253,243,high
2024-01-11T15:30Z,2024-01-11T16:00Z,247,253,high
2024-01-11T16:00Z,2024-01-11T16:30Z,241,254,high
2024-01-11T16:30Z,2024-01-11T17:00Z,251,253,high
2024-01-11T17:00Z,2024-01-11T17:30Z,255,254,high
2024-01-11T17:30Z,2024-01-11T18:00Z,251,259,high
2024-01-11T18:00Z,2024-01-11T18:30Z,248,264,high
2024-01-11T18:30Z,2024-01-11T19:00Z,256,266,high
2024-01-11T19:00Z,2024-01-11T19:30Z,263,274,very high
2024-01-11T19:30Z,2024-01-11T20:00Z,268,283,very high
2024-01-11T20:00Z,2024-01-11T20:30Z,272,282,very high
2024-01-11T20:30Z,2024-01-11T21:00Z,280,284,very high
2024-01-11T21:00Z,2024-01-11T21:30Z,279,278,very high
2024-01-11T21:30Z,2024-01-11T22:00Z,277,273,very high
2024-01-11T22:00Z,2024-01-11T22:30Z,268,272,very high
2024-01-11T22:30Z,2024-01-11T23:00Z,259,270,very high
2024-01-11T23:00Z,2024-01-11T23:30Z,255,267,high
2024-01-11T23:30Z,2024-01-12T00:00Z,269,267,high
2024-01-12T00:00Z,2024-01-12T00:30Z,265,269,high
2024-01-12T00:30Z,2024-01-12T01:00Z,266,265,high
2024-01-12T01:00Z,2024-01-12T01:30Z,267,260,high
2024-01-12T01:30Z,2024-01-12T02:00Z,261,262,high
2024-01-12T02:00Z,2024-01-12T02:30Z,261,269,high
2024-01-12T02:30Z,2024-01-12T03:00Z,261,275,very high
2024-01-12T03:00Z,2024-01-12T03:30Z,267,274,very high
2024-01-12T03:30Z,2024-01-12T04:00Z,275,278,very high
2024-01-12T04:00Z,2024-01-12T04:30Z,265,280,very high
2024-01-12T04:30Z,2024-01-12T05:00Z,278,282,very high
2024-01-12T05:00Z,2024-01-12T05:30Z,285,282,very high
2024-01-12T05:30Z,2024-01-12T06:00Z,292,291,very high
2024-01-12T06:00Z,2024-01-12T06:30Z,293,292,very high
2024-01-12T06:30Z,2024-01-12T07:00Z,300,293,very high
2024-01-12T07:00Z,2024-01-12T07:30Z,293,294,very high
2024-01-12T07:30Z,2024-01-12T08:00Z,294,294,very high
2024-01-12T08:00Z,2024-01-12T08:30Z,294,295,very high
2024-01-12T08:30Z,2024-01-12T09:00Z,295,292,very high
2024-01-12T09:00Z,2024-01-12T09:30Z,299,293,very high
2024-01-12T09:30Z,2024-01-12T10:00Z,294,286,very high
2024-01-12T10:00Z,2024-01-12T10:30Z,293,285,very high
2024-01-12T10:30Z,2024-01-12T11:00Z,290,283,very high
2024-01-12T11:00Z,2024-01-12T11:30Z,287,283,very high
2024-01-12T11:30Z,2024-01-12T12:00Z,286,282,very high
2024-01-12T12:00Z,2024-01-12T12:30Z,284,281,very high
2024-01-12T12:30Z,2024-01-12T13:00Z,283,283,very high
2024-01-12T13:00Z,2024-01-12T13:30Z,282,284,very high
2024-01-12T13:30Z,2024-01-12T14:00Z,281,279,very high
2024-01-12T14:00Z,2024-01-12T14:30Z,284,278,very high
2024-01-12T14:30Z,2024-01-12T15:00Z,282,276,very high
2024-01-12T15:00Z,2024-01-12T15:30Z,281,272,very high
2024-01-12T15:30Z,2024-01-12T16:00Z,276,276,very high
2024-01-12T16:00Z,2024-01-12T16:30Z,275,271,very high
2024-01-12T16:30Z,2024-01-12T17:00Z,275,275,very high
2024-01-12T17:00Z,2024-01-12T17:30Z,268,275,very high
2024-01-12T17:30Z,2024-01-12T18:00Z,273,277,very high
2024-01-12T18:00Z,2024-01-12T18:30Z,272,275,very high
2024-01-12T18:30Z,2024-01-12T19:00Z,276,270,very high
2024-01-12T19:00Z,2024-01-12T19:30Z,277,275,very high
2024-01-12T19:30Z,2024-01-12T20:00Z,272,291,very high
2024-01-12T20:00Z,2024-01-12T20:30Z,271,289,very high
2024-01-12T20:30Z,2024-01-12T21:00Z,279,285,very high
2024-01-12T21:00Z,2024-01-12T21:30Z,271,276,very high
2024-01-12T21:30Z,2024-01-12T22:00Z,279,269,high
2024-01-12T22:00Z,2024-01-12T22:30Z,250,262,high
2024-01-12T22:30Z,2024-01-12T23:00Z,239,238,high
2024-01-12T23:00Z,2024-01-12T23:30Z,248,231,high
2024-01-12T23:30Z,2024-01-13T00:00Z,240,223,high
2024-01-13T00:00Z,2024-01-13T00:30Z,226,219,high
2024-01-13T00:30Z,2024-01-13T01:00Z,229,213,high
2024-01-13T01:00Z,2024-01-13T01:30Z,215,206,high
2024-01-13T01:30Z,2024-01-13T02:00Z,211,201,high
2024-01-13T02:00Z,2024-01-13T02:30Z,199,201,high
2024-01-13T02:30Z,2024-01-13T03:00Z,197,198,high
2024-01-13T03:00Z,2024-01-13T03:30Z,198,193,high
2024-01-13T03:30Z,2024-01-13T04:00Z,192,187,moderate
2024-01-13T04:00Z,2024-01-13T04:30Z,193,192,high
2024-01-13T04:30Z,2024-01-13T05:00Z,185,197,high
2024-01-13T05:00Z,2024-01-13T05:30Z,193,202,high
2024-01-13T05:30Z,2024-01-13T06:00Z,205,202,high
2024-01-13T06:00Z,2024-01-13T06:30Z,218,206,high
2024-01-13T06:30Z,2024-01-13T07:00Z,205,218,high
2024-01-13T07:00Z,2024-01-13T07:30Z,216,223,high
2024-01-13T07:30Z,2024-01-13T08:00Z,218,231,high
2024-01-13T08:00Z,2024-01-13T08:30Z,224,235,high
2024-01-13T08:30Z,2024-01-13T09:00Z,228,222,high
2024-01-13T09:00Z,2024-01-13T09:30Z,238,222,high
2024-01-13T09:30Z,2024-01-13T10:00Z,226,221,high
2024-01-13T10:00Z,2024-01-13T10:30Z,219,221,high
2024-01-13T10:30Z,2024-01-13T11:00Z,219,218,high
2024-01-13T11:00Z,2024-01-13T11:30Z,219,218,high
2024-01-13T11:30Z,2024-01-13T12:00Z,216,219,high
2024-01-13T12:00Z,2024-01-13T12:30Z,214,221,high
2024-01-13T12:30Z,2024-01-13T13:00Z,220,223,high
2024-01-13T13:00Z,2024-01-13T13:30Z,221,221,high
2024-01-13T13:30Z,2024-01-13T14:00Z,223,222,high
2024-01-13T14:00Z,2024-01-13T14:30Z,221,231,high
2024-01-13T14:30Z,2024-01-13T15:00Z,220,233,high
2024-01-13T15:00Z,2024-01-13T15:30Z,229,238,high
2024-01-13T15:30Z,2024-01-13T16:00Z,228,239,high
2024-01-13T16:00Z,2024-01-13T16:30Z,237,237,high
2024-01-13T16:30Z,2024-01-13T17:00Z,241,249,high
2024-01-13T17:00Z,2024-01-13T17:30Z,234,247,high
2024-01-13T17:30Z,2024-01-13T18:00Z,243,245,high
2024-01-13T18:00Z,2024-01-13T18:30Z,251,246,high
2024-01-13T18:30Z,2024-01-13T19:00Z,250,255,high
2024-01-13T19:00Z,2024-01-13T19:30Z,249,255,high
2024-01-13T19:30Z,2024-01-13T20:00Z,253,255,high
2024-01-13T20:00Z,2024-01-13T20:30Z,249,251,high
2024-01-13T20:30Z,2024-01-13T21:00Z,243,248,high
2024-01-13T21:00Z,2024-01-13T21:30Z,238,240,high
2024-01-13T21:30Z,2024-01-13T22:00Z,231,237,high
2024-01-13T22:00Z,2024-01-13T22:30Z,217,237,high
2024-01-13T22:30Z,2024-01-13T23:00Z,229,196,high
2024-01-13T23:00Z,2024-01-13T23:30Z,232,194,high
2024-01-13T23:30Z,2024-01-14T00:00Z,210,185,moderate
2024-01-14T00:00Z,2024-01-14T00:30Z,199,187,moderate
2024-01-14T00:30Z,2024-01-14T01:00Z,196,192,high
2024-01-14T01:00Z,2024-01-14T01:30Z,189,185,moderate
2024-01-14T01:30Z,2024-01-14T02:00Z,193,186,moderate
2024-01-14T02:00Z,2024-01-14T02:30Z,190,191,high
2024-01-14T02:30Z,2024-01-14T03:00Z,192,190,high
2024-01-14T03:00Z,2024-01-14T03:30Z,190,190,high
2024-01-14T03:30Z,2024-01-14T04:00Z,202,200,high
2024-01-14T04:00Z,2024-01-14T04:30Z,198,200,high
2024-01-14T04:30Z,2024-01-14T05:00Z,204,197,high
2024-01-14T05:00Z,2024-01-14T05:30Z,209,196,high
2024-01-14T05:30Z,2024-01-14T06:00Z,211,195,high
2024-01-14T06:00Z,2024-01-14T06:30Z,207,191,high
2024-01-14T06:30Z,2024-01-14T07:00Z,203,198,high
2024-01-14T07:00Z,2024-01-14T07:30Z,211,200,high
2024-01-14T07:30Z,2024-01-14T08:00Z,206,199,high
2024-01-14T08:00Z,2024-01-14T08:30Z,210,200,high
2024-01-14T08:30Z,2024-01-14T09:00Z,198,199,high
2024-01-14T09:00Z,2024-01-14T09:30Z,196,192,high
2024-01-14T09:30Z,2024-01-14T10:00Z,196,186,moderate
2024-01-14T10:00Z,2024-01-14T10:30Z,193,181,moderate
2024-01-14T10:30Z,2024-01-14T11:00Z,175,172,moderate
2024-01-14T11:00Z,2024-01-14T11:30Z,170,171,moderate
2024-01-14T11:30Z,2024-01-14T12:00Z,167,173,moderate
2024-01-14T12:00Z,2024-01-14T12:30Z,156,173,moderate
2024-01-14T12:30Z,2024-01-14T13:00Z,158,172,moderate
2024-01-14T13:00Z,2024-01-14T13:30Z,157,171,moderate
2024-01-14T13:30Z,2024-01-14T14:00Z,153,167,moderate
2024-01-14T14:00Z,2024-01-14T14:30Z,156,168,moderate
2024-01-14T14:30Z,2024-01-14T15:00Z,154,183,moderate
2024-01-14T15:00Z,2024-01-14T15:30Z,152,186,moderate
2024-01-14T15:30Z,2024-01-14T16:00Z,166,188,moderate
2024-01-14T16:00Z,2024-01-14T16:30Z,169,194,high
2024-01-14T16:30Z,2024-01-14T17:00Z,162,191,high
2024-01-14T17:00Z,2024-01-14T17:30Z,164,190,high
2024-01-14T17:30Z,2024-01-14T18:00Z,173,197,high
2024-01-14T18:00Z,2024-01-14T18:30Z,172,195,high
2024-01-14T18:30Z,2024-01-14T19:00Z,171,199,high
2024-01-14T19:00Z,2024-01-14T19:30Z,174,192,high
2024-01-14T19:30Z,2024-01-14T20:00Z,172,177,moderate
2024-01-14T20:00Z,2024-01-14T20:30Z,170,167,moderate
2024-01-14T20:30Z,2024-01-14T21:00Z,166,148,moderate
2024-01-14T21:00Z,2024-01-14T21:30Z,157,134,moderate
2024-01-14T21:30Z,2024-01-14T22:00Z,144,124,moderate
2024-01-14T22:00Z,2024-01-14T22:30Z,143,121,moderate
2024-01-14T22:30Z,2024-01-14T23:00Z,119,109,low
2024-01-14T23:00Z,2024-01-14T23:30Z,112,99,low
2024-01-14T23:30Z,2024-01-15T00:00Z,117,99,low
2024-01-15T00:00Z,2024-01-15T00:30Z,98,99,low
2024-01-15T00:30Z,2024-01-15T01:00Z,95,81,low
2024-01-15T01:00Z,2024-01-15T01:30Z,97,76,low
2024-01-15T01:30Z,2024-01-15T02:00Z,85,81,low
2024-01-15T02:00Z,2024-01-15T02:30Z,76,82,low
2024-01-15T02:30Z,2024-01-15T03:00Z,79,85,low
2024-01-15T03:00Z,2024-01-15T03:30Z,78,81,low
2024-01-15T03:30Z,2024-01-15T04:00Z,79,89,low
2024-01-15T04:00Z,2024-01-15T04:30Z,81,91,low
2024-01-15T04:30Z,2024-01-15T05:00Z,87,112,moderate
2024-01-15T05:00Z,2024-01-15T05:30Z,93,140,moderate
2024-01-15T05:30Z,2024-01-15T06:00Z,113,178,moderate
2024-01-15T06:00Z,2024-01-15T06:30Z,151,199,high
2024-01-15T06:30Z,2024-01-15T07:00Z,171,209,high
2024-01-15T07:00Z,2024-01-15T07:30Z,200,214,high
2024-01-15T07:30Z,2024-01-15T08:00Z,207,216,high
2024-01-15T08:00Z,2024-01-15T08:30Z,208,222,high
2024-01-15T08:30Z,2024-01-15T09:00Z,215,219,high
2024-01-15T09:00Z,2024-01-15T09:30Z,215,213,high
2024-01-15T09:30Z,2024-01-15T10:00Z,213,210,high
2024-01-15T10:00Z,2024-01-15T10:30Z,208,204,high
2024-01-15T10:30Z,2024-01-15T11:00Z,201,199,high
2024-01-15T11:00Z,2024-01-15T11:30Z,201,197,high
2024-01-15T11:30Z,2024-01-15T12:00Z,198,196,high
2024-01-15T12:00Z,2024-01-15T12:30Z,190,196,high
2024-01-15T12:30Z,2024-01-15T13:00Z,192,194,high
2024-01-15T13:00Z,2024-01-15T13:30Z,199,197,high
2024-01-15T13:30Z,2024-01-15T14:00Z,194,202,high
2024-01-15T14:00Z,2024-01-15T14:30Z,204,206,high
2024-01-15T14:30Z,2024-01-15T15:00Z,207,215,high
2024-01-15T15:00Z,2024-01-15T15:30Z,211,224,high
2024-01-15T15:30Z,2024-01-15T16:00Z,224,232,high
2024-01-15T16:00Z,2024-01-15T16:30Z,225,238,high
2024-01-15T16:30Z,2024-01-15T17:00Z,232,241,high
2024-01-15T17:00Z,2024-01-15T17:30Z,234,244,high
2024-01-15T17:30Z,2024-01-15T18:00Z,237,245,high
2024-01-15T18:00Z,2024-01-15T18:30Z,243,245,high
2024-01-15T18:30Z,2024-01-15T19:00Z,244,241,high
2024-01-15T19:00Z,2024-01-15T19:30Z,249,250,high
2024-01-15T19:30Z,2024-01-15T20:00Z,246,261,high
2024-01-15T20:00Z,2024-01-15T20:30Z,253,262,high
2024-01-15T20:30Z,2024-01-15T21:00Z,265,265,high
2024-01-15T21:00Z,2024-01-15T21:30Z,262,260,high
2024-01-15T21:30Z,2024-01-15T22:00Z,256,253,high
2024-01-15T22:00Z,2024-01-15T22:30Z,257,252,high
2024-01-15T22:30Z,2024-01-15T23:00Z,243,256,high
2024-01-15T23:00Z,2024-01-15T23:30Z,258,259,high
2024-01-15T23:30Z,2024-01-16T00:00Z,250,256,high
2024-01-16T00:00Z,2024-01-16T00:30Z,261,261,high
2024-01-16T00:30Z,2024-01-16T01:00Z,249,260,high
2024-01-16T01:00Z,2024-01-16T01:30Z,257,263,high
2024-01-16T01:30Z,2024-01-16T02:00Z,262,274,very high
2024-01-16T02:00Z,2024-01-16T02:30Z,263,278,very high
2024-01-16T02:30Z,2024-01-16T03:00Z,270,278,very high
2024-01-16T03:00Z,2024-01-16T03:30Z,277,273,very high
2024-01-16T03:30Z,2024-01-16T04:00Z,273,276,very high
2024-01-16T04:00Z,2024-01-16T04:30Z,271,269,high
2024-01-16T04:30Z,2024-01-16T05:00Z,275,271,very high
2024-01-16T05:00Z,2024-01-16T05:30Z,278,269,high
2024-01-16T05:30Z,2024-01-16T06:00Z,283,275,very high
2024-01-16T06:00Z,2024-01-16T06:30Z,290,284,very high
2024-01-16T06:30Z,2024-01-16T07:00Z,283,284,very high
2024-01-16T07:00Z,2024-01-16T07:30Z,284,285,very high
2024-01-16T07:30Z,2024-01-16T08:00Z,282,280,very high
2024-01-16T08:00Z,2024-01-16T08:30Z,273,281,very high
2024-01-16T08:30Z,2024-01-16T09:00Z,282,278,very high
2024-01-16T09:00Z,2024-01-16T09:30Z,277,275,very high
2024-01-16T09:30Z,2024-01-16T10:00Z,275,275,very high
2024-01-16T10:00Z,2024-01-16T10:30Z,269,272,very high
2024-01-16T10:30Z,2024-01-16T11:00Z,269,263,high
2024-01-16T11:00Z,2024-01-16T11:30Z,269,263,high
2024-01-16T11:30Z,2024-01-16T12:00Z,264,259,high
2024-01-16T12:00Z,2024-01-16T12:30Z,262,254,high
2024-01-16T12:30Z,2024-01-16T13:00Z,260,253,high
2024-01-16T13:00Z,2024-01-16T13:30Z,256,253,high
2024-01-16T13:30Z,2024-01-16T14:00Z,256,253,high
2024-01-16T14:00Z,2024-01-16T14:30Z,256,258,high
2024-01-16T14:30Z,2024-01-16T15:00Z,254,249,high
2024-01-16T15:00Z,2024-01-16T15:30Z,252,240,high
2024-01-16T15:30Z,2024-01-16T16:00Z,257,236,high
2024-01-16T16:00Z,2024-01-16T16:30Z,253,237,high
2024-01-16T16:30Z,2024-01-16T17:00Z,234,229,high
2024-01-16T17:00Z,2024-01-16T17:30Z,231,229,high
2024-01-16T17:30Z,2024-01-16T18:00Z,225,228,high
2024-01-16T18:00Z,2024-01-16T18:30Z,226,227,high
2024-01-16T18:30Z,2024-01-16T19:00Z,226,237,high
2024-01-16T19:00Z,2024-01-16T19:30Z,227,235,high
2024-01-16T19:30Z,2024-01-16T20:00Z,234,233,high
2024-01-16T20:00Z,2024-01-16T20:30Z,234,231,high
2024-01-16T20:30Z,2024-01-16T21:00Z,224,235,high
2024-01-16T21:00Z,2024-01-16T21:30Z,219,230,high
2024-01-16T21:30Z,2024-01-16T22:00Z,220,221,high
2024-01-16T22:00Z,2024-01-16T22:30Z,207,213,high
2024-01-16T22:30Z,2024-01-16T23:00Z,182,200,high
2024-01-16T23:00Z,2024-01-16T23:30Z,212,201,high
2024-01-16T23:30Z,2024-01-17T00:00Z,204,211,high
2024-01-17T00:00Z,2024-01-17T00:30Z,204,218,high
2024-01-17T00:30Z,2024-01-17T01:00Z,210,220,high
2024-01-17T01:00Z,2024-01-17T01:30Z,213,221,high
2024-01-17T01:30Z,2024-01-17T02:00Z,224,218,high
2024-01-17T02:00Z,2024-01-17T02:30Z,230,225,high
2024-01-17T02:30Z,2024-01-17T03:00Z,231,230,high
2024-01-17T03:00Z,2024-01-17T03:30Z,238,239,high
2024-01-17T03:30Z,2024-01-17T04:00Z,240,247,high
2024-01-17T04:00Z,2024-01-17T04:30Z,244,256,high
2024-01-17T04:30Z,2024-01-17T05:00Z,259,272,very high
2024-01-17T05:00Z,2024-01-17T05:30Z,267,281,very high
2024-01-17T05:30Z,2024-01-17T06:00Z,281,283,very high
2024-01-17T06:00Z,2024-01-17T06:30Z,293,288,very high
2024-01-17T06:30Z,2024-01-17T07:00Z,290,279,very high
2024-01-17T07:00Z,2024-01-17T07:30Z,289,286,very high
2024-01-17T07:30Z,2024-01-17T08:00Z,277,286,very high
2024-01-17T08:00Z,2024-01-17T08:30Z,281,284,very high
2024-01-17T08:30Z,2024-01-17T09:00Z,289,276,very high
2024-01-17T09:00Z,2024-01-17T09:30Z,287,275,very high
2024-01-17T09:30Z,2024-01-17T10:00Z,279,276,very high
2024-01-17T10:00Z,2024-01-17T10:30Z,277,273,very high
2024-01-17T10:30Z,2024-01-17T11:00Z,275,265,high
2024-01-17T11:00Z,2024-01-17T11:30Z,277,269,high
2024-01-17T11:30Z,2024-01-17T12:00Z,271,272,very high
2024-01-17T12:00Z,2024-01-17T12:30Z,276,268,high
2024-01-17T12:30Z,2024-01-17T13:00Z,278,266,high
2024-01-17T13:00Z,2024-01-17T13:30Z,273,264,high
2024-01-17T13:30Z,2024-01-17T14:00Z,274,260,high
2024-01-17T14:00Z,2024-01-17T14:30Z,274,254,high
2024-01-17T14:30Z,2024-01-17T15:00Z,267,256,high
2024-01-17T15:00Z,2024-01-17T15:30Z,268,262,high
2024-01-17T15:30Z,2024-01-17T16:00Z,269,260,high
2024-01-17T16:00Z,2024-01-17T16:30Z,270,256,high
2024-01-17T16:30Z,2024-01-17T17:00Z,261,255,high
2024-01-17T17:00Z,2024-01-17T17:30Z,260,256,high
2024-01-17T17:30Z,2024-01-17T18:00Z,255,259,high
2024-01-17T18:00Z,2024-01-17T18:30Z,255,257,high
2024-01-17T18:30Z,2024-01-17T19:00Z,260,257,high
2024-01-17T19:00Z,2024-01-17T19:30Z,261,259,high
2024-01-17T19:30Z,2024-01-17T20:00Z,264,259,high
2024-01-17T20:00Z,2024-01-17T20:30Z,265,257,high
2024-01-17T20:30Z,2024-01-17T21:00Z,269,259,high
2024-01-17T21:00Z,2024-01-17T21:30Z,265,256,high
2024-01-17T21:30Z,2024-01-17T22:00Z,260,257,high
2024-01-17T22:00Z,2024-01-17T22:30Z,265,251,high
2024-01-17T22:30Z,2024-01-17T23:00Z,259,243,high
2024-01-17T23:00Z,2024-01-17T23:30Z,260,242,high
2024-01-17T23:30Z,2024-01-18T00:00Z,253,239,high
2024-01-18T00:00Z,2024-01-18T00:30Z,253,232,high
2024-01-18T00:30Z,2024-01-18T01:00Z,256,222,high
2024-01-18T01:00Z,2024-01-18T01:30Z,244,209,high
2024-01-18T01:30Z,2024-01-18T02:00Z,234,210,high
2024-01-18T02:00Z,2024-01-18T02:30Z,221,214,high
2024-01-18T02:30Z,2024-01-18T03:00Z,221,216,high
2024-01-18T03:00Z,2024-01-18T03:30Z,217,216,high
2024-01-18T03:30Z,2024-01-18T04:00Z,227,223,high
2024-01-18T04:00Z,2024-01-18T04:30Z,229,234,high
2024-01-18T04:30Z,2024-01-18T05:00Z,237,238,high
2024-01-18T05:00Z,2024-01-18T05:30Z,248,244,high
2024-01-18T05:30Z,2024-01-18T06:00Z,267,254,high
2024-01-18T06:00Z,2024-01-18T06:30Z,266,260,high
2024-01-18T06:30Z,2024-01-18T07:00Z,266,263,high
2024-01-18T07:00Z,2024-01-18T07:30Z,271,263,high
2024-01-18T07:30Z,2024-01-18T08:00Z,277,265,high
2024-01-18T08:00Z,2024-01-18T08:30Z,265,268,high
2024-01-18T08:30Z,2024-01-18T09:00Z,277,267,high
2024-01-18T09:00Z,2024-01-18T09:30Z,250,261,high
2024-01-18T09:30Z,2024-01-18T10:00Z,278,255,high
2024-01-18T10:00Z,2024-01-18T10:30Z,270,248,high
2024-01-18T10:30Z,2024-01-18T11:00Z,271,239,high
2024-01-18T11:00Z,2024-01-18T11:30Z,262,230,high
2024-01-18T11:30Z,2024-01-18T12:00Z,250,232,high
2024-01-18T12:00Z,2024-01-18T12:30Z,245,233,high
2024-01-18T12:30Z,2024-01-18T13:00Z,233,234,high
2024-01-18T13:00Z,2024-01-18T13:30Z,231,231,high
2024-01-18T13:30Z,2024-01-18T14:00Z,244,228,high
2024-01-18T14:00Z,2024-01-18T14:30Z,241,229,high
2024-01-18T14:30Z,2024-01-18T15:00Z,246,224,high
2024-01-18T15:00Z,2024-01-18T15:30Z,238,227,high
2024-01-18T15:30Z,2024-01-18T16:00Z,243,238,high
2024-01-18T16:00Z,2024-01-18T16:30Z,240,239,high
2024-01-18T16:30Z,2024-01-18T17:00Z,241,240,high
2024-01-18T17:00Z,2024-01-18T17:30Z,243,237,high
2024-01-18T17:30Z,2024-01-18T18:00Z,238,234,high
2024-01-18T18:00Z,2024-01-18T18:30Z,240,238,high
2024-01-18T18:30Z,2024-01-18T19:00Z,236,246,high
2024-01-18T19:00Z,2024-01-18T19:30Z,241,244,high
2024-01-18T19:30Z,2024-01-18T20:00Z,250,234,high
2024-01-18T20:00Z,2024-01-18T20:30Z,251,226,high
2024-01-18T20:30Z,2024-01-18T21:00Z,239,213,high
2024-01-18T21:00Z,2024-01-18T21:30Z,228,206,high
2024-01-18T21:30Z,2024-01-18T22:00Z,218,205,high
2024-01-18T22:00Z,2024-01-18T22:30Z,213,196,high
2024-01-18T22:30Z,2024-01-18T23:00Z,195,189,moderate
2024-01-18T23:00Z,2024-01-18T23:30Z,193,181,moderate
2024-01-18T23:30Z,2024-01-19T00:00Z,193,179,moderate
2024-01-19T00:00Z,2024-01-19T00:30Z,188,184,moderate
2024-01-19T00:30Z,2024-01-19T01:00Z,182,175,moderate
2024-01-19T01:00Z,2024-01-19T01:30Z,185,175,moderate
2024-01-19T01:30Z,2024-01-19T02:00Z,180,177,moderate
2024-01-19T02:00Z,2024-01-19T02:30Z,179,174,moderate
2024-01-19T02:30Z,2024-01-19T03:00Z,180,177,moderate
2024-01-19T03:00Z,2024-01-19T03:30Z,179,178,moderate
2024-01-19T03:30Z,2024-01-19T04:00Z,182,185,moderate
2024-01-19T04:00Z,2024-01-19T04:30Z,156,187,moderate
2024-01-19T04:30Z,2024-01-19T05:00Z,188,198,high
2024-01-19T05:00Z,2024-01-19T05:30Z,190,206,high
2024-01-19T05:30Z,2024-01-19T06:00Z,198,225,high
2024-01-19T06:00Z,2024-01-19T06:30Z,213,240,high
2024-01-19T06:30Z,2024-01-19T07:00Z,233,242,high
2024-01-19T07:00Z,2024-01-19T07:30Z,246,241,high
2024-01-19T07:30Z,2024-01-19T08:00Z,242,235,high
2024-01-19T08:00Z,2024-01-19T08:30Z,224,237,high
2024-01-19T08:30Z,2024-01-19T09:00Z,235,235,high
2024-01-19T09:00Z,2024-01-19T09:30Z,238,228,high
2024-01-19T09:30Z,2024-01-19T10:00Z,237,225,high
2024-01-19T10:00Z,2024-01-19T10:30Z,225,216,high
2024-01-19T10:30Z,2024-01-19T11:00Z,227,209,high
2024-01-19T11:00Z,2024-01-19T11:30Z,212,200,high
2024-01-19T11:30Z,2024-01-19T12:00Z,213,194,high
2024-01-19T12:00Z,2024-01-19T12:30Z,207,187,moderate
2024-01-19T12:30Z,2024-01-19T13:00Z,203,175,moderate
2024-01-19T13:00Z,2024-01-19T13:30Z,198,183,moderate
2024-01-19T13:30Z,2024-01-19T14:00Z,185,184,moderate
2024-01-19T14:00Z,2024-01-19T14:30Z,193,196,high
2024-01-19T14:30Z,2024-01-19T15:00Z,194,205,high
2024-01-19T15:00Z,2024-01-19T15:30Z,201,211,high
2024-01-19T15:30Z,2024-01-19T16:00Z,220,209,high
2024-01-19T16:00Z,2024-01-19T16:30Z,218,220,high
2024-01-19T16:30Z,2024-01-19T17:00Z,215,217,high
2024-01-19T17:00Z,2024-01-19T17:30Z,220,214,high
2024-01-19T17:30Z,2024-01-19T18:00Z,217,210,high
2024-01-19T18:00Z,2024-01-19T18:30Z,215,207,high
2024-01-19T18:30Z,2024-01-19T19:00Z,209,209,high
2024-01-19T19:00Z,2024-01-19T19:30Z,212,202,high
2024-01-19T19:30Z,2024-01-19T20:00Z,211,191,high
2024-01-19T20:00Z,2024-01-19T20:30Z,203,181,moderate
2024-01-19T20:30Z,2024-01-19T21:00Z,190,177,moderate
2024-01-19T21:00Z,2024-01-19T21:30Z,175,167,moderate
2024-01-19T21:30Z,2024-01-19T22:00Z,161,155,moderate
2024-01-19T22:00Z,2024-01-19T22:30Z,154,135,moderate
2024-01-19T22:30Z,2024-01-19T23:00Z,154,117,moderate
2024-01-19T23:00Z,2024-01-19T23:30Z,148,109,low
2024-01-19T23:30Z,2024-01-20T00:00Z,151,109,low
2024-01-20T00:00Z,2024-01-20T00:30Z,84,111,moderate
2024-01-20T00:30Z,2024-01-20T01:00Z,128,110,moderate
2024-01-20T01:00Z,2024-01-20T01:30Z,113,106,low
2024-01-20T01:30Z,2024-01-20T02:00Z,114,103,low
2024-01-20T02:00Z,2024-01-20T02:30Z,116,100,low
2024-01-20T02:30Z,2024-01-20T03:00Z,109,99,low
2024-01-20T03:00Z,2024-01-20T03:30Z,105,95,low
2024-01-20T03:30Z,2024-01-20T04:00Z,103,96,low
2024-01-20T04:00Z,2024-01-20T04:30Z,98,95,low
2024-01-20T04:30Z,2024-01-20T05:00Z,98,95,low
2024-01-20T05:00Z,2024-01-20T05:30Z,97,96,low
2024-01-20T05:30Z,2024-01-20T06:00Z,100,104,low
2024-01-20T06:00Z,2024-01-20T06:30Z,100,114,moderate
2024-01-20T06:30Z,2024-01-20T07:00Z,101,126,moderate
2024-01-20T07:00Z,2024-01-20T07:30Z,114,132,moderate
2024-01-20T07:30Z,2024-01-20T08:00Z,121,138,moderate
2024-01-20T08:00Z,2024-01-20T08:30Z,121,143,moderate
2024-01-20T08:30Z,2024-01-20T09:00Z,137,139,moderate
2024-01-20T09:00Z,2024-01-20T09:30Z,138,141,moderate
2024-01-20T09:30Z,2024-01-20T10:00Z,134,133,moderate
2024-01-20T10:00Z,2024-01-20T10:30Z,135,132,moderate
2024-01-20T10:30Z,2024-01-20T11:00Z,136,125,moderate
2024-01-20T11:00Z,2024-01-20T11:30Z,136,119,moderate
2024-01-20T11:30Z,2024-01-20T12:00Z,126,111,moderate
2024-01-20T12:00Z,2024-01-20T12:30Z,123,109,low
2024-01-20T12:30Z,2024-01-20T13:00Z,115,114,moderate
2024-01-20T13:00Z,2024-01-20T13:30Z,113,118,moderate
2024-01-20T13:30Z,2024-01-20T14:00Z,116,125,moderate
2024-01-20T14:00Z,2024-01-20T14:30Z,118,128,moderate
2024-01-20T14:30Z,2024-01-20T15:00Z,131,139,moderate
2024-01-20T15:00Z,2024-01-20T15:30Z,127,142,moderate
2024-01-20T15:30Z,2024-01-20T16:00Z,137,144,moderate
2024-01-20T16:00Z,2024-01-20T16:30Z,140,149,moderate
2024-01-20T16:30Z,2024-01-20T17:00Z,146,150,moderate
2024-01-20T17:00Z,2024-01-20T17:30Z,161,149,moderate
2024-01-20T17:30Z,2024-01-20T18:00Z,140,147,moderate
2024-01-20T18:00Z,2024-01-20T18:30Z,129,145,moderate
2024-01-20T18:30Z,2024-01-20T19:00Z,149,144,moderate
2024-01-20T19:00Z,2024-01-20T19:30Z,131,139,moderate
2024-01-20T19:30Z,2024-01-20T20:00Z,135,132,moderate
2024-01-20T20:00Z,2024-01-20T20:30Z,120,120,moderate
2024-01-20T20:30Z,2024-01-20T21:00Z,119,105,low
2024-01-20T21:00Z,2024-01-20T21:30Z,115,102,low
2024-01-20T21:30Z,2024-01-20T22:00Z,97,94,low
2024-01-20T22:00Z,2024-01-20T22:30Z,112,79,low
2024-01-20T22:30Z,2024-01-20T23:00Z,98,65,low
2024-01-20T23:00Z,2024-01-20T23:30Z,87,60,low
2024-01-20T23:30Z,2024-01-21T00:00Z,71,60,low
2024-01-21T00:00Z,2024-01-21T00:30Z,61,62,low
2024-01-21T00:30Z,2024-01-21T01:00Z,63,62,low
2024-01-21T01:00Z,2024-01-21T01:30Z,67,64,low
2024-01-21T01:30Z,2024-01-21T02:00Z,65,65,low
2024-01-21T02:00Z,2024-01-21T02:30Z,68,67,low
2024-01-21T02:30Z,2024-01-21T03:00Z,68,74,low
2024-01-21T03:00Z,2024-01-21T03:30Z,68,74,low
2024-01-21T03:30Z,2024-01-21T04:00Z,75,75,low
2024-01-21T04:00Z,2024-01-21T04:30Z,79,72,low
2024-01-21T04:30Z,2024-01-21T05:00Z,73,67,low
2024-01-21T05:00Z,2024-01-21T05:30Z,71,68,low
2024-01-21T05:30Z,2024-01-21T06:00Z,67,69,low
2024-01-21T06:00Z,2024-01-21T06:30Z,64,68,low
2024-01-21T06:30Z,2024-01-21T07:00Z,67,67,low
2024-01-21T07:00Z,2024-01-21T07:30Z,70,67,low
2024-01-21T07:30Z,2024-01-21T08:00Z,65,58,low
2024-01-21T08:00Z,2024-01-21T08:30Z,63,58,low
2024-01-21T08:30Z,2024-01-21T09:00Z,58,57,low
2024-01-21T09:00Z,2024-01-21T09:30Z,56,56,low
2024-01-21T09:30Z,2024-01-21T10:00Z,58,57,low
2024-01-21T10:00Z,2024-01-21T10:30Z,55,62,low
2024-01-21T10:30Z,2024-01-21T11:00Z,54,61,low
2024-01-21T11:00Z,2024-01-21T11:30Z,56,59,low
2024-01-21T11:30Z,2024-01-21T12:00Z,59,65,low
2024-01-21T12:00Z,2024-01-21T12:30Z,57,69,low
2024-01-21T12:30Z,2024-01-21T13:00Z,62,74,low
2024-01-21T13:00Z,2024-01-21T13:30Z,67,75,low
2024-01-21T13:30Z,2024-01-21T14:00Z,69,76,low
2024-01-21T14:00Z,2024-01-21T14:30Z,72,79,low
2024-01-21T14:30Z,2024-01-21T15:00Z,74,82,low
2024-01-21T15:00Z,2024-01-21T15:30Z,78,90,low
2024-01-21T15:30Z,2024-01-21T16:00Z,83,97,low
2024-01-21T16:00Z,2024-01-21T16:30Z,90,101,low
2024-01-21T16:30Z,2024-01-21T17:00Z,109,108,low
2024-01-21T17:00Z,2024-01-21T17:30Z,99,113,moderate
2024-01-21T17:30Z,2024-01-21T18:00Z,94,113,moderate
2024-01-21T18:00Z,2024-01-21T18:30Z,99,114,moderate
2024-01-21T18:30Z,2024-01-21T19:00Z,89,110,moderate
2024-01-21T19:00Z,2024-01-21T19:30Z,104,117,moderate
2024-01-21T19:30Z,2024-01-21T20:00Z,102,123,moderate
2024-01-21T20:00Z,2024-01-21T20:30Z,108,127,moderate
2024-01-21T20:30Z,2024-01-21T21:00Z,114,128,moderate
2024-01-21T21:00Z,2024-01-21T21:30Z,108,128,moderate
2024-01-21T21:30Z,2024-01-21T22:00Z,109,117,moderate
2024-01-21T22:00Z,2024-01-21T22:30Z,118,107,low
2024-01-21T22:30Z,2024-01-21T23:00Z,119,113,moderate
2024-01-21T23:00Z,2024-01-21T23:30Z,101,110,moderate
2024-01-21T23:30Z,2024-01-22T00:00Z,113,115,moderate
2024-01-22T00:00Z,2024-01-22T00:30Z,117,124,moderate
2024-01-22T00:30Z,2024-01-22T01:00Z,122,132,moderate
2024-01-22T01:00Z,2024-01-22T01:30Z,128,129,moderate
2024-01-22T01:30Z,2024-01-22T02:00Z,133,121,moderate
2024-01-22T02:00Z,2024-01-22T02:30Z,138,112,moderate
2024-01-22T02:30Z,2024-01-22T03:00Z,122,101,low
2024-01-22T03:00Z,2024-01-22T03:30Z,116,87,low
2024-01-22T03:30Z,2024-01-22T04:00Z,104,84,low
2024-01-22T04:00Z,2024-01-22T04:30Z,89,85,low
2024-01-22T04:30Z,2024-01-22T05:00Z,84,88,low
2024-01-22T05:00Z,2024-01-22T05:30Z,85,91,low
2024-01-22T05:30Z,2024-01-22T06:00Z,91,84,low
2024-01-22T06:00Z,2024-01-22T06:30Z,95,93,low
2024-01-22T06:30Z,2024-01-22T07:00Z,89,108,low
2024-01-22T07:00Z,2024-01-22T07:30Z,90,109,low
2024-01-22T07:30Z,2024-01-22T08:00Z,88,105,low
2024-01-22T08:00Z,2024-01-22T08:30Z,98,108,low
2024-01-22T08:30Z,2024-01-22T09:00Z,101,104,low
2024-01-22T09:00Z,2024-01-22T09:30Z,110,99,low
2024-01-22T09:30Z,2024-01-22T10:00Z,98,93,low
2024-01-22T10:00Z,2024-01-22T10:30Z,94,88,low
2024-01-22T10:30Z,2024-01-22T11:00Z,90,86,low
2024-01-22T11:00Z,2024-01-22T11:30Z,81,82,low
2024-01-22T11:30Z,2024-01-22T12:00Z,82,80,low
2024-01-22T12:00Z,2024-01-22T12:30Z,80,77,low
2024-01-22T12:30Z,2024-01-22T13:00Z,77,72,low
2024-01-22T13:00Z,2024-01-22T13:30Z,74,69,low
2024-01-22T13:30Z,2024-01-22T14:00Z,70,72,low
2024-01-22T14:00Z,2024-01-22T14:30Z,67,80,low
2024-01-22T14:30Z,2024-01-22T15:00Z,67,82,low
2024-01-22T15:00Z,2024-01-22T15:30Z,80,92,low
2024-01-22T15:30Z,2024-01-22T16:00Z,86,98,low
2024-01-22T16:00Z,2024-01-22T16:30Z,92,100,low
2024-01-22T16:30Z,2024-01-22T17:00Z,102,111,moderate
2024-01-22T17:00Z,2024-01-22T17:30Z,99,110,moderate
2024-01-22T17:30Z,2024-01-22T18:00Z,98,105,low
2024-01-22T18:00Z,2024-01-22T18:30Z,97,104,low
2024-01-22T18:30Z,2024-01-22T19:00Z,90,106,low
2024-01-22T19:00Z,2024-01-22T19:30Z,91,98,low
2024-01-22T19:30Z,2024-01-22T20:00Z,89,92,low
2024-01-22T20:00Z,2024-01-22T20:30Z,95,85,low
2024-01-22T20:30Z,2024-01-22T21:00Z,86,74,low
2024-01-22T21:00Z,2024-01-22T21:30Z,76,58,low
2024-01-22T21:30Z,2024-01-22T22:00Z,68,63,low
2024-01-22T22:00Z,2024-01-22T22:30Z,55,58,low
2024-01-22T22:30Z,2024-01-22T23:00Z,59,59,low
2024-01-22T23:00Z,2024-01-22T23:30Z,59,59,low
2024-01-22T23:30Z,2024-01-23T00:00Z,63,61,low
2024-01-23T00:00Z,2024-01-23T00:30Z,59,67,low
2024-01-23T00:30Z,2024-01-23T01:00Z,62,58,low
2024-01-23T01:00Z,2024-01-23T01:30Z,69,58,low
2024-01-23T01:30Z,2024-01-23T02:00Z,57,60,low
2024-01-23T02:00Z,2024-01-23T02:30Z,57,61,low
2024-01-23T02:30Z,2024-01-23T03:00Z,57,68,low
2024-01-23T03:00Z,2024-01-23T03:30Z,64,69,low
2024-01-23T03:30Z,2024-01-23T04:00Z,68,66,low
2024-01-23T04:00Z,2024-01-23T04:30Z,71,74,low
2024-01-23T04:30Z,2024-01-23T05:00Z,68,78,low
2024-01-23T05:00Z,2024-01-23T05:30Z,75,86,low
2024-01-23T05:30Z,2024-01-23T06:00Z,88,94,low
2024-01-23T06:00Z,2024-01-23T06:30Z,95,117,moderate
2024-01-23T06:30Z,2024-01-23T07:00Z,118,135,moderate
2024-01-23T07:00Z,2024-01-23T07:30Z,129,138,moderate
2024-01-23T07:30Z,2024-01-23T08:00Z,140,134,moderate
2024-01-23T08:00Z,2024-01-23T08:30Z,141,138,moderate
2024-01-23T08:30Z,2024-01-23T09:00Z,129,140,moderate
2024-01-23T09:00Z,2024-01-23T09:30Z,123,137,moderate
2024-01-23T09:30Z,2024-01-23T10:00Z,125,138,moderate
2024-01-23T10:00Z,2024-01-23T10:30Z,119,136,moderate
2024-01-23T10:30Z,2024-01-23T11:00Z,132,131,moderate
2024-01-23T11:00Z,2024-01-23T11:30Z,123,127,moderate
2024-01-23T11:30Z,2024-01-23T12:00Z,116,121,moderate
2024-01-23T12:00Z,2024-01-23T12:30Z,113,115,moderate
2024-01-23T12:30Z,2024-01-23T13:00Z,108,108,low
2024-01-23T13:00Z,2024-01-23T13:30Z,100,99,low
2024-01-23T13:30Z,2024-01-23T14:00Z,92,112,moderate
2024-01-23T14:00Z,2024-01-23T14:30Z,89,111,moderate
2024-01-23T14:30Z,2024-01-23T15:00Z,109,115,moderate
2024-01-23T15:00Z,2024-01-23T15:30Z,111,118,moderate
2024-01-23T15:30Z,2024-01-23T16:00Z,117,119,moderate
2024-01-23T16:00Z,2024-01-23T16:30Z,117,122,moderate
2024-01-23T16:30Z,2024-01-23T17:00Z,129,114,moderate
2024-01-23T17:00Z,2024-01-23T17:30Z,126,116,moderate
2024-01-23T17:30Z,2024-01-23T18:00Z,119,113,moderate
2024-01-23T18:00Z,2024-01-23T18:30Z,114,109,low
2024-01-23T18:30Z,2024-01-23T19:00Z,111,106,low
2024-01-23T19:00Z,2024-01-23T19:30Z,110,95,low
2024-01-23T19:30Z,2024-01-23T20:00Z,114,87,low
2024-01-23T20:00Z,2024-01-23T20:30Z,104,79,low
2024-01-23T20:30Z,2024-01-23T21:00Z,93,73,low
2024-01-23T21:00Z,2024-01-23T21:30Z,77,64,low
2024-01-23T21:30Z,2024-01-23T22:00Z,88,73,low
2024-01-23T22:00Z,2024-01-23T22:30Z,64,70,low
2024-01-23T22:30Z,2024-01-23T23:00Z,85,71,low
2024-01-23T23:00Z,2024-01-23T23:30Z,73,69,low
2024-01-23T23:30Z,2024-01-24T00:00Z,78,70,low
2024-01-24T00:00Z,2024-01-24T00:30Z,73,68,low
2024-01-24T00:30Z,2024-01-24T01:00Z,72,68,low
2024-01-24T01:00Z,2024-01-24T01:30Z,71,66,low
2024-01-24T01:30Z,2024-01-24T02:00Z,69,69,low
2024-01-24T02:00Z,2024-01-24T02:30Z,67,69,low
2024-01-24T02:30Z,2024-01-24T03:00Z,69,70,low
2024-01-24T03:00Z,2024-01-24T03:30Z,67,70,low
2024-01-24T03:30Z,2024-01-24T04:00Z,68,74,low
2024-01-24T04:00Z,2024-01-24T04:30Z,68,74,low
2024-01-24T04:30Z,2024-01-24T05:00Z,69,67,low
2024-01-24T05:00Z,2024-01-24T05:30Z,71,69,low
2024-01-24T05:30Z,2024-01-24T06:00Z,68,63,low
2024-01-24T06:00Z,2024-01-24T06:30Z,67,74,low
2024-01-24T06:30Z,2024-01-24T07:00Z,67,87,low
2024-01-24T07:00Z,2024-01-24T07:30Z,72,97,low
2024-01-24T07:30Z,2024-01-24T08:00Z,82,103,low
2024-01-24T08:00Z,2024-01-24T08:30Z,93,105,low
2024-01-24T08:30Z,2024-01-24T09:00Z,92,103,low
2024-01-24T09:00Z,2024-01-24T09:30Z,89,98,low
2024-01-24T09:30Z,2024-01-24T10:00Z,95,94,low
2024-01-24T10:00Z,2024-01-24T10:30Z,95,94,low
2024-01-24T10:30Z,2024-01-24T11:00Z,85,90,low
2024-01-24T11:00Z,2024-01-24T11:30Z,84,86,low
2024-01-24T11:30Z,2024-01-24T12:00Z,76,87,low
2024-01-24T12:00Z,2024-01-24T12:30Z,82,86,low
2024-01-24T12:30Z,2024-01-24T13:00Z,81,85,low
2024-01-24T13:00Z,2024-01-24T13:30Z,86,91,low
2024-01-24T13:30Z,2024-01-24T14:00Z,84,98,low
2024-01-24T14:00Z,2024-01-24T14:30Z,87,104,low
2024-01-24T14:30Z,2024-01-24T15:00Z,94,110,moderate
2024-01-24T15:00Z,2024-01-24T15:30Z,106,120,moderate
2024-01-24T15:30Z,2024-01-24T16:00Z,121,133,moderate
2024-01-24T16:00Z,2024-01-24T16:30Z,140,145,moderate
2024-01-24T16:30Z,2024-01-24T17:00Z,143,149,moderate
2024-01-24T17:00Z,2024-01-24T17:30Z,148,149,moderate
2024-01-24T17:30Z,2024-01-24T18:00Z,154,150,moderate
2024-01-24T18:00Z,2024-01-24T18:30Z,148,157,moderate
2024-01-24T18:30Z,2024-01-24T19:00Z,150,163,moderate
2024-01-24T19:00Z,2024-01-24T19:30Z,157,161,moderate
2024-01-24T19:30Z,2024-01-24T20:00Z,158,157,moderate
2024-01-24T20:00Z,2024-01-24T20:30Z,166,157,moderate
2024-01-24T20:30Z,2024-01-24T21:00Z,164,156,moderate
2024-01-24T21:00Z,2024-01-24T21:30Z,160,142,moderate
2024-01-24T21:30Z,2024-01-24T22:00Z,159,136,moderate
2024-01-24T22:00Z,2024-01-24T22:30Z,164,132,moderate
2024-01-24T22:30Z,2024-01-24T23:00Z,133,120,moderate
2024-01-24T23:00Z,2024-01-24T23:30Z,128,123,moderate
2024-01-24T23:30Z,2024-01-25T00:00Z,117,129,moderate
2024-01-25T00:00Z,2024-01-25T00:30Z,125,135,moderate
2024-01-25T00:30Z,2024-01-25T01:00Z,133,135,moderate
2024-01-25T01:00Z,2024-01-25T01:30Z,132,135,moderate
2024-01-25T01:30Z,2024-01-25T02:00Z,131,133,moderate
2024-01-25T02:00Z,2024-01-25T02:30Z,106,133,moderate
2024-01-25T02:30Z,2024-01-25T03:00Z,127,132,moderate
2024-01-25T03:00Z,2024-01-25T03:30Z,133,124,moderate
2024-01-25T03:30Z,2024-01-25T04:00Z,133,121,moderate
2024-01-25T04:00Z,2024-01-25T04:30Z,123,120,moderate
2024-01-25T04:30Z,2024-01-25T05:00Z,121,131,moderate
2024-01-25T05:00Z,2024-01-25T05:30Z,124,146,moderate
2024-01-25T05:30Z,2024-01-25T06:00Z,143,165,moderate
2024-01-25T06:00Z,2024-01-25T06:30Z,158,180,moderate
2024-01-25T06:30Z,2024-01-25T07:00Z,176,179,moderate
2024-01-25T07:00Z,2024-01-25T07:30Z,189,181,moderate
2024-01-25T07:30Z,2024-01-25T08:00Z,180,179,moderate
2024-01-25T08:00Z,2024-01-25T08:30Z,178,172,moderate
2024-01-25T08:30Z,2024-01-25T09:00Z,171,169,moderate
2024-01-25T09:00Z,2024-01-25T09:30Z,172,164,moderate
2024-01-25T09:30Z,2024-01-25T10:00Z,156,160,moderate
2024-01-25T10:00Z,2024-01-25T10:30Z,159,152,moderate
2024-01-25T10:30Z,2024-01-25T11:00Z,158,149,moderate
2024-01-25T11:00Z,2024-01-25T11:30Z,151,146,moderate
2024-01-25T11:30Z,2024-01-25T12:00Z,148,152,moderate
2024-01-25T12:00Z,2024-01-25T12:30Z,147,149,moderate
2024-01-25T12:30Z,2024-01-25T13:00Z,151,149,moderate
2024-01-25T13:00Z,2024-01-25T13:30Z,149,148,moderate
2024-01-25T13:30Z,2024-01-25T14:00Z,150,152,moderate
2024-01-25T14:00Z,2024-01-25T14:30Z,151,153,moderate
2024-01-25T14:30Z,2024-01-25T15:00Z,152,152,moderate
2024-01-25T15:00Z,2024-01-25T15:30Z,155,151,moderate
2024-01-25T15:30Z,2024-01-25T16:00Z,160,152,moderate
2024-01-25T16:00Z,2024-01-25T16:30Z,160,156,moderate
2024-01-25T16:30Z,2024-01-25T17:00Z,158,159,moderate
2024-01-25T17:00Z,2024-01-25T17:30Z,156,156,moderate
2024-01-25T17:30Z,2024-01-25T18:00Z,154,155,moderate
2024-01-25T18:00Z,2024-01-25T18:30Z,148,154,moderate
2024-01-25T18:30Z,2024-01-25T19:00Z,145,162,moderate
2024-01-25T19:00Z,2024-01-25T19:30Z,139,159,moderate
2024-01-25T19:30Z,2024-01-25T20:00Z,150,148,moderate
2024-01-25T20:00Z,2024-01-25T20:30Z,145,133,moderate
2024-01-25T20:30Z,2024-01-25T21:00Z,132,112,moderate
2024-01-25T21:00Z,2024-01-25T21:30Z,121,100,low
2024-01-25T21:30Z,2024-01-25T22:00Z,112,89,low
2024-01-25T22:00Z,2024-01-25T22:30Z,94,76,low
2024-01-25T22:30Z,2024-01-25T23:00Z,82,65,low
2024-01-25T23:00Z,2024-01-25T23:30Z,75,62,low
2024-01-25T23:30Z,2024-01-26T00:00Z,66,66,low
2024-01-26T00:00Z,2024-01-26T00:30Z,60,74,low
2024-01-26T00:30Z,2024-01-26T01:00Z,65,66,low
2024-01-26T01:00Z,2024-01-26T01:30Z,70,63,low
2024-01-26T01:30Z,2024-01-26T02:00Z,67,59,low
2024-01-26T02:00Z,2024-01-26T02:30Z,62,55,low
2024-01-26T02:30Z,2024-01-26T03:00Z,58,51,low
2024-01-26T03:00Z,2024-01-26T03:30Z,53,52,low
2024-01-26T03:30Z,2024-01-26T04:00Z,53,60,low
2024-01-26T04:00Z,2024-01-26T04:30Z,52,56,low
2024-01-26T04:30Z,2024-01-26T05:00Z,49,53,low
2024-01-26T05:00Z,2024-01-26T05:30Z,48,62,low
2024-01-26T05:30Z,2024-01-26T06:00Z,48,58,low
2024-01-26T06:00Z,2024-01-26T06:30Z,51,72,low
2024-01-26T06:30Z,2024-01-26T07:00Z,55,81,low
2024-01-26T07:00Z,2024-01-26T07:30Z,57,84,low
2024-01-26T07:30Z,2024-01-26T08:00Z,61,80,low
2024-01-26T08:00Z,2024-01-26T08:30Z,69,82,low
2024-01-26T08:30Z,2024-01-26T09:00Z,70,76,low
2024-01-26T09:00Z,2024-01-26T09:30Z,71,66,low
2024-01-26T09:30Z,2024-01-26T10:00Z,77,60,low
2024-01-26T10:00Z,2024-01-26T10:30Z,70,54,low
2024-01-26T10:30Z,2024-01-26T11:00Z,69,48,low
2024-01-26T11:00Z,2024-01-26T11:30Z,57,44,low
2024-01-26T11:30Z,2024-01-26T12:00Z,50,44,low
2024-01-26T12:00Z,2024-01-26T12:30Z,45,45,low
2024-01-26T12:30Z,2024-01-26T13:00Z,45,49,low
2024-01-26T13:00Z,2024-01-26T13:30Z,48,49,low
2024-01-26T13:30Z,2024-01-26T14:00Z,46,54,low
2024-01-26T14:00Z,2024-01-26T14:30Z,54,62,low
2024-01-26T14:30Z,2024-01-26T15:00Z,50,70,low
2024-01-26T15:00Z,2024-01-26T15:30Z,64,86,low
2024-01-26T15:30Z,2024-01-26T16:00Z,68,110,moderate
2024-01-26T16:00Z,2024-01-26T16:30Z,103,125,moderate
2024-01-26T16:30Z,2024-01-26T17:00Z,130,131,moderate
2024-01-26T17:00Z,2024-01-26T17:30Z,135,135,moderate
2024-01-26T17:30Z,2024-01-26T18:00Z,130,133,moderate
2024-01-26T18:00Z,2024-01-26T18:30Z,128,126,moderate
2024-01-26T18:30Z,2024-01-26T19:00Z,129,127,moderate
2024-01-26T19:00Z,2024-01-26T19:30Z,124,126,moderate
2024-01-26T19:30Z,2024-01-26T20:00Z,127,128,moderate
2024-01-26T20:00Z,2024-01-26T20:30Z,114,119,moderate
2024-01-26T20:30Z,2024-01-26T21:00Z,128,122,moderate
2024-01-26T21:00Z,2024-01-26T21:30Z,129,114,moderate
2024-01-26T21:30Z,2024-01-26T22:00Z,123,111,moderate
2024-01-26T22:00Z,2024-01-26T22:30Z,114,100,low
2024-01-26T22:30Z,2024-01-26T23:00Z,110,84,low
2024-01-26T23:00Z,2024-01-26T23:30Z,108,84,low
2024-01-26T23:30Z,2024-01-27T00:00Z,115,85,low
2024-01-27T00:00Z,2024-01-27T00:30Z,117,92,low
2024-01-27T00:30Z,2024-01-27T01:00Z,117,85,low
2024-01-27T01:00Z,2024-01-27T01:30Z,118,89,low
2024-01-27T01:30Z,2024-01-27T02:00Z,118,88,low
2024-01-27T02:00Z,2024-01-27T02:30Z,125,90,low
2024-01-27T02:30Z,2024-01-27T03:00Z,133,95,low
2024-01-27T03:00Z,2024-01-27T03:30Z,136,95,low
2024-01-27T03:30Z,2024-01-27T04:00Z,101,97,low
2024-01-27T04:00Z,2024-01-27T04:30Z,96,99,low
2024-01-27T04:30Z,2024-01-27T05:00Z,99,91,low
2024-01-27T05:00Z,2024-01-27T05:30Z,102,93,low
2024-01-27T05:30Z,2024-01-27T06:00Z,93,100,low
2024-01-27T06:00Z,2024-01-27T06:30Z,93,113,moderate
2024-01-27T06:30Z,2024-01-27T07:00Z,104,116,moderate
2024-01-27T07:00Z,2024-01-27T07:30Z,116,119,moderate
2024-01-27T07:30Z,2024-01-27T08:00Z,117,107,low
2024-01-27T08:00Z,2024-01-27T08:30Z,113,108,low
2024-01-27T08:30Z,2024-01-27T09:00Z,111,97,low
2024-01-27T09:00Z,2024-01-27T09:30Z,109,97,low
2024-01-27T09:30Z,2024-01-27T10:00Z,98,94,low
2024-01-27T10:00Z,2024-01-27T10:30Z,100,86,low
2024-01-27T10:30Z,2024-01-27T11:00Z,98,84,low
2024-01-27T11:00Z,2024-01-27T11:30Z,100,74,low
2024-01-27T11:30Z,2024-01-27T12:00Z,100,69,low
2024-01-27T12:00Z,2024-01-27T12:30Z,103,68,low
2024-01-27T12:30Z,2024-01-27T13:00Z,105,68,low
2024-01-27T13:00Z,2024-01-27T13:30Z,108,66,low
2024-01-27T13:30Z,2024-01-27T14:00Z,109,71,low
2024-01-27T14:00Z,2024-01-27T14:30Z,110,81,low
2024-01-27T14:30Z,2024-01-27T15:00Z,74,99,low
2024-01-27T15:00Z,2024-01-27T15:30Z,77,113,moderate
2024-01-27T15:30Z,2024-01-27T16:00Z,103,126,moderate
2024-01-27T16:00Z,2024-01-27T16:30Z,118,129,moderate
2024-01-27T16:30Z,2024-01-27T17:00Z,141,128,moderate
2024-01-27T17:00Z,2024-01-27T17:30Z,135,129,moderate
2024-01-27T17:30Z,2024-01-27T18:00Z,129,129,moderate
2024-01-27T18:00Z,2024-01-27T18:30Z,131,128,moderate
2024-01-27T18:30Z,2024-01-27T19:00Z,128,130,moderate
2024-01-27T19:00Z,2024-01-27T19:30Z,128,121,moderate
2024-01-27T19:30Z,2024-01-27T20:00Z,131,130,moderate
2024-01-27T20:00Z,2024-01-27T20:30Z,128,122,moderate
2024-01-27T20:30Z,2024-01-27T21:00Z,129,122,moderate
2024-01-27T21:00Z,2024-01-27T21:30Z,119,111,moderate
2024-01-27T21:30Z,2024-01-27T22:00Z,120,94,low
2024-01-27T22:00Z,2024-01-27T22:30Z,107,83,low
2024-01-27T22:30Z,2024-01-27T23:00Z,115,86,low
2024-01-27T23:00Z,2024-01-27T23:30Z,86,83,low
2024-01-27T23:30Z,2024-01-28T00:00Z,83,86,low
2024-01-28T00:00Z,2024-01-28T00:30Z,84,89,low
2024-01-28T00:30Z,2024-01-28T01:00Z,84,85,low
2024-01-28T01:00Z,2024-01-28T01:30Z,88,81,low
2024-01-28T01:30Z,2024-01-28T02:00Z,81,84,low
2024-01-28T02:00Z,2024-01-28T02:30Z,81,79,low
2024-01-28T02:30Z,2024-01-28T03:00Z,85,78,low
2024-01-28T03:00Z,2024-01-28T03:30Z,78,78,low
2024-01-28T03:30Z,2024-01-28T04:00Z,77,79,low
2024-01-28T04:00Z,2024-01-28T04:30Z,73,78,low
2024-01-28T04:30Z,2024-01-28T05:00Z,75,76,low
2024-01-28T05:00Z,2024-01-28T05:30Z,74,76,low
2024-01-28T05:30Z,2024-01-28T06:00Z,73,77,low
2024-01-28T06:00Z,2024-01-28T06:30Z,72,82,low
2024-01-28T06:30Z,2024-01-28T07:00Z,73,85,low
2024-01-28T07:00Z,2024-01-28T07:30Z,76,87,low
2024-01-28T07:30Z,2024-01-28T08:00Z,77,88,low
2024-01-28T08:00Z,2024-01-28T08:30Z,58,87,low
2024-01-28T08:30Z,2024-01-28T09:00Z,80,72,low
2024-01-28T09:00Z,2024-01-28T09:30Z,83,68,low
2024-01-28T09:30Z,2024-01-28T10:00Z,67,63,low
2024-01-28T10:00Z,2024-01-28T10:30Z,64,60,low
2024-01-28T10:30Z,2024-01-28T11:00Z,61,59,low
2024-01-28T11:00Z,2024-01-28T11:30Z,57,58,low
2024-01-28T11:30Z,2024-01-28T12:00Z,57,59,low
2024-01-28T12:00Z,2024-01-28T12:30Z,54,57,low
2024-01-28T12:30Z,2024-01-28T13:00Z,54,50,low
2024-01-28T13:00Z,2024-01-28T13:30Z,59,53,low
2024-01-28T13:30Z,2024-01-28T14:00Z,50,62,low
2024-01-28T14:00Z,2024-01-28T14:30Z,51,67,low
2024-01-28T14:30Z,2024-01-28T15:00Z,57,67,low
2024-01-28T15:00Z,2024-01-28T15:30Z,58,73,low
2024-01-28T15:30Z,2024-01-28T16:00Z,65,72,low
2024-01-28T16:00Z,2024-01-28T16:30Z,70,84,low
2024-01-28T16:30Z,2024-01-28T17:00Z,73,90,low
2024-01-28T17:00Z,2024-01-28T17:30Z,82,90,low
2024-01-28T17:30Z,2024-01-28T18:00Z,86,88,low
2024-01-28T18:00Z,2024-01-28T18:30Z,86,93,low
2024-01-28T18:30Z,2024-01-28T19:00Z,84,94,low
2024-01-28T19:00Z,2024-01-28T19:30Z,94,92,low
2024-01-28T19:30Z,2024-01-28T20:00Z,92,82,low
2024-01-28T20:00Z,2024-01-28T20:30Z,91,78,low
2024-01-28T20:30Z,2024-01-28T21:00Z,79,75,low
2024-01-28T21:00Z,2024-01-28T21:30Z,77,72,low
2024-01-28T21:30Z,2024-01-28T22:00Z,72,67,low
2024-01-28T22:00Z,2024-01-28T22:30Z,72,66,low
2024-01-28T22:30Z,2024-01-28T23:00Z,66,68,low
2024-01-28T23:00Z,2024-01-28T23:30Z,61,71,low
2024-01-28T23:30Z,2024-01-29T00:00Z,65,75,low
2024-01-29T00:00Z,2024-01-29T00:30Z,68,89,low
2024-01-29T00:30Z,2024-01-29T01:00Z,76,93,low
2024-01-29T01:00Z,2024-01-29T01:30Z,81,101,low
2024-01-29T01:30Z,2024-01-29T02:00Z,90,108,low
2024-01-29T02:00Z,2024-01-29T02:30Z,99,111,moderate
2024-01-29T02:30Z,2024-01-29T03:00Z,106,114,moderate
2024-01-29T03:00Z,2024-01-29T03:30Z,109,121,moderate
2024-01-29T03:30Z,2024-01-29T04:00Z,114,123,moderate
2024-01-29T04:00Z,2024-01-29T04:30Z,123,134,moderate
2024-01-29T04:30Z,2024-01-29T05:00Z,132,168,moderate
2024-01-29T05:00Z,2024-01-29T05:30Z,148,192,high
2024-01-29T05:30Z,2024-01-29T06:00Z,193,232,high
2024-01-29T06:00Z,2024-01-29T06:30Z,218,247,high
2024-01-29T06:30Z,2024-01-29T07:00Z,247,250,high
2024-01-29T07:00Z,2024-01-29T07:30Z,271,253,high
2024-01-29T07:30Z,2024-01-29T08:00Z,259,237,high
2024-01-29T08:00Z,2024-01-29T08:30Z,256,241,high
2024-01-29T08:30Z,2024-01-29T09:00Z,239,241,high
2024-01-29T09:00Z,2024-01-29T09:30Z,246,242,high
2024-01-29T09:30Z,2024-01-29T10:00Z,247,241,high
2024-01-29T10:00Z,2024-01-29T10:30Z,246,238,high
2024-01-29T10:30Z,2024-01-29T11:00Z,245,235,high
2024-01-29T11:00Z,2024-01-29T11:30Z,243,236,high
2024-01-29T11:30Z,2024-01-29T12:00Z,243,239,high
2024-01-29T12:00Z,2024-01-29T12:30Z,241,240,high
2024-01-29T12:30Z,2024-01-29T13:00Z,241,235,high
2024-01-29T13:00Z,2024-01-29T13:30Z,245,230,high
2024-01-29T13:30Z,2024-01-29T14:00Z,240,229,high
2024-01-29T14:00Z,2024-01-29T14:30Z,236,231,high
2024-01-29T14:30Z,2024-01-29T15:00Z,233,223,high
2024-01-29T15:00Z,2024-01-29T15:30Z,239,221,high
2024-01-29T15:30Z,2024-01-29T16:00Z,235,223,high
2024-01-29T16:00Z,2024-01-29T16:30Z,227,218,high
2024-01-29T16:30Z,2024-01-29T17:00Z,229,210,high
2024-01-29T17:00Z,2024-01-29T17:30Z,226,208,high
2024-01-29T17:30Z,2024-01-29T18:00Z,215,212,high
2024-01-29T18:00Z,2024-01-29T18:30Z,208,206,high
2024-01-29T18:30Z,2024-01-29T19:00Z,212,212,high
2024-01-29T19:00Z,2024-01-29T19:30Z,210,198,high
2024-01-29T19:30Z,2024-01-29T20:00Z,204,181,moderate
2024-01-29T20:00Z,2024-01-29T20:30Z,190,174,moderate
2024-01-29T20:30Z,2024-01-29T21:00Z,181,164,moderate
2024-01-29T21:00Z,2024-01-29T21:30Z,174,151,moderate
2024-01-29T21:30Z,2024-01-29T22:00Z,156,146,moderate
2024-01-29T22:00Z,2024-01-29T22:30Z,140,130,moderate
2024-01-29T22:30Z,2024-01-29T23:00Z,121,113,moderate
2024-01-29T23:00Z,2024-01-29T23:30Z,123,100,low
2024-01-29T23:30Z,2024-01-30T00:00Z,103,96,low
2024-01-30T00:00Z,2024-01-30T00:30Z,98,97,low
2024-01-30T00:30Z,2024-01-30T01:00Z,96,86,low
2024-01-30T01:00Z,2024-01-30T01:30Z,97,83,low
2024-01-30T01:30Z,2024-01-30T02:00Z,81,82,low
2024-01-30T02:00Z,2024-01-30T02:30Z,76,82,low
2024-01-30T02:30Z,2024-01-30T03:00Z,82,82,low
2024-01-30T03:00Z,2024-01-30T03:30Z,82,82,low
2024-01-30T03:30Z,2024-01-30T04:00Z,78,87,low
2024-01-30T04:00Z,2024-01-30T04:30Z,83,95,low
2024-01-30T04:30Z,2024-01-30T05:00Z,86,121,moderate
2024-01-30T05:00Z,2024-01-30T05:30Z,99,142,moderate
2024-01-30T05:30Z,2024-01-30T06:00Z,144,181,moderate
2024-01-30T06:00Z,2024-01-30T06:30Z,158,199,high
2024-01-30T06:30Z,2024-01-30T07:00Z,202,202,high
2024-01-30T07:00Z,2024-01-30T07:30Z,203,194,high
2024-01-30T07:30Z,2024-01-30T08:00Z,211,193,high
2024-01-30T08:00Z,2024-01-30T08:30Z,194,195,high
2024-01-30T08:30Z,2024-01-30T09:00Z,193,188,moderate
2024-01-30T09:00Z,2024-01-30T09:30Z,201,188,moderate
2024-01-30T09:30Z,2024-01-30T10:00Z,197,183,moderate
2024-01-30T10:00Z,2024-01-30T10:30Z,196,178,moderate
2024-01-30T10:30Z,2024-01-30T11:00Z,195,181,moderate
2024-01-30T11:00Z,2024-01-30T11:30Z,180,183,moderate
2024-01-30T11:30Z,2024-01-30T12:00Z,182,186,moderate
2024-01-30T12:00Z,2024-01-30T12:30Z,190,187,moderate
2024-01-30T12:30Z,2024-01-30T13:00Z,188,190,high
2024-01-30T13:00Z,2024-01-30T13:30Z,190,188,moderate
2024-01-30T13:30Z,2024-01-30T14:00Z,191,188,moderate
2024-01-30T14:00Z,2024-01-30T14:30Z,193,193,high
2024-01-30T14:30Z,2024-01-30T15:00Z,198,193,high
2024-01-30T15:00Z,2024-01-30T15:30Z,202,196,high
2024-01-30T15:30Z,2024-01-30T16:00Z,211,203,high
2024-01-30T16:00Z,2024-01-30T16:30Z,202,209,high
2024-01-30T16:30Z,2024-01-30T17:00Z,208,212,high
2024-01-30T17:00Z,2024-01-30T17:30Z,216,214,high
2024-01-30T17:30Z,2024-01-30T18:00Z,216,217,high
2024-01-30T18:00Z,2024-01-30T18:30Z,214,216,high
2024-01-30T18:30Z,2024-01-30T19:00Z,216,218,high
2024-01-30T19:00Z,2024-01-30T19:30Z,220,216,high
2024-01-30T19:30Z,2024-01-30T20:00Z,218,224,high
2024-01-30T20:00Z,2024-01-30T20:30Z,217,216,high
2024-01-30T20:30Z,2024-01-30T21:00Z,208,206,high
2024-01-30T21:00Z,2024-01-30T21:30Z,202,199,high
2024-01-30T21:30Z,2024-01-30T22:00Z,194,199,high
2024-01-30T22:00Z,2024-01-30T22:30Z,181,180,moderate
2024-01-30T22:30Z,2024-01-30T23:00Z,187,163,moderate
2024-01-30T23:00Z,2024-01-30T23:30Z,177,163,moderate
2024-01-30T23:30Z,2024-01-31T00:00Z,179,156,moderate
2024-01-31T00:00Z,2024-01-31T00:30Z,174,159,moderate
2024-01-31T00:30Z,2024-01-31T01:00Z,153,160,moderate
2024-01-31T01:00Z,2024-01-31T01:30Z,149,153,moderate
2024-01-31T01:30Z,2024-01-31T02:00Z,149,158,moderate
2024-01-31T02:00Z,2024-01-31T02:30Z,133,148,moderate
2024-01-31T02:30Z,2024-01-31T03:00Z,143,150,moderate
2024-01-31T03:00Z,2024-01-31T03:30Z,142,145,moderate
2024-01-31T03:30Z,2024-01-31T04:00Z,141,148,moderate
2024-01-31T04:00Z,2024-01-31T04:30Z,137,147,moderate
2024-01-31T04:30Z,2024-01-31T05:00Z,136,144,moderate
2024-01-31T05:00Z,2024-01-31T05:30Z,141,145,moderate
2024-01-31T05:30Z,2024-01-31T06:00Z,137,153,moderate
2024-01-31T06:00Z,2024-01-31T06:30Z,144,167,moderate
2024-01-31T06:30Z,2024-01-31T07:00Z,154,173,moderate
2024-01-31T07:00Z,2024-01-31T07:30Z,165,173,moderate
2024-01-31T07:30Z,2024-01-31T08:00Z,170,174,moderate
2024-01-31T08:00Z,2024-01-31T08:30Z,183,166,moderate
2024-01-31T08:30Z,2024-01-31T09:00Z,168,161,moderate
2024-01-31T09:00Z,2024-01-31T09:30Z,160,158,moderate
2024-01-31T09:30Z,2024-01-31T10:00Z,142,156,moderate
2024-01-31T10:00Z,2024-01-31T10:30Z,142,153,moderate
2024-01-31T10:30Z,2024-01-31T11:00Z,135,144,moderate
2024-01-31T11:00Z,2024-01-31T11:30Z,145,137,moderate
2024-01-31T11:30Z,2024-01-31T12:00Z,126,128,moderate
2024-01-31T12:00Z,2024-01-31T12:30Z,110,126,moderate
2024-01-31T12:30Z,2024-01-31T13:00Z,113,130,moderate
2024-01-31T13:00Z,2024-01-31T13:30Z,117,131,moderate
2024-01-31T13:30Z,2024-01-31T14:00Z,120,128,moderate
2024-01-31T14:00Z,2024-01-31T14:30Z,126,127,moderate
2024-01-31T14:30Z,2024-01-31T15:00Z,127,118,moderate
2024-01-31T15:00Z,2024-01-31T15:30Z,126,122,moderate
2024-01-31T15:30Z,2024-01-31T16:00Z,132,130,moderate
2024-01-31T16:00Z,2024-01-31T16:30Z,132,137,moderate
2024-01-31T16:30Z,2024-01-31T17:00Z,137,137,moderate
2024-01-31T17:00Z,2024-01-31T17:30Z,147,136,moderate
2024-01-31T17:30Z,2024-01-31T18:00Z,132,139,moderate
2024-01-31T18:00Z,2024-01-31T18:30Z,129,137,moderate
2024-01-31T18:30Z,2024-01-31T19:00Z,138,126,moderate
2024-01-31T19:00Z,2024-01-31T19:30Z,132,120,moderate
2024-01-31T19:30Z,2024-01-31T20:00Z,115,107,low
2024-01-31T20:00Z,2024-01-31T20:30Z,107,92,low
2024-01-31T20:30Z,2024-01-31T21:00Z,107,83,low
2024-01-31T21:00Z,2024-01-31T21:30Z,91,71,low
2024-01-31T21:30Z,2024-01-31T22:00Z,83,62,low
2024-01-31T22:00Z,2024-01-31T22:30Z,84,62,low
2024-01-31T22:30Z,2024-01-31T23:00Z,73,64,low
2024-01-31T23:00Z,2024-01-31T23:30Z,64,61,low
2024-01-31T23:30Z,2024-02-01T00:00Z,65,60,low
2024-02-01T00:00Z,2024-02-01T00:30Z,64,62,low
2024-02-01T00:30Z,2024-02-01T01:00Z,61,61,low
2024-02-01T01:00Z,2024-02-01T01:30Z,61,61,low
2024-02-01T01:30Z,2024-02-01T02:00Z,65,64,low
2024-02-01T02:00Z,2024-02-01T02:30Z,65,60,low
2024-02-01T02:30Z,2024-02-01T03:00Z,60,59,low
2024-02-01T03:00Z,2024-02-01T03:30Z,62,60,low
2024-02-01T03:30Z,2024-02-01T04:00Z,55,62,low
2024-02-01T04:00Z,2024-02-01T04:30Z,61,60,low
2024-02-01T04:30Z,2024-02-01T05:00Z,64,67,low
2024-02-01T05:00Z,2024-02-01T05:30Z,62,83,low
2024-02-01T05:30Z,2024-02-01T06:00Z,67,121,moderate
2024-02-01T06:00Z,2024-02-01T06:30Z,84,148,moderate
2024-02-01T06:30Z,2024-02-01T07:00Z,131,166,moderate
2024-02-01T07:00Z,2024-02-01T07:30Z,171,175,moderate
2024-02-01T07:30Z,2024-02-01T08:00Z,178,168,moderate
2024-02-01T08:00Z,2024-02-01T08:30Z,181,164,moderate
2024-02-01T08:30Z,2024-02-01T09:00Z,167,146,moderate
2024-02-01T09:00Z,2024-02-01T09:30Z,166,143,moderate
2024-02-01T09:30Z,2024-02-01T10:00Z,153,146,moderate
2024-02-01T10:00Z,2024-02-01T10:30Z,154,138,moderate
2024-02-01T10:30Z,2024-02-01T11:00Z,151,133,moderate
2024-02-01T11:00Z,2024-02-01T11:30Z,173,128,moderate
2024-02-01T11:30Z,2024-02-01T12:00Z,144,124,moderate
2024-02-01T12:00Z,2024-02-01T12:30Z,130,133,moderate
2024-02-01T12:30Z,2024-02-01T13:00Z,128,138,moderate
2024-02-01T13:00Z,2024-02-01T13:30Z,144,141,moderate
2024-02-01T13:30Z,2024-02-01T14:00Z,146,153,moderate
2024-02-01T14:00Z,2024-02-01T14:30Z,149,157,moderate
2024-02-01T14:30Z,2024-02-01T15:00Z,150,152,moderate
2024-02-01T15:00Z,2024-02-01T15:30Z,157,161,moderate
2024-02-01T15:30Z,2024-02-01T16:00Z,155,169,moderate
2024-02-01T16:00Z,2024-02-01T16:30Z,164,175,moderate
2024-02-01T16:30Z,2024-02-01T17:00Z,173,186,moderate
2024-02-01T17:00Z,2024-02-01T17:30Z,173,182,moderate
2024-02-01T17:30Z,2024-02-01T18:00Z,180,175,moderate
2024-02-01T18:00Z,2024-02-01T18:30Z,178,175,moderate
2024-02-01T18:30Z,2024-02-01T19:00Z,169,173,moderate
2024-02-01T19:00Z,2024-02-01T19:30Z,172,168,moderate
2024-02-01T19:30Z,2024-02-01T20:00Z,164,160,moderate
2024-02-01T20:00Z,2024-02-01T20:30Z,165,144,moderate
2024-02-01T20:30Z,2024-02-01T21:00Z,144,126,moderate
2024-02-01T21:00Z,2024-02-01T21:30Z,127,104,low
2024-02-01T21:30Z,2024-02-01T22:00Z,109,89,low
2024-02-01T22:00Z,2024-02-01T22:30Z,102,84,low
2024-02-01T22:30Z,2024-02-01T23:00Z,81,71,low
2024-02-01T23:00Z,2024-02-01T23:30Z,74,67,low
2024-02-01T23:30Z,2024-02-02T00:00Z,69,67,low
2024-02-02T00:00Z,2024-02-02T00:30Z,68,71,low
2024-02-02T00:30Z,2024-02-02T01:00Z,70,66,low
2024-02-02T01:00Z,2024-02-02T01:30Z,68,64,low
2024-02-02T01:30Z,2024-02-02T02:00Z,65,75,low
2024-02-02T02:00Z,2024-02-02T02:30Z,70,72,low
2024-02-02T02:30Z,2024-02-02T03:00Z,77,74,low
2024-02-02T03:00Z,2024-02-02T03:30Z,78,73,low
2024-02-02T03:30Z,2024-02-02T04:00Z,74,71,low
2024-02-02T04:00Z,2024-02-02T04:30Z,74,69,low
2024-02-02T04:30Z,2024-02-02T05:00Z,71,63,low
2024-02-02T05:00Z,2024-02-02T05:30Z,70,72,low
2024-02-02T05:30Z,2024-02-02T06:00Z,66,86,low
2024-02-02T06:00Z,2024-02-02T06:30Z,72,99,low
2024-02-02T06:30Z,2024-02-02T07:00Z,84,104,low
2024-02-02T07:00Z,2024-02-02T07:30Z,95,104,low
2024-02-02T07:30Z,2024-02-02T08:00Z,103,90,low
2024-02-02T08:00Z,2024-02-02T08:30Z,97,90,low
2024-02-02T08:30Z,2024-02-02T09:00Z,98,84,low
2024-02-02T09:00Z,2024-02-02T09:30Z,97,71,low
2024-02-02T09:30Z,2024-02-02T10:00Z,88,67,low
2024-02-02T10:00Z,2024-02-02T10:30Z,68,65,low
2024-02-02T10:30Z,2024-02-02T11:00Z,80,56,low
2024-02-02T11:00Z,2024-02-02T11:30Z,67,57,low
2024-02-02T11:30Z,2024-02-02T12:00Z,60,55,low
2024-02-02T12:00Z,2024-02-02T12:30Z,61,45,low
2024-02-02T12:30Z,2024-02-02T13:00Z,54,44,low
2024-02-02T13:00Z,2024-02-02T13:30Z,46,44,low
2024-02-02T13:30Z,2024-02-02T14:00Z,44,49,low
2024-02-02T14:00Z,2024-02-02T14:30Z,44,48,low
2024-02-02T14:30Z,2024-02-02T15:00Z,49,42,low
2024-02-02T15:00Z,2024-02-02T15:30Z,51,48,low
2024-02-02T15:30Z,2024-02-02T16:00Z,51,52,low
2024-02-02T16:00Z,2024-02-02T16:30Z,49,63,low
2024-02-02T16:30Z,2024-02-02T17:00Z,56,71,low
2024-02-02T17:00Z,2024-02-02T17:30Z,66,72,low
2024-02-02T17:30Z,2024-02-02T18:00Z,69,68,low
2024-02-02T18:00Z,2024-02-02T18:30Z,68,65,low
2024-02-02T18:30Z,2024-02-02T19:00Z,66,62,low
2024-02-02T19:00Z,2024-02-02T19:30Z,60,62,low
2024-02-02T19:30Z,2024-02-02T20:00Z,63,64,low
2024-02-02T20:00Z,2024-02-02T20:30Z,61,60,low
2024-02-02T20:30Z,2024-02-02T21:00Z,63,73,low
2024-02-02T21:00Z,2024-02-02T21:30Z,59,64,low
2024-02-02T21:30Z,2024-02-02T22:00Z,71,67,low
2024-02-02T22:00Z,2024-02-02T22:30Z,57,58,low
2024-02-02T22:30Z,2024-02-02T23:00Z,65,57,low
2024-02-02T23:00Z,2024-02-02T23:30Z,65,61,low
2024-02-02T23:30Z,2024-02-03T00:00Z,63,61,low
2024-02-03T00:00Z,2024-02-03T00:30Z,54,66,low
2024-02-03T00:30Z,2024-02-03T01:00Z,60,65,low
2024-02-03T01:00Z,2024-02-03T01:30Z,64,65,low
2024-02-03T01:30Z,2024-02-03T02:00Z,62,68,low
2024-02-03T02:00Z,2024-02-03T02:30Z,66,66,low
2024-02-03T02:30Z,2024-02-03T03:00Z,69,70,low
2024-02-03T03:00Z,2024-02-03T03:30Z,65,66,low
2024-02-03T03:30Z,2024-02-03T04:00Z,66,65,low
2024-02-03T04:00Z,2024-02-03T04:30Z,63,60,low
2024-02-03T04:30Z,2024-02-03T05:00Z,70,59,low
2024-02-03T05:00Z,2024-02-03T05:30Z,63,62,low
2024-02-03T05:30Z,2024-02-03T06:00Z,63,60,low
2024-02-03T06:00Z,2024-02-03T06:30Z,62,61,low
2024-02-03T06:30Z,2024-02-03T07:00Z,61,70,low
2024-02-03T07:00Z,2024-02-03T07:30Z,59,78,low
2024-02-03T07:30Z,2024-02-03T08:00Z,69,66,low
2024-02-03T08:00Z,2024-02-03T08:30Z,72,72,low
2024-02-03T08:30Z,2024-02-03T09:00Z,64,63,low
2024-02-03T09:00Z,2024-02-03T09:30Z,68,62,low
2024-02-03T09:30Z,2024-02-03T10:00Z,64,56,low
2024-02-03T10:00Z,2024-02-03T10:30Z,64,53,low
2024-02-03T10:30Z,2024-02-03T11:00Z,63,53,low
2024-02-03T11:00Z,2024-02-03T11:30Z,51,54,low
2024-02-03T11:30Z,2024-02-03T12:00Z,54,54,low
2024-02-03T12:00Z,2024-02-03T12:30Z,55,53,low
2024-02-03T12:30Z,2024-02-03T13:00Z,55,58,low
2024-02-03T13:00Z,2024-02-03T13:30Z,55,56,low
2024-02-03T13:30Z,2024-02-03T14:00Z,60,56,low
2024-02-03T14:00Z,2024-02-03T14:30Z,57,54,low
2024-02-03T14:30Z,2024-02-03T15:00Z,57,49,low
2024-02-03T15:00Z,2024-02-03T15:30Z,59,59,low
2024-02-03T15:30Z,2024-02-03T16:00Z,49,65,low
2024-02-03T16:00Z,2024-02-03T16:30Z,58,69,low
2024-02-03T16:30Z,2024-02-03T17:00Z,68,76,low
2024-02-03T17:00Z,2024-02-03T17:30Z,77,79,low
2024-02-03T17:30Z,2024-02-03T18:00Z,73,78,low
2024-02-03T18:00Z,2024-02-03T18:30Z,69,75,low
2024-02-03T18:30Z,2024-02-03T19:00Z,72,73,low
2024-02-03T19:00Z,2024-02-03T19:30Z,70,64,low
2024-02-03T19:30Z,2024-02-03T20:00Z,79,67,low
2024-02-03T20:00Z,2024-02-03T20:30Z,63,65,low
2024-02-03T20:30Z,2024-02-03T21:00Z,66,74,low
2024-02-03T21:00Z,2024-02-03T21:30Z,66,66,low
2024-02-03T21:30Z,2024-02-03T22:00Z,69,69,low
2024-02-03T22:00Z,2024-02-03T22:30Z,63,64,low
2024-02-03T22:30Z,2024-02-03T23:00Z,66,64,low
2024-02-03T23:00Z,2024-02-03T23:30Z,59,61,low
2024-02-03T23:30Z,2024-02-04T00:00Z,57,62,low
2024-02-04T00:00Z,2024-02-04T00:30Z,59,65,low
2024-02-04T00:30Z,2024-02-04T01:00Z,59,74,low
2024-02-04T01:00Z,2024-02-04T01:30Z,64,75,low
2024-02-04T01:30Z,2024-02-04T02:00Z,70,69,low
2024-02-04T02:00Z,2024-02-04T02:30Z,74,68,low
2024-02-04T02:30Z,2024-02-04T03:00Z,68,69,low
2024-02-04T03:00Z,2024-02-04T03:30Z,66,64,low
2024-02-04T03:30Z,2024-02-04T04:00Z,68,62,low
2024-02-04T04:00Z,2024-02-04T04:30Z,66,60,low
2024-02-04T04:30Z,2024-02-04T05:00Z,62,62,low
2024-02-04T05:00Z,2024-02-04T05:30Z,60,63,low
2024-02-04T05:30Z,2024-02-04T06:00Z,63,68,low
2024-02-04T06:00Z,2024-02-04T06:30Z,64,71,low
2024-02-04T06:30Z,2024-02-04T07:00Z,69,75,low
2024-02-04T07:00Z,2024-02-04T07:30Z,69,80,low
2024-02-04T07:30Z,2024-02-04T08:00Z,72,76,low
2024-02-04T08:00Z,2024-02-04T08:30Z,74,81,low
2024-02-04T08:30Z,2024-02-04T09:00Z,70,69,low
2024-02-04T09:00Z,2024-02-04T09:30Z,76,71,low
2024-02-04T09:30Z,2024-02-04T10:00Z,71,63,low
2024-02-04T10:00Z,2024-02-04T10:30Z,65,61,low
2024-02-04T10:30Z,2024-02-04T11:00Z,65,53,low
2024-02-04T11:00Z,2024-02-04T11:30Z,63,47,low
2024-02-04T11:30Z,2024-02-04T12:00Z,57,41,low
2024-02-04T12:00Z,2024-02-04T12:30Z,48,36,low
2024-02-04T12:30Z,2024-02-04T13:00Z,47,38,low
2024-02-04T13:00Z,2024-02-04T13:30Z,32,39,low
2024-02-04T13:30Z,2024-02-04T14:00Z,38,40,low
2024-02-04T14:00Z,2024-02-04T14:30Z,40,42,low
2024-02-04T14:30Z,2024-02-04T15:00Z,39,41,low
2024-02-04T15:00Z,2024-02-04T15:30Z,44,43,low
2024-02-04T15:30Z,2024-02-04T16:00Z,42,44,low
2024-02-04T16:00Z,2024-02-04T16:30Z,42,47,low
2024-02-04T16:30Z,2024-02-04T17:00Z,42,56,low
2024-02-04T17:00Z,2024-02-04T17:30Z,47,61,low
2024-02-04T17:30Z,2024-02-04T18:00Z,47,54,low
2024-02-04T18:00Z,2024-02-04T18:30Z,51,51,low
2024-02-04T18:30Z,2024-02-04T19:00Z,46,49,low
2024-02-04T19:00Z,2024-02-04T19:30Z,48,49,low
2024-02-04T19:30Z,2024-02-04T20:00Z,48,45,low
2024-02-04T20:00Z,2024-02-04T20:30Z,48,43,low
2024-02-04T20:30Z,2024-02-04T21:00Z,43,44,low
2024-02-04T21:00Z,2024-02-04T21:30Z,41,46,low
2024-02-04T21:30Z,2024-02-04T22:00Z,45,51,low
2024-02-04T22:00Z,2024-02-04T22:30Z,48,55,low
2024-02-04T22:30Z,2024-02-04T23:00Z,47,58,low
2024-02-04T23:00Z,2024-02-04T23:30Z,48,57,low
2024-02-04T23:30Z,2024-02-05T00:00Z,55,60,low
2024-02-05T00:00Z,2024-02-05T00:30Z,56,62,low
2024-02-05T00:30Z,2024-02-05T01:00Z,55,60,low
2024-02-05T01:00Z,2024-02-05T01:30Z,58,60,low
2024-02-05T01:30Z,2024-02-05T02:00Z,59,59,low
2024-02-05T02:00Z,2024-02-05T02:30Z,58,59,low
2024-02-05T02:30Z,2024-02-05T03:00Z,58,58,low
2024-02-05T03:00Z,2024-02-05T03:30Z,57,57,low
2024-02-05T03:30Z,2024-02-05T04:00Z,57,59,low
2024-02-05T04:00Z,2024-02-05T04:30Z,60,60,low
2024-02-05T04:30Z,2024-02-05T05:00Z,59,66,low
2024-02-05T05:00Z,2024-02-05T05:30Z,58,71,low
2024-02-05T05:30Z,2024-02-05T06:00Z,64,64,low
2024-02-05T06:00Z,2024-02-05T06:30Z,71,79,low
2024-02-05T06:30Z,2024-02-05T07:00Z,63,81,low
2024-02-05T07:00Z,2024-02-05T07:30Z,76,84,low
2024-02-05T07:30Z,2024-02-05T08:00Z,75,77,low
2024-02-05T08:00Z,2024-02-05T08:30Z,80,76,low
2024-02-05T08:30Z,2024-02-05T09:00Z,82,71,low
2024-02-05T09:00Z,2024-02-05T09:30Z,73,70,low
2024-02-05T09:30Z,2024-02-05T10:00Z,67,65,low
2024-02-05T10:00Z,2024-02-05T10:30Z,64,63,low
2024-02-05T10:30Z,2024-02-05T11:00Z,60,62,low
2024-02-05T11:00Z,2024-02-05T11:30Z,61,61,low
2024-02-05T11:30Z,2024-02-05T12:00Z,60,63,low
2024-02-05T12:00Z,2024-02-05T12:30Z,61,64,low
2024-02-05T12:30Z,2024-02-05T13:00Z,63,64,low
2024-02-05T13:00Z,2024-02-05T13:30Z,60,65,low
2024-02-05T13:30Z,2024-02-05T14:00Z,61,67,low
2024-02-05T14:00Z,2024-02-05T14:30Z,64,66,low
2024-02-05T14:30Z,2024-02-05T15:00Z,67,64,low
2024-02-05T15:00Z,2024-02-05T15:30Z,66,65,low
2024-02-05T15:30Z,2024-02-05T16:00Z,69,72,low
2024-02-05T16:00Z,2024-02-05T16:30Z,72,74,low
2024-02-05T16:30Z,2024-02-05T17:00Z,75,76,low
2024-02-05T17:00Z,2024-02-05T17:30Z,77,75,low
2024-02-05T17:30Z,2024-02-05T18:00Z,78,74,low
2024-02-05T18:00Z,2024-02-05T18:30Z,68,71,low
2024-02-05T18:30Z,2024-02-05T19:00Z,72,70,low
2024-02-05T19:00Z,2024-02-05T19:30Z,66,69,low
2024-02-05T19:30Z,2024-02-05T20:00Z,64,56,low
2024-02-05T20:00Z,2024-02-05T20:30Z,67,50,low
2024-02-05T20:30Z,2024-02-05T21:00Z,57,52,low
2024-02-05T21:00Z,2024-02-05T21:30Z,58,48,low
2024-02-05T21:30Z,2024-02-05T22:00Z,50,51,low
2024-02-05T22:00Z,2024-02-05T22:30Z,46,49,low
2024-02-05T22:30Z,2024-02-05T23:00Z,47,47,low
2024-02-05T23:00Z,2024-02-05T23:30Z,48,44,low
2024-02-05T23:30Z,2024-02-06T00:00Z,45,45,low
2024-02-06T00:00Z,2024-02-06T00:30Z,44,52,low
2024-02-06T00:30Z,2024-02-06T01:00Z,44,53,low
2024-02-06T01:00Z,2024-02-06T01:30Z,48,47,low
2024-02-06T01:30Z,2024-02-06T02:00Z,54,51,low
2024-02-06T02:00Z,2024-02-06T02:30Z,47,51,low
2024-02-06T02:30Z,2024-02-06T03:00Z,49,46,low
2024-02-06T03:00Z,2024-02-06T03:30Z,50,46,low
2024-02-06T03:30Z,2024-02-06T04:00Z,50,46,low
2024-02-06T04:00Z,2024-02-06T04:30Z,51,47,low
2024-02-06T04:30Z,2024-02-06T05:00Z,48,49,low
2024-02-06T05:00Z,2024-02-06T05:30Z,46,52,low
2024-02-06T05:30Z,2024-02-06T06:00Z,49,55,low
2024-02-06T06:00Z,2024-02-06T06:30Z,50,68,low
2024-02-06T06:30Z,2024-02-06T07:00Z,49,81,low
2024-02-06T07:00Z,2024-02-06T07:30Z,63,85,low
2024-02-06T07:30Z,2024-02-06T08:00Z,78,86,low
2024-02-06T08:00Z,2024-02-06T08:30Z,78,85,low
2024-02-06T08:30Z,2024-02-06T09:00Z,84,77,low
2024-02-06T09:00Z,2024-02-06T09:30Z,77,75,low
2024-02-06T09:30Z,2024-02-06T10:00Z,73,76,low
2024-02-06T10:00Z,2024-02-06T10:30Z,72,78,low
2024-02-06T10:30Z,2024-02-06T11:00Z,70,80,low
2024-02-06T11:00Z,2024-02-06T11:30Z,70,79,low
2024-02-06T11:30Z,2024-02-06T12:00Z,73,79,low
2024-02-06T12:00Z,2024-02-06T12:30Z,74,77,low
2024-02-06T12:30Z,2024-02-06T13:00Z,73,80,low
2024-02-06T13:00Z,2024-02-06T13:30Z,71,82,low
2024-02-06T13:30Z,2024-02-06T14:00Z,75,85,low
2024-02-06T14:00Z,2024-02-06T14:30Z,77,90,low
2024-02-06T14:30Z,2024-02-06T15:00Z,76,95,low
2024-02-06T15:00Z,2024-02-06T15:30Z,98,109,low
2024-02-06T15:30Z,2024-02-06T16:00Z,104,119,moderate
2024-02-06T16:00Z,2024-02-06T16:30Z,122,132,moderate
2024-02-06T16:30Z,2024-02-06T17:00Z,132,140,moderate
2024-02-06T17:00Z,2024-02-06T17:30Z,142,147,moderate
2024-02-06T17:30Z,2024-02-06T18:00Z,148,150,moderate
2024-02-06T18:00Z,2024-02-06T18:30Z,142,151,moderate
2024-02-06T18:30Z,2024-02-06T19:00Z,145,149,moderate
2024-02-06T19:00Z,2024-02-06T19:30Z,150,152,moderate
2024-02-06T19:30Z,2024-02-06T20:00Z,153,161,moderate
2024-02-06T20:00Z,2024-02-06T20:30Z,151,162,moderate
2024-02-06T20:30Z,2024-02-06T21:00Z,160,159,moderate
2024-02-06T21:00Z,2024-02-06T21:30Z,165,150,moderate
2024-02-06T21:30Z,2024-02-06T22:00Z,159,147,moderate
2024-02-06T22:00Z,2024-02-06T22:30Z,144,141,moderate
2024-02-06T22:30Z,2024-02-06T23:00Z,138,138,moderate
2024-02-06T23:00Z,2024-02-06T23:30Z,135,143,moderate
2024-02-06T23:30Z,2024-02-07T00:00Z,132,149,moderate
2024-02-07T00:00Z,2024-02-07T00:30Z,141,155,moderate
2024-02-07T00:30Z,2024-02-07T01:00Z,146,152,moderate
2024-02-07T01:00Z,2024-02-07T01:30Z,146,152,moderate
2024-02-07T01:30Z,2024-02-07T02:00Z,143,156,moderate
2024-02-07T02:00Z,2024-02-07T02:30Z,145,158,moderate
2024-02-07T02:30Z,2024-02-07T03:00Z,151,162,moderate
2024-02-07T03:00Z,2024-02-07T03:30Z,151,165,moderate
2024-02-07T03:30Z,2024-02-07T04:00Z,161,167,moderate
2024-02-07T04:00Z,2024-02-07T04:30Z,170,173,moderate
2024-02-07T04:30Z,2024-02-07T05:00Z,168,178,moderate
2024-02-07T05:00Z,2024-02-07T05:30Z,175,188,moderate
2024-02-07T05:30Z,2024-02-07T06:00Z,200,207,high
2024-02-07T06:00Z,2024-02-07T06:30Z,217,227,high
2024-02-07T06:30Z,2024-02-07T07:00Z,215,249,high
2024-02-07T07:00Z,2024-02-07T07:30Z,212,254,high
2024-02-07T07:30Z,2024-02-07T08:00Z,207,256,high
2024-02-07T08:00Z,2024-02-07T08:30Z,249,254,high
2024-02-07T08:30Z,2024-02-07T09:00Z,261,251,high
2024-02-07T09:00Z,2024-02-07T09:30Z,252,252,high
2024-02-07T09:30Z,2024-02-07T10:00Z,253,250,high
2024-02-07T10:00Z,2024-02-07T10:30Z,254,250,high
2024-02-07T10:30Z,2024-02-07T11:00Z,249,249,high
2024-02-07T11:00Z,2024-02-07T11:30Z,253,245,high
2024-02-07T11:30Z,2024-02-07T12:00Z,250,246,high
2024-02-07T12:00Z,2024-02-07T12:30Z,244,247,high
2024-02-07T12:30Z,2024-02-07T13:00Z,245,247,high
2024-02-07T13:00Z,2024-02-07T13:30Z,245,247,high
2024-02-07T13:30Z,2024-02-07T14:00Z,252,250,high
2024-02-07T14:00Z,2024-02-07T14:30Z,256,250,high
2024-02-07T14:30Z,2024-02-07T15:00Z,257,248,high
2024-02-07T15:00Z,2024-02-07T15:30Z,261,249,high
2024-02-07T15:30Z,2024-02-07T16:00Z,252,257,high
2024-02-07T16:00Z,2024-02-07T16:30Z,255,258,high
2024-02-07T16:30Z,2024-02-07T17:00Z,267,257,high
2024-02-07T17:00Z,2024-02-07T17:30Z,264,263,high
2024-02-07T17:30Z,2024-02-07T18:00Z,264,268,high
2024-02-07T18:00Z,2024-02-07T18:30Z,261,268,high
2024-02-07T18:30Z,2024-02-07T19:00Z,271,262,high
2024-02-07T19:00Z,2024-02-07T19:30Z,275,266,high
2024-02-07T19:30Z,2024-02-07T20:00Z,273,268,high
2024-02-07T20:00Z,2024-02-07T20:30Z,275,271,very high
2024-02-07T20:30Z,2024-02-07T21:00Z,276,270,very high
2024-02-07T21:00Z,2024-02-07T21:30Z,278,266,high
2024-02-07T21:30Z,2024-02-07T22:00Z,275,255,high
2024-02-07T22:00Z,2024-02-07T22:30Z,279,250,high
2024-02-07T22:30Z,2024-02-07T23:00Z,271,248,high
2024-02-07T23:00Z,2024-02-07T23:30Z,266,241,high
2024-02-07T23:30Z,2024-02-08T00:00Z,262,231,high
2024-02-08T00:00Z,2024-02-08T00:30Z,248,234,high
2024-02-08T00:30Z,2024-02-08T01:00Z,241,232,high
2024-02-08T01:00Z,2024-02-08T01:30Z,237,221,high
2024-02-08T01:30Z,2024-02-08T02:00Z,245,221,high
2024-02-08T02:00Z,2024-02-08T02:30Z,237,219,high
2024-02-08T02:30Z,2024-02-08T03:00Z,234,222,high
2024-02-08T03:00Z,2024-02-08T03:30Z,224,204,high
2024-02-08T03:30Z,2024-02-08T04:00Z,226,202,high
2024-02-08T04:00Z,2024-02-08T04:30Z,208,199,high
2024-02-08T04:30Z,2024-02-08T05:00Z,205,207,high
2024-02-08T05:00Z,2024-02-08T05:30Z,208,200,high
2024-02-08T05:30Z,2024-02-08T06:00Z,217,221,high
2024-02-08T06:00Z,2024-02-08T06:30Z,219,227,high
2024-02-08T06:30Z,2024-02-08T07:00Z,227,218,high
2024-02-08T07:00Z,2024-02-08T07:30Z,232,206,high
2024-02-08T07:30Z,2024-02-08T08:00Z,222,202,high
2024-02-08T08:00Z,2024-02-08T08:30Z,204,195,high
2024-02-08T08:30Z,2024-02-08T09:00Z,200,194,high
2024-02-08T09:00Z,2024-02-08T09:30Z,195,199,high
2024-02-08T09:30Z,2024-02-08T10:00Z,187,196,high
2024-02-08T10:00Z,2024-02-08T10:30Z,197,189,moderate
2024-02-08T10:30Z,2024-02-08T11:00Z,196,185,moderate
2024-02-08T11:00Z,2024-02-08T11:30Z,193,178,moderate
2024-02-08T11:30Z,2024-02-08T12:00Z,187,179,moderate
2024-02-08T12:00Z,2024-02-08T12:30Z,184,177,moderate
2024-02-08T12:30Z,2024-02-08T13:00Z,181,177,moderate
2024-02-08T13:00Z,2024-02-08T13:30Z,179,177,moderate
2024-02-08T13:30Z,2024-02-08T14:00Z,179,175,moderate
2024-02-08T14:00Z,2024-02-08T14:30Z,182,171,moderate
2024-02-08T14:30Z,2024-02-08T15:00Z,181,167,moderate
2024-02-08T15:00Z,2024-02-08T15:30Z,170,166,moderate
2024-02-08T15:30Z,2024-02-08T16:00Z,168,162,moderate
2024-02-08T16:00Z,2024-02-08T16:30Z,167,160,moderate
2024-02-08T16:30Z,2024-02-08T17:00Z,162,161,moderate
2024-02-08T17:00Z,2024-02-08T17:30Z,162,158,moderate
2024-02-08T17:30Z,2024-02-08T18:00Z,159,152,moderate
2024-02-08T18:00Z,2024-02-08T18:30Z,169,147,moderate
2024-02-08T18:30Z,2024-02-08T19:00Z,147,139,moderate
2024-02-08T19:00Z,2024-02-08T19:30Z,136,129,moderate
2024-02-08T19:30Z,2024-02-08T20:00Z,129,117,moderate
2024-02-08T20:00Z,2024-02-08T20:30Z,118,102,low
2024-02-08T20:30Z,2024-02-08T21:00Z,122,85,low
2024-02-08T21:00Z,2024-02-08T21:30Z,109,73,low
2024-02-08T21:30Z,2024-02-08T22:00Z,87,67,low
2024-02-08T22:00Z,2024-02-08T22:30Z,83,59,low
2024-02-08T22:30Z,2024-02-08T23:00Z,69,55,low
2024-02-08T23:00Z,2024-02-08T23:30Z,61,58,low
2024-02-08T23:30Z,2024-02-09T00:00Z,57,60,low
2024-02-09T00:00Z,2024-02-09T00:30Z,58,65,low
2024-02-09T00:30Z,2024-02-09T01:00Z,60,65,low
2024-02-09T01:00Z,2024-02-09T01:30Z,64,59,low
2024-02-09T01:30Z,2024-02-09T02:00Z,65,61,low
2024-02-09T02:00Z,2024-02-09T02:30Z,61,63,low
2024-02-09T02:30Z,2024-02-09T03:00Z,57,63,low
2024-02-09T03:00Z,2024-02-09T03:30Z,61,61,low
2024-02-09T03:30Z,2024-02-09T04:00Z,62,59,low
2024-02-09T04:00Z,2024-02-09T04:30Z,61,58,low
2024-02-09T04:30Z,2024-02-09T05:00Z,60,67,low
2024-02-09T05:00Z,2024-02-09T05:30Z,57,68,low
2024-02-09T05:30Z,2024-02-09T06:00Z,64,80,low
2024-02-09T06:00Z,2024-02-09T06:30Z,73,103,low
2024-02-09T06:30Z,2024-02-09T07:00Z,84,116,moderate
2024-02-09T07:00Z,2024-02-09T07:30Z,105,124,moderate
2024-02-09T07:30Z,2024-02-09T08:00Z,114,130,moderate
2024-02-09T08:00Z,2024-02-09T08:30Z,121,133,moderate
2024-02-09T08:30Z,2024-02-09T09:00Z,132,130,moderate
2024-02-09T09:00Z,2024-02-09T09:30Z,128,131,moderate
2024-02-09T09:30Z,2024-02-09T10:00Z,129,132,moderate
2024-02-09T10:00Z,2024-02-09T10:30Z,127,131,moderate
2024-02-09T10:30Z,2024-02-09T11:00Z,126,131,moderate
2024-02-09T11:00Z,2024-02-09T11:30Z,126,126,moderate
2024-02-09T11:30Z,2024-02-09T12:00Z,127,120,moderate
2024-02-09T12:00Z,2024-02-09T12:30Z,122,120,moderate
2024-02-09T12:30Z,2024-02-09T13:00Z,116,121,moderate
2024-02-09T13:00Z,2024-02-09T13:30Z,112,125,moderate
2024-02-09T13:30Z,2024-02-09T14:00Z,118,127,moderate
2024-02-09T14:00Z,2024-02-09T14:30Z,120,127,moderate
2024-02-09T14:30Z,2024-02-09T15:00Z,117,126,moderate
2024-02-09T15:00Z,2024-02-09T15:30Z,128,133,moderate
2024-02-09T15:30Z,2024-02-09T16:00Z,133,131,moderate
2024-02-09T16:00Z,2024-02-09T16:30Z,153,132,moderate
2024-02-09T16:30Z,2024-02-09T17:00Z,168,129,moderate
2024-02-09T17:00Z,2024-02-09T17:30Z,175,135,moderate
2024-02-09T17:30Z,2024-02-09T18:00Z,176,132,moderate
2024-02-09T18:00Z,2024-02-09T18:30Z,133,127,moderate
2024-02-09T18:30Z,2024-02-09T19:00Z,135,126,moderate
2024-02-09T19:00Z,2024-02-09T19:30Z,118,116,moderate
2024-02-09T19:30Z,2024-02-09T20:00Z,119,109,low
2024-02-09T20:00Z,2024-02-09T20:30Z,109,102,low
2024-02-09T20:30Z,2024-02-09T21:00Z,99,95,low
2024-02-09T21:00Z,2024-02-09T21:30Z,95,87,low
2024-02-09T21:30Z,2024-02-09T22:00Z,86,82,low
2024-02-09T22:00Z,2024-02-09T22:30Z,96,77,low
2024-02-09T22:30Z,2024-02-09T23:00Z,85,87,low
2024-02-09T23:00Z,2024-02-09T23:30Z,75,80,low
2024-02-09T23:30Z,2024-02-10T00:00Z,78,78,low
2024-02-10T00:00Z,2024-02-10T00:30Z,72,86,low
2024-02-10T00:30Z,2024-02-10T01:00Z,85,86,low
2024-02-10T01:00Z,2024-02-10T01:30Z,80,85,low
2024-02-10T01:30Z,2024-02-10T02:00Z,80,86,low
2024-02-10T02:00Z,2024-02-10T02:30Z,81,93,low
2024-02-10T02:30Z,2024-02-10T03:00Z,82,99,low
2024-02-10T03:00Z,2024-02-10T03:30Z,87,99,low
2024-02-10T03:30Z,2024-02-10T04:00Z,91,101,low
2024-02-10T04:00Z,2024-02-10T04:30Z,96,106,low
2024-02-10T04:30Z,2024-02-10T05:00Z,95,111,moderate
2024-02-10T05:00Z,2024-02-10T05:30Z,102,123,moderate
2024-02-10T05:30Z,2024-02-10T06:00Z,104,137,moderate
2024-02-10T06:00Z,2024-02-10T06:30Z,126,157,moderate
2024-02-10T06:30Z,2024-02-10T07:00Z,150,183,moderate
2024-02-10T07:00Z,2024-02-10T07:30Z,167,189,moderate
2024-02-10T07:30Z,2024-02-10T08:00Z,194,195,high
2024-02-10T08:00Z,2024-02-10T08:30Z,201,202,high
2024-02-10T08:30Z,2024-02-10T09:00Z,203,205,high
2024-02-10T09:00Z,2024-02-10T09:30Z,203,204,high
2024-02-10T09:30Z,2024-02-10T10:00Z,204,201,high
2024-02-10T10:00Z,2024-02-10T10:30Z,202,200,high
2024-02-10T10:30Z,2024-02-10T11:00Z,202,195,high
2024-02-10T11:00Z,2024-02-10T11:30Z,202,196,high
2024-02-10T11:30Z,2024-02-10T12:00Z,201,199,high
2024-02-10T12:00Z,2024-02-10T12:30Z,203,197,high
2024-02-10T12:30Z,2024-02-10T13:00Z,201,200,high
2024-02-10T13:00Z,2024-02-10T13:30Z,202,204,high
2024-02-10T13:30Z,2024-02-10T14:00Z,203,208,high
2024-02-10T14:00Z,2024-02-10T14:30Z,205,214,high
2024-02-10T14:30Z,2024-02-10T15:00Z,208,214,high
2024-02-10T15:00Z,2024-02-10T15:30Z,214,216,high
2024-02-10T15:30Z,2024-02-10T16:00Z,222,214,high
2024-02-10T16:00Z,2024-02-10T16:30Z,229,223,high
2024-02-10T16:30Z,2024-02-10T17:00Z,225,224,high
2024-02-10T17:00Z,2024-02-10T17:30Z,234,223,high
2024-02-10T17:30Z,2024-02-10T18:00Z,235,227,high
2024-02-10T18:00Z,2024-02-10T18:30Z,229,230,high
2024-02-10T18:30Z,2024-02-10T19:00Z,229,234,high
2024-02-10T19:00Z,2024-02-10T19:30Z,238,228,high
2024-02-10T19:30Z,2024-02-10T20:00Z,242,226,high
2024-02-10T20:00Z,2024-02-10T20:30Z,231,220,high
2024-02-10T20:30Z,2024-02-10T21:00Z,231,214,high
2024-02-10T21:00Z,2024-02-10T21:30Z,227,208,high
2024-02-10T21:30Z,2024-02-10T22:00Z,222,202,high
2024-02-10T22:00Z,2024-02-10T22:30Z,221,206,high
2024-02-10T22:30Z,2024-02-10T23:00Z,214,207,high
2024-02-10T23:00Z,2024-02-10T23:30Z,207,206,high
2024-02-10T23:30Z,2024-02-11T00:00Z,209,207,high
2024-02-11T00:00Z,2024-02-11T00:30Z,221,204,high
2024-02-11T00:30Z,2024-02-11T01:00Z,218,203,high
2024-02-11T01:00Z,2024-02-11T01:30Z,205,197,high
2024-02-11T01:30Z,2024-02-11T02:00Z,201,191,high
2024-02-11T02:00Z,2024-02-11T02:30Z,195,191,high
2024-02-11T02:30Z,2024-02-11T03:00Z,202,193,high
2024-02-11T03:00Z,2024-02-11T03:30Z,194,197,high
2024-02-11T03:30Z,2024-02-11T04:00Z,194,196,high
2024-02-11T04:00Z,2024-02-11T04:30Z,200,193,high
2024-02-11T04:30Z,2024-02-11T05:00Z,212,189,moderate
2024-02-11T05:00Z,2024-02-11T05:30Z,209,195,high
2024-02-11T05:30Z,2024-02-11T06:00Z,200,198,high
2024-02-11T06:00Z,2024-02-11T06:30Z,210,196,high
2024-02-11T06:30Z,2024-02-11T07:00Z,209,200,high
2024-02-11T07:00Z,2024-02-11T07:30Z,220,201,high
2024-02-11T07:30Z,2024-02-11T08:00Z,225,205,high
2024-02-11T08:00Z,2024-02-11T08:30Z,204,202,high
2024-02-11T08:30Z,2024-02-11T09:00Z,208,203,high
2024-02-11T09:00Z,2024-02-11T09:30Z,205,196,high
2024-02-11T09:30Z,2024-02-11T10:00Z,203,192,high
2024-02-11T10:00Z,2024-02-11T10:30Z,197,184,moderate
2024-02-11T10:30Z,2024-02-11T11:00Z,190,181,moderate
2024-02-11T11:00Z,2024-02-11T11:30Z,184,179,moderate
2024-02-11T11:30Z,2024-02-11T12:00Z,185,178,moderate
2024-02-11T12:00Z,2024-02-11T12:30Z,179,177,moderate
2024-02-11T12:30Z,2024-02-11T13:00Z,179,177,moderate
2024-02-11T13:00Z,2024-02-11T13:30Z,173,168,moderate
2024-02-11T13:30Z,2024-02-11T14:00Z,174,166,moderate
2024-02-11T14:00Z,2024-02-11T14:30Z,168,166,moderate
2024-02-11T14:30Z,2024-02-11T15:00Z,161,171,moderate
2024-02-11T15:00Z,2024-02-11T15:30Z,164,180,moderate
2024-02-11T15:30Z,2024-02-11T16:00Z,173,181,moderate
2024-02-11T16:00Z,2024-02-11T16:30Z,193,186,moderate
2024-02-11T16:30Z,2024-02-11T17:00Z,187,186,moderate
2024-02-11T17:00Z,2024-02-11T17:30Z,200,187,moderate
2024-02-11T17:30Z,2024-02-11T18:00Z,189,191,high
2024-02-11T18:00Z,2024-02-11T18:30Z,189,199,high
2024-02-11T18:30Z,2024-02-11T19:00Z,183,206,high
2024-02-11T19:00Z,2024-02-11T19:30Z,196,200,high
2024-02-11T19:30Z,2024-02-11T20:00Z,203,194,high
2024-02-11T20:00Z,2024-02-11T20:30Z,200,185,moderate
2024-02-11T20:30Z,2024-02-11T21:00Z,192,181,moderate
2024-02-11T21:00Z,2024-02-11T21:30Z,181,169,moderate
2024-02-11T21:30Z,2024-02-11T22:00Z,167,168,moderate
2024-02-11T22:00Z,2024-02-11T22:30Z,188,158,moderate
2024-02-11T22:30Z,2024-02-11T23:00Z,154,128,moderate
2024-02-11T23:00Z,2024-02-11T23:30Z,155,118,moderate
2024-02-11T23:30Z,2024-02-12T00:00Z,124,117,moderate
2024-02-12T00:00Z,2024-02-12T00:30Z,113,122,moderate
2024-02-12T00:30Z,2024-02-12T01:00Z,115,124,moderate
2024-02-12T01:00Z,2024-02-12T01:30Z,120,125,moderate
2024-02-12T01:30Z,2024-02-12T02:00Z,118,124,moderate
2024-02-12T02:00Z,2024-02-12T02:30Z,125,120,moderate
2024-02-12T02:30Z,2024-02-12T03:00Z,122,121,moderate
2024-02-12T03:00Z,2024-02-12T03:30Z,120,122,moderate
2024-02-12T03:30Z,2024-02-12T04:00Z,123,126,moderate
2024-02-12T04:00Z,2024-02-12T04:30Z,121,129,moderate
2024-02-12T04:30Z,2024-02-12T05:00Z,130,156,moderate
2024-02-12T05:00Z,2024-02-12T05:30Z,138,173,moderate
2024-02-12T05:30Z,2024-02-12T06:00Z,162,199,high
2024-02-12T06:00Z,2024-02-12T06:30Z,178,209,high
2024-02-12T06:30Z,2024-02-12T07:00Z,208,206,high
2024-02-12T07:00Z,2024-02-12T07:30Z,221,209,high
2024-02-12T07:30Z,2024-02-12T08:00Z,205,207,high
2024-02-12T08:00Z,2024-02-12T08:30Z,208,200,high
2024-02-12T08:30Z,2024-02-12T09:00Z,204,192,high
2024-02-12T09:00Z,2024-02-12T09:30Z,197,179,moderate
2024-02-12T09:30Z,2024-02-12T10:00Z,183,177,moderate
2024-02-12T10:00Z,2024-02-12T10:30Z,166,162,moderate
2024-02-12T10:30Z,2024-02-12T11:00Z,159,150,moderate
2024-02-12T11:00Z,2024-02-12T11:30Z,150,136,moderate
2024-02-12T11:30Z,2024-02-12T12:00Z,149,134,moderate
2024-02-12T12:00Z,2024-02-12T12:30Z,127,131,moderate
2024-02-12T12:30Z,2024-02-12T13:00Z,122,135,moderate
2024-02-12T13:00Z,2024-02-12T13:30Z,135,133,moderate
2024-02-12T13:30Z,2024-02-12T14:00Z,129,135,moderate
2024-02-12T14:00Z,2024-02-12T14:30Z,128,141,moderate
2024-02-12T14:30Z,2024-02-12T15:00Z,126,148,moderate
2024-02-12T15:00Z,2024-02-12T15:30Z,123,161,moderate
2024-02-12T15:30Z,2024-02-12T16:00Z,131,163,moderate
2024-02-12T16:00Z,2024-02-12T16:30Z,133,167,moderate
2024-02-12T16:30Z,2024-02-12T17:00Z,139,169,moderate
2024-02-12T17:00Z,2024-02-12T17:30Z,134,173,moderate
2024-02-12T17:30Z,2024-02-12T18:00Z,138,172,moderate
2024-02-12T18:00Z,2024-02-12T18:30Z,129,173,moderate
2024-02-12T18:30Z,2024-02-12T19:00Z,161,169,moderate
2024-02-12T19:00Z,2024-02-12T19:30Z,166,160,moderate
2024-02-12T19:30Z,2024-02-12T20:00Z,154,152,moderate
2024-02-12T20:00Z,2024-02-12T20:30Z,137,144,moderate
2024-02-12T20:30Z,2024-02-12T21:00Z,129,134,moderate
2024-02-12T21:00Z,2024-02-12T21:30Z,126,125,moderate
2024-02-12T21:30Z,2024-02-12T22:00Z,127,119,moderate
2024-02-12T22:00Z,2024-02-12T22:30Z,113,101,low
2024-02-12T22:30Z,2024-02-12T23:00Z,114,74,low
2024-02-12T23:00Z,2024-02-12T23:30Z,112,71,low
2024-02-12T23:30Z,2024-02-13T00:00Z,77,71,low
2024-02-13T00:00Z,2024-02-13T00:30Z,96,77,low
2024-02-13T00:30Z,2024-02-13T01:00Z,73,79,low
2024-02-13T01:00Z,2024-02-13T01:30Z,77,79,low
2024-02-13T01:30Z,2024-02-13T02:00Z,82,73,low
2024-02-13T02:00Z,2024-02-13T02:30Z,87,70,low
2024-02-13T02:30Z,2024-02-13T03:00Z,79,72,low
2024-02-13T03:00Z,2024-02-13T03:30Z,77,74,low
2024-02-13T03:30Z,2024-02-13T04:00Z,75,77,low
2024-02-13T04:00Z,2024-02-13T04:30Z,78,81,low
2024-02-13T04:30Z,2024-02-13T05:00Z,77,95,low
2024-02-13T05:00Z,2024-02-13T05:30Z,83,115,moderate
2024-02-13T05:30Z,2024-02-13T06:00Z,102,155,moderate
2024-02-13T06:00Z,2024-02-13T06:30Z,125,171,moderate
2024-02-13T06:30Z,2024-02-13T07:00Z,170,178,moderate
2024-02-13T07:00Z,2024-02-13T07:30Z,184,175,moderate
2024-02-13T07:30Z,2024-02-13T08:00Z,187,165,moderate
2024-02-13T08:00Z,2024-02-13T08:30Z,184,174,moderate
2024-02-13T08:30Z,2024-02-13T09:00Z,173,167,moderate
2024-02-13T09:00Z,2024-02-13T09:30Z,174,166,moderate
2024-02-13T09:30Z,2024-02-13T10:00Z,174,162,moderate
2024-02-13T10:00Z,2024-02-13T10:30Z,172,162,moderate
2024-02-13T10:30Z,2024-02-13T11:00Z,171,158,moderate
2024-02-13T11:00Z,2024-02-13T11:30Z,169,156,moderate
2024-02-13T11:30Z,2024-02-13T12:00Z,164,154,moderate
2024-02-13T12:00Z,2024-02-13T12:30Z,166,153,moderate
2024-02-13T12:30Z,2024-02-13T13:00Z,159,155,moderate
2024-02-13T13:00Z,2024-02-13T13:30Z,160,160,moderate
2024-02-13T13:30Z,2024-02-13T14:00Z,159,167,moderate
2024-02-13T14:00Z,2024-02-13T14:30Z,163,176,moderate
2024-02-13T14:30Z,2024-02-13T15:00Z,164,183,moderate
2024-02-13T15:00Z,2024-02-13T15:30Z,163,187,moderate
2024-02-13T15:30Z,2024-02-13T16:00Z,165,196,high
2024-02-13T16:00Z,2024-02-13T16:30Z,166,200,high
2024-02-13T16:30Z,2024-02-13T17:00Z,170,201,high
2024-02-13T17:00Z,2024-02-13T17:30Z,173,200,high
2024-02-13T17:30Z,2024-02-13T18:00Z,175,195,high
2024-02-13T18:00Z,2024-02-13T18:30Z,177,195,high
2024-02-13T18:30Z,2024-02-13T19:00Z,180,195,high
2024-02-13T19:00Z,2024-02-13T19:30Z,180,197,high
2024-02-13T19:30Z,2024-02-13T20:00Z,194,188,moderate
2024-02-13T20:00Z,2024-02-13T20:30Z,199,188,moderate
2024-02-13T20:30Z,2024-02-13T21:00Z,190,175,moderate
2024-02-13T21:00Z,2024-02-13T21:30Z,185,164,moderate
2024-02-13T21:30Z,2024-02-13T22:00Z,170,159,moderate
2024-02-13T22:00Z,2024-02-13T22:30Z,156,151,moderate
2024-02-13T22:30Z,2024-02-13T23:00Z,141,145,moderate
2024-02-13T23:00Z,2024-02-13T23:30Z,147,133,moderate
2024-02-13T23:30Z,2024-02-14T00:00Z,144,133,moderate
2024-02-14T00:00Z,2024-02-14T00:30Z,140,136,moderate
2024-02-14T00:30Z,2024-02-14T01:00Z,138,136,moderate
2024-02-14T01:00Z,2024-02-14T01:30Z,141,137,moderate
2024-02-14T01:30Z,2024-02-14T02:00Z,139,139,moderate
2024-02-14T02:00Z,2024-02-14T02:30Z,136,136,moderate
2024-02-14T02:30Z,2024-02-14T03:00Z,142,129,moderate
2024-02-14T03:00Z,2024-02-14T03:30Z,139,127,moderate
2024-02-14T03:30Z,2024-02-14T04:00Z,134,126,moderate
2024-02-14T04:00Z,2024-02-14T04:30Z,128,122,moderate
2024-02-14T04:30Z,2024-02-14T05:00Z,129,125,moderate
2024-02-14T05:00Z,2024-02-14T05:30Z,128,133,moderate
2024-02-14T05:30Z,2024-02-14T06:00Z,147,178,moderate
2024-02-14T06:00Z,2024-02-14T06:30Z,151,190,high
2024-02-14T06:30Z,2024-02-14T07:00Z,207,195,high
2024-02-14T07:00Z,2024-02-14T07:30Z,215,198,high
2024-02-14T07:30Z,2024-02-14T08:00Z,194,190,high
2024-02-14T08:00Z,2024-02-14T08:30Z,197,185,moderate
2024-02-14T08:30Z,2024-02-14T09:00Z,193,184,moderate
2024-02-14T09:00Z,2024-02-14T09:30Z,194,182,moderate
2024-02-14T09:30Z,2024-02-14T10:00Z,187,179,moderate
2024-02-14T10:00Z,2024-02-14T10:30Z,183,175,moderate
2024-02-14T10:30Z,2024-02-14T11:00Z,182,174,moderate
2024-02-14T11:00Z,2024-02-14T11:30Z,179,168,moderate
2024-02-14T11:30Z,2024-02-14T12:00Z,177,165,moderate
2024-02-14T12:00Z,2024-02-14T12:30Z,172,165,moderate
2024-02-14T12:30Z,2024-02-14T13:00Z,168,169,moderate
2024-02-14T13:00Z,2024-02-14T13:30Z,175,170,moderate
2024-02-14T13:30Z,2024-02-14T14:00Z,172,174,moderate
2024-02-14T14:00Z,2024-02-14T14:30Z,171,177,moderate
2024-02-14T14:30Z,2024-02-14T15:00Z,174,177,moderate
2024-02-14T15:00Z,2024-02-14T15:30Z,180,176,moderate
2024-02-14T15:30Z,2024-02-14T16:00Z,184,180,moderate
2024-02-14T16:00Z,2024-02-14T16:30Z,185,181,moderate
2024-02-14T16:30Z,2024-02-14T17:00Z,187,182,moderate
2024-02-14T17:00Z,2024-02-14T17:30Z,193,183,moderate
2024-02-14T17:30Z,2024-02-14T18:00Z,185,185,moderate
2024-02-14T18:00Z,2024-02-14T18:30Z,184,185,moderate
2024-02-14T18:30Z,2024-02-14T19:00Z,189,184,moderate
2024-02-14T19:00Z,2024-02-14T19:30Z,190,171,moderate
2024-02-14T19:30Z,2024-02-14T20:00Z,185,164,moderate
2024-02-14T20:00Z,2024-02-14T20:30Z,176,151,moderate
2024-02-14T20:30Z,2024-02-14T21:00Z,164,134,moderate
2024-02-14T21:00Z,2024-02-14T21:30Z,152,122,moderate
2024-02-14T21:30Z,2024-02-14T22:00Z,119,113,moderate
2024-02-14T22:00Z,2024-02-14T22:30Z,115,98,low
2024-02-14T22:30Z,2024-02-14T23:00Z,108,92,low
2024-02-14T23:00Z,2024-02-14T23:30Z,104,85,low
2024-02-14T23:30Z,2024-02-15T00:00Z,96,83,low
2024-02-15T00:00Z,2024-02-15T00:30Z,81,83,low
2024-02-15T00:30Z,2024-02-15T01:00Z,82,86,low
2024-02-15T01:00Z,2024-02-15T01:30Z,86,79,low
2024-02-15T01:30Z,2024-02-15T02:00Z,89,78,low
2024-02-15T02:00Z,2024-02-15T02:30Z,82,78,low
2024-02-15T02:30Z,2024-02-15T03:00Z,78,76,low
2024-02-15T03:00Z,2024-02-15T03:30Z,78,75,low
2024-02-15T03:30Z,2024-02-15T04:00Z,78,80,low
2024-02-15T04:00Z,2024-02-15T04:30Z,78,84,low
2024-02-15T04:30Z,2024-02-15T05:00Z,86,96,low
2024-02-15T05:00Z,2024-02-15T05:30Z,87,106,low
2024-02-15T05:30Z,2024-02-15T06:00Z,99,129,moderate
2024-02-15T06:00Z,2024-02-15T06:30Z,129,139,moderate
2024-02-15T06:30Z,2024-02-15T07:00Z,144,149,moderate
2024-02-15T07:00Z,2024-02-15T07:30Z,161,152,moderate
2024-02-15T07:30Z,2024-02-15T08:00Z,165,152,moderate
2024-02-15T08:00Z,2024-02-15T08:30Z,170,152,moderate
2024-02-15T08:30Z,2024-02-15T09:00Z,161,151,moderate
2024-02-15T09:00Z,2024-02-15T09:30Z,159,152,moderate
2024-02-15T09:30Z,2024-02-15T10:00Z,158,147,moderate
2024-02-15T10:00Z,2024-02-15T10:30Z,154,143,moderate
2024-02-15T10:30Z,2024-02-15T11:00Z,157,141,moderate
2024-02-15T11:00Z,2024-02-15T11:30Z,150,139,moderate
2024-02-15T11:30Z,2024-02-15T12:00Z,153,136,moderate
2024-02-15T12:00Z,2024-02-15T12:30Z,143,137,moderate
2024-02-15T12:30Z,2024-02-15T13:00Z,138,138,moderate
2024-02-15T13:00Z,2024-02-15T13:30Z,142,138,moderate
2024-02-15T13:30Z,2024-02-15T14:00Z,148,148,moderate
2024-02-15T14:00Z,2024-02-15T14:30Z,148,160,moderate
2024-02-15T14:30Z,2024-02-15T15:00Z,147,175,moderate
2024-02-15T15:00Z,2024-02-15T15:30Z,164,179,moderate
2024-02-15T15:30Z,2024-02-15T16:00Z,185,170,moderate
2024-02-15T16:00Z,2024-02-15T16:30Z,198,173,moderate
2024-02-15T16:30Z,2024-02-15T17:00Z,181,171,moderate
2024-02-15T17:00Z,2024-02-15T17:30Z,184,169,moderate
2024-02-15T17:30Z,2024-02-15T18:00Z,180,168,moderate
2024-02-15T18:00Z,2024-02-15T18:30Z,175,171,moderate
2024-02-15T18:30Z,2024-02-15T19:00Z,174,174,moderate
2024-02-15T19:00Z,2024-02-15T19:30Z,176,170,moderate
2024-02-15T19:30Z,2024-02-15T20:00Z,177,165,moderate
2024-02-15T20:00Z,2024-02-15T20:30Z,172,162,moderate
2024-02-15T20:30Z,2024-02-15T21:00Z,165,156,moderate
2024-02-15T21:00Z,2024-02-15T21:30Z,161,148,moderate
2024-02-15T21:30Z,2024-02-15T22:00Z,157,136,moderate
2024-02-15T22:00Z,2024-02-15T22:30Z,138,123,moderate
2024-02-15T22:30Z,2024-02-15T23:00Z,124,113,moderate
2024-02-15T23:00Z,2024-02-15T23:30Z,122,110,moderate
2024-02-15T23:30Z,2024-02-16T00:00Z,109,119,moderate
2024-02-16T00:00Z,2024-02-16T00:30Z,109,129,moderate
2024-02-16T00:30Z,2024-02-16T01:00Z,122,130,moderate
2024-02-16T01:00Z,2024-02-16T01:30Z,128,125,moderate
2024-02-16T01:30Z,2024-02-16T02:00Z,128,128,moderate
2024-02-16T02:00Z,2024-02-16T02:30Z,127,128,moderate
2024-02-16T02:30Z,2024-02-16T03:00Z,131,122,moderate
2024-02-16T03:00Z,2024-02-16T03:30Z,131,116,moderate
2024-02-16T03:30Z,2024-02-16T04:00Z,125,121,moderate
2024-02-16T04:00Z,2024-02-16T04:30Z,118,126,moderate
2024-02-16T04:30Z,2024-02-16T05:00Z,120,116,moderate
2024-02-16T05:00Z,2024-02-16T05:30Z,134,118,moderate
2024-02-16T05:30Z,2024-02-16T06:00Z,130,129,moderate
2024-02-16T06:00Z,2024-02-16T06:30Z,144,153,moderate
2024-02-16T06:30Z,2024-02-16T07:00Z,141,176,moderate
2024-02-16T07:00Z,2024-02-16T07:30Z,156,180,moderate
2024-02-16T07:30Z,2024-02-16T08:00Z,155,184,moderate
2024-02-16T08:00Z,2024-02-16T08:30Z,174,178,moderate
2024-02-16T08:30Z,2024-02-16T09:00Z,184,175,moderate
2024-02-16T09:00Z,2024-02-16T09:30Z,174,169,moderate
2024-02-16T09:30Z,2024-02-16T10:00Z,171,160,moderate
2024-02-16T10:00Z,2024-02-16T10:30Z,154,157,moderate
2024-02-16T10:30Z,2024-02-16T11:00Z,151,155,moderate
2024-02-16T11:00Z,2024-02-16T11:30Z,143,154,moderate
2024-02-16T11:30Z,2024-02-16T12:00Z,148,160,moderate
2024-02-16T12:00Z,2024-02-16T12:30Z,155,160,moderate
2024-02-16T12:30Z,2024-02-16T13:00Z,155,162,moderate
2024-02-16T13:00Z,2024-02-16T13:30Z,159,167,moderate
2024-02-16T13:30Z,2024-02-16T14:00Z,161,175,moderate
2024-02-16T14:00Z,2024-02-16T14:30Z,165,175,moderate
2024-02-16T14:30Z,2024-02-16T15:00Z,170,182,moderate
2024-02-16T15:00Z,2024-02-16T15:30Z,178,188,moderate
2024-02-16T15:30Z,2024-02-16T16:00Z,186,192,high
2024-02-16T16:00Z,2024-02-16T16:30Z,192,202,high
2024-02-16T16:30Z,2024-02-16T17:00Z,192,210,high
2024-02-16T17:00Z,2024-02-16T17:30Z,205,212,high
2024-02-16T17:30Z,2024-02-16T18:00Z,210,216,high
2024-02-16T18:00Z,2024-02-16T18:30Z,212,218,high
2024-02-16T18:30Z,2024-02-16T19:00Z,214,221,high
2024-02-16T19:00Z,2024-02-16T19:30Z,217,223,high
2024-02-16T19:30Z,2024-02-16T20:00Z,215,227,high
2024-02-16T20:00Z,2024-02-16T20:30Z,220,225,high
2024-02-16T20:30Z,2024-02-16T21:00Z,219,226,high
2024-02-16T21:00Z,2024-02-16T21:30Z,217,218,high
2024-02-16T21:30Z,2024-02-16T22:00Z,217,211,high
2024-02-16T22:00Z,2024-02-16T22:30Z,213,202,high
2024-02-16T22:30Z,2024-02-16T23:00Z,205,193,high
2024-02-16T23:00Z,2024-02-16T23:30Z,195,187,moderate
2024-02-16T23:30Z,2024-02-17T00:00Z,186,188,moderate
2024-02-17T00:00Z,2024-02-17T00:30Z,185,191,high
2024-02-17T00:30Z,2024-02-17T01:00Z,187,185,moderate
2024-02-17T01:00Z,2024-02-17T01:30Z,180,177,moderate
2024-02-17T01:30Z,2024-02-17T02:00Z,161,172,moderate
2024-02-17T02:00Z,2024-02-17T02:30Z,158,168,moderate
2024-02-17T02:30Z,2024-02-17T03:00Z,153,166,moderate
2024-02-17T03:00Z,2024-02-17T03:30Z,150,155,moderate
2024-02-17T03:30Z,2024-02-17T04:00Z,149,152,moderate
2024-02-17T04:00Z,2024-02-17T04:30Z,148,146,moderate
2024-02-17T04:30Z,2024-02-17T05:00Z,149,143,moderate
2024-02-17T05:00Z,2024-02-17T05:30Z,144,141,moderate
2024-02-17T05:30Z,2024-02-17T06:00Z,143,148,moderate
2024-02-17T06:00Z,2024-02-17T06:30Z,145,150,moderate
2024-02-17T06:30Z,2024-02-17T07:00Z,161,154,moderate
2024-02-17T07:00Z,2024-02-17T07:30Z,151,155,moderate
2024-02-17T07:30Z,2024-02-17T08:00Z,160,157,moderate
2024-02-17T08:00Z,2024-02-17T08:30Z,159,150,moderate
2024-02-17T08:30Z,2024-02-17T09:00Z,162,145,moderate
2024-02-17T09:00Z,2024-02-17T09:30Z,147,138,moderate
2024-02-17T09:30Z,2024-02-17T10:00Z,145,133,moderate
2024-02-17T10:00Z,2024-02-17T10:30Z,131,127,moderate
2024-02-17T10:30Z,2024-02-17T11:00Z,125,123,moderate
2024-02-17T11:00Z,2024-02-17T11:30Z,118,120,moderate
2024-02-17T11:30Z,2024-02-17T12:00Z,117,115,moderate
2024-02-17T12:00Z,2024-02-17T12:30Z,115,110,moderate
2024-02-17T12:30Z,2024-02-17T13:00Z,112,111,moderate
2024-02-17T13:00Z,2024-02-17T13:30Z,104,105,low
2024-02-17T13:30Z,2024-02-17T14:00Z,98,110,moderate
2024-02-17T14:00Z,2024-02-17T14:30Z,92,107,low
2024-02-17T14:30Z,2024-02-17T15:00Z,102,115,moderate
2024-02-17T15:00Z,2024-02-17T15:30Z,102,124,moderate
2024-02-17T15:30Z,2024-02-17T16:00Z,112,136,moderate
2024-02-17T16:00Z,2024-02-17T16:30Z,121,141,moderate
2024-02-17T16:30Z,2024-02-17T17:00Z,131,136,moderate
2024-02-17T17:00Z,2024-02-17T17:30Z,137,135,moderate
2024-02-17T17:30Z,2024-02-17T18:00Z,127,134,moderate
2024-02-17T18:00Z,2024-02-17T18:30Z,124,136,moderate
2024-02-17T18:30Z,2024-02-17T19:00Z,148,135,moderate
2024-02-17T19:00Z,2024-02-17T19:30Z,122,132,moderate
2024-02-17T19:30Z,2024-02-17T20:00Z,117,122,moderate
2024-02-17T20:00Z,2024-02-17T20:30Z,113,113,moderate
2024-02-17T20:30Z,2024-02-17T21:00Z,113,100,low
2024-02-17T21:00Z,2024-02-17T21:30Z,104,88,low
2024-02-17T21:30Z,2024-02-17T22:00Z,90,72,low
2024-02-17T22:00Z,2024-02-17T22:30Z,82,69,low
2024-02-17T22:30Z,2024-02-17T23:00Z,86,66,low
2024-02-17T23:00Z,2024-02-17T23:30Z,78,71,low
2024-02-17T23:30Z,2024-02-18T00:00Z,64,74,low
2024-02-18T00:00Z,2024-02-18T00:30Z,64,76,low
2024-02-18T00:30Z,2024-02-18T01:00Z,72,77,low
2024-02-18T01:00Z,2024-02-18T01:30Z,76,77,low
2024-02-18T01:30Z,2024-02-18T02:00Z,73,80,low
2024-02-18T02:00Z,2024-02-18T02:30Z,76,83,low
2024-02-18T02:30Z,2024-02-18T03:00Z,82,88,low
2024-02-18T03:00Z,2024-02-18T03:30Z,82,88,low
2024-02-18T03:30Z,2024-02-18T04:00Z,88,96,low
2024-02-18T04:00Z,2024-02-18T04:30Z,94,99,low
2024-02-18T04:30Z,2024-02-18T05:00Z,98,92,low
2024-02-18T05:00Z,2024-02-18T05:30Z,100,96,low
2024-02-18T05:30Z,2024-02-18T06:00Z,97,96,low
2024-02-18T06:00Z,2024-02-18T06:30Z,103,109,low
2024-02-18T06:30Z,2024-02-18T07:00Z,102,106,low
2024-02-18T07:00Z,2024-02-18T07:30Z,113,115,moderate
2024-02-18T07:30Z,2024-02-18T08:00Z,110,110,moderate
2024-02-18T08:00Z,2024-02-18T08:30Z,114,114,moderate
2024-02-18T08:30Z,2024-02-18T09:00Z,110,116,moderate
2024-02-18T09:00Z,2024-02-18T09:30Z,113,114,moderate
2024-02-18T09:30Z,2024-02-18T10:00Z,116,111,moderate
2024-02-18T10:00Z,2024-02-18T10:30Z,113,111,moderate
2024-02-18T10:30Z,2024-02-18T11:00Z,112,109,low
2024-02-18T11:00Z,2024-02-18T11:30Z,111,100,low
2024-02-18T11:30Z,2024-02-18T12:00Z,107,93,low
2024-02-18T12:00Z,2024-02-18T12:30Z,100,87,low
2024-02-18T12:30Z,2024-02-18T13:00Z,93,81,low
2024-02-18T13:00Z,2024-02-18T13:30Z,87,77,low
2024-02-18T13:30Z,2024-02-18T14:00Z,88,80,low
2024-02-18T14:00Z,2024-02-18T14:30Z,85,86,low
2024-02-18T14:30Z,2024-02-18T15:00Z,85,97,low
2024-02-18T15:00Z,2024-02-18T15:30Z,88,107,low
2024-02-18T15:30Z,2024-02-18T16:00Z,107,116,moderate
2024-02-18T16:00Z,2024-02-18T16:30Z,121,133,moderate
2024-02-18T16:30Z,2024-02-18T17:00Z,129,143,moderate
2024-02-18T17:00Z,2024-02-18T17:30Z,139,153,moderate
2024-02-18T17:30Z,2024-02-18T18:00Z,148,152,moderate
2024-02-18T18:00Z,2024-02-18T18:30Z,149,153,moderate
2024-02-18T18:30Z,2024-02-18T19:00Z,148,154,moderate
2024-02-18T19:00Z,2024-02-18T19:30Z,150,152,moderate
2024-02-18T19:30Z,2024-02-18T20:00Z,152,149,moderate
2024-02-18T20:00Z,2024-02-18T20:30Z,148,141,moderate
2024-02-18T20:30Z,2024-02-18T21:00Z,136,119,moderate
2024-02-18T21:00Z,2024-02-18T21:30Z,137,107,low
2024-02-18T21:30Z,2024-02-18T22:00Z,125,97,low
2024-02-18T22:00Z,2024-02-18T22:30Z,113,90,low
2024-02-18T22:30Z,2024-02-18T23:00Z,108,94,low
2024-02-18T23:00Z,2024-02-18T23:30Z,111,97,low
2024-02-18T23:30Z,2024-02-19T00:00Z,83,93,low
2024-02-19T00:00Z,2024-02-19T00:30Z,89,82,low
2024-02-19T00:30Z,2024-02-19T01:00Z,87,78,low
2024-02-19T01:00Z,2024-02-19T01:30Z,79,78,low
2024-02-19T01:30Z,2024-02-19T02:00Z,72,74,low
2024-02-19T02:00Z,2024-02-19T02:30Z,73,69,low
2024-02-19T02:30Z,2024-02-19T03:00Z,75,70,low
2024-02-19T03:00Z,2024-02-19T03:30Z,64,63,low
2024-02-19T03:30Z,2024-02-19T04:00Z,68,69,low
2024-02-19T04:00Z,2024-02-19T04:30Z,71,69,low
2024-02-19T04:30Z,2024-02-19T05:00Z,67,66,low
2024-02-19T05:00Z,2024-02-19T05:30Z,70,74,low
2024-02-19T05:30Z,2024-02-19T06:00Z,63,74,low
2024-02-19T06:00Z,2024-02-19T06:30Z,72,84,low
2024-02-19T06:30Z,2024-02-19T07:00Z,75,100,low
2024-02-19T07:00Z,2024-02-19T07:30Z,75,108,low
2024-02-19T07:30Z,2024-02-19T08:00Z,91,110,moderate
2024-02-19T08:00Z,2024-02-19T08:30Z,95,105,low
2024-02-19T08:30Z,2024-02-19T09:00Z,103,104,low
2024-02-19T09:00Z,2024-02-19T09:30Z,97,96,low
2024-02-19T09:30Z,2024-02-19T10:00Z,98,92,low
2024-02-19T10:00Z,2024-02-19T10:30Z,92,86,low
2024-02-19T10:30Z,2024-02-19T11:00Z,96,87,low
2024-02-19T11:00Z,2024-02-19T11:30Z,90,80,low
2024-02-19T11:30Z,2024-02-19T12:00Z,88,75,low
2024-02-19T12:00Z,2024-02-19T12:30Z,84,79,low
2024-02-19T12:30Z,2024-02-19T13:00Z,82,86,low
2024-02-19T13:00Z,2024-02-19T13:30Z,79,89,low
2024-02-19T13:30Z,2024-02-19T14:00Z,90,92,low
2024-02-19T14:00Z,2024-02-19T14:30Z,90,98,low
2024-02-19T14:30Z,2024-02-19T15:00Z,91,109,low
2024-02-19T15:00Z,2024-02-19T15:30Z,105,125,moderate
2024-02-19T15:30Z,2024-02-19T16:00Z,114,144,moderate
2024-02-19T16:00Z,2024-02-19T16:30Z,136,150,moderate
2024-02-19T16:30Z,2024-02-19T17:00Z,165,152,moderate
2024-02-19T17:00Z,2024-02-19T17:30Z,162,157,moderate
2024-02-19T17:30Z,2024-02-19T18:00Z,158,154,moderate
2024-02-19T18:00Z,2024-02-19T18:30Z,153,156,moderate
2024-02-19T18:30Z,2024-02-19T19:00Z,155,160,moderate
2024-02-19T19:00Z,2024-02-19T19:30Z,153,162,moderate
2024-02-19T19:30Z,2024-02-19T20:00Z,157,156,moderate
2024-02-19T20:00Z,2024-02-19T20:30Z,160,144,moderate
2024-02-19T20:30Z,2024-02-19T21:00Z,141,132,moderate
2024-02-19T21:00Z,2024-02-19T21:30Z,135,116,moderate
2024-02-19T21:30Z,2024-02-19T22:00Z,122,111,moderate
2024-02-19T22:00Z,2024-02-19T22:30Z,109,99,low
2024-02-19T22:30Z,2024-02-19T23:00Z,99,93,low
2024-02-19T23:00Z,2024-02-19T23:30Z,93,92,low
2024-02-19T23:30Z,2024-02-20T00:00Z,97,102,low
2024-02-20T00:00Z,2024-02-20T00:30Z,97,111,moderate
2024-02-20T00:30Z,2024-02-20T01:00Z,96,94,low
2024-02-20T01:00Z,2024-02-20T01:30Z,101,91,low
2024-02-20T01:30Z,2024-02-20T02:00Z,88,83,low
2024-02-20T02:00Z,2024-02-20T02:30Z,86,85,low
2024-02-20T02:30Z,2024-02-20T03:00Z,84,95,low
2024-02-20T03:00Z,2024-02-20T03:30Z,84,93,low
2024-02-20T03:30Z,2024-02-20T04:00Z,94,108,low
2024-02-20T04:00Z,2024-02-20T04:30Z,89,114,moderate
2024-02-20T04:30Z,2024-02-20T05:00Z,104,126,moderate
2024-02-20T05:00Z,2024-02-20T05:30Z,111,139,moderate
2024-02-20T05:30Z,2024-02-20T06:00Z,122,148,moderate
2024-02-20T06:00Z,2024-02-20T06:30Z,137,150,moderate
2024-02-20T06:30Z,2024-02-20T07:00Z,141,143,moderate
2024-02-20T07:00Z,2024-02-20T07:30Z,140,143,moderate
2024-02-20T07:30Z,2024-02-20T08:00Z,102,136,moderate
2024-02-20T08:00Z,2024-02-20T08:30Z,125,130,moderate
2024-02-20T08:30Z,2024-02-20T09:00Z,119,126,moderate
2024-02-20T09:00Z,2024-02-20T09:30Z,120,117,moderate
2024-02-20T09:30Z,2024-02-20T10:00Z,124,103,low
2024-02-20T10:00Z,2024-02-20T10:30Z,119,94,low
2024-02-20T10:30Z,2024-02-20T11:00Z,112,77,low
2024-02-20T11:00Z,2024-02-20T11:30Z,89,75,low
2024-02-20T11:30Z,2024-02-20T12:00Z,88,69,low
2024-02-20T12:00Z,2024-02-20T12:30Z,89,66,low
2024-02-20T12:30Z,2024-02-20T13:00Z,93,75,low
2024-02-20T13:00Z,2024-02-20T13:30Z,97,68,low
2024-02-20T13:30Z,2024-02-20T14:00Z,75,64,low
2024-02-20T14:00Z,2024-02-20T14:30Z,61,68,low
2024-02-20T14:30Z,2024-02-20T15:00Z,57,74,low
2024-02-20T15:00Z,2024-02-20T15:30Z,51,85,low
2024-02-20T15:30Z,2024-02-20T16:00Z,74,94,low
2024-02-20T16:00Z,2024-02-20T16:30Z,85,102,low
2024-02-20T16:30Z,2024-02-20T17:00Z,102,112,moderate
2024-02-20T17:00Z,2024-02-20T17:30Z,113,111,moderate
2024-02-20T17:30Z,2024-02-20T18:00Z,129,117,moderate
2024-02-20T18:00Z,2024-02-20T18:30Z,135,117,moderate
2024-02-20T18:30Z,2024-02-20T19:00Z,138,119,moderate
2024-02-20T19:00Z,2024-02-20T19:30Z,138,120,moderate
2024-02-20T19:30Z,2024-02-20T20:00Z,135,125,moderate
2024-02-20T20:00Z,2024-02-20T20:30Z,134,120,moderate
2024-02-20T20:30Z,2024-02-20T21:00Z,134,110,moderate
2024-02-20T21:00Z,2024-02-20T21:30Z,136,106,low
2024-02-20T21:30Z,2024-02-20T22:00Z,134,94,low
2024-02-20T22:00Z,2024-02-20T22:30Z,126,85,low
2024-02-20T22:30Z,2024-02-20T23:00Z,116,91,low
2024-02-20T23:00Z,2024-02-20T23:30Z,113,91,low
2024-02-20T23:30Z,2024-02-21T00:00Z,114,95,low
2024-02-21T00:00Z,2024-02-21T00:30Z,109,98,low
2024-02-21T00:30Z,2024-02-21T01:00Z,106,96,low
2024-02-21T01:00Z,2024-02-21T01:30Z,105,90,low
2024-02-21T01:30Z,2024-02-21T02:00Z,102,92,low
2024-02-21T02:00Z,2024-02-21T02:30Z,97,88,low
2024-02-21T02:30Z,2024-02-21T03:00Z,98,87,low
2024-02-21T03:00Z,2024-02-21T03:30Z,94,79,low
2024-02-21T03:30Z,2024-02-21T04:00Z,87,83,low
2024-02-21T04:00Z,2024-02-21T04:30Z,84,74,low
2024-02-21T04:30Z,2024-02-21T05:00Z,84,79,low
2024-02-21T05:00Z,2024-02-21T05:30Z,82,75,low
2024-02-21T05:30Z,2024-02-21T06:00Z,81,68,low
2024-02-21T06:00Z,2024-02-21T06:30Z,86,79,low
2024-02-21T06:30Z,2024-02-21T07:00Z,86,76,low
2024-02-21T07:00Z,2024-02-21T07:30Z,89,80,low
2024-02-21T07:30Z,2024-02-21T08:00Z,88,72,low
2024-02-21T08:00Z,2024-02-21T08:30Z,87,71,low
2024-02-21T08:30Z,2024-02-21T09:00Z,84,73,low
2024-02-21T09:00Z,2024-02-21T09:30Z,83,72,low
2024-02-21T09:30Z,2024-02-21T10:00Z,79,68,low
2024-02-21T10:00Z,2024-02-21T10:30Z,76,68,low
2024-02-21T10:30Z,2024-02-21T11:00Z,64,70,low
2024-02-21T11:00Z,2024-02-21T11:30Z,72,70,low
2024-02-21T11:30Z,2024-02-21T12:00Z,68,70,low
2024-02-21T12:00Z,2024-02-21T12:30Z,67,69,low
2024-02-21T12:30Z,2024-02-21T13:00Z,67,67,low
2024-02-21T13:00Z,2024-02-21T13:30Z,73,63,low
2024-02-21T13:30Z,2024-02-21T14:00Z,59,61,low
2024-02-21T14:00Z,2024-02-21T14:30Z,58,66,low
2024-02-21T14:30Z,2024-02-21T15:00Z,55,78,low
2024-02-21T15:00Z,2024-02-21T15:30Z,55,85,low
2024-02-21T15:30Z,2024-02-21T16:00Z,83,91,low
2024-02-21T16:00Z,2024-02-21T16:30Z,94,102,low
2024-02-21T16:30Z,2024-02-21T17:00Z,109,106,low
2024-02-21T17:00Z,2024-02-21T17:30Z,105,111,moderate
2024-02-21T17:30Z,2024-02-21T18:00Z,124,115,moderate
2024-02-21T18:00Z,2024-02-21T18:30Z,111,114,moderate
2024-02-21T18:30Z,2024-02-21T19:00Z,113,106,low
2024-02-21T19:00Z,2024-02-21T19:30Z,109,106,low
2024-02-21T19:30Z,2024-02-21T20:00Z,105,104,low
2024-02-21T20:00Z,2024-02-21T20:30Z,99,96,low
2024-02-21T20:30Z,2024-02-21T21:00Z,103,79,low
2024-02-21T21:00Z,2024-02-21T21:30Z,93,69,low
2024-02-21T21:30Z,2024-02-21T22:00Z,78,67,low
2024-02-21T22:00Z,2024-02-21T22:30Z,64,69,low
2024-02-21T22:30Z,2024-02-21T23:00Z,71,62,low
2024-02-21T23:00Z,2024-02-21T23:30Z,61,62,low
2024-02-21T23:30Z,2024-02-22T00:00Z,55,60,low
2024-02-22T00:00Z,2024-02-22T00:30Z,65,62,low
2024-02-22T00:30Z,2024-02-22T01:00Z,56,60,low
2024-02-22T01:00Z,2024-02-22T01:30Z,62,59,low
2024-02-22T01:30Z,2024-02-22T02:00Z,58,59,low
2024-02-22T02:00Z,2024-02-22T02:30Z,58,60,low
2024-02-22T02:30Z,2024-02-22T03:00Z,59,58,low
2024-02-22T03:00Z,2024-02-22T03:30Z,58,60,low
2024-02-22T03:30Z,2024-02-22T04:00Z,58,68,low
2024-02-22T04:00Z,2024-02-22T04:30Z,59,72,low
2024-02-22T04:30Z,2024-02-22T05:00Z,65,61,low
2024-02-22T05:00Z,2024-02-22T05:30Z,71,68,low
2024-02-22T05:30Z,2024-02-22T06:00Z,63,79,low
2024-02-22T06:00Z,2024-02-22T06:30Z,72,104,low
2024-02-22T06:30Z,2024-02-22T07:00Z,80,120,moderate
2024-02-22T07:00Z,2024-02-22T07:30Z,94,120,moderate
2024-02-22T07:30Z,2024-02-22T08:00Z,120,123,moderate
2024-02-22T08:00Z,2024-02-22T08:30Z,120,126,moderate
2024-02-22T08:30Z,2024-02-22T09:00Z,126,129,moderate
2024-02-22T09:00Z,2024-02-22T09:30Z,126,128,moderate
2024-02-22T09:30Z,2024-02-22T10:00Z,135,133,moderate
2024-02-22T10:00Z,2024-02-22T10:30Z,132,137,moderate
2024-02-22T10:30Z,2024-02-22T11:00Z,132,137,moderate
2024-02-22T11:00Z,2024-02-22T11:30Z,132,136,moderate
2024-02-22T11:30Z,2024-02-22T12:00Z,134,140,moderate
2024-02-22T12:00Z,2024-02-22T12:30Z,135,139,moderate
2024-02-22T12:30Z,2024-02-22T13:00Z,133,143,moderate
2024-02-22T13:00Z,2024-02-22T13:30Z,133,142,moderate
2024-02-22T13:30Z,2024-02-22T14:00Z,136,144,moderate
2024-02-22T14:00Z,2024-02-22T14:30Z,137,145,moderate
2024-02-22T14:30Z,2024-02-22T15:00Z,140,140,moderate
2024-02-22T15:00Z,2024-02-22T15:30Z,151,135,moderate
2024-02-22T15:30Z,2024-02-22T16:00Z,147,125,moderate
2024-02-22T16:00Z,2024-02-22T16:30Z,147,122,moderate
2024-02-22T16:30Z,2024-02-22T17:00Z,132,123,moderate
2024-02-22T17:00Z,2024-02-22T17:30Z,127,128,moderate
2024-02-22T17:30Z,2024-02-22T18:00Z,128,132,moderate
2024-02-22T18:00Z,2024-02-22T18:30Z,118,129,moderate
2024-02-22T18:30Z,2024-02-22T19:00Z,131,123,moderate
2024-02-22T19:00Z,2024-02-22T19:30Z,131,123,moderate
2024-02-22T19:30Z,2024-02-22T20:00Z,127,120,moderate
2024-02-22T20:00Z,2024-02-22T20:30Z,124,110,moderate
2024-02-22T20:30Z,2024-02-22T21:00Z,115,95,low
2024-02-22T21:00Z,2024-02-22T21:30Z,120,82,low
2024-02-22T21:30Z,2024-02-22T22:00Z,95,73,low
2024-02-22T22:00Z,2024-02-22T22:30Z,83,71,low
2024-02-22T22:30Z,2024-02-22T23:00Z,75,73,low
2024-02-22T23:00Z,2024-02-22T23:30Z,76,72,low
2024-02-22T23:30Z,2024-02-23T00:00Z,78,73,low
2024-02-23T00:00Z,2024-02-23T00:30Z,76,78,low
2024-02-23T00:30Z,2024-02-23T01:00Z,79,74,low
2024-02-23T01:00Z,2024-02-23T01:30Z,76,72,low
2024-02-23T01:30Z,2024-02-23T02:00Z,75,74,low
2024-02-23T02:00Z,2024-02-23T02:30Z,72,74,low
2024-02-23T02:30Z,2024-02-23T03:00Z,80,74,low
2024-02-23T03:00Z,2024-02-23T03:30Z,76,75,low
2024-02-23T03:30Z,2024-02-23T04:00Z,76,75,low
2024-02-23T04:00Z,2024-02-23T04:30Z,77,77,low
2024-02-23T04:30Z,2024-02-23T05:00Z,79,77,low
2024-02-23T05:00Z,2024-02-23T05:30Z,79,83,low
2024-02-23T05:30Z,2024-02-23T06:00Z,83,89,low
2024-02-23T06:00Z,2024-02-23T06:30Z,85,103,low
2024-02-23T06:30Z,2024-02-23T07:00Z,96,112,moderate
2024-02-23T07:00Z,2024-02-23T07:30Z,50,119,moderate
2024-02-23T07:30Z,2024-02-23T08:00Z,30,121,moderate
2024-02-23T08:00Z,2024-02-23T08:30Z,125,113,moderate
2024-02-23T08:30Z,2024-02-23T09:00Z,131,116,moderate
2024-02-23T09:00Z,2024-02-23T09:30Z,112,116,moderate
2024-02-23T09:30Z,2024-02-23T10:00Z,114,119,moderate
2024-02-23T10:00Z,2024-02-23T10:30Z,119,116,moderate
2024-02-23T10:30Z,2024-02-23T11:00Z,122,115,moderate
2024-02-23T11:00Z,2024-02-23T11:30Z,116,114,moderate
2024-02-23T11:30Z,2024-02-23T12:00Z,120,116,moderate
2024-02-23T12:00Z,2024-02-23T12:30Z,121,122,moderate
2024-02-23T12:30Z,2024-02-23T13:00Z,125,126,moderate
2024-02-23T13:00Z,2024-02-23T13:30Z,128,131,moderate
2024-02-23T13:30Z,2024-02-23T14:00Z,136,133,moderate
2024-02-23T14:00Z,2024-02-23T14:30Z,138,140,moderate
2024-02-23T14:30Z,2024-02-23T15:00Z,138,156,moderate
2024-02-23T15:00Z,2024-02-23T15:30Z,153,168,moderate
2024-02-23T15:30Z,2024-02-23T16:00Z,154,183,moderate
2024-02-23T16:00Z,2024-02-23T16:30Z,167,190,high
2024-02-23T16:30Z,2024-02-23T17:00Z,195,206,high
2024-02-23T17:00Z,2024-02-23T17:30Z,206,210,high
2024-02-23T17:30Z,2024-02-23T18:00Z,216,200,high
2024-02-23T18:00Z,2024-02-23T18:30Z,218,205,high
2024-02-23T18:30Z,2024-02-23T19:00Z,213,202,high
2024-02-23T19:00Z,2024-02-23T19:30Z,215,205,high
2024-02-23T19:30Z,2024-02-23T20:00Z,213,213,high
2024-02-23T20:00Z,2024-02-23T20:30Z,217,214,high
2024-02-23T20:30Z,2024-02-23T21:00Z,225,216,high
2024-02-23T21:00Z,2024-02-23T21:30Z,221,214,high
2024-02-23T21:30Z,2024-02-23T22:00Z,225,194,high
2024-02-23T22:00Z,2024-02-23T22:30Z,225,185,moderate
2024-02-23T22:30Z,2024-02-23T23:00Z,210,181,moderate
2024-02-23T23:00Z,2024-02-23T23:30Z,201,178,moderate
2024-02-23T23:30Z,2024-02-24T00:00Z,235,178,moderate
2024-02-24T00:00Z,2024-02-24T00:30Z,201,184,moderate
2024-02-24T00:30Z,2024-02-24T01:00Z,192,188,moderate
2024-02-24T01:00Z,2024-02-24T01:30Z,186,190,high
2024-02-24T01:30Z,2024-02-24T02:00Z,205,195,high
2024-02-24T02:00Z,2024-02-24T02:30Z,206,197,high
2024-02-24T02:30Z,2024-02-24T03:00Z,209,197,high
2024-02-24T03:00Z,2024-02-24T03:30Z,212,198,high
2024-02-24T03:30Z,2024-02-24T04:00Z,215,201,high
2024-02-24T04:00Z,2024-02-24T04:30Z,203,200,high
2024-02-24T04:30Z,2024-02-24T05:00Z,209,198,high
2024-02-24T05:00Z,2024-02-24T05:30Z,216,198,high
2024-02-24T05:30Z,2024-02-24T06:00Z,209,203,high
2024-02-24T06:00Z,2024-02-24T06:30Z,212,209,high
2024-02-24T06:30Z,2024-02-24T07:00Z,209,211,high
2024-02-24T07:00Z,2024-02-24T07:30Z,146,218,high
2024-02-24T07:30Z,2024-02-24T08:00Z,220,218,high
2024-02-24T08:00Z,2024-02-24T08:30Z,226,211,high
2024-02-24T08:30Z,2024-02-24T09:00Z,229,211,high
2024-02-24T09:00Z,2024-02-24T09:30Z,222,204,high
2024-02-24T09:30Z,2024-02-24T10:00Z,215,200,high
2024-02-24T10:00Z,2024-02-24T10:30Z,211,197,high
2024-02-24T10:30Z,2024-02-24T11:00Z,204,191,high
2024-02-24T11:00Z,2024-02-24T11:30Z,201,185,moderate
2024-02-24T11:30Z,2024-02-24T12:00Z,201,182,moderate
2024-02-24T12:00Z,2024-02-24T12:30Z,199,184,moderate
2024-02-24T12:30Z,2024-02-24T13:00Z,194,185,moderate
2024-02-24T13:00Z,2024-02-24T13:30Z,197,185,moderate
2024-02-24T13:30Z,2024-02-24T14:00Z,202,189,moderate
2024-02-24T14:00Z,2024-02-24T14:30Z,202,194,high
2024-02-24T14:30Z,2024-02-24T15:00Z,209,202,high
2024-02-24T15:00Z,2024-02-24T15:30Z,205,211,high
2024-02-24T15:30Z,2024-02-24T16:00Z,215,215,high
2024-02-24T16:00Z,2024-02-24T16:30Z,230,223,high
2024-02-24T16:30Z,2024-02-24T17:00Z,231,235,high
2024-02-24T17:00Z,2024-02-24T17:30Z,237,241,high
2024-02-24T17:30Z,2024-02-24T18:00Z,247,243,high
2024-02-24T18:00Z,2024-02-24T18:30Z,249,242,high
2024-02-24T18:30Z,2024-02-24T19:00Z,250,245,high
2024-02-24T19:00Z,2024-02-24T19:30Z,252,245,high
2024-02-24T19:30Z,2024-02-24T20:00Z,254,248,high
2024-02-24T20:00Z,2024-02-24T20:30Z,248,245,high
2024-02-24T20:30Z,2024-02-24T21:00Z,255,246,high
2024-02-24T21:00Z,2024-02-24T21:30Z,252,239,high
2024-02-24T21:30Z,2024-02-24T22:00Z,257,230,high
2024-02-24T22:00Z,2024-02-24T22:30Z,249,222,high
2024-02-24T22:30Z,2024-02-24T23:00Z,243,215,high
2024-02-24T23:00Z,2024-02-24T23:30Z,228,214,high
2024-02-24T23:30Z,2024-02-25T00:00Z,222,212,high
2024-02-25T00:00Z,2024-02-25T00:30Z,219,213,high
2024-02-25T00:30Z,2024-02-25T01:00Z,219,213,high
2024-02-25T01:00Z,2024-02-25T01:30Z,223,210,high
2024-02-25T01:30Z,2024-02-25T02:00Z,219,210,high
2024-02-25T02:00Z,2024-02-25T02:30Z,222,207,high
2024-02-25T02:30Z,2024-02-25T03:00Z,221,208,high
2024-02-25T03:00Z,2024-02-25T03:30Z,223,205,high
2024-02-25T03:30Z,2024-02-25T04:00Z,219,204,high
2024-02-25T04:00Z,2024-02-25T04:30Z,212,199,high
2024-02-25T04:30Z,2024-02-25T05:00Z,210,195,high
2024-02-25T05:00Z,2024-02-25T05:30Z,205,191,high
2024-02-25T05:30Z,2024-02-25T06:00Z,200,191,high
2024-02-25T06:00Z,2024-02-25T06:30Z,198,194,high
2024-02-25T06:30Z,2024-02-25T07:00Z,196,192,high
2024-02-25T07:00Z,2024-02-25T07:30Z,136,200,high
2024-02-25T07:30Z,2024-02-25T08:00Z,198,204,high
2024-02-25T08:00Z,2024-02-25T08:30Z,202,199,high
2024-02-25T08:30Z,2024-02-25T09:00Z,208,199,high
2024-02-25T09:00Z,2024-02-25T09:30Z,216,195,high
2024-02-25T09:30Z,2024-02-25T10:00Z,199,187,moderate
2024-02-25T10:00Z,2024-02-25T10:30Z,210,182,moderate
2024-02-25T10:30Z,2024-02-25T11:00Z,194,182,moderate
2024-02-25T11:00Z,2024-02-25T11:30Z,191,185,moderate
2024-02-25T11:30Z,2024-02-25T12:00Z,196,189,moderate
2024-02-25T12:00Z,2024-02-25T12:30Z,198,191,high
2024-02-25T12:30Z,2024-02-25T13:00Z,203,193,high
2024-02-25T13:00Z,2024-02-25T13:30Z,209,192,high
2024-02-25T13:30Z,2024-02-25T14:00Z,204,189,moderate
2024-02-25T14:00Z,2024-02-25T14:30Z,202,188,moderate
2024-02-25T14:30Z,2024-02-25T15:00Z,199,190,high
2024-02-25T15:00Z,2024-02-25T15:30Z,197,190,high
2024-02-25T15:30Z,2024-02-25T16:00Z,195,184,moderate
2024-02-25T16:00Z,2024-02-25T16:30Z,193,183,moderate
2024-02-25T16:30Z,2024-02-25T17:00Z,193,183,moderate
2024-02-25T17:00Z,2024-02-25T17:30Z,187,181,moderate
2024-02-25T17:30Z,2024-02-25T18:00Z,184,180,moderate
2024-02-25T18:00Z,2024-02-25T18:30Z,177,172,moderate
2024-02-25T18:30Z,2024-02-25T19:00Z,177,169,moderate
2024-02-25T19:00Z,2024-02-25T19:30Z,175,155,moderate
2024-02-25T19:30Z,2024-02-25T20:00Z,169,146,moderate
2024-02-25T20:00Z,2024-02-25T20:30Z,160,138,moderate
2024-02-25T20:30Z,2024-02-25T21:00Z,148,129,moderate
2024-02-25T21:00Z,2024-02-25T21:30Z,134,118,moderate
2024-02-25T21:30Z,2024-02-25T22:00Z,124,116,moderate
2024-02-25T22:00Z,2024-02-25T22:30Z,109,98,low
2024-02-25T22:30Z,2024-02-25T23:00Z,125,76,low
2024-02-25T23:00Z,2024-02-25T23:30Z,95,72,low
2024-02-25T23:30Z,2024-02-26T00:00Z,80,72,low
2024-02-26T00:00Z,2024-02-26T00:30Z,75,78,low
2024-02-26T00:30Z,2024-02-26T01:00Z,72,75,low
2024-02-26T01:00Z,2024-02-26T01:30Z,78,73,low
2024-02-26T01:30Z,2024-02-26T02:00Z,78,71,low
2024-02-26T02:00Z,2024-02-26T02:30Z,76,70,low
2024-02-26T02:30Z,2024-02-26T03:00Z,73,68,low
2024-02-26T03:00Z,2024-02-26T03:30Z,69,69,low
2024-02-26T03:30Z,2024-02-26T04:00Z,68,68,low
2024-02-26T04:00Z,2024-02-26T04:30Z,66,70,low
2024-02-26T04:30Z,2024-02-26T05:00Z,67,80,low
2024-02-26T05:00Z,2024-02-26T05:30Z,68,105,low
2024-02-26T05:30Z,2024-02-26T06:00Z,77,138,moderate
2024-02-26T06:00Z,2024-02-26T06:30Z,102,159,moderate
2024-02-26T06:30Z,2024-02-26T07:00Z,156,173,moderate
2024-02-26T07:00Z,2024-02-26T07:30Z,149,173,moderate
2024-02-26T07:30Z,2024-02-26T08:00Z,154,166,moderate
2024-02-26T08:00Z,2024-02-26T08:30Z,166,163,moderate
2024-02-26T08:30Z,2024-02-26T09:00Z,167,163,moderate
2024-02-26T09:00Z,2024-02-26T09:30Z,162,159,moderate
2024-02-26T09:30Z,2024-02-26T10:00Z,161,158,moderate
2024-02-26T10:00Z,2024-02-26T10:30Z,158,157,moderate
2024-02-26T10:30Z,2024-02-26T11:00Z,155,153,moderate
2024-02-26T11:00Z,2024-02-26T11:30Z,156,151,moderate
2024-02-26T11:30Z,2024-02-26T12:00Z,157,151,moderate
2024-02-26T12:00Z,2024-02-26T12:30Z,155,153,moderate
2024-02-26T12:30Z,2024-02-26T13:00Z,157,157,moderate
2024-02-26T13:00Z,2024-02-26T13:30Z,161,157,moderate
2024-02-26T13:30Z,2024-02-26T14:00Z,163,159,moderate
2024-02-26T14:00Z,2024-02-26T14:30Z,164,164,moderate
2024-02-26T14:30Z,2024-02-26T15:00Z,170,166,moderate
2024-02-26T15:00Z,2024-02-26T15:30Z,170,177,moderate
2024-02-26T15:30Z,2024-02-26T16:00Z,173,180,moderate
2024-02-26T16:00Z,2024-02-26T16:30Z,184,185,moderate
2024-02-26T16:30Z,2024-02-26T17:00Z,199,190,high
2024-02-26T17:00Z,2024-02-26T17:30Z,214,195,high
2024-02-26T17:30Z,2024-02-26T18:00Z,202,196,high
2024-02-26T18:00Z,2024-02-26T18:30Z,202,197,high
2024-02-26T18:30Z,2024-02-26T19:00Z,203,196,high
2024-02-26T19:00Z,2024-02-26T19:30Z,203,196,high
2024-02-26T19:30Z,2024-02-26T20:00Z,202,196,high
2024-02-26T20:00Z,2024-02-26T20:30Z,196,192,high
2024-02-26T20:30Z,2024-02-26T21:00Z,200,186,moderate
2024-02-26T21:00Z,2024-02-26T21:30Z,193,176,moderate
2024-02-26T21:30Z,2024-02-26T22:00Z,185,166,moderate
2024-02-26T22:00Z,2024-02-26T22:30Z,177,153,moderate
2024-02-26T22:30Z,2024-02-26T23:00Z,168,142,moderate
2024-02-26T23:00Z,2024-02-26T23:30Z,160,135,moderate
2024-02-26T23:30Z,2024-02-27T00:00Z,138,131,moderate
2024-02-27T00:00Z,2024-02-27T00:30Z,134,129,moderate
2024-02-27T00:30Z,2024-02-27T01:00Z,133,129,moderate
2024-02-27T01:00Z,2024-02-27T01:30Z,122,128,moderate
2024-02-27T01:30Z,2024-02-27T02:00Z,124,131,moderate
2024-02-27T02:00Z,2024-02-27T02:30Z,131,128,moderate
2024-02-27T02:30Z,2024-02-27T03:00Z,133,133,moderate
2024-02-27T03:00Z,2024-02-27T03:30Z,130,132,moderate
2024-02-27T03:30Z,2024-02-27T04:00Z,143,145,moderate
2024-02-27T04:00Z,2024-02-27T04:30Z,147,146,moderate
2024-02-27T04:30Z,2024-02-27T05:00Z,147,156,moderate
2024-02-27T05:00Z,2024-02-27T05:30Z,147,165,moderate
2024-02-27T05:30Z,2024-02-27T06:00Z,178,185,moderate
2024-02-27T06:00Z,2024-02-27T06:30Z,173,197,high
2024-02-27T06:30Z,2024-02-27T07:00Z,194,202,high
2024-02-27T07:00Z,2024-02-27T07:30Z,205,201,high
2024-02-27T07:30Z,2024-02-27T08:00Z,196,199,high
2024-02-27T08:00Z,2024-02-27T08:30Z,197,197,high
2024-02-27T08:30Z,2024-02-27T09:00Z,198,193,high
2024-02-27T09:00Z,2024-02-27T09:30Z,197,187,moderate
2024-02-27T09:30Z,2024-02-27T10:00Z,196,180,moderate
2024-02-27T10:00Z,2024-02-27T10:30Z,187,175,moderate
2024-02-27T10:30Z,2024-02-27T11:00Z,184,172,moderate
2024-02-27T11:00Z,2024-02-27T11:30Z,181,160,moderate
2024-02-27T11:30Z,2024-02-27T12:00Z,173,156,moderate
2024-02-27T12:00Z,2024-02-27T12:30Z,163,151,moderate
2024-02-27T12:30Z,2024-02-27T13:00Z,158,152,moderate
2024-02-27T13:00Z,2024-02-27T13:30Z,151,150,moderate
2024-02-27T13:30Z,2024-02-27T14:00Z,150,160,moderate
2024-02-27T14:00Z,2024-02-27T14:30Z,149,168,moderate
2024-02-27T14:30Z,2024-02-27T15:00Z,148,170,moderate
2024-02-27T15:00Z,2024-02-27T15:30Z,151,179,moderate
2024-02-27T15:30Z,2024-02-27T16:00Z,175,179,moderate
2024-02-27T16:00Z,2024-02-27T16:30Z,190,186,moderate
2024-02-27T16:30Z,2024-02-27T17:00Z,198,192,high
2024-02-27T17:00Z,2024-02-27T17:30Z,191,195,high
2024-02-27T17:30Z,2024-02-27T18:00Z,197,192,high
2024-02-27T18:00Z,2024-02-27T18:30Z,202,189,moderate
2024-02-27T18:30Z,2024-02-27T19:00Z,189,192,high
2024-02-27T19:00Z,2024-02-27T19:30Z,186,201,high
2024-02-27T19:30Z,2024-02-27T20:00Z,198,206,high
2024-02-27T20:00Z,2024-02-27T20:30Z,198,204,high
2024-02-27T20:30Z,2024-02-27T21:00Z,202,193,high
2024-02-27T21:00Z,2024-02-27T21:30Z,193,187,moderate
2024-02-27T21:30Z,2024-02-27T22:00Z,188,176,moderate
2024-02-27T22:00Z,2024-02-27T22:30Z,177,174,moderate
2024-02-27T22:30Z,2024-02-27T23:00Z,165,169,moderate
2024-02-27T23:00Z,2024-02-27T23:30Z,150,166,moderate
2024-02-27T23:30Z,2024-02-28T00:00Z,129,165,moderate
2024-02-28T00:00Z,2024-02-28T00:30Z,140,174,moderate
2024-02-28T00:30Z,2024-02-28T01:00Z,144,173,moderate
2024-02-28T01:00Z,2024-02-28T01:30Z,148,177,moderate
2024-02-28T01:30Z,2024-02-28T02:00Z,150,179,moderate
2024-02-28T02:00Z,2024-02-28T02:30Z,156,179,moderate
2024-02-28T02:30Z,2024-02-28T03:00Z,159,169,moderate
2024-02-28T03:00Z,2024-02-28T03:30Z,155,171,moderate
2024-02-28T03:30Z,2024-02-28T04:00Z,156,181,moderate
2024-02-28T04:00Z,2024-02-28T04:30Z,162,190,high
2024-02-28T04:30Z,2024-02-28T05:00Z,164,214,high
2024-02-28T05:00Z,2024-02-28T05:30Z,165,220,high
2024-02-28T05:30Z,2024-02-28T06:00Z,174,226,high
2024-02-28T06:00Z,2024-02-28T06:30Z,180,226,high
2024-02-28T06:30Z,2024-02-28T07:00Z,189,226,high
2024-02-28T07:00Z,2024-02-28T07:30Z,192,228,high
2024-02-28T07:30Z,2024-02-28T08:00Z,188,214,high
2024-02-28T08:00Z,2024-02-28T08:30Z,182,209,high
2024-02-28T08:30Z,2024-02-28T09:00Z,177,200,high
2024-02-28T09:00Z,2024-02-28T09:30Z,173,199,high
2024-02-28T09:30Z,2024-02-28T10:00Z,166,193,high
2024-02-28T10:00Z,2024-02-28T10:30Z,159,183,moderate
2024-02-28T10:30Z,2024-02-28T11:00Z,152,159,moderate
2024-02-28T11:00Z,2024-02-28T11:30Z,182,149,moderate
2024-02-28T11:30Z,2024-02-28T12:00Z,171,147,moderate
2024-02-28T12:00Z,2024-02-28T12:30Z,163,142,moderate
2024-02-28T12:30Z,2024-02-28T13:00Z,143,142,moderate
2024-02-28T13:00Z,2024-02-28T13:30Z,141,140,moderate
2024-02-28T13:30Z,2024-02-28T14:00Z,140,148,moderate
2024-02-28T14:00Z,2024-02-28T14:30Z,143,145,moderate
2024-02-28T14:30Z,2024-02-28T15:00Z,149,139,moderate
2024-02-28T15:00Z,2024-02-28T15:30Z,148,136,moderate
2024-02-28T15:30Z,2024-02-28T16:00Z,143,140,moderate
2024-02-28T16:00Z,2024-02-28T16:30Z,144,138,moderate
2024-02-28T16:30Z,2024-02-28T17:00Z,142,139,moderate
2024-02-28T17:00Z,2024-02-28T17:30Z,138,139,moderate
2024-02-28T17:30Z,2024-02-28T18:00Z,137,141,moderate
2024-02-28T18:00Z,2024-02-28T18:30Z,129,137,moderate
2024-02-28T18:30Z,2024-02-28T19:00Z,133,125,moderate
2024-02-28T19:00Z,2024-02-28T19:30Z,131,119,moderate
2024-02-28T19:30Z,2024-02-28T20:00Z,113,108,low
2024-02-28T20:00Z,2024-02-28T20:30Z,117,96,low
2024-02-28T20:30Z,2024-02-28T21:00Z,111,85,low
2024-02-28T21:00Z,2024-02-28T21:30Z,111,74,low
2024-02-28T21:30Z,2024-02-28T22:00Z,74,77,low
2024-02-28T22:00Z,2024-02-28T22:30Z,72,71,low
2024-02-28T22:30Z,2024-02-28T23:00Z,71,64,low
2024-02-28T23:00Z,2024-02-28T23:30Z,67,66,low
2024-02-28T23:30Z,2024-02-29T00:00Z,74,73,low
2024-02-29T00:00Z,2024-02-29T00:30Z,61,74,low
2024-02-29T00:30Z,2024-02-29T01:00Z,78,74,low
2024-02-29T01:00Z,2024-02-29T01:30Z,66,69,low
2024-02-29T01:30Z,2024-02-29T02:00Z,73,64,low
2024-02-29T02:00Z,2024-02-29T02:30Z,70,68,low
2024-02-29T02:30Z,2024-02-29T03:00Z,62,71,low
2024-02-29T03:00Z,2024-02-29T03:30Z,62,68,low
2024-02-29T03:30Z,2024-02-29T04:00Z,67,58,low
2024-02-29T04:00Z,2024-02-29T04:30Z,64,62,low
2024-02-29T04:30Z,2024-02-29T05:00Z,61,70,low
2024-02-29T05:00Z,2024-02-29T05:30Z,62,72,low
2024-02-29T05:30Z,2024-02-29T06:00Z,71,92,low
2024-02-29T06:00Z,2024-02-29T06:30Z,74,114,moderate
2024-02-29T06:30Z,2024-02-29T07:00Z,107,127,moderate
2024-02-29T07:00Z,2024-02-29T07:30Z,137,134,moderate
2024-02-29T07:30Z,2024-02-29T08:00Z,139,134,moderate
2024-02-29T08:00Z,2024-02-29T08:30Z,135,142,moderate
2024-02-29T08:30Z,2024-02-29T09:00Z,137,144,moderate
2024-02-29T09:00Z,2024-02-29T09:30Z,138,143,moderate
2024-02-29T09:30Z,2024-02-29T10:00Z,140,142,moderate
2024-02-29T10:00Z,2024-02-29T10:30Z,145,140,moderate
2024-02-29T10:30Z,2024-02-29T11:00Z,144,140,moderate
2024-02-29T11:00Z,2024-02-29T11:30Z,144,146,moderate
2024-02-29T11:30Z,2024-02-29T12:00Z,142,150,moderate
2024-02-29T12:00Z,2024-02-29T12:30Z,146,154,moderate
2024-02-29T12:30Z,2024-02-29T13:00Z,146,155,moderate
2024-02-29T13:00Z,2024-02-29T13:30Z,149,152,moderate
2024-02-29T13:30Z,2024-02-29T14:00Z,154,149,moderate
2024-02-29T14:00Z,2024-02-29T14:30Z,156,157,moderate
2024-02-29T14:30Z,2024-02-29T15:00Z,151,158,moderate
2024-02-29T15:00Z,2024-02-29T15:30Z,153,163,moderate
2024-02-29T15:30Z,2024-02-29T16:00Z,159,162,moderate
2024-02-29T16:00Z,2024-02-29T16:30Z,168,169,moderate
2024-02-29T16:30Z,2024-02-29T17:00Z,178,173,moderate
2024-02-29T17:00Z,2024-02-29T17:30Z,197,177,moderate
2024-02-29T17:30Z,2024-02-29T18:00Z,195,179,moderate
2024-02-29T18:00Z,2024-02-29T18:30Z,198,179,moderate
2024-02-29T18:30Z,2024-02-29T19:00Z,200,182,moderate
2024-02-29T19:00Z,2024-02-29T19:30Z,185,182,moderate
2024-02-29T19:30Z,2024-02-29T20:00Z,190,189,moderate
2024-02-29T20:00Z,2024-02-29T20:30Z,198,187,moderate
2024-02-29T20:30Z,2024-02-29T21:00Z,198,182,moderate
2024-02-29T21:00Z,2024-02-29T21:30Z,190,176,moderate
2024-02-29T21:30Z,2024-02-29T22:00Z,181,177,moderate
2024-02-29T22:00Z,2024-02-29T22:30Z,175,168,moderate
2024-02-29T22:30Z,2024-02-29T23:00Z,165,158,moderate
2024-02-29T23:00Z,2024-02-29T23:30Z,151,159,moderate
2024-02-29T23:30Z,2024-03-01T00:00Z,172,155,moderate
2024-03-01T00:00Z,2024-03-01T00:30Z,174,157,moderate
2024-03-01T00:30Z,2024-03-01T01:00Z,150,161,moderate
2024-03-01T01:00Z,2024-03-01T01:30Z,152,157,moderate
2024-03-01T01:30Z,2024-03-01T02:00Z,154,155,moderate
2024-03-01T02:00Z,2024-03-01T02:30Z,146,143,moderate
2024-03-01T02:30Z,2024-03-01T03:00Z,144,128,moderate
2024-03-01T03:00Z,2024-03-01T03:30Z,134,121,moderate
2024-03-01T03:30Z,2024-03-01T04:00Z,125,117,moderate
2024-03-01T04:00Z,2024-03-01T04:30Z,109,114,moderate
2024-03-01T04:30Z,2024-03-01T05:00Z,118,127,moderate
2024-03-01T05:00Z,2024-03-01T05:30Z,112,135,moderate
2024-03-01T05:30Z,2024-03-01T06:00Z,140,151,moderate
2024-03-01T06:00Z,2024-03-01T06:30Z,142,155,moderate
2024-03-01T06:30Z,2024-03-01T07:00Z,158,154,moderate
2024-03-01T07:00Z,2024-03-01T07:30Z,161,153,moderate
2024-03-01T07:30Z,2024-03-01T08:00Z,156,152,moderate
2024-03-01T08:00Z,2024-03-01T08:30Z,152,147,moderate
2024-03-01T08:30Z,2024-03-01T09:00Z,152,141,moderate
2024-03-01T09:00Z,2024-03-01T09:30Z,143,139,moderate
2024-03-01T09:30Z,2024-03-01T10:00Z,137,135,moderate
2024-03-01T10:00Z,2024-03-01T10:30Z,134,132,moderate
2024-03-01T10:30Z,2024-03-01T11:00Z,134,124,moderate
2024-03-01T11:00Z,2024-03-01T11:30Z,133,118,moderate
2024-03-01T11:30Z,2024-03-01T12:00Z,133,115,moderate
2024-03-01T12:00Z,2024-03-01T12:30Z,134,113,moderate
2024-03-01T12:30Z,2024-03-01T13:00Z,115,112,moderate
2024-03-01T13:00Z,2024-03-01T13:30Z,109,109,low
2024-03-01T13:30Z,2024-03-01T14:00Z,103,112,moderate
2024-03-01T14:00Z,2024-03-01T14:30Z,106,118,moderate
2024-03-01T14:30Z,2024-03-01T15:00Z,111,129,moderate
2024-03-01T15:00Z,2024-03-01T15:30Z,121,138,moderate
2024-03-01T15:30Z,2024-03-01T16:00Z,133,147,moderate
2024-03-01T16:00Z,2024-03-01T16:30Z,146,151,moderate
2024-03-01T16:30Z,2024-03-01T17:00Z,157,153,moderate
2024-03-01T17:00Z,2024-03-01T17:30Z,159,163,moderate
2024-03-01T17:30Z,2024-03-01T18:00Z,161,171,moderate
2024-03-01T18:00Z,2024-03-01T18:30Z,163,171,moderate
2024-03-01T18:30Z,2024-03-01T19:00Z,168,171,moderate
2024-03-01T19:00Z,2024-03-01T19:30Z,172,174,moderate
2024-03-01T19:30Z,2024-03-01T20:00Z,170,174,moderate
2024-03-01T20:00Z,2024-03-01T20:30Z,174,173,moderate
2024-03-01T20:30Z,2024-03-01T21:00Z,173,161,moderate
2024-03-01T21:00Z,2024-03-01T21:30Z,172,156,moderate
2024-03-01T21:30Z,2024-03-01T22:00Z,166,157,moderate
2024-03-01T22:00Z,2024-03-01T22:30Z,159,144,moderate
2024-03-01T22:30Z,2024-03-01T23:00Z,152,130,moderate
2024-03-01T23:00Z,2024-03-01T23:30Z,145,133,moderate
2024-03-01T23:30Z,2024-03-02T00:00Z,139,143,moderate
2024-03-02T00:00Z,2024-03-02T00:30Z,136,150,moderate
2024-03-02T00:30Z,2024-03-02T01:00Z,144,148,moderate
2024-03-02T01:00Z,2024-03-02T01:30Z,146,139,moderate
2024-03-02T01:30Z,2024-03-02T02:00Z,151,140,moderate
2024-03-02T02:00Z,2024-03-02T02:30Z,147,140,moderate
2024-03-02T02:30Z,2024-03-02T03:00Z,140,142,moderate
2024-03-02T03:00Z,2024-03-02T03:30Z,136,138,moderate
2024-03-02T03:30Z,2024-03-02T04:00Z,132,137,moderate
2024-03-02T04:00Z,2024-03-02T04:30Z,130,131,moderate
2024-03-02T04:30Z,2024-03-02T05:00Z,137,131,moderate
2024-03-02T05:00Z,2024-03-02T05:30Z,137,128,moderate
2024-03-02T05:30Z,2024-03-02T06:00Z,140,126,moderate
2024-03-02T06:00Z,2024-03-02T06:30Z,141,126,moderate
2024-03-02T06:30Z,2024-03-02T07:00Z,137,136,moderate
2024-03-02T07:00Z,2024-03-02T07:30Z,133,137,moderate
2024-03-02T07:30Z,2024-03-02T08:00Z,137,145,moderate
2024-03-02T08:00Z,2024-03-02T08:30Z,139,150,moderate
2024-03-02T08:30Z,2024-03-02T09:00Z,151,153,moderate
2024-03-02T09:00Z,2024-03-02T09:30Z,150,150,moderate
2024-03-02T09:30Z,2024-03-02T10:00Z,153,145,moderate
2024-03-02T10:00Z,2024-03-02T10:30Z,151,143,moderate
2024-03-02T10:30Z,2024-03-02T11:00Z,144,141,moderate
2024-03-02T11:00Z,2024-03-02T11:30Z,145,138,moderate
2024-03-02T11:30Z,2024-03-02T12:00Z,143,133,moderate
2024-03-02T12:00Z,2024-03-02T12:30Z,143,133,moderate
2024-03-02T12:30Z,2024-03-02T13:00Z,137,133,moderate
2024-03-02T13:00Z,2024-03-02T13:30Z,137,127,moderate
2024-03-02T13:30Z,2024-03-02T14:00Z,138,121,moderate
2024-03-02T14:00Z,2024-03-02T14:30Z,127,122,moderate
2024-03-02T14:30Z,2024-03-02T15:00Z,118,120,moderate
2024-03-02T15:00Z,2024-03-02T15:30Z,120,127,moderate
2024-03-02T15:30Z,2024-03-02T16:00Z,123,145,moderate
2024-03-02T16:00Z,2024-03-02T16:30Z,136,155,moderate
2024-03-02T16:30Z,2024-03-02T17:00Z,158,162,moderate
2024-03-02T17:00Z,2024-03-02T17:30Z,167,166,moderate
2024-03-02T17:30Z,2024-03-02T18:00Z,171,165,moderate
2024-03-02T18:00Z,2024-03-02T18:30Z,170,163,moderate
2024-03-02T18:30Z,2024-03-02T19:00Z,171,165,moderate
2024-03-02T19:00Z,2024-03-02T19:30Z,166,166,moderate
2024-03-02T19:30Z,2024-03-02T20:00Z,169,163,moderate
2024-03-02T20:00Z,2024-03-02T20:30Z,167,160,moderate
2024-03-02T20:30Z,2024-03-02T21:00Z,170,157,moderate
2024-03-02T21:00Z,2024-03-02T21:30Z,162,154,moderate
2024-03-02T21:30Z,2024-03-02T22:00Z,156,151,moderate
2024-03-02T22:00Z,2024-03-02T22:30Z,154,146,moderate
2024-03-02T22:30Z,2024-03-02T23:00Z,151,139,moderate
2024-03-02T23:00Z,2024-03-02T23:30Z,147,137,moderate
2024-03-02T23:30Z,2024-03-03T00:00Z,139,139,moderate
2024-03-03T00:00Z,2024-03-03T00:30Z,144,146,moderate
2024-03-03T00:30Z,2024-03-03T01:00Z,150,144,moderate
2024-03-03T01:00Z,2024-03-03T01:30Z,156,146,moderate
2024-03-03T01:30Z,2024-03-03T02:00Z,147,148,moderate
2024-03-03T02:00Z,2024-03-03T02:30Z,154,149,moderate
2024-03-03T02:30Z,2024-03-03T03:00Z,155,152,moderate
2024-03-03T03:00Z,2024-03-03T03:30Z,156,152,moderate
2024-03-03T03:30Z,2024-03-03T04:00Z,157,149,moderate
2024-03-03T04:00Z,2024-03-03T04:30Z,158,149,moderate
2024-03-03T04:30Z,2024-03-03T05:00Z,156,151,moderate
2024-03-03T05:00Z,2024-03-03T05:30Z,157,154,moderate
2024-03-03T05:30Z,2024-03-03T06:00Z,155,155,moderate
2024-03-03T06:00Z,2024-03-03T06:30Z,162,162,moderate
2024-03-03T06:30Z,2024-03-03T07:00Z,164,169,moderate
2024-03-03T07:00Z,2024-03-03T07:30Z,143,173,moderate
2024-03-03T07:30Z,2024-03-03T08:00Z,179,173,moderate
2024-03-03T08:00Z,2024-03-03T08:30Z,176,169,moderate
2024-03-03T08:30Z,2024-03-03T09:00Z,175,165,moderate
2024-03-03T09:00Z,2024-03-03T09:30Z,173,165,moderate
2024-03-03T09:30Z,2024-03-03T10:00Z,167,162,moderate
2024-03-03T10:00Z,2024-03-03T10:30Z,163,161,moderate
2024-03-03T10:30Z,2024-03-03T11:00Z,162,164,moderate
2024-03-03T11:00Z,2024-03-03T11:30Z,162,165,moderate
2024-03-03T11:30Z,2024-03-03T12:00Z,163,168,moderate
2024-03-03T12:00Z,2024-03-03T12:30Z,168,170,moderate
2024-03-03T12:30Z,2024-03-03T13:00Z,174,173,moderate
2024-03-03T13:00Z,2024-03-03T13:30Z,175,171,moderate
2024-03-03T13:30Z,2024-03-03T14:00Z,179,178,moderate
2024-03-03T14:00Z,2024-03-03T14:30Z,178,185,moderate
2024-03-03T14:30Z,2024-03-03T15:00Z,190,195,high
2024-03-03T15:00Z,2024-03-03T15:30Z,194,210,high
2024-03-03T15:30Z,2024-03-03T16:00Z,203,225,high
2024-03-03T16:00Z,2024-03-03T16:30Z,214,233,high
2024-03-03T16:30Z,2024-03-03T17:00Z,233,234,high
2024-03-03T17:00Z,2024-03-03T17:30Z,241,237,high
2024-03-03T17:30Z,2024-03-03T18:00Z,240,238,high
2024-03-03T18:00Z,2024-03-03T18:30Z,243,235,high
2024-03-03T18:30Z,2024-03-03T19:00Z,241,238,high
2024-03-03T19:00Z,2024-03-03T19:30Z,240,240,high
2024-03-03T19:30Z,2024-03-03T20:00Z,239,246,high
2024-03-03T20:00Z,2024-03-03T20:30Z,233,242,high
2024-03-03T20:30Z,2024-03-03T21:00Z,247,244,high
2024-03-03T21:00Z,2024-03-03T21:30Z,248,236,high
2024-03-03T21:30Z,2024-03-03T22:00Z,247,208,high
2024-03-03T22:00Z,2024-03-03T22:30Z,244,201,high
2024-03-03T22:30Z,2024-03-03T23:00Z,212,203,high
2024-03-03T23:00Z,2024-03-03T23:30Z,211,202,high
2024-03-03T23:30Z,2024-03-04T00:00Z,213,201,high
2024-03-04T00:00Z,2024-03-04T00:30Z,213,204,high
2024-03-04T00:30Z,2024-03-04T01:00Z,207,206,high
2024-03-04T01:00Z,2024-03-04T01:30Z,210,206,high
2024-03-04T01:30Z,2024-03-04T02:00Z,212,206,high
2024-03-04T02:00Z,2024-03-04T02:30Z,216,203,high
2024-03-04T02:30Z,2024-03-04T03:00Z,219,207,high
2024-03-04T03:00Z,2024-03-04T03:30Z,209,207,high
2024-03-04T03:30Z,2024-03-04T04:00Z,206,216,high
2024-03-04T04:00Z,2024-03-04T04:30Z,208,218,high
2024-03-04T04:30Z,2024-03-04T05:00Z,223,238,high
2024-03-04T05:00Z,2024-03-04T05:30Z,219,248,high
2024-03-04T05:30Z,2024-03-04T06:00Z,236,253,high
2024-03-04T06:00Z,2024-03-04T06:30Z,245,255,high
2024-03-04T06:30Z,2024-03-04T07:00Z,227,247,high
2024-03-04T07:00Z,2024-03-04T07:30Z,212,244,high
2024-03-04T07:30Z,2024-03-04T08:00Z,243,242,high
2024-03-04T08:00Z,2024-03-04T08:30Z,235,231,high
2024-03-04T08:30Z,2024-03-04T09:00Z,242,224,high
2024-03-04T09:00Z,2024-03-04T09:30Z,224,214,high
2024-03-04T09:30Z,2024-03-04T10:00Z,218,202,high
2024-03-04T10:00Z,2024-03-04T10:30Z,211,189,moderate
2024-03-04T10:30Z,2024-03-04T11:00Z,201,176,moderate
2024-03-04T11:00Z,2024-03-04T11:30Z,185,168,moderate
2024-03-04T11:30Z,2024-03-04T12:00Z,177,162,moderate
2024-03-04T12:00Z,2024-03-04T12:30Z,178,158,moderate
2024-03-04T12:30Z,2024-03-04T13:00Z,167,160,moderate
2024-03-04T13:00Z,2024-03-04T13:30Z,153,159,moderate
2024-03-04T13:30Z,2024-03-04T14:00Z,159,167,moderate
2024-03-04T14:00Z,2024-03-04T14:30Z,159,167,moderate
2024-03-04T14:30Z,2024-03-04T15:00Z,167,174,moderate
2024-03-04T15:00Z,2024-03-04T15:30Z,171,175,moderate
2024-03-04T15:30Z,2024-03-04T16:00Z,175,175,moderate
2024-03-04T16:00Z,2024-03-04T16:30Z,171,172,moderate
2024-03-04T16:30Z,2024-03-04T17:00Z,174,188,moderate
2024-03-04T17:00Z,2024-03-04T17:30Z,174,183,moderate
2024-03-04T17:30Z,2024-03-04T18:00Z,175,179,moderate
2024-03-04T18:00Z,2024-03-04T18:30Z,172,173,moderate
2024-03-04T18:30Z,2024-03-04T19:00Z,172,170,moderate
2024-03-04T19:00Z,2024-03-04T19:30Z,170,160,moderate
2024-03-04T19:30Z,2024-03-04T20:00Z,163,151,moderate
2024-03-04T20:00Z,2024-03-04T20:30Z,154,139,moderate
2024-03-04T20:30Z,2024-03-04T21:00Z,138,121,moderate
2024-03-04T21:00Z,2024-03-04T21:30Z,135,111,moderate
2024-03-04T21:30Z,2024-03-04T22:00Z,126,102,low
2024-03-04T22:00Z,2024-03-04T22:30Z,101,94,low
2024-03-04T22:30Z,2024-03-04T23:00Z,112,119,moderate
2024-03-04T23:00Z,2024-03-04T23:30Z,91,128,moderate
2024-03-04T23:30Z,2024-03-05T00:00Z,82,128,moderate
2024-03-05T00:00Z,2024-03-05T00:30Z,78,135,moderate
2024-03-05T00:30Z,2024-03-05T01:00Z,107,131,moderate
2024-03-05T01:00Z,2024-03-05T01:30Z,123,138,moderate
2024-03-05T01:30Z,2024-03-05T02:00Z,105,138,moderate
2024-03-05T02:00Z,2024-03-05T02:30Z,112,139,moderate
2024-03-05T02:30Z,2024-03-05T03:00Z,113,140,moderate
2024-03-05T03:00Z,2024-03-05T03:30Z,116,139,moderate
2024-03-05T03:30Z,2024-03-05T04:00Z,115,138,moderate
2024-03-05T04:00Z,2024-03-05T04:30Z,112,145,moderate
2024-03-05T04:30Z,2024-03-05T05:00Z,117,161,moderate
2024-03-05T05:00Z,2024-03-05T05:30Z,130,175,moderate
2024-03-05T05:30Z,2024-03-05T06:00Z,158,197,high
2024-03-05T06:00Z,2024-03-05T06:30Z,188,212,high
2024-03-05T06:30Z,2024-03-05T07:00Z,195,206,high
2024-03-05T07:00Z,2024-03-05T07:30Z,205,213,high
2024-03-05T07:30Z,2024-03-05T08:00Z,203,215,high
2024-03-05T08:00Z,2024-03-05T08:30Z,208,213,high
2024-03-05T08:30Z,2024-03-05T09:00Z,214,206,high
2024-03-05T09:00Z,2024-03-05T09:30Z,215,203,high
2024-03-05T09:30Z,2024-03-05T10:00Z,207,200,high
2024-03-05T10:00Z,2024-03-05T10:30Z,199,196,high
2024-03-05T10:30Z,2024-03-05T11:00Z,201,192,high
2024-03-05T11:00Z,2024-03-05T11:30Z,198,190,high
2024-03-05T11:30Z,2024-03-05T12:00Z,194,190,high
2024-03-05T12:00Z,2024-03-05T12:30Z,193,189,moderate
2024-03-05T12:30Z,2024-03-05T13:00Z,193,193,high
2024-03-05T13:00Z,2024-03-05T13:30Z,193,193,high
2024-03-05T13:30Z,2024-03-05T14:00Z,200,194,high
2024-03-05T14:00Z,2024-03-05T14:30Z,203,199,high
2024-03-05T14:30Z,2024-03-05T15:00Z,203,211,high
2024-03-05T15:00Z,2024-03-05T15:30Z,211,226,high
2024-03-05T15:30Z,2024-03-05T16:00Z,221,235,high
2024-03-05T16:00Z,2024-03-05T16:30Z,231,236,high
2024-03-05T16:30Z,2024-03-05T17:00Z,244,244,high
2024-03-05T17:00Z,2024-03-05T17:30Z,245,247,high
2024-03-05T17:30Z,2024-03-05T18:00Z,253,256,high
2024-03-05T18:00Z,2024-03-05T18:30Z,255,259,high
2024-03-05T18:30Z,2024-03-05T19:00Z,260,254,high
2024-03-05T19:00Z,2024-03-05T19:30Z,263,252,high
2024-03-05T19:30Z,2024-03-05T20:00Z,263,258,high
2024-03-05T20:00Z,2024-03-05T20:30Z,258,258,high
2024-03-05T20:30Z,2024-03-05T21:00Z,264,255,high
2024-03-05T21:00Z,2024-03-05T21:30Z,257,248,high
2024-03-05T21:30Z,2024-03-05T22:00Z,254,242,high
2024-03-05T22:00Z,2024-03-05T22:30Z,239,231,high
2024-03-05T22:30Z,2024-03-05T23:00Z,229,224,high
2024-03-05T23:00Z,2024-03-05T23:30Z,229,217,high
2024-03-05T23:30Z,2024-03-06T00:00Z,198,215,high
2024-03-06T00:00Z,2024-03-06T00:30Z,193,215,high
2024-03-06T00:30Z,2024-03-06T01:00Z,194,213,high
2024-03-06T01:00Z,2024-03-06T01:30Z,192,210,high
2024-03-06T01:30Z,2024-03-06T02:00Z,190,211,high
2024-03-06T02:00Z,2024-03-06T02:30Z,193,208,high
2024-03-06T02:30Z,2024-03-06T03:00Z,188,211,high
2024-03-06T03:00Z,2024-03-06T03:30Z,187,212,high
2024-03-06T03:30Z,2024-03-06T04:00Z,185,210,high
2024-03-06T04:00Z,2024-03-06T04:30Z,191,213,high
2024-03-06T04:30Z,2024-03-06T05:00Z,184,233,high
2024-03-06T05:00Z,2024-03-06T05:30Z,206,239,high
2024-03-06T05:30Z,2024-03-06T06:00Z,227,256,high
2024-03-06T06:00Z,2024-03-06T06:30Z,238,262,high
2024-03-06T06:30Z,2024-03-06T07:00Z,249,257,high
2024-03-06T07:00Z,2024-03-06T07:30Z,252,259,high
2024-03-06T07:30Z,2024-03-06T08:00Z,248,243,high
2024-03-06T08:00Z,2024-03-06T08:30Z,252,242,high
2024-03-06T08:30Z,2024-03-06T09:00Z,233,235,high
2024-03-06T09:00Z,2024-03-06T09:30Z,237,229,high
2024-03-06T09:30Z,2024-03-06T10:00Z,227,219,high
2024-03-06T10:00Z,2024-03-06T10:30Z,224,214,high
2024-03-06T10:30Z,2024-03-06T11:00Z,217,210,high
2024-03-06T11:00Z,2024-03-06T11:30Z,212,203,high
2024-03-06T11:30Z,2024-03-06T12:00Z,212,199,high
2024-03-06T12:00Z,2024-03-06T12:30Z,201,199,high
2024-03-06T12:30Z,2024-03-06T13:00Z,198,205,high
2024-03-06T13:00Z,2024-03-06T13:30Z,206,209,high
2024-03-06T13:30Z,2024-03-06T14:00Z,221,218,high
2024-03-06T14:00Z,2024-03-06T14:30Z,214,223,high
2024-03-06T14:30Z,2024-03-06T15:00Z,218,226,high
2024-03-06T15:00Z,2024-03-06T15:30Z,224,231,high
2024-03-06T15:30Z,2024-03-06T16:00Z,236,226,high
2024-03-06T16:00Z,2024-03-06T16:30Z,247,234,high
2024-03-06T16:30Z,2024-03-06T17:00Z,253,247,high
2024-03-06T17:00Z,2024-03-06T17:30Z,250,249,high
2024-03-06T17:30Z,2024-03-06T18:00Z,247,240,high
2024-03-06T18:00Z,2024-03-06T18:30Z,252,240,high
2024-03-06T18:30Z,2024-03-06T19:00Z,240,247,high
2024-03-06T19:00Z,2024-03-06T19:30Z,241,243,high
2024-03-06T19:30Z,2024-03-06T20:00Z,251,238,high
2024-03-06T20:00Z,2024-03-06T20:30Z,243,232,high
2024-03-06T20:30Z,2024-03-06T21:00Z,233,220,high
2024-03-06T21:00Z,2024-03-06T21:30Z,230,214,high
2024-03-06T21:30Z,2024-03-06T22:00Z,184,214,high
2024-03-06T22:00Z,2024-03-06T22:30Z,189,207,high
2024-03-06T22:30Z,2024-03-06T23:00Z,191,184,moderate
2024-03-06T23:00Z,2024-03-06T23:30Z,176,176,moderate
2024-03-06T23:30Z,2024-03-07T00:00Z,176,171,moderate
2024-03-07T00:00Z,2024-03-07T00:30Z,153,171,moderate
2024-03-07T00:30Z,2024-03-07T01:00Z,156,171,moderate
2024-03-07T01:00Z,2024-03-07T01:30Z,137,169,moderate
2024-03-07T01:30Z,2024-03-07T02:00Z,136,167,moderate
2024-03-07T02:00Z,2024-03-07T02:30Z,139,163,moderate
2024-03-07T02:30Z,2024-03-07T03:00Z,139,169,moderate
2024-03-07T03:00Z,2024-03-07T03:30Z,140,173,moderate
2024-03-07T03:30Z,2024-03-07T04:00Z,143,186,moderate
2024-03-07T04:00Z,2024-03-07T04:30Z,150,183,moderate
2024-03-07T04:30Z,2024-03-07T05:00Z,163,200,high
2024-03-07T05:00Z,2024-03-07T05:30Z,153,205,high
2024-03-07T05:30Z,2024-03-07T06:00Z,176,199,high
2024-03-07T06:00Z,2024-03-07T06:30Z,190,204,high
2024-03-07T06:30Z,2024-03-07T07:00Z,188,192,high
2024-03-07T07:00Z,2024-03-07T07:30Z,153,188,moderate
2024-03-07T07:30Z,2024-03-07T08:00Z,175,176,moderate
2024-03-07T08:00Z,2024-03-07T08:30Z,174,175,moderate
2024-03-07T08:30Z,2024-03-07T09:00Z,171,172,moderate
2024-03-07T09:00Z,2024-03-07T09:30Z,161,162,moderate
2024-03-07T09:30Z,2024-03-07T10:00Z,158,153,moderate
2024-03-07T10:00Z,2024-03-07T10:30Z,152,146,moderate
2024-03-07T10:30Z,2024-03-07T11:00Z,137,127,moderate
2024-03-07T11:00Z,2024-03-07T11:30Z,134,118,moderate
2024-03-07T11:30Z,2024-03-07T12:00Z,123,115,moderate
2024-03-07T12:00Z,2024-03-07T12:30Z,122,120,moderate
2024-03-07T12:30Z,2024-03-07T13:00Z,117,121,moderate
2024-03-07T13:00Z,2024-03-07T13:30Z,119,121,moderate
2024-03-07T13:30Z,2024-03-07T14:00Z,125,134,moderate
2024-03-07T14:00Z,2024-03-07T14:30Z,119,129,moderate
2024-03-07T14:30Z,2024-03-07T15:00Z,115,139,moderate
2024-03-07T15:00Z,2024-03-07T15:30Z,123,150,moderate
2024-03-07T15:30Z,2024-03-07T16:00Z,145,152,moderate
2024-03-07T16:00Z,2024-03-07T16:30Z,148,156,moderate
2024-03-07T16:30Z,2024-03-07T17:00Z,154,152,moderate
2024-03-07T17:00Z,2024-03-07T17:30Z,160,156,moderate
2024-03-07T17:30Z,2024-03-07T18:00Z,155,151,moderate
2024-03-07T18:00Z,2024-03-07T18:30Z,159,151,moderate
2024-03-07T18:30Z,2024-03-07T19:00Z,152,149,moderate
2024-03-07T19:00Z,2024-03-07T19:30Z,154,141,moderate
2024-03-07T19:30Z,2024-03-07T20:00Z,151,128,moderate
2024-03-07T20:00Z,2024-03-07T20:30Z,146,110,moderate
2024-03-07T20:30Z,2024-03-07T21:00Z,130,91,low
2024-03-07T21:00Z,2024-03-07T21:30Z,113,80,low
2024-03-07T21:30Z,2024-03-07T22:00Z,91,81,low
2024-03-07T22:00Z,2024-03-07T22:30Z,87,77,low
2024-03-07T22:30Z,2024-03-07T23:00Z,79,69,low
2024-03-07T23:00Z,2024-03-07T23:30Z,77,65,low
2024-03-07T23:30Z,2024-03-08T00:00Z,76,68,low
2024-03-08T00:00Z,2024-03-08T00:30Z,67,70,low
2024-03-08T00:30Z,2024-03-08T01:00Z,68,69,low
2024-03-08T01:00Z,2024-03-08T01:30Z,74,69,low
2024-03-08T01:30Z,2024-03-08T02:00Z,74,74,low
2024-03-08T02:00Z,2024-03-08T02:30Z,72,76,low
2024-03-08T02:30Z,2024-03-08T03:00Z,74,75,low
2024-03-08T03:00Z,2024-03-08T03:30Z,74,79,low
2024-03-08T03:30Z,2024-03-08T04:00Z,73,74,low
2024-03-08T04:00Z,2024-03-08T04:30Z,77,75,low
2024-03-08T04:30Z,2024-03-08T05:00Z,66,82,low
2024-03-08T05:00Z,2024-03-08T05:30Z,73,90,low
2024-03-08T05:30Z,2024-03-08T06:00Z,78,85,low
2024-03-08T06:00Z,2024-03-08T06:30Z,89,95,low
2024-03-08T06:30Z,2024-03-08T07:00Z,90,100,low
2024-03-08T07:00Z,2024-03-08T07:30Z,76,102,low
2024-03-08T07:30Z,2024-03-08T08:00Z,89,100,low
2024-03-08T08:00Z,2024-03-08T08:30Z,88,101,low
2024-03-08T08:30Z,2024-03-08T09:00Z,88,96,low
2024-03-08T09:00Z,2024-03-08T09:30Z,89,90,low
2024-03-08T09:30Z,2024-03-08T10:00Z,81,79,low
2024-03-08T10:00Z,2024-03-08T10:30Z,73,68,low
2024-03-08T10:30Z,2024-03-08T11:00Z,69,58,low
2024-03-08T11:00Z,2024-03-08T11:30Z,68,55,low
2024-03-08T11:30Z,2024-03-08T12:00Z,58,55,low
2024-03-08T12:00Z,2024-03-08T12:30Z,58,52,low
2024-03-08T12:30Z,2024-03-08T13:00Z,55,50,low
2024-03-08T13:00Z,2024-03-08T13:30Z,53,50,low
2024-03-08T13:30Z,2024-03-08T14:00Z,50,51,low
2024-03-08T14:00Z,2024-03-08T14:30Z,57,55,low
2024-03-08T14:30Z,2024-03-08T15:00Z,49,58,low
2024-03-08T15:00Z,2024-03-08T15:30Z,52,71,low
2024-03-08T15:30Z,2024-03-08T16:00Z,60,76,low
2024-03-08T16:00Z,2024-03-08T16:30Z,65,85,low
2024-03-08T16:30Z,2024-03-08T17:00Z,72,90,low
2024-03-08T17:00Z,2024-03-08T17:30Z,74,97,low
2024-03-08T17:30Z,2024-03-08T18:00Z,82,101,low
2024-03-08T18:00Z,2024-03-08T18:30Z,92,102,low
2024-03-08T18:30Z,2024-03-08T19:00Z,139,96,low
2024-03-08T19:00Z,2024-03-08T19:30Z,152,93,low
2024-03-08T19:30Z,2024-03-08T20:00Z,128,87,low
2024-03-08T20:00Z,2024-03-08T20:30Z,119,80,low
2024-03-08T20:30Z,2024-03-08T21:00Z,107,81,low
2024-03-08T21:00Z,2024-03-08T21:30Z,99,71,low
2024-03-08T21:30Z,2024-03-08T22:00Z,93,67,low
2024-03-08T22:00Z,2024-03-08T22:30Z,93,63,low
2024-03-08T22:30Z,2024-03-08T23:00Z,94,70,low
2024-03-08T23:00Z,2024-03-08T23:30Z,88,68,low
2024-03-08T23:30Z,2024-03-09T00:00Z,87,73,low
2024-03-09T00:00Z,2024-03-09T00:30Z,83,76,low
2024-03-09T00:30Z,2024-03-09T01:00Z,80,77,low
2024-03-09T01:00Z,2024-03-09T01:30Z,75,71,low
2024-03-09T01:30Z,2024-03-09T02:00Z,68,69,low
2024-03-09T02:00Z,2024-03-09T02:30Z,67,70,low
2024-03-09T02:30Z,2024-03-09T03:00Z,66,70,low
2024-03-09T03:00Z,2024-03-09T03:30Z,67,70,low
2024-03-09T03:30Z,2024-03-09T04:00Z,66,72,low
2024-03-09T04:00Z,2024-03-09T04:30Z,71,70,low
2024-03-09T04:30Z,2024-03-09T05:00Z,74,69,low
2024-03-09T05:00Z,2024-03-09T05:30Z,85,70,low
2024-03-09T05:30Z,2024-03-09T06:00Z,67,71,low
2024-03-09T06:00Z,2024-03-09T06:30Z,68,75,low
2024-03-09T06:30Z,2024-03-09T07:00Z,68,71,low
2024-03-09T07:00Z,2024-03-09T07:30Z,71,70,low
2024-03-09T07:30Z,2024-03-09T08:00Z,76,60,low
2024-03-09T08:00Z,2024-03-09T08:30Z,63,61,low
2024-03-09T08:30Z,2024-03-09T09:00Z,58,60,low
2024-03-09T09:00Z,2024-03-09T09:30Z,57,59,low
2024-03-09T09:30Z,2024-03-09T10:00Z,47,58,low
2024-03-09T10:00Z,2024-03-09T10:30Z,49,55,low
2024-03-09T10:30Z,2024-03-09T11:00Z,45,55,low
2024-03-09T11:00Z,2024-03-09T11:30Z,50,55,low
2024-03-09T11:30Z,2024-03-09T12:00Z,50,54,low
2024-03-09T12:00Z,2024-03-09T12:30Z,50,53,low
2024-03-09T12:30Z,2024-03-09T13:00Z,49,50,low
2024-03-09T13:00Z,2024-03-09T13:30Z,49,47,low
2024-03-09T13:30Z,2024-03-09T14:00Z,49,47,low
2024-03-09T14:00Z,2024-03-09T14:30Z,48,47,low
2024-03-09T14:30Z,2024-03-09T15:00Z,43,49,low
2024-03-09T15:00Z,2024-03-09T15:30Z,47,51,low
2024-03-09T15:30Z,2024-03-09T16:00Z,48,61,low
2024-03-09T16:00Z,2024-03-09T16:30Z,52,73,low
2024-03-09T16:30Z,2024-03-09T17:00Z,60,82,low
2024-03-09T17:00Z,2024-03-09T17:30Z,71,88,low
2024-03-09T17:30Z,2024-03-09T18:00Z,76,90,low
2024-03-09T18:00Z,2024-03-09T18:30Z,86,90,low
2024-03-09T18:30Z,2024-03-09T19:00Z,86,85,low
2024-03-09T19:00Z,2024-03-09T19:30Z,78,79,low
2024-03-09T19:30Z,2024-03-09T20:00Z,69,81,low
2024-03-09T20:00Z,2024-03-09T20:30Z,71,78,low
2024-03-09T20:30Z,2024-03-09T21:00Z,63,73,low
2024-03-09T21:00Z,2024-03-09T21:30Z,61,68,low
2024-03-09T21:30Z,2024-03-09T22:00Z,59,74,low
2024-03-09T22:00Z,2024-03-09T22:30Z,57,73,low
2024-03-09T22:30Z,2024-03-09T23:00Z,64,77,low
2024-03-09T23:00Z,2024-03-09T23:30Z,64,72,low
2024-03-09T23:30Z,2024-03-10T00:00Z,67,76,low
2024-03-10T00:00Z,2024-03-10T00:30Z,69,84,low
2024-03-10T00:30Z,2024-03-10T01:00Z,67,75,low
2024-03-10T01:00Z,2024-03-10T01:30Z,73,76,low
2024-03-10T01:30Z,2024-03-10T02:00Z,68,79,low
2024-03-10T02:00Z,2024-03-10T02:30Z,69,76,low
2024-03-10T02:30Z,2024-03-10T03:00Z,66,81,low
2024-03-10T03:00Z,2024-03-10T03:30Z,68,79,low
2024-03-10T03:30Z,2024-03-10T04:00Z,77,82,low
2024-03-10T04:00Z,2024-03-10T04:30Z,81,85,low
2024-03-10T04:30Z,2024-03-10T05:00Z,79,89,low
2024-03-10T05:00Z,2024-03-10T05:30Z,83,85,low
2024-03-10T05:30Z,2024-03-10T06:00Z,87,85,low
2024-03-10T06:00Z,2024-03-10T06:30Z,86,90,low
2024-03-10T06:30Z,2024-03-10T07:00Z,83,90,low
2024-03-10T07:00Z,2024-03-10T07:30Z,82,85,low
2024-03-10T07:30Z,2024-03-10T08:00Z,87,80,low
2024-03-10T08:00Z,2024-03-10T08:30Z,85,77,low
2024-03-10T08:30Z,2024-03-10T09:00Z,79,72,low
2024-03-10T09:00Z,2024-03-10T09:30Z,74,81,low
2024-03-10T09:30Z,2024-03-10T10:00Z,70,88,low
2024-03-10T10:00Z,2024-03-10T10:30Z,66,95,low
2024-03-10T10:30Z,2024-03-10T11:00Z,69,94,low
2024-03-10T11:00Z,2024-03-10T11:30Z,78,98,low
2024-03-10T11:30Z,2024-03-10T12:00Z,90,98,low
2024-03-10T12:00Z,2024-03-10T12:30Z,73,103,low
2024-03-10T12:30Z,2024-03-10T13:00Z,94,104,low
2024-03-10T13:00Z,2024-03-10T13:30Z,95,104,low
2024-03-10T13:30Z,2024-03-10T14:00Z,98,103,low
2024-03-10T14:00Z,2024-03-10T14:30Z,98,106,low
2024-03-10T14:30Z,2024-03-10T15:00Z,99,108,low
2024-03-10T15:00Z,2024-03-10T15:30Z,104,114,moderate
2024-03-10T15:30Z,2024-03-10T16:00Z,107,113,moderate
2024-03-10T16:00Z,2024-03-10T16:30Z,104,117,moderate
2024-03-10T16:30Z,2024-03-10T17:00Z,116,127,moderate
2024-03-10T17:00Z,2024-03-10T17:30Z,117,132,moderate
2024-03-10T17:30Z,2024-03-10T18:00Z,123,136,moderate
2024-03-10T18:00Z,2024-03-10T18:30Z,123,134,moderate
2024-03-10T18:30Z,2024-03-10T19:00Z,130,130,moderate
2024-03-10T19:00Z,2024-03-10T19:30Z,127,134,moderate
2024-03-10T19:30Z,2024-03-10T20:00Z,122,138,moderate
2024-03-10T20:00Z,2024-03-10T20:30Z,124,132,moderate
2024-03-10T20:30Z,2024-03-10T21:00Z,131,128,moderate
2024-03-10T21:00Z,2024-03-10T21:30Z,195,122,moderate
2024-03-10T21:30Z,2024-03-10T22:00Z,119,119,moderate
2024-03-10T22:00Z,2024-03-10T22:30Z,122,109,low
2024-03-10T22:30Z,2024-03-10T23:00Z,113,105,low
2024-03-10T23:00Z,2024-03-10T23:30Z,109,100,low
2024-03-10T23:30Z,2024-03-11T00:00Z,89,101,low
2024-03-11T00:00Z,2024-03-11T00:30Z,105,105,low
2024-03-11T00:30Z,2024-03-11T01:00Z,101,106,low
2024-03-11T01:00Z,2024-03-11T01:30Z,101,110,moderate
2024-03-11T01:30Z,2024-03-11T02:00Z,95,118,moderate
2024-03-11T02:00Z,2024-03-11T02:30Z,94,113,moderate
2024-03-11T02:30Z,2024-03-11T03:00Z,121,115,moderate
2024-03-11T03:00Z,2024-03-11T03:30Z,108,117,moderate
2024-03-11T03:30Z,2024-03-11T04:00Z,109,122,moderate
2024-03-11T04:00Z,2024-03-11T04:30Z,115,130,moderate
2024-03-11T04:30Z,2024-03-11T05:00Z,128,158,moderate
2024-03-11T05:00Z,2024-03-11T05:30Z,133,173,moderate
2024-03-11T05:30Z,2024-03-11T06:00Z,151,199,high
2024-03-11T06:00Z,2024-03-11T06:30Z,174,216,high
2024-03-11T06:30Z,2024-03-11T07:00Z,198,236,high
2024-03-11T07:00Z,2024-03-11T07:30Z,222,235,high
2024-03-11T07:30Z,2024-03-11T08:00Z,230,214,high
2024-03-11T08:00Z,2024-03-11T08:30Z,238,221,high
2024-03-11T08:30Z,2024-03-11T09:00Z,220,218,high
2024-03-11T09:00Z,2024-03-11T09:30Z,226,218,high
2024-03-11T09:30Z,2024-03-11T10:00Z,214,220,high
2024-03-11T10:00Z,2024-03-11T10:30Z,215,223,high
2024-03-11T10:30Z,2024-03-11T11:00Z,215,226,high
2024-03-11T11:00Z,2024-03-11T11:30Z,221,229,high
2024-03-11T11:30Z,2024-03-11T12:00Z,228,234,high
2024-03-11T12:00Z,2024-03-11T12:30Z,229,240,high
2024-03-11T12:30Z,2024-03-11T13:00Z,231,242,high
2024-03-11T13:00Z,2024-03-11T13:30Z,234,244,high
2024-03-11T13:30Z,2024-03-11T14:00Z,235,246,high
2024-03-11T14:00Z,2024-03-11T14:30Z,237,248,high
2024-03-11T14:30Z,2024-03-11T15:00Z,237,252,high
2024-03-11T15:00Z,2024-03-11T15:30Z,238,250,high
2024-03-11T15:30Z,2024-03-11T16:00Z,247,246,high
2024-03-11T16:00Z,2024-03-11T16:30Z,248,250,high
2024-03-11T16:30Z,2024-03-11T17:00Z,245,253,high
2024-03-11T17:00Z,2024-03-11T17:30Z,243,254,high
2024-03-11T17:30Z,2024-03-11T18:00Z,249,258,high
2024-03-11T18:00Z,2024-03-11T18:30Z,254,258,high
2024-03-11T18:30Z,2024-03-11T19:00Z,254,258,high
2024-03-11T19:00Z,2024-03-11T19:30Z,252,261,high
2024-03-11T19:30Z,2024-03-11T20:00Z,263,258,high
2024-03-11T20:00Z,2024-03-11T20:30Z,259,258,high
2024-03-11T20:30Z,2024-03-11T21:00Z,258,247,high
2024-03-11T21:00Z,2024-03-11T21:30Z,249,237,high
2024-03-11T21:30Z,2024-03-11T22:00Z,246,236,high
2024-03-11T22:00Z,2024-03-11T22:30Z,231,226,high
2024-03-11T22:30Z,2024-03-11T23:00Z,223,212,high
2024-03-11T23:00Z,2024-03-11T23:30Z,216,206,high
2024-03-11T23:30Z,2024-03-12T00:00Z,204,206,high
2024-03-12T00:00Z,2024-03-12T00:30Z,204,210,high
2024-03-12T00:30Z,2024-03-12T01:00Z,198,208,high
2024-03-12T01:00Z,2024-03-12T01:30Z,193,202,high
2024-03-12T01:30Z,2024-03-12T02:00Z,197,197,high
2024-03-12T02:00Z,2024-03-12T02:30Z,197,197,high
2024-03-12T02:30Z,2024-03-12T03:00Z,198,196,high
2024-03-12T03:00Z,2024-03-12T03:30Z,200,190,high
2024-03-12T03:30Z,2024-03-12T04:00Z,202,200,high
2024-03-12T04:00Z,2024-03-12T04:30Z,178,200,high
2024-03-12T04:30Z,2024-03-12T05:00Z,190,208,high
2024-03-12T05:00Z,2024-03-12T05:30Z,186,216,high
2024-03-12T05:30Z,2024-03-12T06:00Z,208,235,high
2024-03-12T06:00Z,2024-03-12T06:30Z,209,239,high
2024-03-12T06:30Z,2024-03-12T07:00Z,223,234,high
2024-03-12T07:00Z,2024-03-12T07:30Z,227,230,high
2024-03-12T07:30Z,2024-03-12T08:00Z,224,220,high
2024-03-12T08:00Z,2024-03-12T08:30Z,224,215,high
2024-03-12T08:30Z,2024-03-12T09:00Z,218,210,high
2024-03-12T09:00Z,2024-03-12T09:30Z,207,209,high
2024-03-12T09:30Z,2024-03-12T10:00Z,208,207,high
2024-03-12T10:00Z,2024-03-12T10:30Z,209,202,high
2024-03-12T10:30Z,2024-03-12T11:00Z,198,197,high
2024-03-12T11:00Z,2024-03-12T11:30Z,188,192,high
2024-03-12T11:30Z,2024-03-12T12:00Z,179,188,moderate
2024-03-12T12:00Z,2024-03-12T12:30Z,175,184,moderate
2024-03-12T12:30Z,2024-03-12T13:00Z,172,180,moderate
2024-03-12T13:00Z,2024-03-12T13:30Z,167,176,moderate
2024-03-12T13:30Z,2024-03-12T14:00Z,179,188,moderate
2024-03-12T14:00Z,2024-03-12T14:30Z,177,191,high
2024-03-12T14:30Z,2024-03-12T15:00Z,191,194,high
2024-03-12T15:00Z,2024-03-12T15:30Z,194,192,high
2024-03-12T15:30Z,2024-03-12T16:00Z,195,192,high
2024-03-12T16:00Z,2024-03-12T16:30Z,193,187,moderate
2024-03-12T16:30Z,2024-03-12T17:00Z,194,190,high
2024-03-12T17:00Z,2024-03-12T17:30Z,188,194,high
2024-03-12T17:30Z,2024-03-12T18:00Z,189,198,high
2024-03-12T18:00Z,2024-03-12T18:30Z,196,196,high
2024-03-12T18:30Z,2024-03-12T19:00Z,193,193,high
2024-03-12T19:00Z,2024-03-12T19:30Z,189,182,moderate
2024-03-12T19:30Z,2024-03-12T20:00Z,185,164,moderate
2024-03-12T20:00Z,2024-03-12T20:30Z,173,150,moderate
2024-03-12T20:30Z,2024-03-12T21:00Z,140,126,moderate
2024-03-12T21:00Z,2024-03-12T21:30Z,128,99,low
2024-03-12T21:30Z,2024-03-12T22:00Z,112,91,low
2024-03-12T22:00Z,2024-03-12T22:30Z,128,82,low
2024-03-12T22:30Z,2024-03-12T23:00Z,95,84,low
2024-03-12T23:00Z,2024-03-12T23:30Z,84,79,low
2024-03-12T23:30Z,2024-03-13T00:00Z,91,87,low
2024-03-13T00:00Z,2024-03-13T00:30Z,82,92,low
2024-03-13T00:30Z,2024-03-13T01:00Z,86,82,low
2024-03-13T01:00Z,2024-03-13T01:30Z,85,78,low
2024-03-13T01:30Z,2024-03-13T02:00Z,81,79,low
2024-03-13T02:00Z,2024-03-13T02:30Z,76,73,low
2024-03-13T02:30Z,2024-03-13T03:00Z,86,79,low
2024-03-13T03:00Z,2024-03-13T03:30Z,74,75,low
2024-03-13T03:30Z,2024-03-13T04:00Z,85,82,low
2024-03-13T04:00Z,2024-03-13T04:30Z,81,80,low
2024-03-13T04:30Z,2024-03-13T05:00Z,84,81,low
2024-03-13T05:00Z,2024-03-13T05:30Z,84,91,low
2024-03-13T05:30Z,2024-03-13T06:00Z,84,99,low
2024-03-13T06:00Z,2024-03-13T06:30Z,89,110,moderate
2024-03-13T06:30Z,2024-03-13T07:00Z,97,108,low
2024-03-13T07:00Z,2024-03-13T07:30Z,100,112,moderate
2024-03-13T07:30Z,2024-03-13T08:00Z,109,95,low
2024-03-13T08:00Z,2024-03-13T08:30Z,112,95,low
2024-03-13T08:30Z,2024-03-13T09:00Z,94,93,low
2024-03-13T09:00Z,2024-03-13T09:30Z,90,86,low
2024-03-13T09:30Z,2024-03-13T10:00Z,90,84,low
2024-03-13T10:00Z,2024-03-13T10:30Z,79,88,low
2024-03-13T10:30Z,2024-03-13T11:00Z,78,86,low
2024-03-13T11:00Z,2024-03-13T11:30Z,89,86,low
2024-03-13T11:30Z,2024-03-13T12:00Z,85,87,low
2024-03-13T12:00Z,2024-03-13T12:30Z,86,87,low
2024-03-13T12:30Z,2024-03-13T13:00Z,87,89,low
2024-03-13T13:00Z,2024-03-13T13:30Z,89,89,low
2024-03-13T13:30Z,2024-03-13T14:00Z,88,90,low
2024-03-13T14:00Z,2024-03-13T14:30Z,87,101,low
2024-03-13T14:30Z,2024-03-13T15:00Z,89,97,low
2024-03-13T15:00Z,2024-03-13T15:30Z,103,105,low
2024-03-13T15:30Z,2024-03-13T16:00Z,100,119,moderate
2024-03-13T16:00Z,2024-03-13T16:30Z,115,129,moderate
2024-03-13T16:30Z,2024-03-13T17:00Z,131,140,moderate
2024-03-13T17:00Z,2024-03-13T17:30Z,134,150,moderate
2024-03-13T17:30Z,2024-03-13T18:00Z,146,160,moderate
2024-03-13T18:00Z,2024-03-13T18:30Z,150,160,moderate
2024-03-13T18:30Z,2024-03-13T19:00Z,156,149,moderate
2024-03-13T19:00Z,2024-03-13T19:30Z,157,147,moderate
2024-03-13T19:30Z,2024-03-13T20:00Z,146,148,moderate
2024-03-13T20:00Z,2024-03-13T20:30Z,148,144,moderate
2024-03-13T20:30Z,2024-03-13T21:00Z,137,138,moderate
2024-03-13T21:00Z,2024-03-13T21:30Z,122,123,moderate
2024-03-13T21:30Z,2024-03-13T22:00Z,130,103,low
2024-03-13T22:00Z,2024-03-13T22:30Z,118,95,low
2024-03-13T22:30Z,2024-03-13T23:00Z,103,78,low
2024-03-13T23:00Z,2024-03-13T23:30Z,103,78,low
2024-03-13T23:30Z,2024-03-14T00:00Z,102,77,low
2024-03-14T00:00Z,2024-03-14T00:30Z,105,78,low
2024-03-14T00:30Z,2024-03-14T01:00Z,81,78,low
2024-03-14T01:00Z,2024-03-14T01:30Z,80,75,low
2024-03-14T01:30Z,2024-03-14T02:00Z,82,75,low
2024-03-14T02:00Z,2024-03-14T02:30Z,79,73,low
2024-03-14T02:30Z,2024-03-14T03:00Z,73,70,low
2024-03-14T03:00Z,2024-03-14T03:30Z,73,68,low
2024-03-14T03:30Z,2024-03-14T04:00Z,80,74,low
2024-03-14T04:00Z,2024-03-14T04:30Z,72,74,low
2024-03-14T04:30Z,2024-03-14T05:00Z,79,87,low
2024-03-14T05:00Z,2024-03-14T05:30Z,80,100,low
2024-03-14T05:30Z,2024-03-14T06:00Z,89,126,moderate
2024-03-14T06:00Z,2024-03-14T06:30Z,104,138,moderate
2024-03-14T06:30Z,2024-03-14T07:00Z,135,139,moderate
2024-03-14T07:00Z,2024-03-14T07:30Z,137,137,moderate
2024-03-14T07:30Z,2024-03-14T08:00Z,151,127,moderate
2024-03-14T08:00Z,2024-03-14T08:30Z,141,126,moderate
2024-03-14T08:30Z,2024-03-14T09:00Z,128,125,moderate
2024-03-14T09:00Z,2024-03-14T09:30Z,131,122,moderate
2024-03-14T09:30Z,2024-03-14T10:00Z,119,119,moderate
2024-03-14T10:00Z,2024-03-14T10:30Z,123,114,moderate
2024-03-14T10:30Z,2024-03-14T11:00Z,113,111,moderate
2024-03-14T11:00Z,2024-03-14T11:30Z,111,108,low
2024-03-14T11:30Z,2024-03-14T12:00Z,119,108,low
2024-03-14T12:00Z,2024-03-14T12:30Z,112,104,low
2024-03-14T12:30Z,2024-03-14T13:00Z,111,106,low
2024-03-14T13:00Z,2024-03-14T13:30Z,108,107,low
2024-03-14T13:30Z,2024-03-14T14:00Z,109,110,moderate
2024-03-14T14:00Z,2024-03-14T14:30Z,107,112,moderate
2024-03-14T14:30Z,2024-03-14T15:00Z,107,112,moderate
2024-03-14T15:00Z,2024-03-14T15:30Z,107,120,moderate
2024-03-14T15:30Z,2024-03-14T16:00Z,108,117,moderate
2024-03-14T16:00Z,2024-03-14T16:30Z,124,121,moderate
2024-03-14T16:30Z,2024-03-14T17:00Z,127,123,moderate
2024-03-14T17:00Z,2024-03-14T17:30Z,125,126,moderate
2024-03-14T17:30Z,2024-03-14T18:00Z,124,128,moderate
2024-03-14T18:00Z,2024-03-14T18:30Z,125,127,moderate
2024-03-14T18:30Z,2024-03-14T19:00Z,130,125,moderate
2024-03-14T19:00Z,2024-03-14T19:30Z,129,120,moderate
2024-03-14T19:30Z,2024-03-14T20:00Z,127,106,low
2024-03-14T20:00Z,2024-03-14T20:30Z,115,92,low
2024-03-14T20:30Z,2024-03-14T21:00Z,111,76,low
2024-03-14T21:00Z,2024-03-14T21:30Z,90,60,low
2024-03-14T21:30Z,2024-03-14T22:00Z,78,59,low
2024-03-14T22:00Z,2024-03-14T22:30Z,68,61,low
2024-03-14T22:30Z,2024-03-14T23:00Z,59,56,low
2024-03-14T23:00Z,2024-03-14T23:30Z,76,53,low
2024-03-14T23:30Z,2024-03-15T00:00Z,59,58,low
2024-03-15T00:00Z,2024-03-15T00:30Z,55,59,low
2024-03-15T00:30Z,2024-03-15T01:00Z,62,59,low
2024-03-15T01:00Z,2024-03-15T01:30Z,59,59,low
2024-03-15T01:30Z,2024-03-15T02:00Z,63,60,low
2024-03-15T02:00Z,2024-03-15T02:30Z,69,59,low
2024-03-15T02:30Z,2024-03-15T03:00Z,73,63,low
2024-03-15T03:00Z,2024-03-15T03:30Z,62,63,low
2024-03-15T03:30Z,2024-03-15T04:00Z,69,60,low
2024-03-15T04:00Z,2024-03-15T04:30Z,66,59,low
2024-03-15T04:30Z,2024-03-15T05:00Z,66,56,low
2024-03-15T05:00Z,2024-03-15T05:30Z,58,57,low
2024-03-15T05:30Z,2024-03-15T06:00Z,62,63,low
2024-03-15T06:00Z,2024-03-15T06:30Z,60,73,low
2024-03-15T06:30Z,2024-03-15T07:00Z,71,74,low
2024-03-15T07:00Z,2024-03-15T07:30Z,80,69,low
2024-03-15T07:30Z,2024-03-15T08:00Z,83,69,low
2024-03-15T08:00Z,2024-03-15T08:30Z,72,66,low
2024-03-15T08:30Z,2024-03-15T09:00Z,74,64,low
2024-03-15T09:00Z,2024-03-15T09:30Z,63,57,low
2024-03-15T09:30Z,2024-03-15T10:00Z,65,53,low
2024-03-15T10:00Z,2024-03-15T10:30Z,58,51,low
2024-03-15T10:30Z,2024-03-15T11:00Z,48,52,low
2024-03-15T11:00Z,2024-03-15T11:30Z,54,52,low
2024-03-15T11:30Z,2024-03-15T12:00Z,50,53,low
2024-03-15T12:00Z,2024-03-15T12:30Z,49,53,low
2024-03-15T12:30Z,2024-03-15T13:00Z,49,54,low
2024-03-15T13:00Z,2024-03-15T13:30Z,53,51,low
2024-03-15T13:30Z,2024-03-15T14:00Z,52,48,low
2024-03-15T14:00Z,2024-03-15T14:30Z,53,45,low
2024-03-15T14:30Z,2024-03-15T15:00Z,49,50,low
2024-03-15T15:00Z,2024-03-15T15:30Z,46,64,low
2024-03-15T15:30Z,2024-03-15T16:00Z,56,79,low
2024-03-15T16:00Z,2024-03-15T16:30Z,66,94,low
2024-03-15T16:30Z,2024-03-15T17:00Z,87,107,low
2024-03-15T17:00Z,2024-03-15T17:30Z,94,117,moderate
2024-03-15T17:30Z,2024-03-15T18:00Z,112,119,moderate
2024-03-15T18:00Z,2024-03-15T18:30Z,116,120,moderate
2024-03-15T18:30Z,2024-03-15T19:00Z,119,124,moderate
2024-03-15T19:00Z,2024-03-15T19:30Z,119,126,moderate
2024-03-15T19:30Z,2024-03-15T20:00Z,126,134,moderate
2024-03-15T20:00Z,2024-03-15T20:30Z,120,134,moderate
2024-03-15T20:30Z,2024-03-15T21:00Z,124,130,moderate
2024-03-15T21:00Z,2024-03-15T21:30Z,132,128,moderate
2024-03-15T21:30Z,2024-03-15T22:00Z,130,118,moderate
2024-03-15T22:00Z,2024-03-15T22:30Z,123,115,moderate
2024-03-15T22:30Z,2024-03-15T23:00Z,118,114,moderate
2024-03-15T23:00Z,2024-03-15T23:30Z,109,113,moderate
2024-03-15T23:30Z,2024-03-16T00:00Z,107,119,moderate
2024-03-16T00:00Z,2024-03-16T00:30Z,114,128,moderate
2024-03-16T00:30Z,2024-03-16T01:00Z,119,130,moderate
2024-03-16T01:00Z,2024-03-16T01:30Z,122,132,moderate
2024-03-16T01:30Z,2024-03-16T02:00Z,121,125,moderate
2024-03-16T02:00Z,2024-03-16T02:30Z,127,126,moderate
2024-03-16T02:30Z,2024-03-16T03:00Z,128,130,moderate
2024-03-16T03:00Z,2024-03-16T03:30Z,135,131,moderate
2024-03-16T03:30Z,2024-03-16T04:00Z,139,141,moderate
2024-03-16T04:00Z,2024-03-16T04:30Z,137,144,moderate
2024-03-16T04:30Z,2024-03-16T05:00Z,146,153,moderate
2024-03-16T05:00Z,2024-03-16T05:30Z,148,163,moderate
2024-03-16T05:30Z,2024-03-16T06:00Z,161,172,moderate
2024-03-16T06:00Z,2024-03-16T06:30Z,162,181,moderate
2024-03-16T06:30Z,2024-03-16T07:00Z,171,184,moderate
2024-03-16T07:00Z,2024-03-16T07:30Z,171,182,moderate
2024-03-16T07:30Z,2024-03-16T08:00Z,181,178,moderate
2024-03-16T08:00Z,2024-03-16T08:30Z,169,170,moderate
2024-03-16T08:30Z,2024-03-16T09:00Z,158,166,moderate
2024-03-16T09:00Z,2024-03-16T09:30Z,158,157,moderate
2024-03-16T09:30Z,2024-03-16T10:00Z,143,150,moderate
2024-03-16T10:00Z,2024-03-16T10:30Z,141,145,moderate
2024-03-16T10:30Z,2024-03-16T11:00Z,139,136,moderate
2024-03-16T11:00Z,2024-03-16T11:30Z,134,129,moderate
2024-03-16T11:30Z,2024-03-16T12:00Z,135,131,moderate
2024-03-16T12:00Z,2024-03-16T12:30Z,127,133,moderate
2024-03-16T12:30Z,2024-03-16T13:00Z,129,133,moderate
2024-03-16T13:00Z,2024-03-16T13:30Z,125,134,moderate
2024-03-16T13:30Z,2024-03-16T14:00Z,134,127,moderate
2024-03-16T14:00Z,2024-03-16T14:30Z,130,128,moderate
2024-03-16T14:30Z,2024-03-16T15:00Z,126,131,moderate
2024-03-16T15:00Z,2024-03-16T15:30Z,127,129,moderate
2024-03-16T15:30Z,2024-03-16T16:00Z,127,129,moderate
2024-03-16T16:00Z,2024-03-16T16:30Z,125,134,moderate
2024-03-16T16:30Z,2024-03-16T17:00Z,129,134,moderate
2024-03-16T17:00Z,2024-03-16T17:30Z,140,135,moderate
2024-03-16T17:30Z,2024-03-16T18:00Z,141,135,moderate
2024-03-16T18:00Z,2024-03-16T18:30Z,131,132,moderate
2024-03-16T18:30Z,2024-03-16T19:00Z,128,123,moderate
2024-03-16T19:00Z,2024-03-16T19:30Z,130,116,moderate
2024-03-16T19:30Z,2024-03-16T20:00Z,119,109,low
2024-03-16T20:00Z,2024-03-16T20:30Z,111,101,low
2024-03-16T20:30Z,2024-03-16T21:00Z,102,93,low
2024-03-16T21:00Z,2024-03-16T21:30Z,96,73,low
2024-03-16T21:30Z,2024-03-16T22:00Z,94,67,low
2024-03-16T22:00Z,2024-03-16T22:30Z,76,62,low
2024-03-16T22:30Z,2024-03-16T23:00Z,89,63,low
2024-03-16T23:00Z,2024-03-16T23:30Z,64,62,low
2024-03-16T23:30Z,2024-03-17T00:00Z,56,64,low
2024-03-17T00:00Z,2024-03-17T00:30Z,62,66,low
2024-03-17T00:30Z,2024-03-17T01:00Z,67,68,low
2024-03-17T01:00Z,2024-03-17T01:30Z,68,68,low
2024-03-17T01:30Z,2024-03-17T02:00Z,66,65,low
2024-03-17T02:00Z,2024-03-17T02:30Z,74,65,low
2024-03-17T02:30Z,2024-03-17T03:00Z,72,67,low
2024-03-17T03:00Z,2024-03-17T03:30Z,69,67,low
2024-03-17T03:30Z,2024-03-17T04:00Z,77,67,low
2024-03-17T04:00Z,2024-03-17T04:30Z,73,68,low
2024-03-17T04:30Z,2024-03-17T05:00Z,76,70,low
2024-03-17T05:00Z,2024-03-17T05:30Z,75,69,low
2024-03-17T05:30Z,2024-03-17T06:00Z,80,65,low
2024-03-17T06:00Z,2024-03-17T06:30Z,73,67,low
2024-03-17T06:30Z,2024-03-17T07:00Z,71,78,low
2024-03-17T07:00Z,2024-03-17T07:30Z,70,86,low
2024-03-17T07:30Z,2024-03-17T08:00Z,87,87,low
2024-03-17T08:00Z,2024-03-17T08:30Z,91,91,low
2024-03-17T08:30Z,2024-03-17T09:00Z,99,93,low
2024-03-17T09:00Z,2024-03-17T09:30Z,98,93,low
2024-03-17T09:30Z,2024-03-17T10:00Z,93,99,low
2024-03-17T10:00Z,2024-03-17T10:30Z,89,102,low
2024-03-17T10:30Z,2024-03-17T11:00Z,103,103,low
2024-03-17T11:00Z,2024-03-17T11:30Z,105,101,low
2024-03-17T11:30Z,2024-03-17T12:00Z,108,101,low
2024-03-17T12:00Z,2024-03-17T12:30Z,105,98,low
2024-03-17T12:30Z,2024-03-17T13:00Z,102,95,low
2024-03-17T13:00Z,2024-03-17T13:30Z,96,89,low
2024-03-17T13:30Z,2024-03-17T14:00Z,99,86,low
2024-03-17T14:00Z,2024-03-17T14:30Z,97,86,low
2024-03-17T14:30Z,2024-03-17T15:00Z,96,91,low
2024-03-17T15:00Z,2024-03-17T15:30Z,93,99,low
2024-03-17T15:30Z,2024-03-17T16:00Z,99,117,moderate
2024-03-17T16:00Z,2024-03-17T16:30Z,114,126,moderate
2024-03-17T16:30Z,2024-03-17T17:00Z,125,128,moderate
2024-03-17T17:00Z,2024-03-17T17:30Z,129,133,moderate
2024-03-17T17:30Z,2024-03-17T18:00Z,132,140,moderate
2024-03-17T18:00Z,2024-03-17T18:30Z,135,144,moderate
2024-03-17T18:30Z,2024-03-17T19:00Z,139,145,moderate
2024-03-17T19:00Z,2024-03-17T19:30Z,141,142,moderate
2024-03-17T19:30Z,2024-03-17T20:00Z,141,145,moderate
2024-03-17T20:00Z,2024-03-17T20:30Z,140,134,moderate
2024-03-17T20:30Z,2024-03-17T21:00Z,143,127,moderate
2024-03-17T21:00Z,2024-03-17T21:30Z,132,124,moderate
2024-03-17T21:30Z,2024-03-17T22:00Z,119,111,moderate
2024-03-17T22:00Z,2024-03-17T22:30Z,115,96,low
2024-03-17T22:30Z,2024-03-17T23:00Z,104,86,low
2024-03-17T23:00Z,2024-03-17T23:30Z,102,87,low
2024-03-17T23:30Z,2024-03-18T00:00Z,84,94,low
2024-03-18T00:00Z,2024-03-18T00:30Z,89,101,low
2024-03-18T00:30Z,2024-03-18T01:00Z,95,96,low
2024-03-18T01:00Z,2024-03-18T01:30Z,92,92,low
2024-03-18T01:30Z,2024-03-18T02:00Z,86,85,low
2024-03-18T02:00Z,2024-03-18T02:30Z,94,82,low
2024-03-18T02:30Z,2024-03-18T03:00Z,89,78,low
2024-03-18T03:00Z,2024-03-18T03:30Z,90,80,low
2024-03-18T03:30Z,2024-03-18T04:00Z,81,89,low
2024-03-18T04:00Z,2024-03-18T04:30Z,90,91,low
2024-03-18T04:30Z,2024-03-18T05:00Z,89,98,low
2024-03-18T05:00Z,2024-03-18T05:30Z,94,118,moderate
2024-03-18T05:30Z,2024-03-18T06:00Z,108,164,moderate
2024-03-18T06:00Z,2024-03-18T06:30Z,138,180,moderate
2024-03-18T06:30Z,2024-03-18T07:00Z,180,183,moderate
2024-03-18T07:00Z,2024-03-18T07:30Z,182,182,moderate
2024-03-18T07:30Z,2024-03-18T08:00Z,194,173,moderate
2024-03-18T08:00Z,2024-03-18T08:30Z,176,167,moderate
2024-03-18T08:30Z,2024-03-18T09:00Z,173,164,moderate
2024-03-18T09:00Z,2024-03-18T09:30Z,159,159,moderate
2024-03-18T09:30Z,2024-03-18T10:00Z,163,156,moderate
2024-03-18T10:00Z,2024-03-18T10:30Z,151,150,moderate
2024-03-18T10:30Z,2024-03-18T11:00Z,143,140,moderate
2024-03-18T11:00Z,2024-03-18T11:30Z,151,131,moderate
2024-03-18T11:30Z,2024-03-18T12:00Z,146,127,moderate
2024-03-18T12:00Z,2024-03-18T12:30Z,132,115,moderate
2024-03-18T12:30Z,2024-03-18T13:00Z,123,113,moderate
2024-03-18T13:00Z,2024-03-18T13:30Z,118,110,moderate
2024-03-18T13:30Z,2024-03-18T14:00Z,111,121,moderate
2024-03-18T14:00Z,2024-03-18T14:30Z,103,122,moderate
2024-03-18T14:30Z,2024-03-18T15:00Z,120,127,moderate
2024-03-18T15:00Z,2024-03-18T15:30Z,130,134,moderate
2024-03-18T15:30Z,2024-03-18T16:00Z,128,140,moderate
2024-03-18T16:00Z,2024-03-18T16:30Z,134,147,moderate
2024-03-18T16:30Z,2024-03-18T17:00Z,145,153,moderate
2024-03-18T17:00Z,2024-03-18T17:30Z,152,157,moderate
2024-03-18T17:30Z,2024-03-18T18:00Z,150,179,moderate
2024-03-18T18:00Z,2024-03-18T18:30Z,153,179,moderate
2024-03-18T18:30Z,2024-03-18T19:00Z,158,171,moderate
2024-03-18T19:00Z,2024-03-18T19:30Z,165,168,moderate
2024-03-18T19:30Z,2024-03-18T20:00Z,159,157,moderate
2024-03-18T20:00Z,2024-03-18T20:30Z,148,139,moderate
2024-03-18T20:30Z,2024-03-18T21:00Z,146,115,moderate
2024-03-18T21:00Z,2024-03-18T21:30Z,108,102,low
2024-03-18T21:30Z,2024-03-18T22:00Z,132,101,low
2024-03-18T22:00Z,2024-03-18T22:30Z,105,88,low
2024-03-18T22:30Z,2024-03-18T23:00Z,99,97,low
2024-03-18T23:00Z,2024-03-18T23:30Z,94,101,low
2024-03-18T23:30Z,2024-03-19T00:00Z,85,96,low
2024-03-19T00:00Z,2024-03-19T00:30Z,91,95,low
2024-03-19T00:30Z,2024-03-19T01:00Z,90,91,low
2024-03-19T01:00Z,2024-03-19T01:30Z,89,86,low
2024-03-19T01:30Z,2024-03-19T02:00Z,89,76,low
2024-03-19T02:00Z,2024-03-19T02:30Z,84,75,low
2024-03-19T02:30Z,2024-03-19T03:00Z,74,69,low
2024-03-19T03:00Z,2024-03-19T03:30Z,73,67,low
2024-03-19T03:30Z,2024-03-19T04:00Z,74,77,low
2024-03-19T04:00Z,2024-03-19T04:30Z,64,69,low
2024-03-19T04:30Z,2024-03-19T05:00Z,77,82,low
2024-03-19T05:00Z,2024-03-19T05:30Z,74,97,low
2024-03-19T05:30Z,2024-03-19T06:00Z,76,99,low
2024-03-19T06:00Z,2024-03-19T06:30Z,83,112,moderate
2024-03-19T06:30Z,2024-03-19T07:00Z,85,109,low
2024-03-19T07:00Z,2024-03-19T07:30Z,93,111,moderate
2024-03-19T07:30Z,2024-03-19T08:00Z,106,107,low
2024-03-19T08:00Z,2024-03-19T08:30Z,96,106,low
2024-03-19T08:30Z,2024-03-19T09:00Z,83,98,low
2024-03-19T09:00Z,2024-03-19T09:30Z,91,99,low
2024-03-19T09:30Z,2024-03-19T10:00Z,94,102,low
2024-03-19T10:00Z,2024-03-19T10:30Z,92,104,low
2024-03-19T10:30Z,2024-03-19T11:00Z,92,107,low
2024-03-19T11:00Z,2024-03-19T11:30Z,93,110,moderate
2024-03-19T11:30Z,2024-03-19T12:00Z,94,114,moderate
2024-03-19T12:00Z,2024-03-19T12:30Z,98,118,moderate
2024-03-19T12:30Z,2024-03-19T13:00Z,104,127,moderate
2024-03-19T13:00Z,2024-03-19T13:30Z,106,143,moderate
2024-03-19T13:30Z,2024-03-19T14:00Z,118,160,moderate
2024-03-19T14:00Z,2024-03-19T14:30Z,130,176,moderate
2024-03-19T14:30Z,2024-03-19T15:00Z,146,189,moderate
2024-03-19T15:00Z,2024-03-19T15:30Z,155,211,high
2024-03-19T15:30Z,2024-03-19T16:00Z,163,220,high
2024-03-19T16:00Z,2024-03-19T16:30Z,177,235,high
2024-03-19T16:30Z,2024-03-19T17:00Z,33,239,high
2024-03-19T17:00Z,2024-03-19T17:30Z,103,246,high
2024-03-19T17:30Z,2024-03-19T18:00Z,249,255,high
2024-03-19T18:00Z,2024-03-19T18:30Z,257,260,high
2024-03-19T18:30Z,2024-03-19T19:00Z,260,262,high
2024-03-19T19:00Z,2024-03-19T19:30Z,262,261,high
2024-03-19T19:30Z,2024-03-19T20:00Z,270,264,high
2024-03-19T20:00Z,2024-03-19T20:30Z,275,257,high
2024-03-19T20:30Z,2024-03-19T21:00Z,270,257,high
2024-03-19T21:00Z,2024-03-19T21:30Z,262,253,high
2024-03-19T21:30Z,2024-03-19T22:00Z,262,239,high
2024-03-19T22:00Z,2024-03-19T22:30Z,257,238,high
2024-03-19T22:30Z,2024-03-19T23:00Z,240,223,high
2024-03-19T23:00Z,2024-03-19T23:30Z,244,213,high
2024-03-19T23:30Z,2024-03-20T00:00Z,227,221,high
2024-03-20T00:00Z,2024-03-20T00:30Z,223,229,high
2024-03-20T00:30Z,2024-03-20T01:00Z,230,228,high
2024-03-20T01:00Z,2024-03-20T01:30Z,231,228,high
2024-03-20T01:30Z,2024-03-20T02:00Z,225,223,high
2024-03-20T02:00Z,2024-03-20T02:30Z,230,222,high
2024-03-20T02:30Z,2024-03-20T03:00Z,216,222,high
2024-03-20T03:00Z,2024-03-20T03:30Z,226,221,high
2024-03-20T03:30Z,2024-03-20T04:00Z,215,216,high
2024-03-20T04:00Z,2024-03-20T04:30Z,223,214,high
2024-03-20T04:30Z,2024-03-20T05:00Z,214,224,high
2024-03-20T05:00Z,2024-03-20T05:30Z,220,233,high
2024-03-20T05:30Z,2024-03-20T06:00Z,236,244,high
2024-03-20T06:00Z,2024-03-20T06:30Z,222,240,high
2024-03-20T06:30Z,2024-03-20T07:00Z,258,227,high
2024-03-20T07:00Z,2024-03-20T07:30Z,243,232,high
2024-03-20T07:30Z,2024-03-20T08:00Z,239,236,high
2024-03-20T08:00Z,2024-03-20T08:30Z,234,229,high
2024-03-20T08:30Z,2024-03-20T09:00Z,243,231,high
2024-03-20T09:00Z,2024-03-20T09:30Z,233,229,high
2024-03-20T09:30Z,2024-03-20T10:00Z,230,226,high
2024-03-20T10:00Z,2024-03-20T10:30Z,230,224,high
2024-03-20T10:30Z,2024-03-20T11:00Z,213,228,high
2024-03-20T11:00Z,2024-03-20T11:30Z,228,220,high
2024-03-20T11:30Z,2024-03-20T12:00Z,221,220,high
2024-03-20T12:00Z,2024-03-20T12:30Z,218,222,high
2024-03-20T12:30Z,2024-03-20T13:00Z,216,226,high
2024-03-20T13:00Z,2024-03-20T13:30Z,217,227,high
2024-03-20T13:30Z,2024-03-20T14:00Z,223,226,high
2024-03-20T14:00Z,2024-03-20T14:30Z,221,229,high
2024-03-20T14:30Z,2024-03-20T15:00Z,219,231,high
2024-03-20T15:00Z,2024-03-20T15:30Z,218,233,high
2024-03-20T15:30Z,2024-03-20T16:00Z,225,229,high
2024-03-20T16:00Z,2024-03-20T16:30Z,235,230,high
2024-03-20T16:30Z,2024-03-20T17:00Z,235,236,high
2024-03-20T17:00Z,2024-03-20T17:30Z,239,247,high
2024-03-20T17:30Z,2024-03-20T18:00Z,236,248,high
2024-03-20T18:00Z,2024-03-20T18:30Z,248,248,high
2024-03-20T18:30Z,2024-03-20T19:00Z,252,250,high
2024-03-20T19:00Z,2024-03-20T19:30Z,251,246,high
2024-03-20T19:30Z,2024-03-20T20:00Z,251,243,high
2024-03-20T20:00Z,2024-03-20T20:30Z,247,245,high
2024-03-20T20:30Z,2024-03-20T21:00Z,246,233,high
2024-03-20T21:00Z,2024-03-20T21:30Z,243,226,high
2024-03-20T21:30Z,2024-03-20T22:00Z,235,214,high
2024-03-20T22:00Z,2024-03-20T22:30Z,227,203,high
2024-03-20T22:30Z,2024-03-20T23:00Z,219,174,moderate
2024-03-20T23:00Z,2024-03-20T23:30Z,191,154,moderate
2024-03-20T23:30Z,2024-03-21T00:00Z,167,152,moderate
2024-03-21T00:00Z,2024-03-21T00:30Z,161,154,moderate
2024-03-21T00:30Z,2024-03-21T01:00Z,156,152,moderate
2024-03-21T01:00Z,2024-03-21T01:30Z,159,142,moderate
2024-03-21T01:30Z,2024-03-21T02:00Z,148,139,moderate
2024-03-21T02:00Z,2024-03-21T02:30Z,147,126,moderate
2024-03-21T02:30Z,2024-03-21T03:00Z,139,120,moderate
2024-03-21T03:00Z,2024-03-21T03:30Z,126,118,moderate
2024-03-21T03:30Z,2024-03-21T04:00Z,128,119,moderate
2024-03-21T04:00Z,2024-03-21T04:30Z,119,127,moderate
2024-03-21T04:30Z,2024-03-21T05:00Z,128,143,moderate
2024-03-21T05:00Z,2024-03-21T05:30Z,131,146,moderate
2024-03-21T05:30Z,2024-03-21T06:00Z,153,173,moderate
2024-03-21T06:00Z,2024-03-21T06:30Z,152,177,moderate
2024-03-21T06:30Z,2024-03-21T07:00Z,168,170,moderate
2024-03-21T07:00Z,2024-03-21T07:30Z,169,166,moderate
2024-03-21T07:30Z,2024-03-21T08:00Z,161,163,moderate
2024-03-21T08:00Z,2024-03-21T08:30Z,159,157,moderate
2024-03-21T08:30Z,2024-03-21T09:00Z,156,150,moderate
2024-03-21T09:00Z,2024-03-21T09:30Z,145,139,moderate
2024-03-21T09:30Z,2024-03-21T10:00Z,145,128,moderate
2024-03-21T10:00Z,2024-03-21T10:30Z,132,115,moderate
2024-03-21T10:30Z,2024-03-21T11:00Z,122,102,low
2024-03-21T11:00Z,2024-03-21T11:30Z,102,88,low
2024-03-21T11:30Z,2024-03-21T12:00Z,94,81,low
2024-03-21T12:00Z,2024-03-21T12:30Z,86,74,low
2024-03-21T12:30Z,2024-03-21T13:00Z,80,78,low
2024-03-21T13:00Z,2024-03-21T13:30Z,72,76,low
2024-03-21T13:30Z,2024-03-21T14:00Z,78,77,low
2024-03-21T14:00Z,2024-03-21T14:30Z,78,73,low
2024-03-21T14:30Z,2024-03-21T15:00Z,76,81,low
2024-03-21T15:00Z,2024-03-21T15:30Z,73,86,low
2024-03-21T15:30Z,2024-03-21T16:00Z,76,87,low
2024-03-21T16:00Z,2024-03-21T16:30Z,77,92,low
2024-03-21T16:30Z,2024-03-21T17:00Z,87,94,low
2024-03-21T17:00Z,2024-03-21T17:30Z,98,98,low
2024-03-21T17:30Z,2024-03-21T18:00Z,100,105,low
2024-03-21T18:00Z,2024-03-21T18:30Z,95,107,low
2024-03-21T18:30Z,2024-03-21T19:00Z,99,96,low
2024-03-21T19:00Z,2024-03-21T19:30Z,103,89,low
2024-03-21T19:30Z,2024-03-21T20:00Z,86,83,low
2024-03-21T20:00Z,2024-03-21T20:30Z,75,72,low
2024-03-21T20:30Z,2024-03-21T21:00Z,74,59,low
2024-03-21T21:00Z,2024-03-21T21:30Z,67,54,low
2024-03-21T21:30Z,2024-03-21T22:00Z,60,60,low
2024-03-21T22:00Z,2024-03-21T22:30Z,51,52,low
2024-03-21T22:30Z,2024-03-21T23:00Z,56,50,low
2024-03-21T23:00Z,2024-03-21T23:30Z,49,48,low
2024-03-21T23:30Z,2024-03-22T00:00Z,49,50,low
2024-03-22T00:00Z,2024-03-22T00:30Z,48,44,low
2024-03-22T00:30Z,2024-03-22T01:00Z,41,44,low
2024-03-22T01:00Z,2024-03-22T01:30Z,47,44,low
2024-03-22T01:30Z,2024-03-22T02:00Z,43,46,low
2024-03-22T02:00Z,2024-03-22T02:30Z,43,51,low
2024-03-22T02:30Z,2024-03-22T03:00Z,45,64,low
2024-03-22T03:00Z,2024-03-22T03:30Z,49,61,low
2024-03-22T03:30Z,2024-03-22T04:00Z,59,59,low
2024-03-22T04:00Z,2024-03-22T04:30Z,63,55,low
2024-03-22T04:30Z,2024-03-22T05:00Z,58,57,low
2024-03-22T05:00Z,2024-03-22T05:30Z,56,58,low
2024-03-22T05:30Z,2024-03-22T06:00Z,59,59,low
2024-03-22T06:00Z,2024-03-22T06:30Z,67,66,low
2024-03-22T06:30Z,2024-03-22T07:00Z,65,68,low
2024-03-22T07:00Z,2024-03-22T07:30Z,66,67,low
2024-03-22T07:30Z,2024-03-22T08:00Z,76,74,low
2024-03-22T08:00Z,2024-03-22T08:30Z,71,67,low
2024-03-22T08:30Z,2024-03-22T09:00Z,77,65,low
2024-03-22T09:00Z,2024-03-22T09:30Z,69,62,low
2024-03-22T09:30Z,2024-03-22T10:00Z,67,59,low
2024-03-22T10:00Z,2024-03-22T10:30Z,79,59,low
2024-03-22T10:30Z,2024-03-22T11:00Z,63,57,low
2024-03-22T11:00Z,2024-03-22T11:30Z,63,59,low
2024-03-22T11:30Z,2024-03-22T12:00Z,59,57,low
2024-03-22T12:00Z,2024-03-22T12:30Z,60,56,low
2024-03-22T12:30Z,2024-03-22T13:00Z,54,53,low
2024-03-22T13:00Z,2024-03-22T13:30Z,54,45,low
2024-03-22T13:30Z,2024-03-22T14:00Z,54,43,low
2024-03-22T14:00Z,2024-03-22T14:30Z,51,45,low
2024-03-22T14:30Z,2024-03-22T15:00Z,49,51,low
2024-03-22T15:00Z,2024-03-22T15:30Z,51,53,low
2024-03-22T15:30Z,2024-03-22T16:00Z,57,60,low
2024-03-22T16:00Z,2024-03-22T16:30Z,57,71,low
2024-03-22T16:30Z,2024-03-22T17:00Z,72,72,low
2024-03-22T17:00Z,2024-03-22T17:30Z,84,81,low
2024-03-22T17:30Z,2024-03-22T18:00Z,81,85,low
2024-03-22T18:00Z,2024-03-22T18:30Z,84,88,low
2024-03-22T18:30Z,2024-03-22T19:00Z,88,87,low
2024-03-22T19:00Z,2024-03-22T19:30Z,85,82,low
2024-03-22T19:30Z,2024-03-22T20:00Z,84,78,low
2024-03-22T20:00Z,2024-03-22T20:30Z,83,73,low
2024-03-22T20:30Z,2024-03-22T21:00Z,81,66,low
2024-03-22T21:00Z,2024-03-22T21:30Z,79,60,low
2024-03-22T21:30Z,2024-03-22T22:00Z,79,64,low
2024-03-22T22:00Z,2024-03-22T22:30Z,64,59,low
2024-03-22T22:30Z,2024-03-22T23:00Z,63,58,low
2024-03-22T23:00Z,2024-03-22T23:30Z,59,49,low
2024-03-22T23:30Z,2024-03-23T00:00Z,60,48,low
2024-03-23T00:00Z,2024-03-23T00:30Z,49,46,low
2024-03-23T00:30Z,2024-03-23T01:00Z,47,46,low
2024-03-23T01:00Z,2024-03-23T01:30Z,46,43,low
2024-03-23T01:30Z,2024-03-23T02:00Z,45,45,low
2024-03-23T02:00Z,2024-03-23T02:30Z,42,42,low
2024-03-23T02:30Z,2024-03-23T03:00Z,44,43,low
2024-03-23T03:00Z,2024-03-23T03:30Z,41,46,low
2024-03-23T03:30Z,2024-03-23T04:00Z,42,45,low
2024-03-23T04:00Z,2024-03-23T04:30Z,46,45,low
2024-03-23T04:30Z,2024-03-23T05:00Z,46,43,low
2024-03-23T05:00Z,2024-03-23T05:30Z,45,42,low
2024-03-23T05:30Z,2024-03-23T06:00Z,45,43,low
2024-03-23T06:00Z,2024-03-23T06:30Z,40,42,low
2024-03-23T06:30Z,2024-03-23T07:00Z,41,37,low
2024-03-23T07:00Z,2024-03-23T07:30Z,42,34,very low
2024-03-23T07:30Z,2024-03-23T08:00Z,36,35,low
2024-03-23T08:00Z,2024-03-23T08:30Z,32,34,very low
2024-03-23T08:30Z,2024-03-23T09:00Z,36,32,very low
2024-03-23T09:00Z,2024-03-23T09:30Z,34,30,very low
2024-03-23T09:30Z,2024-03-23T10:00Z,37,32,very low
2024-03-23T10:00Z,2024-03-23T10:30Z,35,30,very low
2024-03-23T10:30Z,2024-03-23T11:00Z,37,28,very low
2024-03-23T11:00Z,2024-03-23T11:30Z,34,31,very low
2024-03-23T11:30Z,2024-03-23T12:00Z,32,36,low
2024-03-23T12:00Z,2024-03-23T12:30Z,37,31,very low
2024-03-23T12:30Z,2024-03-23T13:00Z,40,30,very low
2024-03-23T13:00Z,2024-03-23T13:30Z,35,30,very low
2024-03-23T13:30Z,2024-03-23T14:00Z,36,33,very low
2024-03-23T14:00Z,2024-03-23T14:30Z,38,34,very low
2024-03-23T14:30Z,2024-03-23T15:00Z,31,33,very low
2024-03-23T15:00Z,2024-03-23T15:30Z,34,31,very low
2024-03-23T15:30Z,2024-03-23T16:00Z,37,29,very low
2024-03-23T16:00Z,2024-03-23T16:30Z,35,32,very low
2024-03-23T16:30Z,2024-03-23T17:00Z,33,39,low
2024-03-23T17:00Z,2024-03-23T17:30Z,33,51,low
2024-03-23T17:30Z,2024-03-23T18:00Z,39,50,low
2024-03-23T18:00Z,2024-03-23T18:30Z,45,53,low
2024-03-23T18:30Z,2024-03-23T19:00Z,43,51,low
2024-03-23T19:00Z,2024-03-23T19:30Z,48,47,low
2024-03-23T19:30Z,2024-03-23T20:00Z,46,42,low
2024-03-23T20:00Z,2024-03-23T20:30Z,45,39,low
2024-03-23T20:30Z,2024-03-23T21:00Z,41,46,low
2024-03-23T21:00Z,2024-03-23T21:30Z,41,46,low
2024-03-23T21:30Z,2024-03-23T22:00Z,43,44,low
2024-03-23T22:00Z,2024-03-23T22:30Z,47,44,low
2024-03-23T22:30Z,2024-03-23T23:00Z,44,40,low
2024-03-23T23:00Z,2024-03-23T23:30Z,47,40,low
2024-03-23T23:30Z,2024-03-24T00:00Z,42,42,low
2024-03-24T00:00Z,2024-03-24T00:30Z,39,43,low
2024-03-24T00:30Z,2024-03-24T01:00Z,41,43,low
2024-03-24T01:00Z,2024-03-24T01:30Z,43,44,low
2024-03-24T01:30Z,2024-03-24T02:00Z,45,46,low
2024-03-24T02:00Z,2024-03-24T02:30Z,44,44,low
2024-03-24T02:30Z,2024-03-24T03:00Z,44,44,low
2024-03-24T03:00Z,2024-03-24T03:30Z,44,44,low
2024-03-24T03:30Z,2024-03-24T04:00Z,41,45,low
2024-03-24T04:00Z,2024-03-24T04:30Z,44,45,low
2024-03-24T04:30Z,2024-03-24T05:00Z,45,46,low
2024-03-24T05:00Z,2024-03-24T05:30Z,44,46,low
2024-03-24T05:30Z,2024-03-24T06:00Z,46,47,low
2024-03-24T06:00Z,2024-03-24T06:30Z,43,48,low
2024-03-24T06:30Z,2024-03-24T07:00Z,45,53,low
2024-03-24T07:00Z,2024-03-24T07:30Z,45,49,low
2024-03-24T07:30Z,2024-03-24T08:00Z,50,45,low
2024-03-24T08:00Z,2024-03-24T08:30Z,47,42,low
2024-03-24T08:30Z,2024-03-24T09:00Z,41,42,low
2024-03-24T09:00Z,2024-03-24T09:30Z,39,44,low
2024-03-24T09:30Z,2024-03-24T10:00Z,37,45,low
2024-03-24T10:00Z,2024-03-24T10:30Z,37,50,low
2024-03-24T10:30Z,2024-03-24T11:00Z,39,42,low
2024-03-24T11:00Z,2024-03-24T11:30Z,38,47,low
2024-03-24T11:30Z,2024-03-24T12:00Z,36,45,low
2024-03-24T12:00Z,2024-03-24T12:30Z,36,49,low
2024-03-24T12:30Z,2024-03-24T13:00Z,42,55,low
2024-03-24T13:00Z,2024-03-24T13:30Z,47,60,low
2024-03-24T13:30Z,2024-03-24T14:00Z,51,65,low
2024-03-24T14:00Z,2024-03-24T14:30Z,58,75,low
2024-03-24T14:30Z,2024-03-24T15:00Z,63,88,low
2024-03-24T15:00Z,2024-03-24T15:30Z,74,106,low
2024-03-24T15:30Z,2024-03-24T16:00Z,86,124,moderate
2024-03-24T16:00Z,2024-03-24T16:30Z,100,151,moderate
2024-03-24T16:30Z,2024-03-24T17:00Z,119,166,moderate
2024-03-24T17:00Z,2024-03-24T17:30Z,148,178,moderate
2024-03-24T17:30Z,2024-03-24T18:00Z,183,187,moderate
2024-03-24T18:00Z,2024-03-24T18:30Z,187,202,high
2024-03-24T18:30Z,2024-03-24T19:00Z,193,202,high
2024-03-24T19:00Z,2024-03-24T19:30Z,200,201,high
2024-03-24T19:30Z,2024-03-24T20:00Z,199,204,high
2024-03-24T20:00Z,2024-03-24T20:30Z,200,202,high
2024-03-24T20:30Z,2024-03-24T21:00Z,202,201,high
2024-03-24T21:00Z,2024-03-24T21:30Z,197,201,high
2024-03-24T21:30Z,2024-03-24T22:00Z,190,194,high
2024-03-24T22:00Z,2024-03-24T22:30Z,195,187,moderate
2024-03-24T22:30Z,2024-03-24T23:00Z,177,175,moderate
2024-03-24T23:00Z,2024-03-24T23:30Z,175,169,moderate
2024-03-24T23:30Z,2024-03-25T00:00Z,172,163,moderate
2024-03-25T00:00Z,2024-03-25T00:30Z,159,163,moderate
2024-03-25T00:30Z,2024-03-25T01:00Z,156,151,moderate
2024-03-25T01:00Z,2024-03-25T01:30Z,155,138,moderate
2024-03-25T01:30Z,2024-03-25T02:00Z,143,133,moderate
2024-03-25T02:00Z,2024-03-25T02:30Z,139,128,moderate
2024-03-25T02:30Z,2024-03-25T03:00Z,143,128,moderate
2024-03-25T03:00Z,2024-03-25T03:30Z,117,123,moderate
2024-03-25T03:30Z,2024-03-25T04:00Z,123,121,moderate
2024-03-25T04:00Z,2024-03-25T04:30Z,114,117,moderate
2024-03-25T04:30Z,2024-03-25T05:00Z,125,136,moderate
2024-03-25T05:00Z,2024-03-25T05:30Z,125,142,moderate
2024-03-25T05:30Z,2024-03-25T06:00Z,157,160,moderate
2024-03-25T06:00Z,2024-03-25T06:30Z,158,169,moderate
2024-03-25T06:30Z,2024-03-25T07:00Z,172,165,moderate
2024-03-25T07:00Z,2024-03-25T07:30Z,171,163,moderate
2024-03-25T07:30Z,2024-03-25T08:00Z,163,153,moderate
2024-03-25T08:00Z,2024-03-25T08:30Z,163,151,moderate
2024-03-25T08:30Z,2024-03-25T09:00Z,151,150,moderate
2024-03-25T09:00Z,2024-03-25T09:30Z,145,146,moderate
2024-03-25T09:30Z,2024-03-25T10:00Z,147,147,moderate
2024-03-25T10:00Z,2024-03-25T10:30Z,145,146,moderate
2024-03-25T10:30Z,2024-03-25T11:00Z,148,141,moderate
2024-03-25T11:00Z,2024-03-25T11:30Z,146,139,moderate
2024-03-25T11:30Z,2024-03-25T12:00Z,141,140,moderate
2024-03-25T12:00Z,2024-03-25T12:30Z,142,141,moderate
2024-03-25T12:30Z,2024-03-25T13:00Z,142,142,moderate
2024-03-25T13:00Z,2024-03-25T13:30Z,143,141,moderate
2024-03-25T13:30Z,2024-03-25T14:00Z,146,142,moderate
2024-03-25T14:00Z,2024-03-25T14:30Z,144,147,moderate
2024-03-25T14:30Z,2024-03-25T15:00Z,147,156,moderate
2024-03-25T15:00Z,2024-03-25T15:30Z,149,166,moderate
2024-03-25T15:30Z,2024-03-25T16:00Z,161,175,moderate
2024-03-25T16:00Z,2024-03-25T16:30Z,171,179,moderate
2024-03-25T16:30Z,2024-03-25T17:00Z,176,184,moderate
2024-03-25T17:00Z,2024-03-25T17:30Z,173,184,moderate
2024-03-25T17:30Z,2024-03-25T18:00Z,187,183,moderate
2024-03-25T18:00Z,2024-03-25T18:30Z,187,184,moderate
2024-03-25T18:30Z,2024-03-25T19:00Z,184,190,high
2024-03-25T19:00Z,2024-03-25T19:30Z,186,189,moderate
2024-03-25T19:30Z,2024-03-25T20:00Z,187,185,moderate
2024-03-25T20:00Z,2024-03-25T20:30Z,190,180,moderate
2024-03-25T20:30Z,2024-03-25T21:00Z,187,155,moderate
2024-03-25T21:00Z,2024-03-25T21:30Z,177,143,moderate
2024-03-25T21:30Z,2024-03-25T22:00Z,168,136,moderate
2024-03-25T22:00Z,2024-03-25T22:30Z,148,121,moderate
2024-03-25T22:30Z,2024-03-25T23:00Z,146,97,low
2024-03-25T23:00Z,2024-03-25T23:30Z,116,90,low
2024-03-25T23:30Z,2024-03-26T00:00Z,96,87,low
2024-03-26T00:00Z,2024-03-26T00:30Z,112,86,low
2024-03-26T00:30Z,2024-03-26T01:00Z,91,87,low
2024-03-26T01:00Z,2024-03-26T01:30Z,85,87,low
2024-03-26T01:30Z,2024-03-26T02:00Z,89,92,low
2024-03-26T02:00Z,2024-03-26T02:30Z,92,94,low
2024-03-26T02:30Z,2024-03-26T03:00Z,97,102,low
2024-03-26T03:00Z,2024-03-26T03:30Z,93,103,low
2024-03-26T03:30Z,2024-03-26T04:00Z,94,99,low
2024-03-26T04:00Z,2024-03-26T04:30Z,102,94,low
2024-03-26T04:30Z,2024-03-26T05:00Z,103,104,low
2024-03-26T05:00Z,2024-03-26T05:30Z,105,124,moderate
2024-03-26T05:30Z,2024-03-26T06:00Z,131,155,moderate
2024-03-26T06:00Z,2024-03-26T06:30Z,144,181,moderate
2024-03-26T06:30Z,2024-03-26T07:00Z,170,197,high
2024-03-26T07:00Z,2024-03-26T07:30Z,164,203,high
2024-03-26T07:30Z,2024-03-26T08:00Z,202,205,high
2024-03-26T08:00Z,2024-03-26T08:30Z,210,202,high
2024-03-26T08:30Z,2024-03-26T09:00Z,209,198,high
2024-03-26T09:00Z,2024-03-26T09:30Z,206,193,high
2024-03-26T09:30Z,2024-03-26T10:00Z,201,187,moderate
2024-03-26T10:00Z,2024-03-26T10:30Z,195,183,moderate
2024-03-26T10:30Z,2024-03-26T11:00Z,193,180,moderate
2024-03-26T11:00Z,2024-03-26T11:30Z,193,175,moderate
2024-03-26T11:30Z,2024-03-26T12:00Z,189,171,moderate
2024-03-26T12:00Z,2024-03-26T12:30Z,184,171,moderate
2024-03-26T12:30Z,2024-03-26T13:00Z,182,174,moderate
2024-03-26T13:00Z,2024-03-26T13:30Z,179,177,moderate
2024-03-26T13:30Z,2024-03-26T14:00Z,183,180,moderate
2024-03-26T14:00Z,2024-03-26T14:30Z,187,180,moderate
2024-03-26T14:30Z,2024-03-26T15:00Z,188,186,moderate
2024-03-26T15:00Z,2024-03-26T15:30Z,192,186,moderate
2024-03-26T15:30Z,2024-03-26T16:00Z,194,182,moderate
2024-03-26T16:00Z,2024-03-26T16:30Z,194,185,moderate
2024-03-26T16:30Z,2024-03-26T17:00Z,189,192,high
2024-03-26T17:00Z,2024-03-26T17:30Z,191,195,high
2024-03-26T17:30Z,2024-03-26T18:00Z,193,198,high
2024-03-26T18:00Z,2024-03-26T18:30Z,196,190,high
2024-03-26T18:30Z,2024-03-26T19:00Z,196,177,moderate
2024-03-26T19:00Z,2024-03-26T19:30Z,189,165,moderate
2024-03-26T19:30Z,2024-03-26T20:00Z,179,145,moderate
2024-03-26T20:00Z,2024-03-26T20:30Z,163,131,moderate
2024-03-26T20:30Z,2024-03-26T21:00Z,149,116,moderate
2024-03-26T21:00Z,2024-03-26T21:30Z,133,102,low
2024-03-26T21:30Z,2024-03-26T22:00Z,122,87,low
2024-03-26T22:00Z,2024-03-26T22:30Z,109,76,low
2024-03-26T22:30Z,2024-03-26T23:00Z,72,75,low
2024-03-26T23:00Z,2024-03-26T23:30Z,72,71,low
2024-03-26T23:30Z,2024-03-27T00:00Z,76,65,low
2024-03-27T00:00Z,2024-03-27T00:30Z,71,67,low
2024-03-27T00:30Z,2024-03-27T01:00Z,68,63,low
2024-03-27T01:00Z,2024-03-27T01:30Z,67,59,low
2024-03-27T01:30Z,2024-03-27T02:00Z,66,55,low
2024-03-27T02:00Z,2024-03-27T02:30Z,60,55,low
2024-03-27T02:30Z,2024-03-27T03:00Z,57,56,low
2024-03-27T03:00Z,2024-03-27T03:30Z,58,53,low
2024-03-27T03:30Z,2024-03-27T04:00Z,57,52,low
2024-03-27T04:00Z,2024-03-27T04:30Z,55,54,low
2024-03-27T04:30Z,2024-03-27T05:00Z,55,62,low
2024-03-27T05:00Z,2024-03-27T05:30Z,55,74,low
2024-03-27T05:30Z,2024-03-27T06:00Z,64,79,low
2024-03-27T06:00Z,2024-03-27T06:30Z,73,86,low
2024-03-27T06:30Z,2024-03-27T07:00Z,80,89,low
2024-03-27T07:00Z,2024-03-27T07:30Z,80,85,low
2024-03-27T07:30Z,2024-03-27T08:00Z,81,81,low
2024-03-27T08:00Z,2024-03-27T08:30Z,78,79,low
2024-03-27T08:30Z,2024-03-27T09:00Z,78,65,low
2024-03-27T09:00Z,2024-03-27T09:30Z,72,59,low
2024-03-27T09:30Z,2024-03-27T10:00Z,62,56,low
2024-03-27T10:00Z,2024-03-27T10:30Z,58,57,low
2024-03-27T10:30Z,2024-03-27T11:00Z,54,61,low
2024-03-27T11:00Z,2024-03-27T11:30Z,54,62,low
2024-03-27T11:30Z,2024-03-27T12:00Z,54,65,low
2024-03-27T12:00Z,2024-03-27T12:30Z,64,65,low
2024-03-27T12:30Z,2024-03-27T13:00Z,70,63,low
2024-03-27T13:00Z,2024-03-27T13:30Z,67,64,low
2024-03-27T13:30Z,2024-03-27T14:00Z,71,64,low
2024-03-27T14:00Z,2024-03-27T14:30Z,70,69,low
2024-03-27T14:30Z,2024-03-27T15:00Z,73,77,low
2024-03-27T15:00Z,2024-03-27T15:30Z,76,82,low
2024-03-27T15:30Z,2024-03-27T16:00Z,92,99,low
2024-03-27T16:00Z,2024-03-27T16:30Z,100,106,low
2024-03-27T16:30Z,2024-03-27T17:00Z,113,107,low
2024-03-27T17:00Z,2024-03-27T17:30Z,124,114,moderate
2024-03-27T17:30Z,2024-03-27T18:00Z,126,120,moderate
2024-03-27T18:00Z,2024-03-27T18:30Z,126,125,moderate
2024-03-27T18:30Z,2024-03-27T19:00Z,127,129,moderate
2024-03-27T19:00Z,2024-03-27T19:30Z,128,130,moderate
2024-03-27T19:30Z,2024-03-27T20:00Z,136,132,moderate
2024-03-27T20:00Z,2024-03-27T20:30Z,136,128,moderate
2024-03-27T20:30Z,2024-03-27T21:00Z,132,119,moderate
2024-03-27T21:00Z,2024-03-27T21:30Z,130,111,moderate
2024-03-27T21:30Z,2024-03-27T22:00Z,117,88,low
2024-03-27T22:00Z,2024-03-27T22:30Z,103,75,low
2024-03-27T22:30Z,2024-03-27T23:00Z,97,57,low
2024-03-27T23:00Z,2024-03-27T23:30Z,91,55,low
2024-03-27T23:30Z,2024-03-28T00:00Z,60,56,low
2024-03-28T00:00Z,2024-03-28T00:30Z,61,62,low
2024-03-28T00:30Z,2024-03-28T01:00Z,64,65,low
2024-03-28T01:00Z,2024-03-28T01:30Z,65,58,low
2024-03-28T01:30Z,2024-03-28T02:00Z,69,56,low
2024-03-28T02:00Z,2024-03-28T02:30Z,64,51,low
2024-03-28T02:30Z,2024-03-28T03:00Z,59,57,low
2024-03-28T03:00Z,2024-03-28T03:30Z,64,50,low
2024-03-28T03:30Z,2024-03-28T04:00Z,68,47,low
2024-03-28T04:00Z,2024-03-28T04:30Z,63,47,low
2024-03-28T04:30Z,2024-03-28T05:00Z,61,45,low
2024-03-28T05:00Z,2024-03-28T05:30Z,62,45,low
2024-03-28T05:30Z,2024-03-28T06:00Z,52,43,low
2024-03-28T06:00Z,2024-03-28T06:30Z,52,46,low
2024-03-28T06:30Z,2024-03-28T07:00Z,56,47,low
2024-03-28T07:00Z,2024-03-28T07:30Z,51,47,low
2024-03-28T07:30Z,2024-03-28T08:00Z,50,39,low
2024-03-28T08:00Z,2024-03-28T08:30Z,46,38,low
2024-03-28T08:30Z,2024-03-28T09:00Z,37,41,low
2024-03-28T09:00Z,2024-03-28T09:30Z,66,46,low
2024-03-28T09:30Z,2024-03-28T10:00Z,37,46,low
2024-03-28T10:00Z,2024-03-28T10:30Z,42,49,low
2024-03-28T10:30Z,2024-03-28T11:00Z,47,50,low
2024-03-28T11:00Z,2024-03-28T11:30Z,50,55,low
2024-03-28T11:30Z,2024-03-28T12:00Z,52,58,low
2024-03-28T12:00Z,2024-03-28T12:30Z,55,61,low
2024-03-28T12:30Z,2024-03-28T13:00Z,61,62,low
2024-03-28T13:00Z,2024-03-28T13:30Z,61,59,low
2024-03-28T13:30Z,2024-03-28T14:00Z,64,61,low
2024-03-28T14:00Z,2024-03-28T14:30Z,64,60,low
2024-03-28T14:30Z,2024-03-28T15:00Z,62,61,low
2024-03-28T15:00Z,2024-03-28T15:30Z,65,67,low
2024-03-28T15:30Z,2024-03-28T16:00Z,68,76,low
2024-03-28T16:00Z,2024-03-28T16:30Z,73,79,low
2024-03-28T16:30Z,2024-03-28T17:00Z,81,81,low
2024-03-28T17:00Z,2024-03-28T17:30Z,84,88,low
2024-03-28T17:30Z,2024-03-28T18:00Z,88,93,low
2024-03-28T18:00Z,2024-03-28T18:30Z,91,100,low
2024-03-28T18:30Z,2024-03-28T19:00Z,92,104,low
2024-03-28T19:00Z,2024-03-28T19:30Z,93,103,low
2024-03-28T19:30Z,2024-03-28T20:00Z,99,98,low
2024-03-28T20:00Z,2024-03-28T20:30Z,100,94,low
2024-03-28T20:30Z,2024-03-28T21:00Z,92,89,low
2024-03-28T21:00Z,2024-03-28T21:30Z,90,84,low
2024-03-28T21:30Z,2024-03-28T22:00Z,95,76,low
2024-03-28T22:00Z,2024-03-28T22:30Z,79,70,low
2024-03-28T22:30Z,2024-03-28T23:00Z,75,63,low
2024-03-28T23:00Z,2024-03-28T23:30Z,74,59,low
2024-03-28T23:30Z,2024-03-29T00:00Z,66,57,low
2024-03-29T00:00Z,2024-03-29T00:30Z,67,64,low
2024-03-29T00:30Z,2024-03-29T01:00Z,60,72,low
2024-03-29T01:00Z,2024-03-29T01:30Z,63,76,low
2024-03-29T01:30Z,2024-03-29T02:00Z,75,79,low
2024-03-29T02:00Z,2024-03-29T02:30Z,76,79,low
2024-03-29T02:30Z,2024-03-29T03:00Z,79,80,low
2024-03-29T03:00Z,2024-03-29T03:30Z,81,81,low
2024-03-29T03:30Z,2024-03-29T04:00Z,81,80,low
2024-03-29T04:00Z,2024-03-29T04:30Z,83,78,low
2024-03-29T04:30Z,2024-03-29T05:00Z,81,75,low
2024-03-29T05:00Z,2024-03-29T05:30Z,81,79,low
2024-03-29T05:30Z,2024-03-29T06:00Z,75,97,low
2024-03-29T06:00Z,2024-03-29T06:30Z,73,102,low
2024-03-29T06:30Z,2024-03-29T07:00Z,82,97,low
2024-03-29T07:00Z,2024-03-29T07:30Z,83,94,low
2024-03-29T07:30Z,2024-03-29T08:00Z,80,94,low
2024-03-29T08:00Z,2024-03-29T08:30Z,79,98,low
2024-03-29T08:30Z,2024-03-29T09:00Z,74,97,low
2024-03-29T09:00Z,2024-03-29T09:30Z,77,92,low
2024-03-29T09:30Z,2024-03-29T10:00Z,76,87,low
2024-03-29T10:00Z,2024-03-29T10:30Z,76,83,low
2024-03-29T10:30Z,2024-03-29T11:00Z,71,73,low
2024-03-29T11:00Z,2024-03-29T11:30Z,73,70,low
2024-03-29T11:30Z,2024-03-29T12:00Z,54,67,low
2024-03-29T12:00Z,2024-03-29T12:30Z,53,70,low
2024-03-29T12:30Z,2024-03-29T13:00Z,52,72,low
2024-03-29T13:00Z,2024-03-29T13:30Z,52,66,low
2024-03-29T13:30Z,2024-03-29T14:00Z,52,64,low
2024-03-29T14:00Z,2024-03-29T14:30Z,54,68,low
2024-03-29T14:30Z,2024-03-29T15:00Z,50,78,low
2024-03-29T15:00Z,2024-03-29T15:30Z,54,91,low
2024-03-29T15:30Z,2024-03-29T16:00Z,62,91,low
2024-03-29T16:00Z,2024-03-29T16:30Z,75,101,low
2024-03-29T16:30Z,2024-03-29T17:00Z,100,117,moderate
2024-03-29T17:00Z,2024-03-29T17:30Z,98,127,moderate
2024-03-29T17:30Z,2024-03-29T18:00Z,116,139,moderate
2024-03-29T18:00Z,2024-03-29T18:30Z,111,145,moderate
2024-03-29T18:30Z,2024-03-29T19:00Z,133,143,moderate
2024-03-29T19:00Z,2024-03-29T19:30Z,133,137,moderate
2024-03-29T19:30Z,2024-03-29T20:00Z,122,131,moderate
2024-03-29T20:00Z,2024-03-29T20:30Z,125,127,moderate
2024-03-29T20:30Z,2024-03-29T21:00Z,115,126,moderate
2024-03-29T21:00Z,2024-03-29T21:30Z,105,125,moderate
2024-03-29T21:30Z,2024-03-29T22:00Z,108,108,low
2024-03-29T22:00Z,2024-03-29T22:30Z,104,104,low
2024-03-29T22:30Z,2024-03-29T23:00Z,106,96,low
2024-03-29T23:00Z,2024-03-29T23:30Z,98,96,low
2024-03-29T23:30Z,2024-03-30T00:00Z,92,96,low
2024-03-30T00:00Z,2024-03-30T00:30Z,101,96,low
2024-03-30T00:30Z,2024-03-30T01:00Z,93,95,low
2024-03-30T01:00Z,2024-03-30T01:30Z,89,92,low
2024-03-30T01:30Z,2024-03-30T02:00Z,85,89,low
2024-03-30T02:00Z,2024-03-30T02:30Z,83,94,low
2024-03-30T02:30Z,2024-03-30T03:00Z,85,91,low
2024-03-30T03:00Z,2024-03-30T03:30Z,86,94,low
2024-03-30T03:30Z,2024-03-30T04:00Z,83,99,low
2024-03-30T04:00Z,2024-03-30T04:30Z,86,102,low
2024-03-30T04:30Z,2024-03-30T05:00Z,90,96,low
2024-03-30T05:00Z,2024-03-30T05:30Z,102,104,low
2024-03-30T05:30Z,2024-03-30T06:00Z,96,120,moderate
2024-03-30T06:00Z,2024-03-30T06:30Z,110,132,moderate
2024-03-30T06:30Z,2024-03-30T07:00Z,122,135,moderate
2024-03-30T07:00Z,2024-03-30T07:30Z,135,128,moderate
2024-03-30T07:30Z,2024-03-30T08:00Z,147,127,moderate
2024-03-30T08:00Z,2024-03-30T08:30Z,144,122,moderate
2024-03-30T08:30Z,2024-03-30T09:00Z,132,122,moderate
2024-03-30T09:00Z,2024-03-30T09:30Z,134,119,moderate
2024-03-30T09:30Z,2024-03-30T10:00Z,130,110,moderate
2024-03-30T10:00Z,2024-03-30T10:30Z,127,107,low
2024-03-30T10:30Z,2024-03-30T11:00Z,121,108,low
2024-03-30T11:00Z,2024-03-30T11:30Z,115,107,low
2024-03-30T11:30Z,2024-03-30T12:00Z,119,115,moderate
2024-03-30T12:00Z,2024-03-30T12:30Z,119,114,moderate
2024-03-30T12:30Z,2024-03-30T13:00Z,123,102,low
2024-03-30T13:00Z,2024-03-30T13:30Z,119,102,low
2024-03-30T13:30Z,2024-03-30T14:00Z,107,103,low
2024-03-30T14:00Z,2024-03-30T14:30Z,140,101,low
2024-03-30T14:30Z,2024-03-30T15:00Z,114,105,low
2024-03-30T15:00Z,2024-03-30T15:30Z,112,116,moderate
2024-03-30T15:30Z,2024-03-30T16:00Z,128,132,moderate
2024-03-30T16:00Z,2024-03-30T16:30Z,133,153,moderate
2024-03-30T16:30Z,2024-03-30T17:00Z,150,165,moderate
2024-03-30T17:00Z,2024-03-30T17:30Z,166,184,moderate
2024-03-30T17:30Z,2024-03-30T18:00Z,187,183,moderate
2024-03-30T18:00Z,2024-03-30T18:30Z,203,186,moderate
2024-03-30T18:30Z,2024-03-30T19:00Z,201,189,moderate
2024-03-30T19:00Z,2024-03-30T19:30Z,204,190,high
2024-03-30T19:30Z,2024-03-30T20:00Z,195,194,high
2024-03-30T20:00Z,2024-03-30T20:30Z,195,196,high
2024-03-30T20:30Z,2024-03-30T21:00Z,196,201,high
2024-03-30T21:00Z,2024-03-30T21:30Z,206,196,high
2024-03-30T21:30Z,2024-03-30T22:00Z,218,183,moderate
2024-03-30T22:00Z,2024-03-30T22:30Z,203,168,moderate
2024-03-30T22:30Z,2024-03-30T23:00Z,187,162,moderate
2024-03-30T23:00Z,2024-03-30T23:30Z,179,157,moderate
2024-03-30T23:30Z,2024-03-31T00:00Z,182,154,moderate
2024-03-31T00:00Z,2024-03-31T00:30Z,158,150,moderate
2024-03-31T00:30Z,2024-03-31T01:00Z,159,146,moderate
2024-03-31T01:00Z,2024-03-31T01:30Z,159,142,moderate
2024-03-31T01:30Z,2024-03-31T02:00Z,146,145,moderate
2024-03-31T02:00Z,2024-03-31T02:30Z,154,143,moderate
2024-03-31T02:30Z,2024-03-31T03:00Z,149,137,moderate
2024-03-31T03:00Z,2024-03-31T03:30Z,151,126,moderate
2024-03-31T03:30Z,2024-03-31T04:00Z,143,123,moderate
2024-03-31T04:00Z,2024-03-31T04:30Z,139,120,moderate
2024-03-31T04:30Z,2024-03-31T05:00Z,127,127,moderate
2024-03-31T05:00Z,2024-03-31T05:30Z,127,123,moderate
2024-03-31T05:30Z,2024-03-31T06:00Z,131,120,moderate
2024-03-31T06:00Z,2024-03-31T06:30Z,130,116,moderate
2024-03-31T06:30Z,2024-03-31T07:00Z,124,107,low
2024-03-31T07:00Z,2024-03-31T07:30Z,118,106,low
2024-03-31T07:30Z,2024-03-31T08:00Z,107,108,low
2024-03-31T08:00Z,2024-03-31T08:30Z,104,100,low
2024-03-31T08:30Z,2024-03-31T09:00Z,107,104,low
2024-03-31T09:00Z,2024-03-31T09:30Z,99,105,low
2024-03-31T09:30Z,2024-03-31T10:00Z,99,109,low
2024-03-31T10:00Z,2024-03-31T10:30Z,95,110,moderate
2024-03-31T10:30Z,2024-03-31T11:00Z,111,106,low
2024-03-31T11:00Z,2024-03-31T11:30Z,108,103,low
2024-03-31T11:30Z,2024-03-31T12:00Z,100,97,low
2024-03-31T12:00Z,2024-03-31T12:30Z,99,96,low
2024-03-31T12:30Z,2024-03-31T13:00Z,101,100,low
2024-03-31T13:00Z,2024-03-31T13:30Z,88,93,low
2024-03-31T13:30Z,2024-03-31T14:00Z,93,71,low
2024-03-31T14:00Z,2024-03-31T14:30Z,91,72,low
2024-03-31T14:30Z,2024-03-31T15:00Z,76,78,low
2024-03-31T15:00Z,2024-03-31T15:30Z,77,80,low
2024-03-31T15:30Z,2024-03-31T16:00Z,88,87,low
2024-03-31T16:00Z,2024-03-31T16:30Z,91,87,low
2024-03-31T16:30Z,2024-03-31T17:00Z,89,91,low
2024-03-31T17:00Z,2024-03-31T17:30Z,104,94,low
2024-03-31T17:30Z,2024-03-31T18:00Z,103,94,low
2024-03-31T18:00Z,2024-03-31T18:30Z,100,91,low
2024-03-31T18:30Z,2024-03-31T19:00Z,96,85,low
2024-03-31T19:00Z,2024-03-31T19:30Z,93,83,low
2024-03-31T19:30Z,2024-03-31T20:00Z,89,83,low
2024-03-31T20:00Z,2024-03-31T20:30Z,96,75,low
2024-03-31T20:30Z,2024-03-31T21:00Z,84,74,low
2024-03-31T21:00Z,2024-03-31T21:30Z,83,71,low
2024-03-31T21:30Z,2024-03-31T22:00Z,74,73,low
2024-03-31T22:00Z,2024-03-31T22:30Z,74,74,low
2024-03-31T22:30Z,2024-03-31T23:00Z,74,84,low
2024-03-31T23:00Z,2024-03-31T23:30Z,76,83,low
2024-03-31T23:30Z,2024-04-01T00:00Z,86,85,low
2024-04-01T00:00Z,2024-04-01T00:30Z,86,87,low
2024-04-01T00:30Z,2024-04-01T01:00Z,89,83,low
2024-04-01T01:00Z,2024-04-01T01:30Z,91,85,low
2024-04-01T01:30Z,2024-04-01T02:00Z,89,91,low
2024-04-01T02:00Z,2024-04-01T02:30Z,96,91,low
2024-04-01T02:30Z,2024-04-01T03:00Z,96,90,low
2024-04-01T03:00Z,2024-04-01T03:30Z,97,87,low
2024-04-01T03:30Z,2024-04-01T04:00Z,93,79,low
2024-04-01T04:00Z,2024-04-01T04:30Z,89,84,low
2024-04-01T04:30Z,2024-04-01T05:00Z,82,81,low
2024-04-01T05:00Z,2024-04-01T05:30Z,84,78,low
2024-04-01T05:30Z,2024-04-01T06:00Z,85,71,low
2024-04-01T06:00Z,2024-04-01T06:30Z,82,72,low
2024-04-01T06:30Z,2024-04-01T07:00Z,80,73,low
2024-04-01T07:00Z,2024-04-01T07:30Z,79,72,low
2024-04-01T07:30Z,2024-04-01T08:00Z,79,64,low
2024-04-01T08:00Z,2024-04-01T08:30Z,77,64,low
2024-04-01T08:30Z,2024-04-01T09:00Z,64,67,low
2024-04-01T09:00Z,2024-04-01T09:30Z,66,68,low
2024-04-01T09:30Z,2024-04-01T10:00Z,67,70,low
2024-04-01T10:00Z,2024-04-01T10:30Z,64,70,low
2024-04-01T10:30Z,2024-04-01T11:00Z,66,65,low
2024-04-01T11:00Z,2024-04-01T11:30Z,73,67,low
2024-04-01T11:30Z,2024-04-01T12:00Z,69,68,low
2024-04-01T12:00Z,2024-04-01T12:30Z,71,68,low
2024-04-01T12:30Z,2024-04-01T13:00Z,77,64,low
2024-04-01T13:00Z,2024-04-01T13:30Z,72,66,low
2024-04-01T13:30Z,2024-04-01T14:00Z,74,66,low
2024-04-01T14:00Z,2024-04-01T14:30Z,80,76,low
2024-04-01T14:30Z,2024-04-01T15:00Z,78,85,low
2024-04-01T15:00Z,2024-04-01T15:30Z,81,96,low
2024-04-01T15:30Z,2024-04-01T16:00Z,114,110,moderate
2024-04-01T16:00Z,2024-04-01T16:30Z,120,122,moderate
2024-04-01T16:30Z,2024-04-01T17:00Z,128,137,moderate
2024-04-01T17:00Z,2024-04-01T17:30Z,139,144,moderate
2024-04-01T17:30Z,2024-04-01T18:00Z,148,149,moderate
2024-04-01T18:00Z,2024-04-01T18:30Z,147,149,moderate
2024-04-01T18:30Z,2024-04-01T19:00Z,152,146,moderate
2024-04-01T19:00Z,2024-04-01T19:30Z,153,147,moderate
2024-04-01T19:30Z,2024-04-01T20:00Z,152,143,moderate
2024-04-01T20:00Z,2024-04-01T20:30Z,146,139,moderate
2024-04-01T20:30Z,2024-04-01T21:00Z,145,127,moderate
2024-04-01T21:00Z,2024-04-01T21:30Z,133,114,moderate
2024-04-01T21:30Z,2024-04-01T22:00Z,124,89,low
2024-04-01T22:00Z,2024-04-01T22:30Z,119,86,low
2024-04-01T22:30Z,2024-04-01T23:00Z,110,90,low
2024-04-01T23:00Z,2024-04-01T23:30Z,94,82,low
2024-04-01T23:30Z,2024-04-02T00:00Z,106,84,low
2024-04-02T00:00Z,2024-04-02T00:30Z,92,84,low
2024-04-02T00:30Z,2024-04-02T01:00Z,96,81,low
2024-04-02T01:00Z,2024-04-02T01:30Z,92,80,low
2024-04-02T01:30Z,2024-04-02T02:00Z,88,79,low
2024-04-02T02:00Z,2024-04-02T02:30Z,87,81,low
2024-04-02T02:30Z,2024-04-02T03:00Z,84,81,low
2024-04-02T03:00Z,2024-04-02T03:30Z,84,84,low
2024-04-02T03:30Z,2024-04-02T04:00Z,93,86,low
2024-04-02T04:00Z,2024-04-02T04:30Z,84,97,low
2024-04-02T04:30Z,2024-04-02T05:00Z,88,112,moderate
2024-04-02T05:00Z,2024-04-02T05:30Z,105,128,moderate
2024-04-02T05:30Z,2024-04-02T06:00Z,132,153,moderate
2024-04-02T06:00Z,2024-04-02T06:30Z,132,160,moderate
2024-04-02T06:30Z,2024-04-02T07:00Z,160,162,moderate
2024-04-02T07:00Z,2024-04-02T07:30Z,165,158,moderate
2024-04-02T07:30Z,2024-04-02T08:00Z,165,154,moderate
2024-04-02T08:00Z,2024-04-02T08:30Z,162,148,moderate
2024-04-02T08:30Z,2024-04-02T09:00Z,153,141,moderate
2024-04-02T09:00Z,2024-04-02T09:30Z,150,138,moderate
2024-04-02T09:30Z,2024-04-02T10:00Z,144,136,moderate
2024-04-02T10:00Z,2024-04-02T10:30Z,137,137,moderate
2024-04-02T10:30Z,2024-04-02T11:00Z,137,139,moderate
2024-04-02T11:00Z,2024-04-02T11:30Z,139,138,moderate
2024-04-02T11:30Z,2024-04-02T12:00Z,142,145,moderate
2024-04-02T12:00Z,2024-04-02T12:30Z,143,150,moderate
2024-04-02T12:30Z,2024-04-02T13:00Z,147,151,moderate
2024-04-02T13:00Z,2024-04-02T13:30Z,152,157,moderate
2024-04-02T13:30Z,2024-04-02T14:00Z,157,160,moderate
2024-04-02T14:00Z,2024-04-02T14:30Z,159,168,moderate
2024-04-02T14:30Z,2024-04-02T15:00Z,160,171,moderate
2024-04-02T15:00Z,2024-04-02T15:30Z,172,176,moderate
2024-04-02T15:30Z,2024-04-02T16:00Z,174,176,moderate
2024-04-02T16:00Z,2024-04-02T16:30Z,183,181,moderate
2024-04-02T16:30Z,2024-04-02T17:00Z,177,180,moderate
2024-04-02T17:00Z,2024-04-02T17:30Z,188,183,moderate
2024-04-02T17:30Z,2024-04-02T18:00Z,185,186,moderate
2024-04-02T18:00Z,2024-04-02T18:30Z,186,186,moderate
2024-04-02T18:30Z,2024-04-02T19:00Z,184,181,moderate
2024-04-02T19:00Z,2024-04-02T19:30Z,180,176,moderate
2024-04-02T19:30Z,2024-04-02T20:00Z,174,161,moderate
2024-04-02T20:00Z,2024-04-02T20:30Z,170,141,moderate
2024-04-02T20:30Z,2024-04-02T21:00Z,145,115,moderate
2024-04-02T21:00Z,2024-04-02T21:30Z,130,96,low
2024-04-02T21:30Z,2024-04-02T22:00Z,106,77,low
2024-04-02T22:00Z,2024-04-02T22:30Z,94,65,low
2024-04-02T22:30Z,2024-04-02T23:00Z,84,66,low
2024-04-02T23:00Z,2024-04-02T23:30Z,70,65,low
2024-04-02T23:30Z,2024-04-03T00:00Z,68,67,low
2024-04-03T00:00Z,2024-04-03T00:30Z,68,69,low
2024-04-03T00:30Z,2024-04-03T01:00Z,70,69,low
2024-04-03T01:00Z,2024-04-03T01:30Z,71,68,low
2024-04-03T01:30Z,2024-04-03T02:00Z,71,69,low
2024-04-03T02:00Z,2024-04-03T02:30Z,70,69,low
2024-04-03T02:30Z,2024-04-03T03:00Z,79,67,low
2024-04-03T03:00Z,2024-04-03T03:30Z,72,66,low
2024-04-03T03:30Z,2024-04-03T04:00Z,73,63,low
2024-04-03T04:00Z,2024-04-03T04:30Z,67,70,low
2024-04-03T04:30Z,2024-04-03T05:00Z,62,77,low
2024-04-03T05:00Z,2024-04-03T05:30Z,67,98,low
2024-04-03T05:30Z,2024-04-03T06:00Z,70,111,moderate
2024-04-03T06:00Z,2024-04-03T06:30Z,95,112,moderate
2024-04-03T06:30Z,2024-04-03T07:00Z,113,109,low
2024-04-03T07:00Z,2024-04-03T07:30Z,111,104,low
2024-04-03T07:30Z,2024-04-03T08:00Z,103,103,low
2024-04-03T08:00Z,2024-04-03T08:30Z,99,100,low
2024-04-03T08:30Z,2024-04-03T09:00Z,101,96,low
2024-04-03T09:00Z,2024-04-03T09:30Z,93,92,low
2024-04-03T09:30Z,2024-04-03T10:00Z,87,84,low
2024-04-03T10:00Z,2024-04-03T10:30Z,94,81,low
2024-04-03T10:30Z,2024-04-03T11:00Z,84,78,low
2024-04-03T11:00Z,2024-04-03T11:30Z,83,74,low
2024-04-03T11:30Z,2024-04-03T12:00Z,81,68,low
2024-04-03T12:00Z,2024-04-03T12:30Z,78,59,low
2024-04-03T12:30Z,2024-04-03T13:00Z,72,60,low
2024-04-03T13:00Z,2024-04-03T13:30Z,62,64,low
2024-04-03T13:30Z,2024-04-03T14:00Z,61,66,low
2024-04-03T14:00Z,2024-04-03T14:30Z,100,64,low
2024-04-03T14:30Z,2024-04-03T15:00Z,67,62,low
2024-04-03T15:00Z,2024-04-03T15:30Z,71,64,low
2024-04-03T15:30Z,2024-04-03T16:00Z,66,62,low
2024-04-03T16:00Z,2024-04-03T16:30Z,72,65,low
2024-04-03T16:30Z,2024-04-03T17:00Z,72,62,low
2024-04-03T17:00Z,2024-04-03T17:30Z,72,71,low
2024-04-03T17:30Z,2024-04-03T18:00Z,68,79,low
2024-04-03T18:00Z,2024-04-03T18:30Z,71,85,low
2024-04-03T18:30Z,2024-04-03T19:00Z,83,85,low
2024-04-03T19:00Z,2024-04-03T19:30Z,89,82,low
2024-04-03T19:30Z,2024-04-03T20:00Z,88,76,low
2024-04-03T20:00Z,2024-04-03T20:30Z,89,73,low
2024-04-03T20:30Z,2024-04-03T21:00Z,79,65,low
2024-04-03T21:00Z,2024-04-03T21:30Z,73,59,low
2024-04-03T21:30Z,2024-04-03T22:00Z,71,61,low
2024-04-03T22:00Z,2024-04-03T22:30Z,78,56,low
2024-04-03T22:30Z,2024-04-03T23:00Z,85,57,low
2024-04-03T23:00Z,2024-04-03T23:30Z,64,57,low
2024-04-03T23:30Z,2024-04-04T00:00Z,60,59,low
2024-04-04T00:00Z,2024-04-04T00:30Z,61,66,low
2024-04-04T00:30Z,2024-04-04T01:00Z,61,60,low
2024-04-04T01:00Z,2024-04-04T01:30Z,70,57,low
2024-04-04T01:30Z,2024-04-04T02:00Z,64,57,low
2024-04-04T02:00Z,2024-04-04T02:30Z,60,57,low
2024-04-04T02:30Z,2024-04-04T03:00Z,60,60,low
2024-04-04T03:00Z,2024-04-04T03:30Z,59,62,low
2024-04-04T03:30Z,2024-04-04T04:00Z,60,67,low
2024-04-04T04:00Z,2024-04-04T04:30Z,60,77,low
2024-04-04T04:30Z,2024-04-04T05:00Z,64,104,low
2024-04-04T05:00Z,2024-04-04T05:30Z,80,127,moderate
2024-04-04T05:30Z,2024-04-04T06:00Z,118,142,moderate
2024-04-04T06:00Z,2024-04-04T06:30Z,142,152,moderate
2024-04-04T06:30Z,2024-04-04T07:00Z,147,147,moderate
2024-04-04T07:00Z,2024-04-04T07:30Z,156,144,moderate
2024-04-04T07:30Z,2024-04-04T08:00Z,151,139,moderate
2024-04-04T08:00Z,2024-04-04T08:30Z,133,133,moderate
2024-04-04T08:30Z,2024-04-04T09:00Z,137,131,moderate
2024-04-04T09:00Z,2024-04-04T09:30Z,130,129,moderate
2024-04-04T09:30Z,2024-04-04T10:00Z,130,130,moderate
2024-04-04T10:00Z,2024-04-04T10:30Z,131,132,moderate
2024-04-04T10:30Z,2024-04-04T11:00Z,136,133,moderate
2024-04-04T11:00Z,2024-04-04T11:30Z,134,132,moderate
2024-04-04T11:30Z,2024-04-04T12:00Z,140,126,moderate
2024-04-04T12:00Z,2024-04-04T12:30Z,136,126,moderate
2024-04-04T12:30Z,2024-04-04T13:00Z,131,128,moderate
2024-04-04T13:00Z,2024-04-04T13:30Z,131,132,moderate
2024-04-04T13:30Z,2024-04-04T14:00Z,137,135,moderate
2024-04-04T14:00Z,2024-04-04T14:30Z,143,142,moderate
2024-04-04T14:30Z,2024-04-04T15:00Z,153,150,moderate
2024-04-04T15:00Z,2024-04-04T15:30Z,156,155,moderate
2024-04-04T15:30Z,2024-04-04T16:00Z,163,158,moderate
2024-04-04T16:00Z,2024-04-04T16:30Z,146,159,moderate
2024-04-04T16:30Z,2024-04-04T17:00Z,162,161,moderate
2024-04-04T17:00Z,2024-04-04T17:30Z,144,163,moderate
2024-04-04T17:30Z,2024-04-04T18:00Z,166,166,moderate
2024-04-04T18:00Z,2024-04-04T18:30Z,164,159,moderate
2024-04-04T18:30Z,2024-04-04T19:00Z,168,150,moderate
2024-04-04T19:00Z,2024-04-04T19:30Z,158,140,moderate
2024-04-04T19:30Z,2024-04-04T20:00Z,145,119,moderate
2024-04-04T20:00Z,2024-04-04T20:30Z,118,100,low
2024-04-04T20:30Z,2024-04-04T21:00Z,107,82,low
2024-04-04T21:00Z,2024-04-04T21:30Z,95,70,low
2024-04-04T21:30Z,2024-04-04T22:00Z,86,64,low
2024-04-04T22:00Z,2024-04-04T22:30Z,71,58,low
2024-04-04T22:30Z,2024-04-04T23:00Z,80,61,low
2024-04-04T23:00Z,2024-04-04T23:30Z,75,54,low
2024-04-04T23:30Z,2024-04-05T00:00Z,67,58,low
2024-04-05T00:00Z,2024-04-05T00:30Z,57,55,low
2024-04-05T00:30Z,2024-04-05T01:00Z,62,54,low
2024-04-05T01:00Z,2024-04-05T01:30Z,57,48,low
2024-04-05T01:30Z,2024-04-05T02:00Z,54,48,low
2024-04-05T02:00Z,2024-04-05T02:30Z,55,49,low
2024-04-05T02:30Z,2024-04-05T03:00Z,52,50,low
2024-04-05T03:00Z,2024-04-05T03:30Z,50,48,low
2024-04-05T03:30Z,2024-04-05T04:00Z,50,47,low
2024-04-05T04:00Z,2024-04-05T04:30Z,48,47,low
2024-04-05T04:30Z,2024-04-05T05:00Z,44,46,low
2024-04-05T05:00Z,2024-04-05T05:30Z,47,50,low
2024-04-05T05:30Z,2024-04-05T06:00Z,47,50,low
2024-04-05T06:00Z,2024-04-05T06:30Z,44,53,low
2024-04-05T06:30Z,2024-04-05T07:00Z,45,48,low
2024-04-05T07:00Z,2024-04-05T07:30Z,47,48,low
2024-04-05T07:30Z,2024-04-05T08:00Z,44,42,low
2024-04-05T08:00Z,2024-04-05T08:30Z,41,37,low
2024-04-05T08:30Z,2024-04-05T09:00Z,43,28,very low
2024-04-05T09:00Z,2024-04-05T09:30Z,47,27,very low
2024-04-05T09:30Z,2024-04-05T10:00Z,26,25,very low
2024-04-05T10:00Z,2024-04-05T10:30Z,30,26,very low
2024-04-05T10:30Z,2024-04-05T11:00Z,25,25,very low
2024-04-05T11:00Z,2024-04-05T11:30Z,25,22,very low
2024-04-05T11:30Z,2024-04-05T12:00Z,27,22,very low
2024-04-05T12:00Z,2024-04-05T12:30Z,22,21,very low
2024-04-05T12:30Z,2024-04-05T13:00Z,22,23,very low
2024-04-05T13:00Z,2024-04-05T13:30Z,23,23,very low
2024-04-05T13:30Z,2024-04-05T14:00Z,22,22,very low
2024-04-05T14:00Z,2024-04-05T14:30Z,22,22,very low
2024-04-05T14:30Z,2024-04-05T15:00Z,22,23,very low
2024-04-05T15:00Z,2024-04-05T15:30Z,22,24,very low
2024-04-05T15:30Z,2024-04-05T16:00Z,22,26,very low
2024-04-05T16:00Z,2024-04-05T16:30Z,24,30,very low
2024-04-05T16:30Z,2024-04-05T17:00Z,27,34,very low
2024-04-05T17:00Z,2024-04-05T17:30Z,34,35,low
2024-04-05T17:30Z,2024-04-05T18:00Z,35,35,low
2024-04-05T18:00Z,2024-04-05T18:30Z,36,39,low
2024-04-05T18:30Z,2024-04-05T19:00Z,34,41,low
2024-04-05T19:00Z,2024-04-05T19:30Z,38,36,low
2024-04-05T19:30Z,2024-04-05T20:00Z,41,39,low
2024-04-05T20:00Z,2024-04-05T20:30Z,43,41,low
2024-04-05T20:30Z,2024-04-05T21:00Z,39,44,low
2024-04-05T21:00Z,2024-04-05T21:30Z,43,41,low
2024-04-05T21:30Z,2024-04-05T22:00Z,45,50,low
2024-04-05T22:00Z,2024-04-05T22:30Z,50,47,low
2024-04-05T22:30Z,2024-04-05T23:00Z,50,48,low
2024-04-05T23:00Z,2024-04-05T23:30Z,49,48,low
2024-04-05T23:30Z,2024-04-06T00:00Z,52,47,low
2024-04-06T00:00Z,2024-04-06T00:30Z,49,48,low
2024-04-06T00:30Z,2024-04-06T01:00Z,47,46,low
2024-04-06T01:00Z,2024-04-06T01:30Z,49,46,low
2024-04-06T01:30Z,2024-04-06T02:00Z,48,46,low
2024-04-06T02:00Z,2024-04-06T02:30Z,49,45,low
2024-04-06T02:30Z,2024-04-06T03:00Z,49,46,low
2024-04-06T03:00Z,2024-04-06T03:30Z,52,46,low
2024-04-06T03:30Z,2024-04-06T04:00Z,53,46,low
2024-04-06T04:00Z,2024-04-06T04:30Z,48,48,low
2024-04-06T04:30Z,2024-04-06T05:00Z,48,44,low
2024-04-06T05:00Z,2024-04-06T05:30Z,49,44,low
2024-04-06T05:30Z,2024-04-06T06:00Z,47,40,low
2024-04-06T06:00Z,2024-04-06T06:30Z,48,38,low
2024-04-06T06:30Z,2024-04-06T07:00Z,50,36,low
2024-04-06T07:00Z,2024-04-06T07:30Z,51,33,very low
2024-04-06T07:30Z,2024-04-06T08:00Z,51,33,very low
2024-04-06T08:00Z,2024-04-06T08:30Z,32,31,very low
2024-04-06T08:30Z,2024-04-06T09:00Z,33,31,very low
2024-04-06T09:00Z,2024-04-06T09:30Z,34,32,very low
2024-04-06T09:30Z,2024-04-06T10:00Z,31,31,very low
2024-04-06T10:00Z,2024-04-06T10:30Z,32,28,very low
2024-04-06T10:30Z,2024-04-06T11:00Z,32,27,very low
2024-04-06T11:00Z,2024-04-06T11:30Z,30,27,very low
2024-04-06T11:30Z,2024-04-06T12:00Z,28,27,very low
2024-04-06T12:00Z,2024-04-06T12:30Z,28,25,very low
2024-04-06T12:30Z,2024-04-06T13:00Z,29,25,very low
2024-04-06T13:00Z,2024-04-06T13:30Z,27,24,very low
2024-04-06T13:30Z,2024-04-06T14:00Z,26,32,very low
2024-04-06T14:00Z,2024-04-06T14:30Z,27,28,very low
2024-04-06T14:30Z,2024-04-06T15:00Z,31,30,very low
2024-04-06T15:00Z,2024-04-06T15:30Z,29,32,very low
2024-04-06T15:30Z,2024-04-06T16:00Z,30,36,low
2024-04-06T16:00Z,2024-04-06T16:30Z,33,41,low
2024-04-06T16:30Z,2024-04-06T17:00Z,36,41,low
2024-04-06T17:00Z,2024-04-06T17:30Z,42,43,low
2024-04-06T17:30Z,2024-04-06T18:00Z,42,47,low
2024-04-06T18:00Z,2024-04-06T18:30Z,43,48,low
2024-04-06T18:30Z,2024-04-06T19:00Z,48,45,low
2024-04-06T19:00Z,2024-04-06T19:30Z,50,45,low
2024-04-06T19:30Z,2024-04-06T20:00Z,45,46,low
2024-04-06T20:00Z,2024-04-06T20:30Z,51,46,low
2024-04-06T20:30Z,2024-04-06T21:00Z,48,56,low
2024-04-06T21:00Z,2024-04-06T21:30Z,48,51,low
2024-04-06T21:30Z,2024-04-06T22:00Z,46,56,low
2024-04-06T22:00Z,2024-04-06T22:30Z,50,51,low
2024-04-06T22:30Z,2024-04-06T23:00Z,55,52,low
2024-04-06T23:00Z,2024-04-06T23:30Z,49,49,low
2024-04-06T23:30Z,2024-04-07T00:00Z,51,50,low
2024-04-07T00:00Z,2024-04-07T00:30Z,49,50,low
2024-04-07T00:30Z,2024-04-07T01:00Z,49,48,low
2024-04-07T01:00Z,2024-04-07T01:30Z,46,47,low
2024-04-07T01:30Z,2024-04-07T02:00Z,45,50,low
2024-04-07T02:00Z,2024-04-07T02:30Z,44,49,low
2024-04-07T02:30Z,2024-04-07T03:00Z,48,49,low
2024-04-07T03:00Z,2024-04-07T03:30Z,47,50,low
2024-04-07T03:30Z,2024-04-07T04:00Z,46,50,low
2024-04-07T04:00Z,2024-04-07T04:30Z,47,53,low
2024-04-07T04:30Z,2024-04-07T05:00Z,48,52,low
2024-04-07T05:00Z,2024-04-07T05:30Z,49,54,low
2024-04-07T05:30Z,2024-04-07T06:00Z,47,56,low
2024-04-07T06:00Z,2024-04-07T06:30Z,49,53,low
2024-04-07T06:30Z,2024-04-07T07:00Z,50,51,low
2024-04-07T07:00Z,2024-04-07T07:30Z,48,46,low
2024-04-07T07:30Z,2024-04-07T08:00Z,44,44,low
2024-04-07T08:00Z,2024-04-07T08:30Z,38,43,low
2024-04-07T08:30Z,2024-04-07T09:00Z,37,41,low
2024-04-07T09:00Z,2024-04-07T09:30Z,36,40,low
2024-04-07T09:30Z,2024-04-07T10:00Z,36,39,low
2024-04-07T10:00Z,2024-04-07T10:30Z,35,38,low
2024-04-07T10:30Z,2024-04-07T11:00Z,36,41,low
2024-04-07T11:00Z,2024-04-07T11:30Z,31,42,low
2024-04-07T11:30Z,2024-04-07T12:00Z,37,38,low
2024-04-07T12:00Z,2024-04-07T12:30Z,41,38,low
2024-04-07T12:30Z,2024-04-07T13:00Z,42,41,low
2024-04-07T13:00Z,2024-04-07T13:30Z,38,42,low
2024-04-07T13:30Z,2024-04-07T14:00Z,35,43,low
2024-04-07T14:00Z,2024-04-07T14:30Z,35,40,low
2024-04-07T14:30Z,2024-04-07T15:00Z,37,37,low
2024-04-07T15:00Z,2024-04-07T15:30Z,38,41,low
2024-04-07T15:30Z,2024-04-07T16:00Z,35,41,low
2024-04-07T16:00Z,2024-04-07T16:30Z,38,50,low
2024-04-07T16:30Z,2024-04-07T17:00Z,38,51,low
2024-04-07T17:00Z,2024-04-07T17:30Z,46,55,low
2024-04-07T17:30Z,2024-04-07T18:00Z,52,60,low
2024-04-07T18:00Z,2024-04-07T18:30Z,55,62,low
2024-04-07T18:30Z,2024-04-07T19:00Z,64,64,low
2024-04-07T19:00Z,2024-04-07T19:30Z,63,61,low
2024-04-07T19:30Z,2024-04-07T20:00Z,64,60,low
2024-04-07T20:00Z,2024-04-07T20:30Z,61,62,low
2024-04-07T20:30Z,2024-04-07T21:00Z,63,54,low
2024-04-07T21:00Z,2024-04-07T21:30Z,69,48,low
2024-04-07T21:30Z,2024-04-07T22:00Z,58,52,low
2024-04-07T22:00Z,2024-04-07T22:30Z,65,49,low
2024-04-07T22:30Z,2024-04-07T23:00Z,59,50,low
2024-04-07T23:00Z,2024-04-07T23:30Z,56,51,low
2024-04-07T23:30Z,2024-04-08T00:00Z,67,53,low
2024-04-08T00:00Z,2024-04-08T00:30Z,55,57,low
2024-04-08T00:30Z,2024-04-08T01:00Z,60,58,low
2024-04-08T01:00Z,2024-04-08T01:30Z,67,61,low
2024-04-08T01:30Z,2024-04-08T02:00Z,72,64,low
2024-04-08T02:00Z,2024-04-08T02:30Z,63,66,low
2024-04-08T02:30Z,2024-04-08T03:00Z,72,66,low
2024-04-08T03:00Z,2024-04-08T03:30Z,68,68,low
2024-04-08T03:30Z,2024-04-08T04:00Z,70,79,low
2024-04-08T04:00Z,2024-04-08T04:30Z,70,90,low
2024-04-08T04:30Z,2024-04-08T05:00Z,83,110,moderate
2024-04-08T05:00Z,2024-04-08T05:30Z,95,123,moderate
2024-04-08T05:30Z,2024-04-08T06:00Z,122,129,moderate
2024-04-08T06:00Z,2024-04-08T06:30Z,136,140,moderate
2024-04-08T06:30Z,2024-04-08T07:00Z,151,145,moderate
2024-04-08T07:00Z,2024-04-08T07:30Z,153,147,moderate
2024-04-08T07:30Z,2024-04-08T08:00Z,143,143,moderate
2024-04-08T08:00Z,2024-04-08T08:30Z,147,138,moderate
2024-04-08T08:30Z,2024-04-08T09:00Z,142,131,moderate
2024-04-08T09:00Z,2024-04-08T09:30Z,137,128,moderate
2024-04-08T09:30Z,2024-04-08T10:00Z,130,124,moderate
2024-04-08T10:00Z,2024-04-08T10:30Z,129,118,moderate
2024-04-08T10:30Z,2024-04-08T11:00Z,125,119,moderate
2024-04-08T11:00Z,2024-04-08T11:30Z,124,112,moderate
2024-04-08T11:30Z,2024-04-08T12:00Z,122,110,moderate
2024-04-08T12:00Z,2024-04-08T12:30Z,116,111,moderate
2024-04-08T12:30Z,2024-04-08T13:00Z,109,111,moderate
2024-04-08T13:00Z,2024-04-08T13:30Z,113,109,low
2024-04-08T13:30Z,2024-04-08T14:00Z,113,108,low
2024-04-08T14:00Z,2024-04-08T14:30Z,118,120,moderate
2024-04-08T14:30Z,2024-04-08T15:00Z,117,138,moderate
2024-04-08T15:00Z,2024-04-08T15:30Z,127,151,moderate
2024-04-08T15:30Z,2024-04-08T16:00Z,144,157,moderate
2024-04-08T16:00Z,2024-04-08T16:30Z,157,163,moderate
2024-04-08T16:30Z,2024-04-08T17:00Z,161,168,moderate
2024-04-08T17:00Z,2024-04-08T17:30Z,163,173,moderate
2024-04-08T17:30Z,2024-04-08T18:00Z,169,176,moderate
2024-04-08T18:00Z,2024-04-08T18:30Z,166,178,moderate
2024-04-08T18:30Z,2024-04-08T19:00Z,179,178,moderate
2024-04-08T19:00Z,2024-04-08T19:30Z,176,174,moderate
2024-04-08T19:30Z,2024-04-08T20:00Z,180,160,moderate
2024-04-08T20:00Z,2024-04-08T20:30Z,174,149,moderate
2024-04-08T20:30Z,2024-04-08T21:00Z,156,132,moderate
2024-04-08T21:00Z,2024-04-08T21:30Z,143,105,low
2024-04-08T21:30Z,2024-04-08T22:00Z,124,74,low
2024-04-08T22:00Z,2024-04-08T22:30Z,112,63,low
2024-04-08T22:30Z,2024-04-08T23:00Z,97,61,low
2024-04-08T23:00Z,2024-04-08T23:30Z,95,60,low
2024-04-08T23:30Z,2024-04-09T00:00Z,61,60,low
2024-04-09T00:00Z,2024-04-09T00:30Z,59,59,low
2024-04-09T00:30Z,2024-04-09T01:00Z,55,64,low
2024-04-09T01:00Z,2024-04-09T01:30Z,55,65,low
2024-04-09T01:30Z,2024-04-09T02:00Z,53,69,low
2024-04-09T02:00Z,2024-04-09T02:30Z,61,66,low
2024-04-09T02:30Z,2024-04-09T03:00Z,66,65,low
2024-04-09T03:00Z,2024-04-09T03:30Z,63,62,low
2024-04-09T03:30Z,2024-04-09T04:00Z,61,58,low
2024-04-09T04:00Z,2024-04-09T04:30Z,58,57,low
2024-04-09T04:30Z,2024-04-09T05:00Z,61,57,low
2024-04-09T05:00Z,2024-04-09T05:30Z,58,60,low
2024-04-09T05:30Z,2024-04-09T06:00Z,54,52,low
2024-04-09T06:00Z,2024-04-09T06:30Z,56,47,low
2024-04-09T06:30Z,2024-04-09T07:00Z,53,50,low
2024-04-09T07:00Z,2024-04-09T07:30Z,43,48,low
2024-04-09T07:30Z,2024-04-09T08:00Z,47,48,low
2024-04-09T08:00Z,2024-04-09T08:30Z,47,47,low
2024-04-09T08:30Z,2024-04-09T09:00Z,46,44,low
2024-04-09T09:00Z,2024-04-09T09:30Z,43,42,low
2024-04-09T09:30Z,2024-04-09T10:00Z,41,41,low
2024-04-09T10:00Z,2024-04-09T10:30Z,43,38,low
2024-04-09T10:30Z,2024-04-09T11:00Z,42,38,low
2024-04-09T11:00Z,2024-04-09T11:30Z,40,37,low
2024-04-09T11:30Z,2024-04-09T12:00Z,34,36,low
2024-04-09T12:00Z,2024-04-09T12:30Z,32,34,very low
2024-04-09T12:30Z,2024-04-09T13:00Z,33,35,low
2024-04-09T13:00Z,2024-04-09T13:30Z,31,36,low
2024-04-09T13:30Z,2024-04-09T14:00Z,31,35,low
2024-04-09T14:00Z,2024-04-09T14:30Z,28,34,very low
2024-04-09T14:30Z,2024-04-09T15:00Z,31,35,low
2024-04-09T15:00Z,2024-04-09T15:30Z,33,32,very low
2024-04-09T15:30Z,2024-04-09T16:00Z,33,32,very low
2024-04-09T16:00Z,2024-04-09T16:30Z,31,33,very low
2024-04-09T16:30Z,2024-04-09T17:00Z,30,36,low
2024-04-09T17:00Z,2024-04-09T17:30Z,30,42,low
2024-04-09T17:30Z,2024-04-09T18:00Z,37,43,low
2024-04-09T18:00Z,2024-04-09T18:30Z,41,45,low
2024-04-09T18:30Z,2024-04-09T19:00Z,42,44,low
2024-04-09T19:00Z,2024-04-09T19:30Z,47,45,low
2024-04-09T19:30Z,2024-04-09T20:00Z,48,46,low
2024-04-09T20:00Z,2024-04-09T20:30Z,40,41,low
2024-04-09T20:30Z,2024-04-09T21:00Z,42,42,low
2024-04-09T21:00Z,2024-04-09T21:30Z,40,44,low
2024-04-09T21:30Z,2024-04-09T22:00Z,37,56,low
2024-04-09T22:00Z,2024-04-09T22:30Z,38,60,low
2024-04-09T22:30Z,2024-04-09T23:00Z,48,68,low
2024-04-09T23:00Z,2024-04-09T23:30Z,47,71,low
2024-04-09T23:30Z,2024-04-10T00:00Z,61,66,low
2024-04-10T00:00Z,2024-04-10T00:30Z,65,71,low
2024-04-10T00:30Z,2024-04-10T01:00Z,66,64,low
2024-04-10T01:00Z,2024-04-10T01:30Z,70,65,low
2024-04-10T01:30Z,2024-04-10T02:00Z,63,63,low
2024-04-10T02:00Z,2024-04-10T02:30Z,64,63,low
2024-04-10T02:30Z,2024-04-10T03:00Z,65,62,low
2024-04-10T03:00Z,2024-04-10T03:30Z,66,67,low
2024-04-10T03:30Z,2024-04-10T04:00Z,65,77,low
2024-04-10T04:00Z,2024-04-10T04:30Z,70,87,low
2024-04-10T04:30Z,2024-04-10T05:00Z,83,112,moderate
2024-04-10T05:00Z,2024-04-10T05:30Z,94,125,moderate
2024-04-10T05:30Z,2024-04-10T06:00Z,118,125,moderate
2024-04-10T06:00Z,2024-04-10T06:30Z,129,124,moderate
2024-04-10T06:30Z,2024-04-10T07:00Z,129,115,moderate
2024-04-10T07:00Z,2024-04-10T07:30Z,132,106,low
2024-04-10T07:30Z,2024-04-10T08:00Z,133,110,moderate
2024-04-10T08:00Z,2024-04-10T08:30Z,120,106,low
2024-04-10T08:30Z,2024-04-10T09:00Z,92,96,low
2024-04-10T09:00Z,2024-04-10T09:30Z,86,81,low
2024-04-10T09:30Z,2024-04-10T10:00Z,76,70,low
2024-04-10T10:00Z,2024-04-10T10:30Z,67,68,low
2024-04-10T10:30Z,2024-04-10T11:00Z,53,59,low
2024-04-10T11:00Z,2024-04-10T11:30Z,52,39,low
2024-04-10T11:30Z,2024-04-10T12:00Z,43,35,low
2024-04-10T12:00Z,2024-04-10T12:30Z,36,36,low
2024-04-10T12:30Z,2024-04-10T13:00Z,34,37,low
2024-04-10T13:00Z,2024-04-10T13:30Z,34,37,low
2024-04-10T13:30Z,2024-04-10T14:00Z,37,39,low
2024-04-10T14:00Z,2024-04-10T14:30Z,34,41,low
2024-04-10T14:30Z,2024-04-10T15:00Z,33,38,low
2024-04-10T15:00Z,2024-04-10T15:30Z,34,41,low
2024-04-10T15:30Z,2024-04-10T16:00Z,36,45,low
2024-04-10T16:00Z,2024-04-10T16:30Z,36,51,low
2024-04-10T16:30Z,2024-04-10T17:00Z,45,56,low
2024-04-10T17:00Z,2024-04-10T17:30Z,45,59,low
2024-04-10T17:30Z,2024-04-10T18:00Z,46,61,low
2024-04-10T18:00Z,2024-04-10T18:30Z,44,60,low
2024-04-10T18:30Z,2024-04-10T19:00Z,58,62,low
2024-04-10T19:00Z,2024-04-10T19:30Z,55,53,low
2024-04-10T19:30Z,2024-04-10T20:00Z,51,53,low
2024-04-10T20:00Z,2024-04-10T20:30Z,48,45,low
2024-04-10T20:30Z,2024-04-10T21:00Z,48,58,low
2024-04-10T21:00Z,2024-04-10T21:30Z,42,59,low
2024-04-10T21:30Z,2024-04-10T22:00Z,41,53,low
2024-04-10T22:00Z,2024-04-10T22:30Z,56,50,low
2024-04-10T22:30Z,2024-04-10T23:00Z,55,54,low
2024-04-10T23:00Z,2024-04-10T23:30Z,41,53,low
2024-04-10T23:30Z,2024-04-11T00:00Z,50,50,low
2024-04-11T00:00Z,2024-04-11T00:30Z,55,51,low
2024-04-11T00:30Z,2024-04-11T01:00Z,43,47,low
2024-04-11T01:00Z,2024-04-11T01:30Z,48,47,low
2024-04-11T01:30Z,2024-04-11T02:00Z,45,54,low
2024-04-11T02:00Z,2024-04-11T02:30Z,45,51,low
2024-04-11T02:30Z,2024-04-11T03:00Z,53,48,low
2024-04-11T03:00Z,2024-04-11T03:30Z,52,47,low
2024-04-11T03:30Z,2024-04-11T04:00Z,49,48,low
2024-04-11T04:00Z,2024-04-11T04:30Z,56,59,low
2024-04-11T04:30Z,2024-04-11T05:00Z,50,62,low
2024-04-11T05:00Z,2024-04-11T05:30Z,53,70,low
2024-04-11T05:30Z,2024-04-11T06:00Z,63,71,low
2024-04-11T06:00Z,2024-04-11T06:30Z,66,69,low
2024-04-11T06:30Z,2024-04-11T07:00Z,67,59,low
2024-04-11T07:00Z,2024-04-11T07:30Z,67,62,low
2024-04-11T07:30Z,2024-04-11T08:00Z,66,72,low
2024-04-11T08:00Z,2024-04-11T08:30Z,65,74,low
2024-04-11T08:30Z,2024-04-11T09:00Z,64,64,low
2024-04-11T09:00Z,2024-04-11T09:30Z,65,62,low
2024-04-11T09:30Z,2024-04-11T10:00Z,67,67,low
2024-04-11T10:00Z,2024-04-11T10:30Z,66,67,low
2024-04-11T10:30Z,2024-04-11T11:00Z,70,64,low
2024-04-11T11:00Z,2024-04-11T11:30Z,65,61,low
2024-04-11T11:30Z,2024-04-11T12:00Z,59,56,low
2024-04-11T12:00Z,2024-04-11T12:30Z,59,53,low
2024-04-11T12:30Z,2024-04-11T13:00Z,58,54,low
2024-04-11T13:00Z,2024-04-11T13:30Z,54,56,low
2024-04-11T13:30Z,2024-04-11T14:00Z,55,65,low
2024-04-11T14:00Z,2024-04-11T14:30Z,59,66,low
2024-04-11T14:30Z,2024-04-11T15:00Z,69,74,low
2024-04-11T15:00Z,2024-04-11T15:30Z,69,84,low
2024-04-11T15:30Z,2024-04-11T16:00Z,74,99,low
2024-04-11T16:00Z,2024-04-11T16:30Z,83,104,low
2024-04-11T16:30Z,2024-04-11T17:00Z,93,103,low
2024-04-11T17:00Z,2024-04-11T17:30Z,99,106,low
2024-04-11T17:30Z,2024-04-11T18:00Z,97,111,moderate
2024-04-11T18:00Z,2024-04-11T18:30Z,98,109,low
2024-04-11T18:30Z,2024-04-11T19:00Z,99,102,low
2024-04-11T19:00Z,2024-04-11T19:30Z,99,93,low
2024-04-11T19:30Z,2024-04-11T20:00Z,81,76,low
2024-04-11T20:00Z,2024-04-11T20:30Z,73,63,low
2024-04-11T20:30Z,2024-04-11T21:00Z,68,62,low
2024-04-11T21:00Z,2024-04-11T21:30Z,68,58,low
2024-04-11T21:30Z,2024-04-11T22:00Z,50,54,low
2024-04-11T22:00Z,2024-04-11T22:30Z,53,48,low
2024-04-11T22:30Z,2024-04-11T23:00Z,52,45,low
2024-04-11T23:00Z,2024-04-11T23:30Z,43,46,low
2024-04-11T23:30Z,2024-04-12T00:00Z,47,47,low
2024-04-12T00:00Z,2024-04-12T00:30Z,50,47,low
2024-04-12T00:30Z,2024-04-12T01:00Z,42,51,low
2024-04-12T01:00Z,2024-04-12T01:30Z,43,47,low
2024-04-12T01:30Z,2024-04-12T02:00Z,33,48,low
2024-04-12T02:00Z,2024-04-12T02:30Z,46,46,low
2024-04-12T02:30Z,2024-04-12T03:00Z,43,48,low
2024-04-12T03:00Z,2024-04-12T03:30Z,45,49,low
2024-04-12T03:30Z,2024-04-12T04:00Z,46,50,low
2024-04-12T04:00Z,2024-04-12T04:30Z,48,52,low
2024-04-12T04:30Z,2024-04-12T05:00Z,50,67,low
2024-04-12T05:00Z,2024-04-12T05:30Z,44,71,low
2024-04-12T05:30Z,2024-04-12T06:00Z,62,61,low
2024-04-12T06:00Z,2024-04-12T06:30Z,68,64,low
2024-04-12T06:30Z,2024-04-12T07:00Z,58,53,low
2024-04-12T07:00Z,2024-04-12T07:30Z,54,57,low
2024-04-12T07:30Z,2024-04-12T08:00Z,49,58,low
2024-04-12T08:00Z,2024-04-12T08:30Z,50,52,low
2024-04-12T08:30Z,2024-04-12T09:00Z,56,46,low
2024-04-12T09:00Z,2024-04-12T09:30Z,51,40,low
2024-04-12T09:30Z,2024-04-12T10:00Z,46,38,low
2024-04-12T10:00Z,2024-04-12T10:30Z,41,34,very low
2024-04-12T10:30Z,2024-04-12T11:00Z,39,32,very low
2024-04-12T11:00Z,2024-04-12T11:30Z,32,29,very low
2024-04-12T11:30Z,2024-04-12T12:00Z,30,29,very low
2024-04-12T12:00Z,2024-04-12T12:30Z,29,27,very low
2024-04-12T12:30Z,2024-04-12T13:00Z,26,28,very low
2024-04-12T13:00Z,2024-04-12T13:30Z,24,26,very low
2024-04-12T13:30Z,2024-04-12T14:00Z,24,25,very low
2024-04-12T14:00Z,2024-04-12T14:30Z,25,26,very low
2024-04-12T14:30Z,2024-04-12T15:00Z,21,26,very low
2024-04-12T15:00Z,2024-04-12T15:30Z,24,33,very low
2024-04-12T15:30Z,2024-04-12T16:00Z,25,36,low
2024-04-12T16:00Z,2024-04-12T16:30Z,28,41,low
2024-04-12T16:30Z,2024-04-12T17:00Z,31,44,low
2024-04-12T17:00Z,2024-04-12T17:30Z,26,57,low
2024-04-12T17:30Z,2024-04-12T18:00Z,44,68,low
2024-04-12T18:00Z,2024-04-12T18:30Z,48,71,low
2024-04-12T18:30Z,2024-04-12T19:00Z,61,65,low
2024-04-12T19:00Z,2024-04-12T19:30Z,61,58,low
2024-04-12T19:30Z,2024-04-12T20:00Z,58,52,low
2024-04-12T20:00Z,2024-04-12T20:30Z,57,60,low
2024-04-12T20:30Z,2024-04-12T21:00Z,49,60,low
2024-04-12T21:00Z,2024-04-12T21:30Z,49,56,low
2024-04-12T21:30Z,2024-04-12T22:00Z,61,56,low
2024-04-12T22:00Z,2024-04-12T22:30Z,56,57,low
2024-04-12T22:30Z,2024-04-12T23:00Z,65,57,low
2024-04-12T23:00Z,2024-04-12T23:30Z,67,55,low
2024-04-12T23:30Z,2024-04-13T00:00Z,69,53,low
2024-04-13T00:00Z,2024-04-13T00:30Z,62,54,low
2024-04-13T00:30Z,2024-04-13T01:00Z,55,57,low
2024-04-13T01:00Z,2024-04-13T01:30Z,55,60,low
2024-04-13T01:30Z,2024-04-13T02:00Z,59,63,low
2024-04-13T02:00Z,2024-04-13T02:30Z,60,63,low
2024-04-13T02:30Z,2024-04-13T03:00Z,65,60,low
2024-04-13T03:00Z,2024-04-13T03:30Z,64,62,low
2024-04-13T03:30Z,2024-04-13T04:00Z,61,63,low
2024-04-13T04:00Z,2024-04-13T04:30Z,63,63,low
2024-04-13T04:30Z,2024-04-13T05:00Z,65,63,low
2024-04-13T05:00Z,2024-04-13T05:30Z,48,67,low
2024-04-13T05:30Z,2024-04-13T06:00Z,66,63,low
2024-04-13T06:00Z,2024-04-13T06:30Z,67,65,low
2024-04-13T06:30Z,2024-04-13T07:00Z,70,59,low
2024-04-13T07:00Z,2024-04-13T07:30Z,64,50,low
2024-04-13T07:30Z,2024-04-13T08:00Z,51,65,low
2024-04-13T08:00Z,2024-04-13T08:30Z,50,58,low
2024-04-13T08:30Z,2024-04-13T09:00Z,43,55,low
2024-04-13T09:00Z,2024-04-13T09:30Z,38,54,low
2024-04-13T09:30Z,2024-04-13T10:00Z,37,56,low
2024-04-13T10:00Z,2024-04-13T10:30Z,35,53,low
2024-04-13T10:30Z,2024-04-13T11:00Z,33,50,low
2024-04-13T11:00Z,2024-04-13T11:30Z,29,43,low
2024-04-13T11:30Z,2024-04-13T12:00Z,25,44,low
2024-04-13T12:00Z,2024-04-13T12:30Z,22,42,low
2024-04-13T12:30Z,2024-04-13T13:00Z,19,35,low
2024-04-13T13:00Z,2024-04-13T13:30Z,19,31,very low
2024-04-13T13:30Z,2024-04-13T14:00Z,20,23,very low
2024-04-13T14:00Z,2024-04-13T14:30Z,19,22,very low
2024-04-13T14:30Z,2024-04-13T15:00Z,17,23,very low
2024-04-13T15:00Z,2024-04-13T15:30Z,18,26,very low
2024-04-13T15:30Z,2024-04-13T16:00Z,17,33,very low
2024-04-13T16:00Z,2024-04-13T16:30Z,20,39,low
2024-04-13T16:30Z,2024-04-13T17:00Z,20,41,low
2024-04-13T17:00Z,2024-04-13T17:30Z,26,41,low
2024-04-13T17:30Z,2024-04-13T18:00Z,30,53,low
2024-04-13T18:00Z,2024-04-13T18:30Z,30,59,low
2024-04-13T18:30Z,2024-04-13T19:00Z,38,57,low
2024-04-13T19:00Z,2024-04-13T19:30Z,45,56,low
2024-04-13T19:30Z,2024-04-13T20:00Z,46,50,low
2024-04-13T20:00Z,2024-04-13T20:30Z,42,48,low
2024-04-13T20:30Z,2024-04-13T21:00Z,42,53,low
2024-04-13T21:00Z,2024-04-13T21:30Z,43,59,low
2024-04-13T21:30Z,2024-04-13T22:00Z,45,65,low
2024-04-13T22:00Z,2024-04-13T22:30Z,48,67,low
2024-04-13T22:30Z,2024-04-13T23:00Z,57,73,low
2024-04-13T23:00Z,2024-04-13T23:30Z,57,68,low
2024-04-13T23:30Z,2024-04-14T00:00Z,71,67,low
2024-04-14T00:00Z,2024-04-14T00:30Z,68,71,low
2024-04-14T00:30Z,2024-04-14T01:00Z,74,72,low
2024-04-14T01:00Z,2024-04-14T01:30Z,74,74,low
2024-04-14T01:30Z,2024-04-14T02:00Z,70,78,low
2024-04-14T02:00Z,2024-04-14T02:30Z,70,75,low
2024-04-14T02:30Z,2024-04-14T03:00Z,77,72,low
2024-04-14T03:00Z,2024-04-14T03:30Z,76,73,low
2024-04-14T03:30Z,2024-04-14T04:00Z,72,73,low
2024-04-14T04:00Z,2024-04-14T04:30Z,76,75,low
2024-04-14T04:30Z,2024-04-14T05:00Z,76,78,low
2024-04-14T05:00Z,2024-04-14T05:30Z,38,82,low
2024-04-14T05:30Z,2024-04-14T06:00Z,76,79,low
2024-04-14T06:00Z,2024-04-14T06:30Z,76,78,low
2024-04-14T06:30Z,2024-04-14T07:00Z,73,83,low
2024-04-14T07:00Z,2024-04-14T07:30Z,72,74,low
2024-04-14T07:30Z,2024-04-14T08:00Z,67,70,low
2024-04-14T08:00Z,2024-04-14T08:30Z,73,65,low
2024-04-14T08:30Z,2024-04-14T09:00Z,73,61,low
2024-04-14T09:00Z,2024-04-14T09:30Z,62,56,low
2024-04-14T09:30Z,2024-04-14T10:00Z,60,56,low
2024-04-14T10:00Z,2024-04-14T10:30Z,51,54,low
2024-04-14T10:30Z,2024-04-14T11:00Z,54,52,low
2024-04-14T11:00Z,2024-04-14T11:30Z,51,52,low
2024-04-14T11:30Z,2024-04-14T12:00Z,50,52,low
2024-04-14T12:00Z,2024-04-14T12:30Z,49,52,low
2024-04-14T12:30Z,2024-04-14T13:00Z,50,51,low
2024-04-14T13:00Z,2024-04-14T13:30Z,48,52,low
2024-04-14T13:30Z,2024-04-14T14:00Z,45,36,low
2024-04-14T14:00Z,2024-04-14T14:30Z,54,37,low
2024-04-14T14:30Z,2024-04-14T15:00Z,46,42,low
2024-04-14T15:00Z,2024-04-14T15:30Z,41,53,low
2024-04-14T15:30Z,2024-04-14T16:00Z,44,58,low
2024-04-14T16:00Z,2024-04-14T16:30Z,54,68,low
2024-04-14T16:30Z,2024-04-14T17:00Z,55,74,low
2024-04-14T17:00Z,2024-04-14T17:30Z,72,71,low
2024-04-14T17:30Z,2024-04-14T18:00Z,72,70,low
2024-04-14T18:00Z,2024-04-14T18:30Z,72,71,low
2024-04-14T18:30Z,2024-04-14T19:00Z,73,73,low
2024-04-14T19:00Z,2024-04-14T19:30Z,74,69,low
2024-04-14T19:30Z,2024-04-14T20:00Z,67,72,low
2024-04-14T20:00Z,2024-04-14T20:30Z,71,63,low
2024-04-14T20:30Z,2024-04-14T21:00Z,73,69,low
2024-04-14T21:00Z,2024-04-14T21:30Z,66,62,low
2024-04-14T21:30Z,2024-04-14T22:00Z,66,65,low
2024-04-14T22:00Z,2024-04-14T22:30Z,61,59,low
2024-04-14T22:30Z,2024-04-14T23:00Z,58,69,low
2024-04-14T23:00Z,2024-04-14T23:30Z,56,60,low
2024-04-14T23:30Z,2024-04-15T00:00Z,65,60,low
2024-04-15T00:00Z,2024-04-15T00:30Z,65,60,low
2024-04-15T00:30Z,2024-04-15T01:00Z,66,60,low
2024-04-15T01:00Z,2024-04-15T01:30Z,66,61,low
2024-04-15T01:30Z,2024-04-15T02:00Z,60,61,low
2024-04-15T02:00Z,2024-04-15T02:30Z,61,62,low
2024-04-15T02:30Z,2024-04-15T03:00Z,60,59,low
2024-04-15T03:00Z,2024-04-15T03:30Z,61,57,low
2024-04-15T03:30Z,2024-04-15T04:00Z,58,60,low
2024-04-15T04:00Z,2024-04-15T04:30Z,58,61,low
2024-04-15T04:30Z,2024-04-15T05:00Z,61,58,low
2024-04-15T05:00Z,2024-04-15T05:30Z,53,62,low
2024-04-15T05:30Z,2024-04-15T06:00Z,56,54,low
2024-04-15T06:00Z,2024-04-15T06:30Z,64,45,low
2024-04-15T06:30Z,2024-04-15T07:00Z,58,40,low
2024-04-15T07:00Z,2024-04-15T07:30Z,44,35,low
2024-04-15T07:30Z,2024-04-15T08:00Z,46,31,very low
2024-04-15T08:00Z,2024-04-15T08:30Z,38,28,very low
2024-04-15T08:30Z,2024-04-15T09:00Z,36,25,very low
2024-04-15T09:00Z,2024-04-15T09:30Z,34,24,very low
2024-04-15T09:30Z,2024-04-15T10:00Z,24,23,very low
2024-04-15T10:00Z,2024-04-15T10:30Z,22,22,very low
2024-04-15T10:30Z,2024-04-15T11:00Z,20,22,very low
2024-04-15T11:00Z,2024-04-15T11:30Z,21,21,very low
2024-04-15T11:30Z,2024-04-15T12:00Z,22,23,very low
2024-04-15T12:00Z,2024-04-15T12:30Z,20,20,very low
2024-04-15T12:30Z,2024-04-15T13:00Z,19,19,very low
2024-04-15T13:00Z,2024-04-15T13:30Z,16,19,very low
2024-04-15T13:30Z,2024-04-15T14:00Z,14,20,very low
2024-04-15T14:00Z,2024-04-15T14:30Z,14,23,very low
2024-04-15T14:30Z,2024-04-15T15:00Z,13,23,very low
2024-04-15T15:00Z,2024-04-15T15:30Z,14,29,very low
2024-04-15T15:30Z,2024-04-15T16:00Z,18,32,very low
2024-04-15T16:00Z,2024-04-15T16:30Z,21,32,very low
2024-04-15T16:30Z,2024-04-15T17:00Z,25,31,very low
2024-04-15T17:00Z,2024-04-15T17:30Z,29,43,low
2024-04-15T17:30Z,2024-04-15T18:00Z,26,47,low
2024-04-15T18:00Z,2024-04-15T18:30Z,38,52,low
2024-04-15T18:30Z,2024-04-15T19:00Z,38,57,low
2024-04-15T19:00Z,2024-04-15T19:30Z,44,59,low
2024-04-15T19:30Z,2024-04-15T20:00Z,47,49,low
2024-04-15T20:00Z,2024-04-15T20:30Z,46,42,low
2024-04-15T20:30Z,2024-04-15T21:00Z,39,44,low
2024-04-15T21:00Z,2024-04-15T21:30Z,36,41,low
2024-04-15T21:30Z,2024-04-15T22:00Z,44,58,low
2024-04-15T22:00Z,2024-04-15T22:30Z,39,56,low
2024-04-15T22:30Z,2024-04-15T23:00Z,52,53,low
2024-04-15T23:00Z,2024-04-15T23:30Z,55,52,low
2024-04-15T23:30Z,2024-04-16T00:00Z,51,50,low
2024-04-16T00:00Z,2024-04-16T00:30Z,48,51,low
2024-04-16T00:30Z,2024-04-16T01:00Z,48,49,low
2024-04-16T01:00Z,2024-04-16T01:30Z,50,47,low
2024-04-16T01:30Z,2024-04-16T02:00Z,49,46,low
2024-04-16T02:00Z,2024-04-16T02:30Z,47,45,low
2024-04-16T02:30Z,2024-04-16T03:00Z,46,52,low
2024-04-16T03:00Z,2024-04-16T03:30Z,46,49,low
2024-04-16T03:30Z,2024-04-16T04:00Z,51,44,low
2024-04-16T04:00Z,2024-04-16T04:30Z,50,48,low
2024-04-16T04:30Z,2024-04-16T05:00Z,42,45,low
2024-04-16T05:00Z,2024-04-16T05:30Z,33,53,low
2024-04-16T05:30Z,2024-04-16T06:00Z,46,55,low
2024-04-16T06:00Z,2024-04-16T06:30Z,47,53,low
2024-04-16T06:30Z,2024-04-16T07:00Z,49,47,low
2024-04-16T07:00Z,2024-04-16T07:30Z,45,40,low
2024-04-16T07:30Z,2024-04-16T08:00Z,41,35,low
2024-04-16T08:00Z,2024-04-16T08:30Z,37,36,low
2024-04-16T08:30Z,2024-04-16T09:00Z,30,39,low
2024-04-16T09:00Z,2024-04-16T09:30Z,31,38,low
2024-04-16T09:30Z,2024-04-16T10:00Z,32,39,low
2024-04-16T10:00Z,2024-04-16T10:30Z,32,39,low
2024-04-16T10:30Z,2024-04-16T11:00Z,32,38,low
2024-04-16T11:00Z,2024-04-16T11:30Z,32,35,low
2024-04-16T11:30Z,2024-04-16T12:00Z,31,37,low
2024-04-16T12:00Z,2024-04-16T12:30Z,30,35,low
2024-04-16T12:30Z,2024-04-16T13:00Z,32,37,low
2024-04-16T13:00Z,2024-04-16T13:30Z,29,40,low
2024-04-16T13:30Z,2024-04-16T14:00Z,33,39,low
2024-04-16T14:00Z,2024-04-16T14:30Z,34,42,low
2024-04-16T14:30Z,2024-04-16T15:00Z,32,47,low
2024-04-16T15:00Z,2024-04-16T15:30Z,38,51,low
2024-04-16T15:30Z,2024-04-16T16:00Z,48,60,low
2024-04-16T16:00Z,2024-04-16T16:30Z,53,63,low
2024-04-16T16:30Z,2024-04-16T17:00Z,65,72,low
2024-04-16T17:00Z,2024-04-16T17:30Z,66,80,low
2024-04-16T17:30Z,2024-04-16T18:00Z,72,92,low
2024-04-16T18:00Z,2024-04-16T18:30Z,77,91,low
2024-04-16T18:30Z,2024-04-16T19:00Z,84,92,low
2024-04-16T19:00Z,2024-04-16T19:30Z,86,97,low
2024-04-16T19:30Z,2024-04-16T20:00Z,83,96,low
2024-04-16T20:00Z,2024-04-16T20:30Z,77,90,low
2024-04-16T20:30Z,2024-04-16T21:00Z,67,92,low
2024-04-16T21:00Z,2024-04-16T21:30Z,87,92,low
2024-04-16T21:30Z,2024-04-16T22:00Z,86,80,low
2024-04-16T22:00Z,2024-04-16T22:30Z,85,72,low
2024-04-16T22:30Z,2024-04-16T23:00Z,75,75,low
2024-04-16T23:00Z,2024-04-16T23:30Z,72,71,low
2024-04-16T23:30Z,2024-04-17T00:00Z,66,64,low
2024-04-17T00:00Z,2024-04-17T00:30Z,69,61,low
2024-04-17T00:30Z,2024-04-17T01:00Z,68,62,low
2024-04-17T01:00Z,2024-04-17T01:30Z,61,63,low
2024-04-17T01:30Z,2024-04-17T02:00Z,63,67,low
2024-04-17T02:00Z,2024-04-17T02:30Z,65,65,low
2024-04-17T02:30Z,2024-04-17T03:00Z,65,69,low
2024-04-17T03:00Z,2024-04-17T03:30Z,64,67,low
2024-04-17T03:30Z,2024-04-17T04:00Z,69,77,low
2024-04-17T04:00Z,2024-04-17T04:30Z,69,75,low
2024-04-17T04:30Z,2024-04-17T05:00Z,76,91,low
2024-04-17T05:00Z,2024-04-17T05:30Z,80,105,low
2024-04-17T05:30Z,2024-04-17T06:00Z,81,111,moderate
2024-04-17T06:00Z,2024-04-17T06:30Z,89,116,moderate
2024-04-17T06:30Z,2024-04-17T07:00Z,98,93,low
2024-04-17T07:00Z,2024-04-17T07:30Z,120,88,low
2024-04-17T07:30Z,2024-04-17T08:00Z,81,79,low
2024-04-17T08:00Z,2024-04-17T08:30Z,77,74,low
2024-04-17T08:30Z,2024-04-17T09:00Z,72,72,low
2024-04-17T09:00Z,2024-04-17T09:30Z,68,67,low
2024-04-17T09:30Z,2024-04-17T10:00Z,67,68,low
2024-04-17T10:00Z,2024-04-17T10:30Z,62,66,low
2024-04-17T10:30Z,2024-04-17T11:00Z,64,63,low
2024-04-17T11:00Z,2024-04-17T11:30Z,66,64,low
2024-04-17T11:30Z,2024-04-17T12:00Z,62,72,low
2024-04-17T12:00Z,2024-04-17T12:30Z,65,72,low
2024-04-17T12:30Z,2024-04-17T13:00Z,64,73,low
2024-04-17T13:00Z,2024-04-17T13:30Z,65,82,low
2024-04-17T13:30Z,2024-04-17T14:00Z,61,87,low
2024-04-17T14:00Z,2024-04-17T14:30Z,76,95,low
2024-04-17T14:30Z,2024-04-17T15:00Z,85,116,moderate
2024-04-17T15:00Z,2024-04-17T15:30Z,92,137,moderate
2024-04-17T15:30Z,2024-04-17T16:00Z,115,154,moderate
2024-04-17T16:00Z,2024-04-17T16:30Z,139,163,moderate
2024-04-17T16:30Z,2024-04-17T17:00Z,146,174,moderate
2024-04-17T17:00Z,2024-04-17T17:30Z,164,179,moderate
2024-04-17T17:30Z,2024-04-17T18:00Z,171,183,moderate
2024-04-17T18:00Z,2024-04-17T18:30Z,179,189,moderate
2024-04-17T18:30Z,2024-04-17T19:00Z,186,184,moderate
2024-04-17T19:00Z,2024-04-17T19:30Z,189,178,moderate
2024-04-17T19:30Z,2024-04-17T20:00Z,183,177,moderate
2024-04-17T20:00Z,2024-04-17T20:30Z,180,181,moderate
2024-04-17T20:30Z,2024-04-17T21:00Z,168,181,moderate
2024-04-17T21:00Z,2024-04-17T21:30Z,170,179,moderate
2024-04-17T21:30Z,2024-04-17T22:00Z,171,159,moderate
2024-04-17T22:00Z,2024-04-17T22:30Z,174,151,moderate
2024-04-17T22:30Z,2024-04-17T23:00Z,172,143,moderate
2024-04-17T23:00Z,2024-04-17T23:30Z,147,143,moderate
2024-04-17T23:30Z,2024-04-18T00:00Z,143,142,moderate
2024-04-18T00:00Z,2024-04-18T00:30Z,146,142,moderate
2024-04-18T00:30Z,2024-04-18T01:00Z,146,139,moderate
2024-04-18T01:00Z,2024-04-18T01:30Z,142,147,moderate
2024-04-18T01:30Z,2024-04-18T02:00Z,141,145,moderate
2024-04-18T02:00Z,2024-04-18T02:30Z,150,137,moderate
2024-04-18T02:30Z,2024-04-18T03:00Z,146,134,moderate
2024-04-18T03:00Z,2024-04-18T03:30Z,135,132,moderate
2024-04-18T03:30Z,2024-04-18T04:00Z,126,151,moderate
2024-04-18T04:00Z,2024-04-18T04:30Z,139,159,moderate
2024-04-18T04:30Z,2024-04-18T05:00Z,166,172,moderate
2024-04-18T05:00Z,2024-04-18T05:30Z,165,178,moderate
2024-04-18T05:30Z,2024-04-18T06:00Z,173,173,moderate
2024-04-18T06:00Z,2024-04-18T06:30Z,193,174,moderate
2024-04-18T06:30Z,2024-04-18T07:00Z,169,158,moderate
2024-04-18T07:00Z,2024-04-18T07:30Z,169,147,moderate
2024-04-18T07:30Z,2024-04-18T08:00Z,161,140,moderate
2024-04-18T08:00Z,2024-04-18T08:30Z,137,125,moderate
2024-04-18T08:30Z,2024-04-18T09:00Z,128,105,low
2024-04-18T09:00Z,2024-04-18T09:30Z,124,92,low
2024-04-18T09:30Z,2024-04-18T10:00Z,117,71,low
2024-04-18T10:00Z,2024-04-18T10:30Z,93,61,low
2024-04-18T10:30Z,2024-04-18T11:00Z,66,58,low
2024-04-18T11:00Z,2024-04-18T11:30Z,69,48,low
2024-04-18T11:30Z,2024-04-18T12:00Z,62,47,low
2024-04-18T12:00Z,2024-04-18T12:30Z,58,47,low
2024-04-18T12:30Z,2024-04-18T13:00Z,54,47,low
2024-04-18T13:00Z,2024-04-18T13:30Z,51,45,low
2024-04-18T13:30Z,2024-04-18T14:00Z,50,45,low
2024-04-18T14:00Z,2024-04-18T14:30Z,42,51,low
2024-04-18T14:30Z,2024-04-18T15:00Z,48,57,low
2024-04-18T15:00Z,2024-04-18T15:30Z,49,63,low
2024-04-18T15:30Z,2024-04-18T16:00Z,56,75,low
2024-04-18T16:00Z,2024-04-18T16:30Z,63,75,low
2024-04-18T16:30Z,2024-04-18T17:00Z,69,77,low
2024-04-18T17:00Z,2024-04-18T17:30Z,77,76,low
2024-04-18T17:30Z,2024-04-18T18:00Z,78,78,low
2024-04-18T18:00Z,2024-04-18T18:30Z,75,78,low
2024-04-18T18:30Z,2024-04-18T19:00Z,75,73,low
2024-04-18T19:00Z,2024-04-18T19:30Z,71,62,low
2024-04-18T19:30Z,2024-04-18T20:00Z,68,66,low
2024-04-18T20:00Z,2024-04-18T20:30Z,53,58,low
2024-04-18T20:30Z,2024-04-18T21:00Z,61,48,low
2024-04-18T21:00Z,2024-04-18T21:30Z,52,40,low
2024-04-18T21:30Z,2024-04-18T22:00Z,52,43,low
2024-04-18T22:00Z,2024-04-18T22:30Z,52,46,low
2024-04-18T22:30Z,2024-04-18T23:00Z,49,47,low
2024-04-18T23:00Z,2024-04-18T23:30Z,50,45,low
2024-04-18T23:30Z,2024-04-19T00:00Z,45,45,low
2024-04-19T00:00Z,2024-04-19T00:30Z,46,45,low
2024-04-19T00:30Z,2024-04-19T01:00Z,46,45,low
2024-04-19T01:00Z,2024-04-19T01:30Z,46,44,low
2024-04-19T01:30Z,2024-04-19T02:00Z,48,47,low
2024-04-19T02:00Z,2024-04-19T02:30Z,45,46,low
2024-04-19T02:30Z,2024-04-19T03:00Z,47,47,low
2024-04-19T03:00Z,2024-04-19T03:30Z,49,49,low
2024-04-19T03:30Z,2024-04-19T04:00Z,49,47,low
2024-04-19T04:00Z,2024-04-19T04:30Z,50,50,low
2024-04-19T04:30Z,2024-04-19T05:00Z,94,49,low
2024-04-19T05:00Z,2024-04-19T05:30Z,50,52,low
2024-04-19T05:30Z,2024-04-19T06:00Z,51,55,low
2024-04-19T06:00Z,2024-04-19T06:30Z,46,61,low
2024-04-19T06:30Z,2024-04-19T07:00Z,47,53,low
2024-04-19T07:00Z,2024-04-19T07:30Z,53,51,low
2024-04-19T07:30Z,2024-04-19T08:00Z,45,59,low
2024-04-19T08:00Z,2024-04-19T08:30Z,45,57,low
2024-04-19T08:30Z,2024-04-19T09:00Z,51,52,low
2024-04-19T09:00Z,2024-04-19T09:30Z,50,50,low
2024-04-19T09:30Z,2024-04-19T10:00Z,49,46,low
2024-04-19T10:00Z,2024-04-19T10:30Z,47,43,low
2024-04-19T10:30Z,2024-04-19T11:00Z,43,41,low
2024-04-19T11:00Z,2024-04-19T11:30Z,42,42,low
2024-04-19T11:30Z,2024-04-19T12:00Z,42,45,low
2024-04-19T12:00Z,2024-04-19T12:30Z,37,39,low
2024-04-19T12:30Z,2024-04-19T13:00Z,39,37,low
2024-04-19T13:00Z,2024-04-19T13:30Z,38,38,low
2024-04-19T13:30Z,2024-04-19T14:00Z,39,39,low
2024-04-19T14:00Z,2024-04-19T14:30Z,50,41,low
2024-04-19T14:30Z,2024-04-19T15:00Z,45,44,low
2024-04-19T15:00Z,2024-04-19T15:30Z,45,44,low
2024-04-19T15:30Z,2024-04-19T16:00Z,47,47,low
2024-04-19T16:00Z,2024-04-19T16:30Z,47,51,low
2024-04-19T16:30Z,2024-04-19T17:00Z,53,57,low
2024-04-19T17:00Z,2024-04-19T17:30Z,58,67,low
2024-04-19T17:30Z,2024-04-19T18:00Z,63,73,low
2024-04-19T18:00Z,2024-04-19T18:30Z,70,73,low
2024-04-19T18:30Z,2024-04-19T19:00Z,73,81,low
2024-04-19T19:00Z,2024-04-19T19:30Z,74,82,low
2024-04-19T19:30Z,2024-04-19T20:00Z,81,78,low
2024-04-19T20:00Z,2024-04-19T20:30Z,76,73,low
2024-04-19T20:30Z,2024-04-19T21:00Z,82,76,low
2024-04-19T21:00Z,2024-04-19T21:30Z,68,75,low
2024-04-19T21:30Z,2024-04-19T22:00Z,76,71,low
2024-04-19T22:00Z,2024-04-19T22:30Z,75,67,low
2024-04-19T22:30Z,2024-04-19T23:00Z,79,65,low
2024-04-19T23:00Z,2024-04-19T23:30Z,74,67,low
2024-04-19T23:30Z,2024-04-20T00:00Z,70,67,low
2024-04-20T00:00Z,2024-04-20T00:30Z,74,77,low
2024-04-20T00:30Z,2024-04-20T01:00Z,69,75,low
2024-04-20T01:00Z,2024-04-20T01:30Z,82,68,low
2024-04-20T01:30Z,2024-04-20T02:00Z,87,68,low
2024-04-20T02:00Z,2024-04-20T02:30Z,74,70,low
2024-04-20T02:30Z,2024-04-20T03:00Z,75,76,low
2024-04-20T03:00Z,2024-04-20T03:30Z,78,77,low
2024-04-20T03:30Z,2024-04-20T04:00Z,85,76,low
2024-04-20T04:00Z,2024-04-20T04:30Z,85,77,low
2024-04-20T04:30Z,2024-04-20T05:00Z,82,79,low
2024-04-20T05:00Z,2024-04-20T05:30Z,84,82,low
2024-04-20T05:30Z,2024-04-20T06:00Z,89,73,low
2024-04-20T06:00Z,2024-04-20T06:30Z,86,68,low
2024-04-20T06:30Z,2024-04-20T07:00Z,71,71,low
2024-04-20T07:00Z,2024-04-20T07:30Z,65,61,low
2024-04-20T07:30Z,2024-04-20T08:00Z,68,57,low
2024-04-20T08:00Z,2024-04-20T08:30Z,58,54,low
2024-04-20T08:30Z,2024-04-20T09:00Z,53,53,low
2024-04-20T09:00Z,2024-04-20T09:30Z,49,51,low
2024-04-20T09:30Z,2024-04-20T10:00Z,48,51,low
2024-04-20T10:00Z,2024-04-20T10:30Z,55,50,low
2024-04-20T10:30Z,2024-04-20T11:00Z,48,53,low
2024-04-20T11:00Z,2024-04-20T11:30Z,49,52,low
2024-04-20T11:30Z,2024-04-20T12:00Z,51,55,low
2024-04-20T12:00Z,2024-04-20T12:30Z,52,59,low
2024-04-20T12:30Z,2024-04-20T13:00Z,52,55,low
2024-04-20T13:00Z,2024-04-20T13:30Z,52,55,low
2024-04-20T13:30Z,2024-04-20T14:00Z,55,56,low
2024-04-20T14:00Z,2024-04-20T14:30Z,52,61,low
2024-04-20T14:30Z,2024-04-20T15:00Z,57,68,low
2024-04-20T15:00Z,2024-04-20T15:30Z,65,79,low
2024-04-20T15:30Z,2024-04-20T16:00Z,74,92,low
2024-04-20T16:00Z,2024-04-20T16:30Z,84,104,low
2024-04-20T16:30Z,2024-04-20T17:00Z,96,116,moderate
2024-04-20T17:00Z,2024-04-20T17:30Z,110,118,moderate
2024-04-20T17:30Z,2024-04-20T18:00Z,127,118,moderate
2024-04-20T18:00Z,2024-04-20T18:30Z,128,124,moderate
2024-04-20T18:30Z,2024-04-20T19:00Z,124,126,moderate
2024-04-20T19:00Z,2024-04-20T19:30Z,126,127,moderate
2024-04-20T19:30Z,2024-04-20T20:00Z,122,133,moderate
2024-04-20T20:00Z,2024-04-20T20:30Z,120,132,moderate
2024-04-20T20:30Z,2024-04-20T21:00Z,137,130,moderate
2024-04-20T21:00Z,2024-04-20T21:30Z,136,118,moderate
2024-04-20T21:30Z,2024-04-20T22:00Z,129,106,low
2024-04-20T22:00Z,2024-04-20T22:30Z,122,101,low
2024-04-20T22:30Z,2024-04-20T23:00Z,114,91,low
2024-04-20T23:00Z,2024-04-20T23:30Z,115,84,low
2024-04-20T23:30Z,2024-04-21T00:00Z,93,85,low
2024-04-21T00:00Z,2024-04-21T00:30Z,88,84,low
2024-04-21T00:30Z,2024-04-21T01:00Z,89,84,low
2024-04-21T01:00Z,2024-04-21T01:30Z,87,84,low
2024-04-21T01:30Z,2024-04-21T02:00Z,81,84,low
2024-04-21T02:00Z,2024-04-21T02:30Z,85,83,low
2024-04-21T02:30Z,2024-04-21T03:00Z,84,83,low
2024-04-21T03:00Z,2024-04-21T03:30Z,85,83,low
2024-04-21T03:30Z,2024-04-21T04:00Z,84,82,low
2024-04-21T04:00Z,2024-04-21T04:30Z,89,83,low
2024-04-21T04:30Z,2024-04-21T05:00Z,87,86,low
2024-04-21T05:00Z,2024-04-21T05:30Z,85,85,low
2024-04-21T05:30Z,2024-04-21T06:00Z,85,85,low
2024-04-21T06:00Z,2024-04-21T06:30Z,88,82,low
2024-04-21T06:30Z,2024-04-21T07:00Z,83,78,low
2024-04-21T07:00Z,2024-04-21T07:30Z,81,75,low
2024-04-21T07:30Z,2024-04-21T08:00Z,75,73,low
2024-04-21T08:00Z,2024-04-21T08:30Z,68,73,low
2024-04-21T08:30Z,2024-04-21T09:00Z,65,72,low
2024-04-21T09:00Z,2024-04-21T09:30Z,68,71,low
2024-04-21T09:30Z,2024-04-21T10:00Z,64,74,low
2024-04-21T10:00Z,2024-04-21T10:30Z,64,77,low
2024-04-21T10:30Z,2024-04-21T11:00Z,63,77,low
2024-04-21T11:00Z,2024-04-21T11:30Z,69,78,low
2024-04-21T11:30Z,2024-04-21T12:00Z,70,81,low
2024-04-21T12:00Z,2024-04-21T12:30Z,71,81,low
2024-04-21T12:30Z,2024-04-21T13:00Z,76,82,low
2024-04-21T13:00Z,2024-04-21T13:30Z,77,85,low
2024-04-21T13:30Z,2024-04-21T14:00Z,77,84,low
2024-04-21T14:00Z,2024-04-21T14:30Z,83,94,low
2024-04-21T14:30Z,2024-04-21T15:00Z,83,99,low
2024-04-21T15:00Z,2024-04-21T15:30Z,95,118,moderate
2024-04-21T15:30Z,2024-04-21T16:00Z,94,133,moderate
2024-04-21T16:00Z,2024-04-21T16:30Z,123,139,moderate
2024-04-21T16:30Z,2024-04-21T17:00Z,134,145,moderate
2024-04-21T17:00Z,2024-04-21T17:30Z,143,154,moderate
2024-04-21T17:30Z,2024-04-21T18:00Z,148,157,moderate
2024-04-21T18:00Z,2024-04-21T18:30Z,146,160,moderate
2024-04-21T18:30Z,2024-04-21T19:00Z,154,163,moderate
2024-04-21T19:00Z,2024-04-21T19:30Z,156,165,moderate
2024-04-21T19:30Z,2024-04-21T20:00Z,157,163,moderate
2024-04-21T20:00Z,2024-04-21T20:30Z,164,161,moderate
2024-04-21T20:30Z,2024-04-21T21:00Z,159,160,moderate
2024-04-21T21:00Z,2024-04-21T21:30Z,154,156,moderate
2024-04-21T21:30Z,2024-04-21T22:00Z,153,157,moderate
2024-04-21T22:00Z,2024-04-21T22:30Z,146,154,moderate
2024-04-21T22:30Z,2024-04-21T23:00Z,139,161,moderate
2024-04-21T23:00Z,2024-04-21T23:30Z,142,163,moderate
2024-04-21T23:30Z,2024-04-22T00:00Z,144,168,moderate
2024-04-22T00:00Z,2024-04-22T00:30Z,165,172,moderate
2024-04-22T00:30Z,2024-04-22T01:00Z,172,165,moderate
2024-04-22T01:00Z,2024-04-22T01:30Z,171,163,moderate
2024-04-22T01:30Z,2024-04-22T02:00Z,173,167,moderate
2024-04-22T02:00Z,2024-04-22T02:30Z,169,166,moderate
2024-04-22T02:30Z,2024-04-22T03:00Z,172,166,moderate
2024-04-22T03:00Z,2024-04-22T03:30Z,172,164,moderate
2024-04-22T03:30Z,2024-04-22T04:00Z,173,182,moderate
2024-04-22T04:00Z,2024-04-22T04:30Z,176,186,moderate
2024-04-22T04:30Z,2024-04-22T05:00Z,188,206,high
2024-04-22T05:00Z,2024-04-22T05:30Z,192,216,high
2024-04-22T05:30Z,2024-04-22T06:00Z,207,204,high
2024-04-22T06:00Z,2024-04-22T06:30Z,216,202,high
2024-04-22T06:30Z,2024-04-22T07:00Z,202,195,high
2024-04-22T07:00Z,2024-04-22T07:30Z,200,196,high
2024-04-22T07:30Z,2024-04-22T08:00Z,190,194,high
2024-04-22T08:00Z,2024-04-22T08:30Z,193,189,moderate
2024-04-22T08:30Z,2024-04-22T09:00Z,190,191,high
2024-04-22T09:00Z,2024-04-22T09:30Z,186,190,high
2024-04-22T09:30Z,2024-04-22T10:00Z,188,192,high
2024-04-22T10:00Z,2024-04-22T10:30Z,189,188,moderate
2024-04-22T10:30Z,2024-04-22T11:00Z,189,186,moderate
2024-04-22T11:00Z,2024-04-22T11:30Z,185,185,moderate
2024-04-22T11:30Z,2024-04-22T12:00Z,183,184,moderate
2024-04-22T12:00Z,2024-04-22T12:30Z,182,184,moderate
2024-04-22T12:30Z,2024-04-22T13:00Z,182,191,high
2024-04-22T13:00Z,2024-04-22T13:30Z,183,192,high
2024-04-22T13:30Z,2024-04-22T14:00Z,190,190,high
2024-04-22T14:00Z,2024-04-22T14:30Z,194,195,high
2024-04-22T14:30Z,2024-04-22T15:00Z,195,204,high
2024-04-22T15:00Z,2024-04-22T15:30Z,196,210,high
2024-04-22T15:30Z,2024-04-22T16:00Z,196,202,high
2024-04-22T16:00Z,2024-04-22T16:30Z,199,197,high
2024-04-22T16:30Z,2024-04-22T17:00Z,203,207,high
2024-04-22T17:00Z,2024-04-22T17:30Z,205,212,high
2024-04-22T17:30Z,2024-04-22T18:00Z,210,215,high
2024-04-22T18:00Z,2024-04-22T18:30Z,219,217,high
2024-04-22T18:30Z,2024-04-22T19:00Z,218,218,high
2024-04-22T19:00Z,2024-04-22T19:30Z,220,216,high
2024-04-22T19:30Z,2024-04-22T20:00Z,221,218,high
2024-04-22T20:00Z,2024-04-22T20:30Z,222,210,high
2024-04-22T20:30Z,2024-04-22T21:00Z,219,206,high
2024-04-22T21:00Z,2024-04-22T21:30Z,220,194,high
2024-04-22T21:30Z,2024-04-22T22:00Z,263,182,moderate
2024-04-22T22:00Z,2024-04-22T22:30Z,194,175,moderate
2024-04-22T22:30Z,2024-04-22T23:00Z,184,170,moderate
2024-04-22T23:00Z,2024-04-22T23:30Z,184,168,moderate
2024-04-22T23:30Z,2024-04-23T00:00Z,167,165,moderate
2024-04-23T00:00Z,2024-04-23T00:30Z,174,165,moderate
2024-04-23T00:30Z,2024-04-23T01:00Z,170,160,moderate
2024-04-23T01:00Z,2024-04-23T01:30Z,165,156,moderate
2024-04-23T01:30Z,2024-04-23T02:00Z,165,152,moderate
2024-04-23T02:00Z,2024-04-23T02:30Z,162,152,moderate
2024-04-23T02:30Z,2024-04-23T03:00Z,153,152,moderate
2024-04-23T03:00Z,2024-04-23T03:30Z,154,149,moderate
2024-04-23T03:30Z,2024-04-23T04:00Z,157,158,moderate
2024-04-23T04:00Z,2024-04-23T04:30Z,157,164,moderate
2024-04-23T04:30Z,2024-04-23T05:00Z,163,182,moderate
2024-04-23T05:00Z,2024-04-23T05:30Z,172,188,moderate
2024-04-23T05:30Z,2024-04-23T06:00Z,202,182,moderate
2024-04-23T06:00Z,2024-04-23T06:30Z,181,183,moderate
2024-04-23T06:30Z,2024-04-23T07:00Z,177,182,moderate
2024-04-23T07:00Z,2024-04-23T07:30Z,178,181,moderate
2024-04-23T07:30Z,2024-04-23T08:00Z,181,173,moderate
2024-04-23T08:00Z,2024-04-23T08:30Z,182,166,moderate
2024-04-23T08:30Z,2024-04-23T09:00Z,173,162,moderate
2024-04-23T09:00Z,2024-04-23T09:30Z,169,159,moderate
2024-04-23T09:30Z,2024-04-23T10:00Z,159,146,moderate
2024-04-23T10:00Z,2024-04-23T10:30Z,155,130,moderate
2024-04-23T10:30Z,2024-04-23T11:00Z,145,128,moderate
2024-04-23T11:00Z,2024-04-23T11:30Z,138,121,moderate
2024-04-23T11:30Z,2024-04-23T12:00Z,121,116,moderate
2024-04-23T12:00Z,2024-04-23T12:30Z,116,104,low
2024-04-23T12:30Z,2024-04-23T13:00Z,118,108,low
2024-04-23T13:00Z,2024-04-23T13:30Z,110,106,low
2024-04-23T13:30Z,2024-04-23T14:00Z,102,114,moderate
2024-04-23T14:00Z,2024-04-23T14:30Z,102,119,moderate
2024-04-23T14:30Z,2024-04-23T15:00Z,97,124,moderate
2024-04-23T15:00Z,2024-04-23T15:30Z,120,123,moderate
2024-04-23T15:30Z,2024-04-23T16:00Z,126,121,moderate
2024-04-23T16:00Z,2024-04-23T16:30Z,129,124,moderate
2024-04-23T16:30Z,2024-04-23T17:00Z,140,129,moderate
2024-04-23T17:00Z,2024-04-23T17:30Z,144,136,moderate
2024-04-23T17:30Z,2024-04-23T18:00Z,139,146,moderate
2024-04-23T18:00Z,2024-04-23T18:30Z,146,151,moderate
2024-04-23T18:30Z,2024-04-23T19:00Z,159,152,moderate
2024-04-23T19:00Z,2024-04-23T19:30Z,156,152,moderate
2024-04-23T19:30Z,2024-04-23T20:00Z,150,156,moderate
2024-04-23T20:00Z,2024-04-23T20:30Z,145,148,moderate
2024-04-23T20:30Z,2024-04-23T21:00Z,147,140,moderate
2024-04-23T21:00Z,2024-04-23T21:30Z,138,128,moderate
2024-04-23T21:30Z,2024-04-23T22:00Z,137,93,low
2024-04-23T22:00Z,2024-04-23T22:30Z,134,85,low
2024-04-23T22:30Z,2024-04-23T23:00Z,111,86,low
2024-04-23T23:00Z,2024-04-23T23:30Z,127,84,low
2024-04-23T23:30Z,2024-04-24T00:00Z,94,80,low
2024-04-24T00:00Z,2024-04-24T00:30Z,89,80,low
2024-04-24T00:30Z,2024-04-24T01:00Z,89,81,low
2024-04-24T01:00Z,2024-04-24T01:30Z,87,85,low
2024-04-24T01:30Z,2024-04-24T02:00Z,88,90,low
2024-04-24T02:00Z,2024-04-24T02:30Z,87,85,low
2024-04-24T02:30Z,2024-04-24T03:00Z,89,86,low
2024-04-24T03:00Z,2024-04-24T03:30Z,91,88,low
2024-04-24T03:30Z,2024-04-24T04:00Z,90,97,low
2024-04-24T04:00Z,2024-04-24T04:30Z,92,108,low
2024-04-24T04:30Z,2024-04-24T05:00Z,102,130,moderate
2024-04-24T05:00Z,2024-04-24T05:30Z,122,139,moderate
2024-04-24T05:30Z,2024-04-24T06:00Z,133,137,moderate
2024-04-24T06:00Z,2024-04-24T06:30Z,145,139,moderate
2024-04-24T06:30Z,2024-04-24T07:00Z,148,135,moderate
2024-04-24T07:00Z,2024-04-24T07:30Z,139,130,moderate
2024-04-24T07:30Z,2024-04-24T08:00Z,129,123,moderate
2024-04-24T08:00Z,2024-04-24T08:30Z,116,120,moderate
2024-04-24T08:30Z,2024-04-24T09:00Z,111,123,moderate
2024-04-24T09:00Z,2024-04-24T09:30Z,111,121,moderate
2024-04-24T09:30Z,2024-04-24T10:00Z,118,117,moderate
2024-04-24T10:00Z,2024-04-24T10:30Z,118,121,moderate
2024-04-24T10:30Z,2024-04-24T11:00Z,115,120,moderate
2024-04-24T11:00Z,2024-04-24T11:30Z,120,118,moderate
2024-04-24T11:30Z,2024-04-24T12:00Z,118,121,moderate
2024-04-24T12:00Z,2024-04-24T12:30Z,112,119,moderate
2024-04-24T12:30Z,2024-04-24T13:00Z,118,116,moderate
2024-04-24T13:00Z,2024-04-24T13:30Z,118,115,moderate
2024-04-24T13:30Z,2024-04-24T14:00Z,114,115,moderate
2024-04-24T14:00Z,2024-04-24T14:30Z,111,123,moderate
2024-04-24T14:30Z,2024-04-24T15:00Z,117,125,moderate
2024-04-24T15:00Z,2024-04-24T15:30Z,129,134,moderate
2024-04-24T15:30Z,2024-04-24T16:00Z,138,145,moderate
2024-04-24T16:00Z,2024-04-24T16:30Z,139,157,moderate
2024-04-24T16:30Z,2024-04-24T17:00Z,148,164,moderate
2024-04-24T17:00Z,2024-04-24T17:30Z,161,166,moderate
2024-04-24T17:30Z,2024-04-24T18:00Z,169,168,moderate
2024-04-24T18:00Z,2024-04-24T18:30Z,167,171,moderate
2024-04-24T18:30Z,2024-04-24T19:00Z,177,178,moderate
2024-04-24T19:00Z,2024-04-24T19:30Z,183,176,moderate
2024-04-24T19:30Z,2024-04-24T20:00Z,182,173,moderate
2024-04-24T20:00Z,2024-04-24T20:30Z,184,178,moderate
2024-04-24T20:30Z,2024-04-24T21:00Z,176,175,moderate
2024-04-24T21:00Z,2024-04-24T21:30Z,179,166,moderate
2024-04-24T21:30Z,2024-04-24T22:00Z,168,158,moderate
2024-04-24T22:00Z,2024-04-24T22:30Z,157,151,moderate
2024-04-24T22:30Z,2024-04-24T23:00Z,159,158,moderate
2024-04-24T23:00Z,2024-04-24T23:30Z,148,158,moderate
2024-04-24T23:30Z,2024-04-25T00:00Z,158,168,moderate
2024-04-25T00:00Z,2024-04-25T00:30Z,161,168,moderate
2024-04-25T00:30Z,2024-04-25T01:00Z,171,159,moderate
2024-04-25T01:00Z,2024-04-25T01:30Z,167,151,moderate
2024-04-25T01:30Z,2024-04-25T02:00Z,162,148,moderate
2024-04-25T02:00Z,2024-04-25T02:30Z,147,141,moderate
2024-04-25T02:30Z,2024-04-25T03:00Z,143,154,moderate
2024-04-25T03:00Z,2024-04-25T03:30Z,134,151,moderate
2024-04-25T03:30Z,2024-04-25T04:00Z,156,157,moderate
2024-04-25T04:00Z,2024-04-25T04:30Z,167,164,moderate
2024-04-25T04:30Z,2024-04-25T05:00Z,171,173,moderate
2024-04-25T05:00Z,2024-04-25T05:30Z,186,192,high
2024-04-25T05:30Z,2024-04-25T06:00Z,177,185,moderate
2024-04-25T06:00Z,2024-04-25T06:30Z,202,186,moderate
2024-04-25T06:30Z,2024-04-25T07:00Z,190,176,moderate
2024-04-25T07:00Z,2024-04-25T07:30Z,183,171,moderate
2024-04-25T07:30Z,2024-04-25T08:00Z,176,170,moderate
2024-04-25T08:00Z,2024-04-25T08:30Z,171,165,moderate
2024-04-25T08:30Z,2024-04-25T09:00Z,169,164,moderate
2024-04-25T09:00Z,2024-04-25T09:30Z,164,161,moderate
2024-04-25T09:30Z,2024-04-25T10:00Z,170,155,moderate
2024-04-25T10:00Z,2024-04-25T10:30Z,161,150,moderate
2024-04-25T10:30Z,2024-04-25T11:00Z,158,150,moderate
2024-04-25T11:00Z,2024-04-25T11:30Z,150,154,moderate
2024-04-25T11:30Z,2024-04-25T12:00Z,150,155,moderate
2024-04-25T12:00Z,2024-04-25T12:30Z,155,156,moderate
2024-04-25T12:30Z,2024-04-25T13:00Z,158,162,moderate
2024-04-25T13:00Z,2024-04-25T13:30Z,159,161,moderate
2024-04-25T13:30Z,2024-04-25T14:00Z,167,164,moderate
2024-04-25T14:00Z,2024-04-25T14:30Z,166,177,moderate
2024-04-25T14:30Z,2024-04-25T15:00Z,168,185,moderate
2024-04-25T15:00Z,2024-04-25T15:30Z,167,194,high
2024-04-25T15:30Z,2024-04-25T16:00Z,183,197,high
2024-04-25T16:00Z,2024-04-25T16:30Z,190,199,high
2024-04-25T16:30Z,2024-04-25T17:00Z,203,199,high
2024-04-25T17:00Z,2024-04-25T17:30Z,202,204,high
2024-04-25T17:30Z,2024-04-25T18:00Z,207,208,high
2024-04-25T18:00Z,2024-04-25T18:30Z,205,212,high
2024-04-25T18:30Z,2024-04-25T19:00Z,211,212,high
2024-04-25T19:00Z,2024-04-25T19:30Z,216,215,high
2024-04-25T19:30Z,2024-04-25T20:00Z,220,222,high
2024-04-25T20:00Z,2024-04-25T20:30Z,220,219,high
2024-04-25T20:30Z,2024-04-25T21:00Z,228,212,high
2024-04-25T21:00Z,2024-04-25T21:30Z,224,196,high
2024-04-25T21:30Z,2024-04-25T22:00Z,212,178,moderate
2024-04-25T22:00Z,2024-04-25T22:30Z,201,174,moderate
2024-04-25T22:30Z,2024-04-25T23:00Z,192,173,moderate
2024-04-25T23:00Z,2024-04-25T23:30Z,172,168,moderate
2024-04-25T23:30Z,2024-04-26T00:00Z,148,165,moderate
2024-04-26T00:00Z,2024-04-26T00:30Z,174,168,moderate
2024-04-26T00:30Z,2024-04-26T01:00Z,168,169,moderate
2024-04-26T01:00Z,2024-04-26T01:30Z,166,168,moderate
2024-04-26T01:30Z,2024-04-26T02:00Z,171,164,moderate
2024-04-26T02:00Z,2024-04-26T02:30Z,167,162,moderate
2024-04-26T02:30Z,2024-04-26T03:00Z,167,168,moderate
2024-04-26T03:00Z,2024-04-26T03:30Z,166,166,moderate
2024-04-26T03:30Z,2024-04-26T04:00Z,173,176,moderate
2024-04-26T04:00Z,2024-04-26T04:30Z,172,180,moderate
2024-04-26T04:30Z,2024-04-26T05:00Z,194,195,high
2024-04-26T05:00Z,2024-04-26T05:30Z,193,209,high
2024-04-26T05:30Z,2024-04-26T06:00Z,206,208,high
2024-04-26T06:00Z,2024-04-26T06:30Z,212,213,high
2024-04-26T06:30Z,2024-04-26T07:00Z,206,209,high
2024-04-26T07:00Z,2024-04-26T07:30Z,217,201,high
2024-04-26T07:30Z,2024-04-26T08:00Z,208,194,high
2024-04-26T08:00Z,2024-04-26T08:30Z,203,193,high
2024-04-26T08:30Z,2024-04-26T09:00Z,191,190,high
2024-04-26T09:00Z,2024-04-26T09:30Z,192,190,high
2024-04-26T09:30Z,2024-04-26T10:00Z,191,187,moderate
2024-04-26T10:00Z,2024-04-26T10:30Z,192,183,moderate
2024-04-26T10:30Z,2024-04-26T11:00Z,191,183,moderate
2024-04-26T11:00Z,2024-04-26T11:30Z,181,185,moderate
2024-04-26T11:30Z,2024-04-26T12:00Z,184,176,moderate
2024-04-26T12:00Z,2024-04-26T12:30Z,190,174,moderate
2024-04-26T12:30Z,2024-04-26T13:00Z,185,175,moderate
2024-04-26T13:00Z,2024-04-26T13:30Z,178,177,moderate
2024-04-26T13:30Z,2024-04-26T14:00Z,179,192,high
2024-04-26T14:00Z,2024-04-26T14:30Z,183,204,high
2024-04-26T14:30Z,2024-04-26T15:00Z,191,214,high
2024-04-26T15:00Z,2024-04-26T15:30Z,203,218,high
2024-04-26T15:30Z,2024-04-26T16:00Z,213,224,high
2024-04-26T16:00Z,2024-04-26T16:30Z,218,225,high
2024-04-26T16:30Z,2024-04-26T17:00Z,222,224,high
2024-04-26T17:00Z,2024-04-26T17:30Z,226,226,high
2024-04-26T17:30Z,2024-04-26T18:00Z,226,229,high
2024-04-26T18:00Z,2024-04-26T18:30Z,222,231,high
2024-04-26T18:30Z,2024-04-26T19:00Z,229,235,high
2024-04-26T19:00Z,2024-04-26T19:30Z,227,236,high
2024-04-26T19:30Z,2024-04-26T20:00Z,233,238,high
2024-04-26T20:00Z,2024-04-26T20:30Z,232,234,high
2024-04-26T20:30Z,2024-04-26T21:00Z,234,229,high
2024-04-26T21:00Z,2024-04-26T21:30Z,230,215,high
2024-04-26T21:30Z,2024-04-26T22:00Z,224,196,high
2024-04-26T22:00Z,2024-04-26T22:30Z,216,197,high
2024-04-26T22:30Z,2024-04-26T23:00Z,207,193,high
2024-04-26T23:00Z,2024-04-26T23:30Z,193,190,high
2024-04-26T23:30Z,2024-04-27T00:00Z,181,188,moderate
2024-04-27T00:00Z,2024-04-27T00:30Z,189,188,moderate
2024-04-27T00:30Z,2024-04-27T01:00Z,180,187,moderate
2024-04-27T01:00Z,2024-04-27T01:30Z,180,181,moderate
2024-04-27T01:30Z,2024-04-27T02:00Z,179,176,moderate
2024-04-27T02:00Z,2024-04-27T02:30Z,175,169,moderate
2024-04-27T02:30Z,2024-04-27T03:00Z,173,164,moderate
2024-04-27T03:00Z,2024-04-27T03:30Z,169,162,moderate
2024-04-27T03:30Z,2024-04-27T04:00Z,165,161,moderate
2024-04-27T04:00Z,2024-04-27T04:30Z,161,158,moderate
2024-04-27T04:30Z,2024-04-27T05:00Z,163,156,moderate
2024-04-27T05:00Z,2024-04-27T05:30Z,153,153,moderate
2024-04-27T05:30Z,2024-04-27T06:00Z,157,154,moderate
2024-04-27T06:00Z,2024-04-27T06:30Z,155,154,moderate
2024-04-27T06:30Z,2024-04-27T07:00Z,159,149,moderate
2024-04-27T07:00Z,2024-04-27T07:30Z,154,149,moderate
2024-04-27T07:30Z,2024-04-27T08:00Z,149,150,moderate
2024-04-27T08:00Z,2024-04-27T08:30Z,146,149,moderate
2024-04-27T08:30Z,2024-04-27T09:00Z,145,150,moderate
2024-04-27T09:00Z,2024-04-27T09:30Z,145,150,moderate
2024-04-27T09:30Z,2024-04-27T10:00Z,144,155,moderate
2024-04-27T10:00Z,2024-04-27T10:30Z,149,155,moderate
2024-04-27T10:30Z,2024-04-27T11:00Z,141,155,moderate
2024-04-27T11:00Z,2024-04-27T11:30Z,150,155,moderate
2024-04-27T11:30Z,2024-04-27T12:00Z,149,154,moderate
2024-04-27T12:00Z,2024-04-27T12:30Z,149,153,moderate
2024-04-27T12:30Z,2024-04-27T13:00Z,148,154,moderate
2024-04-27T13:00Z,2024-04-27T13:30Z,146,156,moderate
2024-04-27T13:30Z,2024-04-27T14:00Z,145,155,moderate
2024-04-27T14:00Z,2024-04-27T14:30Z,155,153,moderate
2024-04-27T14:30Z,2024-04-27T15:00Z,155,155,moderate
2024-04-27T15:00Z,2024-04-27T15:30Z,153,162,moderate
2024-04-27T15:30Z,2024-04-27T16:00Z,158,161,moderate
2024-04-27T16:00Z,2024-04-27T16:30Z,165,163,moderate
2024-04-27T16:30Z,2024-04-27T17:00Z,161,157,moderate
2024-04-27T17:00Z,2024-04-27T17:30Z,165,155,moderate
2024-04-27T17:30Z,2024-04-27T18:00Z,156,160,moderate
2024-04-27T18:00Z,2024-04-27T18:30Z,155,164,moderate
2024-04-27T18:30Z,2024-04-27T19:00Z,155,167,moderate
2024-04-27T19:00Z,2024-04-27T19:30Z,160,165,moderate
2024-04-27T19:30Z,2024-04-27T20:00Z,166,158,moderate
2024-04-27T20:00Z,2024-04-27T20:30Z,163,148,moderate
2024-04-27T20:30Z,2024-04-27T21:00Z,154,138,moderate
2024-04-27T21:00Z,2024-04-27T21:30Z,149,128,moderate
2024-04-27T21:30Z,2024-04-27T22:00Z,141,116,moderate
2024-04-27T22:00Z,2024-04-27T22:30Z,137,110,moderate
2024-04-27T22:30Z,2024-04-27T23:00Z,113,110,moderate
2024-04-27T23:00Z,2024-04-27T23:30Z,110,106,low
2024-04-27T23:30Z,2024-04-28T00:00Z,113,107,low
2024-04-28T00:00Z,2024-04-28T00:30Z,103,112,moderate
2024-04-28T00:30Z,2024-04-28T01:00Z,101,113,moderate
2024-04-28T01:00Z,2024-04-28T01:30Z,100,106,low
2024-04-28T01:30Z,2024-04-28T02:00Z,106,94,low
2024-04-28T02:00Z,2024-04-28T02:30Z,102,85,low
2024-04-28T02:30Z,2024-04-28T03:00Z,94,88,low
2024-04-28T03:00Z,2024-04-28T03:30Z,83,87,low
2024-04-28T03:30Z,2024-04-28T04:00Z,90,88,low
2024-04-28T04:00Z,2024-04-28T04:30Z,90,90,low
2024-04-28T04:30Z,2024-04-28T05:00Z,87,95,low
2024-04-28T05:00Z,2024-04-28T05:30Z,89,100,low
2024-04-28T05:30Z,2024-04-28T06:00Z,91,98,low
2024-04-28T06:00Z,2024-04-28T06:30Z,97,99,low
2024-04-28T06:30Z,2024-04-28T07:00Z,109,96,low
2024-04-28T07:00Z,2024-04-28T07:30Z,90,100,low
2024-04-28T07:30Z,2024-04-28T08:00Z,97,93,low
2024-04-28T08:00Z,2024-04-28T08:30Z,97,89,low
2024-04-28T08:30Z,2024-04-28T09:00Z,91,94,low
2024-04-28T09:00Z,2024-04-28T09:30Z,82,91,low
2024-04-28T09:30Z,2024-04-28T10:00Z,86,90,low
2024-04-28T10:00Z,2024-04-28T10:30Z,86,87,low
2024-04-28T10:30Z,2024-04-28T11:00Z,82,85,low
2024-04-28T11:00Z,2024-04-28T11:30Z,81,78,low
2024-04-28T11:30Z,2024-04-28T12:00Z,82,73,low
2024-04-28T12:00Z,2024-04-28T12:30Z,77,72,low
2024-04-28T12:30Z,2024-04-28T13:00Z,73,73,low
2024-04-28T13:00Z,2024-04-28T13:30Z,69,72,low
2024-04-28T13:30Z,2024-04-28T14:00Z,67,72,low
2024-04-28T14:00Z,2024-04-28T14:30Z,71,75,low
2024-04-28T14:30Z,2024-04-28T15:00Z,73,80,low
2024-04-28T15:00Z,2024-04-28T15:30Z,77,89,low
2024-04-28T15:30Z,2024-04-28T16:00Z,82,103,low
2024-04-28T16:00Z,2024-04-28T16:30Z,91,105,low
2024-04-28T16:30Z,2024-04-28T17:00Z,101,106,low
2024-04-28T17:00Z,2024-04-28T17:30Z,108,105,low
2024-04-28T17:30Z,2024-04-28T18:00Z,106,110,moderate
2024-04-28T18:00Z,2024-04-28T18:30Z,100,112,moderate
2024-04-28T18:30Z,2024-04-28T19:00Z,98,113,moderate
2024-04-28T19:00Z,2024-04-28T19:30Z,98,110,moderate
2024-04-28T19:30Z,2024-04-28T20:00Z,99,109,low
2024-04-28T20:00Z,2024-04-28T20:30Z,87,95,low
2024-04-28T20:30Z,2024-04-28T21:00Z,86,89,low
2024-04-28T21:00Z,2024-04-28T21:30Z,85,72,low
2024-04-28T21:30Z,2024-04-28T22:00Z,73,61,low
2024-04-28T22:00Z,2024-04-28T22:30Z,59,61,low
2024-04-28T22:30Z,2024-04-28T23:00Z,54,61,low
2024-04-28T23:00Z,2024-04-28T23:30Z,57,58,low
2024-04-28T23:30Z,2024-04-29T00:00Z,81,61,low
2024-04-29T00:00Z,2024-04-29T00:30Z,59,67,low
2024-04-29T00:30Z,2024-04-29T01:00Z,69,69,low
2024-04-29T01:00Z,2024-04-29T01:30Z,63,66,low
2024-04-29T01:30Z,2024-04-29T02:00Z,60,63,low
2024-04-29T02:00Z,2024-04-29T02:30Z,68,65,low
2024-04-29T02:30Z,2024-04-29T03:00Z,66,72,low
2024-04-29T03:00Z,2024-04-29T03:30Z,65,79,low
2024-04-29T03:30Z,2024-04-29T04:00Z,69,99,low
2024-04-29T04:00Z,2024-04-29T04:30Z,81,106,low
2024-04-29T04:30Z,2024-04-29T05:00Z,97,113,moderate
2024-04-29T05:00Z,2024-04-29T05:30Z,102,116,moderate
2024-04-29T05:30Z,2024-04-29T06:00Z,107,111,moderate
2024-04-29T06:00Z,2024-04-29T06:30Z,103,102,low
2024-04-29T06:30Z,2024-04-29T07:00Z,96,89,low
2024-04-29T07:00Z,2024-04-29T07:30Z,89,80,low
2024-04-29T07:30Z,2024-04-29T08:00Z,78,74,low
2024-04-29T08:00Z,2024-04-29T08:30Z,69,63,low
2024-04-29T08:30Z,2024-04-29T09:00Z,63,53,low
2024-04-29T09:00Z,2024-04-29T09:30Z,56,49,low
2024-04-29T09:30Z,2024-04-29T10:00Z,49,49,low
2024-04-29T10:00Z,2024-04-29T10:30Z,46,48,low
2024-04-29T10:30Z,2024-04-29T11:00Z,44,48,low
2024-04-29T11:00Z,2024-04-29T11:30Z,43,41,low
2024-04-29T11:30Z,2024-04-29T12:00Z,47,40,low
2024-04-29T12:00Z,2024-04-29T12:30Z,42,39,low
2024-04-29T12:30Z,2024-04-29T13:00Z,41,42,low
2024-04-29T13:00Z,2024-04-29T13:30Z,35,41,low
2024-04-29T13:30Z,2024-04-29T14:00Z,33,34,very low
2024-04-29T14:00Z,2024-04-29T14:30Z,67,39,low
2024-04-29T14:30Z,2024-04-29T15:00Z,36,50,low
2024-04-29T15:00Z,2024-04-29T15:30Z,41,66,low
2024-04-29T15:30Z,2024-04-29T16:00Z,52,87,low
2024-04-29T16:00Z,2024-04-29T16:30Z,63,101,low
2024-04-29T16:30Z,2024-04-29T17:00Z,65,108,low
2024-04-29T17:00Z,2024-04-29T17:30Z,67,115,moderate
2024-04-29T17:30Z,2024-04-29T18:00Z,111,118,moderate
2024-04-29T18:00Z,2024-04-29T18:30Z,107,122,moderate
2024-04-29T18:30Z,2024-04-29T19:00Z,121,122,moderate
2024-04-29T19:00Z,2024-04-29T19:30Z,122,123,moderate
2024-04-29T19:30Z,2024-04-29T20:00Z,117,114,moderate
2024-04-29T20:00Z,2024-04-29T20:30Z,120,106,low
2024-04-29T20:30Z,2024-04-29T21:00Z,111,101,low
2024-04-29T21:00Z,2024-04-29T21:30Z,107,87,low
2024-04-29T21:30Z,2024-04-29T22:00Z,105,63,low
2024-04-29T22:00Z,2024-04-29T22:30Z,91,59,low
2024-04-29T22:30Z,2024-04-29T23:00Z,91,58,low
2024-04-29T23:00Z,2024-04-29T23:30Z,107,62,low
2024-04-29T23:30Z,2024-04-30T00:00Z,62,65,low
2024-04-30T00:00Z,2024-04-30T00:30Z,69,65,low
2024-04-30T00:30Z,2024-04-30T01:00Z,71,61,low
2024-04-30T01:00Z,2024-04-30T01:30Z,69,63,low
2024-04-30T01:30Z,2024-04-30T02:00Z,68,60,low
2024-04-30T02:00Z,2024-04-30T02:30Z,70,59,low
2024-04-30T02:30Z,2024-04-30T03:00Z,63,58,low
2024-04-30T03:00Z,2024-04-30T03:30Z,64,58,low
2024-04-30T03:30Z,2024-04-30T04:00Z,65,60,low
2024-04-30T04:00Z,2024-04-30T04:30Z,64,63,low
2024-04-30T04:30Z,2024-04-30T05:00Z,67,60,low
2024-04-30T05:00Z,2024-04-30T05:30Z,70,66,low
2024-04-30T05:30Z,2024-04-30T06:00Z,72,66,low
2024-04-30T06:00Z,2024-04-30T06:30Z,73,61,low
2024-04-30T06:30Z,2024-04-30T07:00Z,71,60,low
2024-04-30T07:00Z,2024-04-30T07:30Z,61,55,low
2024-04-30T07:30Z,2024-04-30T08:00Z,60,54,low
2024-04-30T08:00Z,2024-04-30T08:30Z,56,47,low
2024-04-30T08:30Z,2024-04-30T09:00Z,55,45,low
2024-04-30T09:00Z,2024-04-30T09:30Z,50,42,low
2024-04-30T09:30Z,2024-04-30T10:00Z,47,46,low
2024-04-30T10:00Z,2024-04-30T10:30Z,45,42,low
2024-04-30T10:30Z,2024-04-30T11:00Z,47,38,low
2024-04-30T11:00Z,2024-04-30T11:30Z,46,37,low
2024-04-30T11:30Z,2024-04-30T12:00Z,38,38,low
2024-04-30T12:00Z,2024-04-30T12:30Z,42,37,low
2024-04-30T12:30Z,2024-04-30T13:00Z,40,39,low
2024-04-30T13:00Z,2024-04-30T13:30Z,38,42,low
2024-04-30T13:30Z,2024-04-30T14:00Z,42,51,low
2024-04-30T14:00Z,2024-04-30T14:30Z,41,59,low
2024-04-30T14:30Z,2024-04-30T15:00Z,41,57,low
2024-04-30T15:00Z,2024-04-30T15:30Z,50,71,low
2024-04-30T15:30Z,2024-04-30T16:00Z,49,86,low
2024-04-30T16:00Z,2024-04-30T16:30Z,71,97,low
2024-04-30T16:30Z,2024-04-30T17:00Z,83,108,low
2024-04-30T17:00Z,2024-04-30T17:30Z,85,116,moderate
2024-04-30T17:30Z,2024-04-30T18:00Z,109,119,moderate
2024-04-30T18:00Z,2024-04-30T18:30Z,114,121,moderate
2024-04-30T18:30Z,2024-04-30T19:00Z,111,126,moderate
2024-04-30T19:00Z,2024-04-30T19:30Z,118,127,moderate
2024-04-30T19:30Z,2024-04-30T20:00Z,117,125,moderate
2024-04-30T20:00Z,2024-04-30T20:30Z,120,120,moderate
2024-04-30T20:30Z,2024-04-30T21:00Z,122,115,moderate
2024-04-30T21:00Z,2024-04-30T21:30Z,115,105,low
2024-04-30T21:30Z,2024-04-30T22:00Z,116,98,low
2024-04-30T22:00Z,2024-04-30T22:30Z,117,93,low
2024-04-30T22:30Z,2024-04-30T23:00Z,102,105,low
2024-04-30T23:00Z,2024-04-30T23:30Z,94,112,moderate
2024-04-30T23:30Z,2024-05-01T00:00Z,126,115,moderate
2024-05-01T00:00Z,2024-05-01T00:30Z,98,112,moderate
2024-05-01T00:30Z,2024-05-01T01:00Z,115,105,low
2024-05-01T01:00Z,2024-05-01T01:30Z,109,105,low
2024-05-01T01:30Z,2024-05-01T02:00Z,108,103,low
2024-05-01T02:00Z,2024-05-01T02:30Z,104,107,low
2024-05-01T02:30Z,2024-05-01T03:00Z,104,115,moderate
2024-05-01T03:00Z,2024-05-01T03:30Z,106,111,moderate
2024-05-01T03:30Z,2024-05-01T04:00Z,114,121,moderate
2024-05-01T04:00Z,2024-05-01T04:30Z,119,130,moderate
2024-05-01T04:30Z,2024-05-01T05:00Z,116,145,moderate
2024-05-01T05:00Z,2024-05-01T05:30Z,130,160,moderate
2024-05-01T05:30Z,2024-05-01T06:00Z,145,184,moderate
2024-05-01T06:00Z,2024-05-01T06:30Z,172,181,moderate
2024-05-01T06:30Z,2024-05-01T07:00Z,195,180,moderate
2024-05-01T07:00Z,2024-05-01T07:30Z,182,178,moderate
2024-05-01T07:30Z,2024-05-01T08:00Z,179,169,moderate
2024-05-01T08:00Z,2024-05-01T08:30Z,172,164,moderate
2024-05-01T08:30Z,2024-05-01T09:00Z,161,161,moderate
2024-05-01T09:00Z,2024-05-01T09:30Z,159,151,moderate
2024-05-01T09:30Z,2024-05-01T10:00Z,155,144,moderate
2024-05-01T10:00Z,2024-05-01T10:30Z,148,143,moderate
2024-05-01T10:30Z,2024-05-01T11:00Z,142,141,moderate
2024-05-01T11:00Z,2024-05-01T11:30Z,139,136,moderate
2024-05-01T11:30Z,2024-05-01T12:00Z,141,132,moderate
2024-05-01T12:00Z,2024-05-01T12:30Z,134,132,moderate
2024-05-01T12:30Z,2024-05-01T13:00Z,132,133,moderate
2024-05-01T13:00Z,2024-05-01T13:30Z,129,137,moderate
2024-05-01T13:30Z,2024-05-01T14:00Z,126,139,moderate
2024-05-01T14:00Z,2024-05-01T14:30Z,137,139,moderate
2024-05-01T14:30Z,2024-05-01T15:00Z,145,141,moderate
2024-05-01T15:00Z,2024-05-01T15:30Z,145,135,moderate
2024-05-01T15:30Z,2024-05-01T16:00Z,146,134,moderate
2024-05-01T16:00Z,2024-05-01T16:30Z,148,133,moderate
2024-05-01T16:30Z,2024-05-01T17:00Z,145,135,moderate
2024-05-01T17:00Z,2024-05-01T17:30Z,143,133,moderate
2024-05-01T17:30Z,2024-05-01T18:00Z,136,130,moderate
2024-05-01T18:00Z,2024-05-01T18:30Z,137,133,moderate
2024-05-01T18:30Z,2024-05-01T19:00Z,131,133,moderate
2024-05-01T19:00Z,2024-05-01T19:30Z,135,128,moderate
2024-05-01T19:30Z,2024-05-01T20:00Z,138,125,moderate
2024-05-01T20:00Z,2024-05-01T20:30Z,130,114,moderate
2024-05-01T20:30Z,2024-05-01T21:00Z,121,102,low
2024-05-01T21:00Z,2024-05-01T21:30Z,107,87,low
2024-05-01T21:30Z,2024-05-01T22:00Z,121,68,low
2024-05-01T22:00Z,2024-05-01T22:30Z,93,62,low
2024-05-01T22:30Z,2024-05-01T23:00Z,99,59,low
2024-05-01T23:00Z,2024-05-01T23:30Z,101,60,low
2024-05-01T23:30Z,2024-05-02T00:00Z,66,60,low
2024-05-02T00:00Z,2024-05-02T00:30Z,67,60,low
2024-05-02T00:30Z,2024-05-02T01:00Z,65,59,low
2024-05-02T01:00Z,2024-05-02T01:30Z,67,59,low
2024-05-02T01:30Z,2024-05-02T02:00Z,67,62,low
2024-05-02T02:00Z,2024-05-02T02:30Z,65,64,low
2024-05-02T02:30Z,2024-05-02T03:00Z,67,64,low
2024-05-02T03:00Z,2024-05-02T03:30Z,69,65,low
2024-05-02T03:30Z,2024-05-02T04:00Z,69,71,low
2024-05-02T04:00Z,2024-05-02T04:30Z,69,66,low
2024-05-02T04:30Z,2024-05-02T05:00Z,76,64,low
2024-05-02T05:00Z,2024-05-02T05:30Z,71,70,low
2024-05-02T05:30Z,2024-05-02T06:00Z,69,79,low
2024-05-02T06:00Z,2024-05-02T06:30Z,73,79,low
2024-05-02T06:30Z,2024-05-02T07:00Z,92,78,low
2024-05-02T07:00Z,2024-05-02T07:30Z,86,80,low
2024-05-02T07:30Z,2024-05-02T08:00Z,81,78,low
2024-05-02T08:00Z,2024-05-02T08:30Z,84,72,low
2024-05-02T08:30Z,2024-05-02T09:00Z,82,70,low
2024-05-02T09:00Z,2024-05-02T09:30Z,85,65,low
2024-05-02T09:30Z,2024-05-02T10:00Z,81,60,low
2024-05-02T10:00Z,2024-05-02T10:30Z,80,56,low
2024-05-02T10:30Z,2024-05-02T11:00Z,73,51,low
2024-05-02T11:00Z,2024-05-02T11:30Z,69,52,low
2024-05-02T11:30Z,2024-05-02T12:00Z,68,53,low
2024-05-02T12:00Z,2024-05-02T12:30Z,69,50,low
2024-05-02T12:30Z,2024-05-02T13:00Z,67,50,low
2024-05-02T13:00Z,2024-05-02T13:30Z,63,52,low
2024-05-02T13:30Z,2024-05-02T14:00Z,61,52,low
2024-05-02T14:00Z,2024-05-02T14:30Z,64,56,low
2024-05-02T14:30Z,2024-05-02T15:00Z,64,60,low
2024-05-02T15:00Z,2024-05-02T15:30Z,69,71,low
2024-05-02T15:30Z,2024-05-02T16:00Z,63,81,low
2024-05-02T16:00Z,2024-05-02T16:30Z,48,89,low
2024-05-02T16:30Z,2024-05-02T17:00Z,78,95,low
2024-05-02T17:00Z,2024-05-02T17:30Z,91,103,low
2024-05-02T17:30Z,2024-05-02T18:00Z,99,110,moderate
2024-05-02T18:00Z,2024-05-02T18:30Z,108,113,moderate
2024-05-02T18:30Z,2024-05-02T19:00Z,110,113,moderate
2024-05-02T19:00Z,2024-05-02T19:30Z,116,117,moderate
2024-05-02T19:30Z,2024-05-02T20:00Z,114,112,moderate
2024-05-02T20:00Z,2024-05-02T20:30Z,118,100,low
2024-05-02T20:30Z,2024-05-02T21:00Z,116,91,low
2024-05-02T21:00Z,2024-05-02T21:30Z,119,81,low
2024-05-02T21:30Z,2024-05-02T22:00Z,91,72,low
2024-05-02T22:00Z,2024-05-02T22:30Z,82,71,low
2024-05-02T22:30Z,2024-05-02T23:00Z,74,68,low
2024-05-02T23:00Z,2024-05-02T23:30Z,64,69,low
2024-05-02T23:30Z,2024-05-03T00:00Z,64,70,low
2024-05-03T00:00Z,2024-05-03T00:30Z,65,69,low
2024-05-03T00:30Z,2024-05-03T01:00Z,70,72,low
2024-05-03T01:00Z,2024-05-03T01:30Z,73,72,low
2024-05-03T01:30Z,2024-05-03T02:00Z,73,70,low
2024-05-03T02:00Z,2024-05-03T02:30Z,69,73,low
2024-05-03T02:30Z,2024-05-03T03:00Z,74,75,low
2024-05-03T03:00Z,2024-05-03T03:30Z,79,78,low
2024-05-03T03:30Z,2024-05-03T04:00Z,79,80,low
2024-05-03T04:00Z,2024-05-03T04:30Z,79,92,low
2024-05-03T04:30Z,2024-05-03T05:00Z,81,114,moderate
2024-05-03T05:00Z,2024-05-03T05:30Z,88,128,moderate
2024-05-03T05:30Z,2024-05-03T06:00Z,107,137,moderate
2024-05-03T06:00Z,2024-05-03T06:30Z,133,136,moderate
2024-05-03T06:30Z,2024-05-03T07:00Z,144,131,moderate
2024-05-03T07:00Z,2024-05-03T07:30Z,150,128,moderate
2024-05-03T07:30Z,2024-05-03T08:00Z,124,120,moderate
2024-05-03T08:00Z,2024-05-03T08:30Z,128,117,moderate
2024-05-03T08:30Z,2024-05-03T09:00Z,116,122,moderate
2024-05-03T09:00Z,2024-05-03T09:30Z,114,120,moderate
2024-05-03T09:30Z,2024-05-03T10:00Z,116,116,moderate
2024-05-03T10:00Z,2024-05-03T10:30Z,111,112,moderate
2024-05-03T10:30Z,2024-05-03T11:00Z,105,112,moderate
2024-05-03T11:00Z,2024-05-03T11:30Z,108,113,moderate
2024-05-03T11:30Z,2024-05-03T12:00Z,104,113,moderate
2024-05-03T12:00Z,2024-05-03T12:30Z,107,111,moderate
2024-05-03T12:30Z,2024-05-03T13:00Z,108,109,low
2024-05-03T13:00Z,2024-05-03T13:30Z,109,109,low
2024-05-03T13:30Z,2024-05-03T14:00Z,107,110,moderate
2024-05-03T14:00Z,2024-05-03T14:30Z,107,116,moderate
2024-05-03T14:30Z,2024-05-03T15:00Z,109,124,moderate
2024-05-03T15:00Z,2024-05-03T15:30Z,118,132,moderate
2024-05-03T15:30Z,2024-05-03T16:00Z,126,138,moderate
2024-05-03T16:00Z,2024-05-03T16:30Z,138,143,moderate
2024-05-03T16:30Z,2024-05-03T17:00Z,133,142,moderate
2024-05-03T17:00Z,2024-05-03T17:30Z,148,143,moderate
2024-05-03T17:30Z,2024-05-03T18:00Z,147,142,moderate
2024-05-03T18:00Z,2024-05-03T18:30Z,144,148,moderate
2024-05-03T18:30Z,2024-05-03T19:00Z,126,152,moderate
2024-05-03T19:00Z,2024-05-03T19:30Z,141,151,moderate
2024-05-03T19:30Z,2024-05-03T20:00Z,151,148,moderate
2024-05-03T20:00Z,2024-05-03T20:30Z,137,149,moderate
2024-05-03T20:30Z,2024-05-03T21:00Z,140,146,moderate
2024-05-03T21:00Z,2024-05-03T21:30Z,140,136,moderate
2024-05-03T21:30Z,2024-05-03T22:00Z,144,118,moderate
2024-05-03T22:00Z,2024-05-03T22:30Z,153,107,low
2024-05-03T22:30Z,2024-05-03T23:00Z,127,108,low
2024-05-03T23:00Z,2024-05-03T23:30Z,118,107,low
2024-05-03T23:30Z,2024-05-04T00:00Z,119,106,low
2024-05-04T00:00Z,2024-05-04T00:30Z,123,108,low
2024-05-04T00:30Z,2024-05-04T01:00Z,109,109,low
2024-05-04T01:00Z,2024-05-04T01:30Z,110,107,low
2024-05-04T01:30Z,2024-05-04T02:00Z,114,111,moderate
2024-05-04T02:00Z,2024-05-04T02:30Z,112,114,moderate
2024-05-04T02:30Z,2024-05-04T03:00Z,116,112,moderate
2024-05-04T03:00Z,2024-05-04T03:30Z,119,115,moderate
2024-05-04T03:30Z,2024-05-04T04:00Z,121,114,moderate
2024-05-04T04:00Z,2024-05-04T04:30Z,122,113,moderate
2024-05-04T04:30Z,2024-05-04T05:00Z,118,112,moderate
2024-05-04T05:00Z,2024-05-04T05:30Z,115,114,moderate
2024-05-04T05:30Z,2024-05-04T06:00Z,117,120,moderate
2024-05-04T06:00Z,2024-05-04T06:30Z,117,120,moderate
2024-05-04T06:30Z,2024-05-04T07:00Z,118,129,moderate
2024-05-04T07:00Z,2024-05-04T07:30Z,118,129,moderate
2024-05-04T07:30Z,2024-05-04T08:00Z,117,124,moderate
2024-05-04T08:00Z,2024-05-04T08:30Z,115,115,moderate
2024-05-04T08:30Z,2024-05-04T09:00Z,111,113,moderate
2024-05-04T09:00Z,2024-05-04T09:30Z,104,107,low
2024-05-04T09:30Z,2024-05-04T10:00Z,101,107,low
2024-05-04T10:00Z,2024-05-04T10:30Z,97,105,low
2024-05-04T10:30Z,2024-05-04T11:00Z,100,98,low
2024-05-04T11:00Z,2024-05-04T11:30Z,97,98,low
2024-05-04T11:30Z,2024-05-04T12:00Z,90,99,low
2024-05-04T12:00Z,2024-05-04T12:30Z,93,100,low
2024-05-04T12:30Z,2024-05-04T13:00Z,97,94,low
2024-05-04T13:00Z,2024-05-04T13:30Z,98,99,low
2024-05-04T13:30Z,2024-05-04T14:00Z,101,110,moderate
2024-05-04T14:00Z,2024-05-04T14:30Z,103,116,moderate
2024-05-04T14:30Z,2024-05-04T15:00Z,108,121,moderate
2024-05-04T15:00Z,2024-05-04T15:30Z,118,134,moderate
2024-05-04T15:30Z,2024-05-04T16:00Z,126,148,moderate
2024-05-04T16:00Z,2024-05-04T16:30Z,143,159,moderate
2024-05-04T16:30Z,2024-05-04T17:00Z,159,161,moderate
2024-05-04T17:00Z,2024-05-04T17:30Z,169,167,moderate
2024-05-04T17:30Z,2024-05-04T18:00Z,177,175,moderate
2024-05-04T18:00Z,2024-05-04T18:30Z,175,181,moderate
2024-05-04T18:30Z,2024-05-04T19:00Z,190,185,moderate
2024-05-04T19:00Z,2024-05-04T19:30Z,189,188,moderate
2024-05-04T19:30Z,2024-05-04T20:00Z,187,190,high
2024-05-04T20:00Z,2024-05-04T20:30Z,189,191,high
2024-05-04T20:30Z,2024-05-04T21:00Z,188,189,moderate
2024-05-04T21:00Z,2024-05-04T21:30Z,187,184,moderate
2024-05-04T21:30Z,2024-05-04T22:00Z,198,164,moderate
2024-05-04T22:00Z,2024-05-04T22:30Z,197,160,moderate
2024-05-04T22:30Z,2024-05-04T23:00Z,170,157,moderate
2024-05-04T23:00Z,2024-05-04T23:30Z,176,151,moderate
2024-05-04T23:30Z,2024-05-05T00:00Z,185,156,moderate
2024-05-05T00:00Z,2024-05-05T00:30Z,158,158,moderate
2024-05-05T00:30Z,2024-05-05T01:00Z,160,161,moderate
2024-05-05T01:00Z,2024-05-05T01:30Z,165,162,moderate
2024-05-05T01:30Z,2024-05-05T02:00Z,168,161,moderate
2024-05-05T02:00Z,2024-05-05T02:30Z,171,161,moderate
2024-05-05T02:30Z,2024-05-05T03:00Z,162,159,moderate
2024-05-05T03:00Z,2024-05-05T03:30Z,164,156,moderate
2024-05-05T03:30Z,2024-05-05T04:00Z,168,157,moderate
2024-05-05T04:00Z,2024-05-05T04:30Z,163,158,moderate
2024-05-05T04:30Z,2024-05-05T05:00Z,166,167,moderate
2024-05-05T05:00Z,2024-05-05T05:30Z,164,167,moderate
2024-05-05T05:30Z,2024-05-05T06:00Z,177,169,moderate
2024-05-05T06:00Z,2024-05-05T06:30Z,170,168,moderate
2024-05-05T06:30Z,2024-05-05T07:00Z,173,163,moderate
2024-05-05T07:00Z,2024-05-05T07:30Z,169,156,moderate
2024-05-05T07:30Z,2024-05-05T08:00Z,164,147,moderate
2024-05-05T08:00Z,2024-05-05T08:30Z,155,142,moderate
2024-05-05T08:30Z,2024-05-05T09:00Z,145,137,moderate
2024-05-05T09:00Z,2024-05-05T09:30Z,139,132,moderate
2024-05-05T09:30Z,2024-05-05T10:00Z,138,131,moderate
2024-05-05T10:00Z,2024-05-05T10:30Z,136,131,moderate
2024-05-05T10:30Z,2024-05-05T11:00Z,130,128,moderate
2024-05-05T11:00Z,2024-05-05T11:30Z,132,129,moderate
2024-05-05T11:30Z,2024-05-05T12:00Z,131,132,moderate
2024-05-05T12:00Z,2024-05-05T12:30Z,134,134,moderate
2024-05-05T12:30Z,2024-05-05T13:00Z,134,138,moderate
2024-05-05T13:00Z,2024-05-05T13:30Z,136,140,moderate
2024-05-05T13:30Z,2024-05-05T14:00Z,137,148,moderate
2024-05-05T14:00Z,2024-05-05T14:30Z,140,153,moderate
2024-05-05T14:30Z,2024-05-05T15:00Z,146,167,moderate
2024-05-05T15:00Z,2024-05-05T15:30Z,156,176,moderate
2024-05-05T15:30Z,2024-05-05T16:00Z,176,184,moderate
2024-05-05T16:00Z,2024-05-05T16:30Z,179,187,moderate
2024-05-05T16:30Z,2024-05-05T17:00Z,193,190,high
2024-05-05T17:00Z,2024-05-05T17:30Z,200,195,high
2024-05-05T17:30Z,2024-05-05T18:00Z,200,193,high
2024-05-05T18:00Z,2024-05-05T18:30Z,204,198,high
2024-05-05T18:30Z,2024-05-05T19:00Z,199,202,high
2024-05-05T19:00Z,2024-05-05T19:30Z,205,202,high
2024-05-05T19:30Z,2024-05-05T20:00Z,206,202,high
2024-05-05T20:00Z,2024-05-05T20:30Z,206,202,high
2024-05-05T20:30Z,2024-05-05T21:00Z,196,192,high
2024-05-05T21:00Z,2024-05-05T21:30Z,204,181,moderate
2024-05-05T21:30Z,2024-05-05T22:00Z,198,162,moderate
2024-05-05T22:00Z,2024-05-05T22:30Z,182,157,moderate
2024-05-05T22:30Z,2024-05-05T23:00Z,173,155,moderate
2024-05-05T23:00Z,2024-05-05T23:30Z,170,155,moderate
2024-05-05T23:30Z,2024-05-06T00:00Z,172,159,moderate
2024-05-06T00:00Z,2024-05-06T00:30Z,162,165,moderate
2024-05-06T00:30Z,2024-05-06T01:00Z,165,167,moderate
2024-05-06T01:00Z,2024-05-06T01:30Z,172,165,moderate
2024-05-06T01:30Z,2024-05-06T02:00Z,176,163,moderate
2024-05-06T02:00Z,2024-05-06T02:30Z,172,161,moderate
2024-05-06T02:30Z,2024-05-06T03:00Z,173,168,moderate
2024-05-06T03:00Z,2024-05-06T03:30Z,174,166,moderate
2024-05-06T03:30Z,2024-05-06T04:00Z,182,177,moderate
2024-05-06T04:00Z,2024-05-06T04:30Z,180,173,moderate
2024-05-06T04:30Z,2024-05-06T05:00Z,181,169,moderate
2024-05-06T05:00Z,2024-05-06T05:30Z,180,169,moderate
2024-05-06T05:30Z,2024-05-06T06:00Z,173,163,moderate
2024-05-06T06:00Z,2024-05-06T06:30Z,170,161,moderate
2024-05-06T06:30Z,2024-05-06T07:00Z,167,163,moderate
2024-05-06T07:00Z,2024-05-06T07:30Z,169,160,moderate
2024-05-06T07:30Z,2024-05-06T08:00Z,159,153,moderate
2024-05-06T08:00Z,2024-05-06T08:30Z,156,148,moderate
2024-05-06T08:30Z,2024-05-06T09:00Z,155,145,moderate
2024-05-06T09:00Z,2024-05-06T09:30Z,153,142,moderate
2024-05-06T09:30Z,2024-05-06T10:00Z,138,138,moderate
2024-05-06T10:00Z,2024-05-06T10:30Z,144,138,moderate
2024-05-06T10:30Z,2024-05-06T11:00Z,138,131,moderate
2024-05-06T11:00Z,2024-05-06T11:30Z,139,130,moderate
2024-05-06T11:30Z,2024-05-06T12:00Z,132,132,moderate
2024-05-06T12:00Z,2024-05-06T12:30Z,131,130,moderate
2024-05-06T12:30Z,2024-05-06T13:00Z,131,132,moderate
2024-05-06T13:00Z,2024-05-06T13:30Z,129,132,moderate
2024-05-06T13:30Z,2024-05-06T14:00Z,131,132,moderate
2024-05-06T14:00Z,2024-05-06T14:30Z,135,141,moderate
2024-05-06T14:30Z,2024-05-06T15:00Z,137,155,moderate
2024-05-06T15:00Z,2024-05-06T15:30Z,154,168,moderate
2024-05-06T15:30Z,2024-05-06T16:00Z,159,172,moderate
2024-05-06T16:00Z,2024-05-06T16:30Z,177,173,moderate
2024-05-06T16:30Z,2024-05-06T17:00Z,181,182,moderate
2024-05-06T17:00Z,2024-05-06T17:30Z,179,184,moderate
2024-05-06T17:30Z,2024-05-06T18:00Z,180,189,moderate
2024-05-06T18:00Z,2024-05-06T18:30Z,188,194,high
2024-05-06T18:30Z,2024-05-06T19:00Z,191,191,high
2024-05-06T19:00Z,2024-05-06T19:30Z,197,193,high
2024-05-06T19:30Z,2024-05-06T20:00Z,197,191,high
2024-05-06T20:00Z,2024-05-06T20:30Z,197,187,moderate
2024-05-06T20:30Z,2024-05-06T21:00Z,184,183,moderate
2024-05-06T21:00Z,2024-05-06T21:30Z,182,176,moderate
2024-05-06T21:30Z,2024-05-06T22:00Z,170,166,moderate
2024-05-06T22:00Z,2024-05-06T22:30Z,157,160,moderate
2024-05-06T22:30Z,2024-05-06T23:00Z,176,153,moderate
2024-05-06T23:00Z,2024-05-06T23:30Z,165,156,moderate
2024-05-06T23:30Z,2024-05-07T00:00Z,170,155,moderate
2024-05-07T00:00Z,2024-05-07T00:30Z,159,156,moderate
2024-05-07T00:30Z,2024-05-07T01:00Z,159,158,moderate
2024-05-07T01:00Z,2024-05-07T01:30Z,158,157,moderate
2024-05-07T01:30Z,2024-05-07T02:00Z,161,161,moderate
2024-05-07T02:00Z,2024-05-07T02:30Z,164,160,moderate
2024-05-07T02:30Z,2024-05-07T03:00Z,169,164,moderate
2024-05-07T03:00Z,2024-05-07T03:30Z,171,167,moderate
2024-05-07T03:30Z,2024-05-07T04:00Z,167,175,moderate
2024-05-07T04:00Z,2024-05-07T04:30Z,171,184,moderate
2024-05-07T04:30Z,2024-05-07T05:00Z,182,195,high
2024-05-07T05:00Z,2024-05-07T05:30Z,207,193,high
2024-05-07T05:30Z,2024-05-07T06:00Z,208,189,moderate
2024-05-07T06:00Z,2024-05-07T06:30Z,201,181,moderate
2024-05-07T06:30Z,2024-05-07T07:00Z,183,176,moderate
2024-05-07T07:00Z,2024-05-07T07:30Z,177,168,moderate
2024-05-07T07:30Z,2024-05-07T08:00Z,178,160,moderate
2024-05-07T08:00Z,2024-05-07T08:30Z,172,155,moderate
2024-05-07T08:30Z,2024-05-07T09:00Z,157,147,moderate
2024-05-07T09:00Z,2024-05-07T09:30Z,156,142,moderate
2024-05-07T09:30Z,2024-05-07T10:00Z,150,140,moderate
2024-05-07T10:00Z,2024-05-07T10:30Z,136,138,moderate
2024-05-07T10:30Z,2024-05-07T11:00Z,152,136,moderate
2024-05-07T11:00Z,2024-05-07T11:30Z,150,135,moderate
2024-05-07T11:30Z,2024-05-07T12:00Z,133,129,moderate
2024-05-07T12:00Z,2024-05-07T12:30Z,128,130,moderate
2024-05-07T12:30Z,2024-05-07T13:00Z,125,132,moderate
2024-05-07T13:00Z,2024-05-07T13:30Z,132,129,moderate
2024-05-07T13:30Z,2024-05-07T14:00Z,132,137,moderate
2024-05-07T14:00Z,2024-05-07T14:30Z,140,145,moderate
2024-05-07T14:30Z,2024-05-07T15:00Z,150,155,moderate
2024-05-07T15:00Z,2024-05-07T15:30Z,165,167,moderate
2024-05-07T15:30Z,2024-05-07T16:00Z,166,178,moderate
2024-05-07T16:00Z,2024-05-07T16:30Z,172,186,moderate
2024-05-07T16:30Z,2024-05-07T17:00Z,170,188,moderate
2024-05-07T17:00Z,2024-05-07T17:30Z,173,194,high
2024-05-07T17:30Z,2024-05-07T18:00Z,197,197,high
2024-05-07T18:00Z,2024-05-07T18:30Z,202,200,high
2024-05-07T18:30Z,2024-05-07T19:00Z,205,205,high
2024-05-07T19:00Z,2024-05-07T19:30Z,204,212,high
2024-05-07T19:30Z,2024-05-07T20:00Z,207,206,high
2024-05-07T20:00Z,2024-05-07T20:30Z,217,204,high
2024-05-07T20:30Z,2024-05-07T21:00Z,208,196,high
2024-05-07T21:00Z,2024-05-07T21:30Z,205,187,moderate
2024-05-07T21:30Z,2024-05-07T22:00Z,199,171,moderate
2024-05-07T22:00Z,2024-05-07T22:30Z,189,164,moderate
2024-05-07T22:30Z,2024-05-07T23:00Z,172,161,moderate
2024-05-07T23:00Z,2024-05-07T23:30Z,169,160,moderate
2024-05-07T23:30Z,2024-05-08T00:00Z,166,161,moderate
2024-05-08T00:00Z,2024-05-08T00:30Z,165,159,moderate
2024-05-08T00:30Z,2024-05-08T01:00Z,160,160,moderate
2024-05-08T01:00Z,2024-05-08T01:30Z,163,158,moderate
2024-05-08T01:30Z,2024-05-08T02:00Z,166,161,moderate
2024-05-08T02:00Z,2024-05-08T02:30Z,161,161,moderate
2024-05-08T02:30Z,2024-05-08T03:00Z,167,165,moderate
2024-05-08T03:00Z,2024-05-08T03:30Z,166,172,moderate
2024-05-08T03:30Z,2024-05-08T04:00Z,172,182,moderate
2024-05-08T04:00Z,2024-05-08T04:30Z,174,189,moderate
2024-05-08T04:30Z,2024-05-08T05:00Z,193,198,high
2024-05-08T05:00Z,2024-05-08T05:30Z,201,202,high
2024-05-08T05:30Z,2024-05-08T06:00Z,215,201,high
2024-05-08T06:00Z,2024-05-08T06:30Z,207,200,high
2024-05-08T06:30Z,2024-05-08T07:00Z,202,191,high
2024-05-08T07:00Z,2024-05-08T07:30Z,201,182,moderate
2024-05-08T07:30Z,2024-05-08T08:00Z,189,175,moderate
2024-05-08T08:00Z,2024-05-08T08:30Z,179,162,moderate
2024-05-08T08:30Z,2024-05-08T09:00Z,170,143,moderate
2024-05-08T09:00Z,2024-05-08T09:30Z,155,125,moderate
2024-05-08T09:30Z,2024-05-08T10:00Z,136,106,low
2024-05-08T10:00Z,2024-05-08T10:30Z,125,98,low
2024-05-08T10:30Z,2024-05-08T11:00Z,104,94,low
2024-05-08T11:00Z,2024-05-08T11:30Z,97,92,low
2024-05-08T11:30Z,2024-05-08T12:00Z,94,93,low
2024-05-08T12:00Z,2024-05-08T12:30Z,93,90,low
2024-05-08T12:30Z,2024-05-08T13:00Z,95,88,low
2024-05-08T13:00Z,2024-05-08T13:30Z,91,92,low
2024-05-08T13:30Z,2024-05-08T14:00Z,87,91,low
2024-05-08T14:00Z,2024-05-08T14:30Z,96,98,low
2024-05-08T14:30Z,2024-05-08T15:00Z,96,118,moderate
2024-05-08T15:00Z,2024-05-08T15:30Z,105,131,moderate
2024-05-08T15:30Z,2024-05-08T16:00Z,126,152,moderate
2024-05-08T16:00Z,2024-05-08T16:30Z,138,162,moderate
2024-05-08T16:30Z,2024-05-08T17:00Z,164,167,moderate
2024-05-08T17:00Z,2024-05-08T17:30Z,174,172,moderate
2024-05-08T17:30Z,2024-05-08T18:00Z,178,178,moderate
2024-05-08T18:00Z,2024-05-08T18:30Z,179,182,moderate
2024-05-08T18:30Z,2024-05-08T19:00Z,178,183,moderate
2024-05-08T19:00Z,2024-05-08T19:30Z,180,183,moderate
2024-05-08T19:30Z,2024-05-08T20:00Z,184,181,moderate
2024-05-08T20:00Z,2024-05-08T20:30Z,178,175,moderate
2024-05-08T20:30Z,2024-05-08T21:00Z,176,157,moderate
2024-05-08T21:00Z,2024-05-08T21:30Z,171,143,moderate
2024-05-08T21:30Z,2024-05-08T22:00Z,174,134,moderate
2024-05-08T22:00Z,2024-05-08T22:30Z,144,126,moderate
2024-05-08T22:30Z,2024-05-08T23:00Z,169,116,moderate
2024-05-08T23:00Z,2024-05-08T23:30Z,131,112,moderate
2024-05-08T23:30Z,2024-05-09T00:00Z,120,116,moderate
2024-05-09T00:00Z,2024-05-09T00:30Z,130,112,moderate
2024-05-09T00:30Z,2024-05-09T01:00Z,118,110,moderate
2024-05-09T01:00Z,2024-05-09T01:30Z,114,109,low
2024-05-09T01:30Z,2024-05-09T02:00Z,116,111,moderate
2024-05-09T02:00Z,2024-05-09T02:30Z,117,112,moderate
2024-05-09T02:30Z,2024-05-09T03:00Z,119,108,low
2024-05-09T03:00Z,2024-05-09T03:30Z,121,112,moderate
2024-05-09T03:30Z,2024-05-09T04:00Z,117,113,moderate
2024-05-09T04:00Z,2024-05-09T04:30Z,120,115,moderate
2024-05-09T04:30Z,2024-05-09T05:00Z,120,121,moderate
2024-05-09T05:00Z,2024-05-09T05:30Z,123,132,moderate
2024-05-09T05:30Z,2024-05-09T06:00Z,134,150,moderate
2024-05-09T06:00Z,2024-05-09T06:30Z,137,150,moderate
2024-05-09T06:30Z,2024-05-09T07:00Z,154,147,moderate
2024-05-09T07:00Z,2024-05-09T07:30Z,148,140,moderate
2024-05-09T07:30Z,2024-05-09T08:00Z,144,137,moderate
2024-05-09T08:00Z,2024-05-09T08:30Z,137,122,moderate
2024-05-09T08:30Z,2024-05-09T09:00Z,132,113,moderate
2024-05-09T09:00Z,2024-05-09T09:30Z,123,106,low
2024-05-09T09:30Z,2024-05-09T10:00Z,113,103,low
2024-05-09T10:00Z,2024-05-09T10:30Z,109,101,low
2024-05-09T10:30Z,2024-05-09T11:00Z,105,98,low
2024-05-09T11:00Z,2024-05-09T11:30Z,104,97,low
2024-05-09T11:30Z,2024-05-09T12:00Z,100,95,low
2024-05-09T12:00Z,2024-05-09T12:30Z,101,96,low
2024-05-09T12:30Z,2024-05-09T13:00Z,99,95,low
2024-05-09T13:00Z,2024-05-09T13:30Z,103,98,low
2024-05-09T13:30Z,2024-05-09T14:00Z,100,106,low
2024-05-09T14:00Z,2024-05-09T14:30Z,104,115,moderate
2024-05-09T14:30Z,2024-05-09T15:00Z,115,125,moderate
2024-05-09T15:00Z,2024-05-09T15:30Z,126,143,moderate
2024-05-09T15:30Z,2024-05-09T16:00Z,138,158,moderate
2024-05-09T16:00Z,2024-05-09T16:30Z,140,173,moderate
2024-05-09T16:30Z,2024-05-09T17:00Z,166,177,moderate
2024-05-09T17:00Z,2024-05-09T17:30Z,180,186,moderate
2024-05-09T17:30Z,2024-05-09T18:00Z,188,198,high
2024-05-09T18:00Z,2024-05-09T18:30Z,190,200,high
2024-05-09T18:30Z,2024-05-09T19:00Z,198,202,high
2024-05-09T19:00Z,2024-05-09T19:30Z,207,206,high
2024-05-09T19:30Z,2024-05-09T20:00Z,207,208,high
2024-05-09T20:00Z,2024-05-09T20:30Z,211,207,high
2024-05-09T20:30Z,2024-05-09T21:00Z,212,209,high
2024-05-09T21:00Z,2024-05-09T21:30Z,210,202,high
2024-05-09T21:30Z,2024-05-09T22:00Z,210,193,high
2024-05-09T22:00Z,2024-05-09T22:30Z,196,187,moderate
2024-05-09T22:30Z,2024-05-09T23:00Z,193,180,moderate
2024-05-09T23:00Z,2024-05-09T23:30Z,195,174,moderate
2024-05-09T23:30Z,2024-05-10T00:00Z,178,174,moderate
2024-05-10T00:00Z,2024-05-10T00:30Z,180,173,moderate
2024-05-10T00:30Z,2024-05-10T01:00Z,175,170,moderate
2024-05-10T01:00Z,2024-05-10T01:30Z,178,169,moderate
2024-05-10T01:30Z,2024-05-10T02:00Z,176,172,moderate
2024-05-10T02:00Z,2024-05-10T02:30Z,174,174,moderate
2024-05-10T02:30Z,2024-05-10T03:00Z,178,173,moderate
2024-05-10T03:00Z,2024-05-10T03:30Z,178,174,moderate
2024-05-10T03:30Z,2024-05-10T04:00Z,175,178,moderate
2024-05-10T04:00Z,2024-05-10T04:30Z,179,180,moderate
2024-05-10T04:30Z,2024-05-10T05:00Z,185,182,moderate
2024-05-10T05:00Z,2024-05-10T05:30Z,191,186,moderate
2024-05-10T05:30Z,2024-05-10T06:00Z,196,186,moderate
2024-05-10T06:00Z,2024-05-10T06:30Z,202,183,moderate
2024-05-10T06:30Z,2024-05-10T07:00Z,196,180,moderate
2024-05-10T07:00Z,2024-05-10T07:30Z,187,172,moderate
2024-05-10T07:30Z,2024-05-10T08:00Z,180,166,moderate
2024-05-10T08:00Z,2024-05-10T08:30Z,176,155,moderate
2024-05-10T08:30Z,2024-05-10T09:00Z,169,145,moderate
2024-05-10T09:00Z,2024-05-10T09:30Z,157,138,moderate
2024-05-10T09:30Z,2024-05-10T10:00Z,147,129,moderate
2024-05-10T10:00Z,2024-05-10T10:30Z,139,123,moderate
2024-05-10T10:30Z,2024-05-10T11:00Z,133,116,moderate
2024-05-10T11:00Z,2024-05-10T11:30Z,130,110,moderate
2024-05-10T11:30Z,2024-05-10T12:00Z,121,103,low
2024-05-10T12:00Z,2024-05-10T12:30Z,111,100,low
2024-05-10T12:30Z,2024-05-10T13:00Z,103,100,low
2024-05-10T13:00Z,2024-05-10T13:30Z,105,99,low
2024-05-10T13:30Z,2024-05-10T14:00Z,105,100,low
2024-05-10T14:00Z,2024-05-10T14:30Z,105,105,low
2024-05-10T14:30Z,2024-05-10T15:00Z,107,112,moderate
2024-05-10T15:00Z,2024-05-10T15:30Z,114,122,moderate
2024-05-10T15:30Z,2024-05-10T16:00Z,125,136,moderate
2024-05-10T16:00Z,2024-05-10T16:30Z,132,144,moderate
2024-05-10T16:30Z,2024-05-10T17:00Z,146,155,moderate
2024-05-10T17:00Z,2024-05-10T17:30Z,150,159,moderate
2024-05-10T17:30Z,2024-05-10T18:00Z,167,167,moderate
2024-05-10T18:00Z,2024-05-10T18:30Z,173,175,moderate
2024-05-10T18:30Z,2024-05-10T19:00Z,173,179,moderate
2024-05-10T19:00Z,2024-05-10T19:30Z,176,183,moderate
2024-05-10T19:30Z,2024-05-10T20:00Z,179,185,moderate
2024-05-10T20:00Z,2024-05-10T20:30Z,181,189,moderate
2024-05-10T20:30Z,2024-05-10T21:00Z,180,189,moderate
2024-05-10T21:00Z,2024-05-10T21:30Z,166,182,moderate
2024-05-10T21:30Z,2024-05-10T22:00Z,159,163,moderate
2024-05-10T22:00Z,2024-05-10T22:30Z,146,150,moderate
2024-05-10T22:30Z,2024-05-10T23:00Z,191,149,moderate
2024-05-10T23:00Z,2024-05-10T23:30Z,203,145,moderate
2024-05-10T23:30Z,2024-05-11T00:00Z,161,147,moderate
2024-05-11T00:00Z,2024-05-11T00:30Z,145,146,moderate
2024-05-11T00:30Z,2024-05-11T01:00Z,143,134,moderate
2024-05-11T01:00Z,2024-05-11T01:30Z,139,130,moderate
2024-05-11T01:30Z,2024-05-11T02:00Z,139,120,moderate
2024-05-11T02:00Z,2024-05-11T02:30Z,141,118,moderate
2024-05-11T02:30Z,2024-05-11T03:00Z,134,117,moderate
2024-05-11T03:00Z,2024-05-11T03:30Z,136,115,moderate
2024-05-11T03:30Z,2024-05-11T04:00Z,136,116,moderate
2024-05-11T04:00Z,2024-05-11T04:30Z,134,117,moderate
2024-05-11T04:30Z,2024-05-11T05:00Z,133,119,moderate
2024-05-11T05:00Z,2024-05-11T05:30Z,131,121,moderate
2024-05-11T05:30Z,2024-05-11T06:00Z,124,132,moderate
2024-05-11T06:00Z,2024-05-11T06:30Z,118,128,moderate
2024-05-11T06:30Z,2024-05-11T07:00Z,111,128,moderate
2024-05-11T07:00Z,2024-05-11T07:30Z,105,122,moderate
2024-05-11T07:30Z,2024-05-11T08:00Z,101,116,moderate
2024-05-11T08:00Z,2024-05-11T08:30Z,95,109,low
2024-05-11T08:30Z,2024-05-11T09:00Z,89,94,low
2024-05-11T09:00Z,2024-05-11T09:30Z,87,88,low
2024-05-11T09:30Z,2024-05-11T10:00Z,84,75,low
2024-05-11T10:00Z,2024-05-11T10:30Z,79,68,low
2024-05-11T10:30Z,2024-05-11T11:00Z,74,60,low
2024-05-11T11:00Z,2024-05-11T11:30Z,74,54,low
2024-05-11T11:30Z,2024-05-11T12:00Z,77,51,low
2024-05-11T12:00Z,2024-05-11T12:30Z,78,50,low
2024-05-11T12:30Z,2024-05-11T13:00Z,75,52,low
2024-05-11T13:00Z,2024-05-11T13:30Z,75,52,low
2024-05-11T13:30Z,2024-05-11T14:00Z,78,48,low
2024-05-11T14:00Z,2024-05-11T14:30Z,81,48,low
2024-05-11T14:30Z,2024-05-11T15:00Z,85,47,low
2024-05-11T15:00Z,2024-05-11T15:30Z,87,57,low
2024-05-11T15:30Z,2024-05-11T16:00Z,90,62,low
2024-05-11T16:00Z,2024-05-11T16:30Z,92,77,low
2024-05-11T16:30Z,2024-05-11T17:00Z,94,88,low
2024-05-11T17:00Z,2024-05-11T17:30Z,96,99,low
2024-05-11T17:30Z,2024-05-11T18:00Z,99,108,low
2024-05-11T18:00Z,2024-05-11T18:30Z,104,111,moderate
2024-05-11T18:30Z,2024-05-11T19:00Z,107,105,low
2024-05-11T19:00Z,2024-05-11T19:30Z,111,104,low
2024-05-11T19:30Z,2024-05-11T20:00Z,110,103,low
2024-05-11T20:00Z,2024-05-11T20:30Z,110,98,low
2024-05-11T20:30Z,2024-05-11T21:00Z,111,87,low
2024-05-11T21:00Z,2024-05-11T21:30Z,109,76,low
2024-05-11T21:30Z,2024-05-11T22:00Z,90,80,low
2024-05-11T22:00Z,2024-05-11T22:30Z,88,79,low
2024-05-11T22:30Z,2024-05-11T23:00Z,82,78,low
2024-05-11T23:00Z,2024-05-11T23:30Z,80,77,low
2024-05-11T23:30Z,2024-05-12T00:00Z,80,79,low
2024-05-12T00:00Z,2024-05-12T00:30Z,77,78,low
2024-05-12T00:30Z,2024-05-12T01:00Z,76,77,low
2024-05-12T01:00Z,2024-05-12T01:30Z,78,74,low
2024-05-12T01:30Z,2024-05-12T02:00Z,80,71,low
2024-05-12T02:00Z,2024-05-12T02:30Z,81,68,low
2024-05-12T02:30Z,2024-05-12T03:00Z,73,65,low
2024-05-12T03:00Z,2024-05-12T03:30Z,74,66,low
2024-05-12T03:30Z,2024-05-12T04:00Z,70,75,low
2024-05-12T04:00Z,2024-05-12T04:30Z,67,75,low
2024-05-12T04:30Z,2024-05-12T05:00Z,77,79,low
2024-05-12T05:00Z,2024-05-12T05:30Z,77,78,low
2024-05-12T05:30Z,2024-05-12T06:00Z,83,79,low
2024-05-12T06:00Z,2024-05-12T06:30Z,79,80,low
2024-05-12T06:30Z,2024-05-12T07:00Z,79,79,low
2024-05-12T07:00Z,2024-05-12T07:30Z,82,78,low
2024-05-12T07:30Z,2024-05-12T08:00Z,77,68,low
2024-05-12T08:00Z,2024-05-12T08:30Z,76,60,low
2024-05-12T08:30Z,2024-05-12T09:00Z,68,56,low
2024-05-12T09:00Z,2024-05-12T09:30Z,56,51,low
2024-05-12T09:30Z,2024-05-12T10:00Z,54,42,low
2024-05-12T10:00Z,2024-05-12T10:30Z,45,41,low
2024-05-12T10:30Z,2024-05-12T11:00Z,40,40,low
2024-05-12T11:00Z,2024-05-12T11:30Z,40,44,low
2024-05-12T11:30Z,2024-05-12T12:00Z,39,38,low
2024-05-12T12:00Z,2024-05-12T12:30Z,44,35,low
2024-05-12T12:30Z,2024-05-12T13:00Z,39,37,low
2024-05-12T13:00Z,2024-05-12T13:30Z,37,40,low
2024-05-12T13:30Z,2024-05-12T14:00Z,39,49,low
2024-05-12T14:00Z,2024-05-12T14:30Z,41,54,low
2024-05-12T14:30Z,2024-05-12T15:00Z,48,57,low
2024-05-12T15:00Z,2024-05-12T15:30Z,54,68,low
2024-05-12T15:30Z,2024-05-12T16:00Z,54,79,low
2024-05-12T16:00Z,2024-05-12T16:30Z,71,84,low
2024-05-12T16:30Z,2024-05-12T17:00Z,82,94,low
2024-05-12T17:00Z,2024-05-12T17:30Z,92,108,low
2024-05-12T17:30Z,2024-05-12T18:00Z,106,117,moderate
2024-05-12T18:00Z,2024-05-12T18:30Z,114,121,moderate
2024-05-12T18:30Z,2024-05-12T19:00Z,117,126,moderate
2024-05-12T19:00Z,2024-05-12T19:30Z,120,127,moderate
2024-05-12T19:30Z,2024-05-12T20:00Z,126,125,moderate
2024-05-12T20:00Z,2024-05-12T20:30Z,127,120,moderate
2024-05-12T20:30Z,2024-05-12T21:00Z,126,116,moderate
2024-05-12T21:00Z,2024-05-12T21:30Z,135,115,moderate
2024-05-12T21:30Z,2024-05-12T22:00Z,120,102,low
2024-05-12T22:00Z,2024-05-12T22:30Z,111,86,low
2024-05-12T22:30Z,2024-05-12T23:00Z,95,87,low
2024-05-12T23:00Z,2024-05-12T23:30Z,89,92,low
2024-05-12T23:30Z,2024-05-13T00:00Z,111,90,low
2024-05-13T00:00Z,2024-05-13T00:30Z,95,86,low
2024-05-13T00:30Z,2024-05-13T01:00Z,93,85,low
2024-05-13T01:00Z,2024-05-13T01:30Z,88,86,low
2024-05-13T01:30Z,2024-05-13T02:00Z,86,95,low
2024-05-13T02:00Z,2024-05-13T02:30Z,85,101,low
2024-05-13T02:30Z,2024-05-13T03:00Z,94,101,low
2024-05-13T03:00Z,2024-05-13T03:30Z,99,108,low
2024-05-13T03:30Z,2024-05-13T04:00Z,103,98,low
2024-05-13T04:00Z,2024-05-13T04:30Z,113,105,low
2024-05-13T04:30Z,2024-05-13T05:00Z,104,116,moderate
2024-05-13T05:00Z,2024-05-13T05:30Z,99,128,moderate
2024-05-13T05:30Z,2024-05-13T06:00Z,114,135,moderate
2024-05-13T06:00Z,2024-05-13T06:30Z,122,143,moderate
2024-05-13T06:30Z,2024-05-13T07:00Z,129,150,moderate
2024-05-13T07:00Z,2024-05-13T07:30Z,129,147,moderate
2024-05-13T07:30Z,2024-05-13T08:00Z,135,143,moderate
2024-05-13T08:00Z,2024-05-13T08:30Z,134,138,moderate
2024-05-13T08:30Z,2024-05-13T09:00Z,124,136,moderate
2024-05-13T09:00Z,2024-05-13T09:30Z,122,126,moderate
2024-05-13T09:30Z,2024-05-13T10:00Z,117,123,moderate
2024-05-13T10:00Z,2024-05-13T10:30Z,155,118,moderate
2024-05-13T10:30Z,2024-05-13T11:00Z,113,114,moderate
2024-05-13T11:00Z,2024-05-13T11:30Z,109,110,moderate
2024-05-13T11:30Z,2024-05-13T12:00Z,109,106,low
2024-05-13T12:00Z,2024-05-13T12:30Z,105,102,low
2024-05-13T12:30Z,2024-05-13T13:00Z,103,98,low
2024-05-13T13:00Z,2024-05-13T13:30Z,98,97,low
2024-05-13T13:30Z,2024-05-13T14:00Z,93,94,low
2024-05-13T14:00Z,2024-05-13T14:30Z,99,94,low
2024-05-13T14:30Z,2024-05-13T15:00Z,95,99,low
2024-05-13T15:00Z,2024-05-13T15:30Z,98,106,low
2024-05-13T15:30Z,2024-05-13T16:00Z,99,108,low
2024-05-13T16:00Z,2024-05-13T16:30Z,109,113,moderate
2024-05-13T16:30Z,2024-05-13T17:00Z,109,116,moderate
2024-05-13T17:00Z,2024-05-13T17:30Z,115,120,moderate
2024-05-13T17:30Z,2024-05-13T18:00Z,107,123,moderate
2024-05-13T18:00Z,2024-05-13T18:30Z,110,125,moderate
2024-05-13T18:30Z,2024-05-13T19:00Z,116,118,moderate
2024-05-13T19:00Z,2024-05-13T19:30Z,116,119,moderate
2024-05-13T19:30Z,2024-05-13T20:00Z,116,121,moderate
2024-05-13T20:00Z,2024-05-13T20:30Z,111,117,moderate
2024-05-13T20:30Z,2024-05-13T21:00Z,118,102,low
2024-05-13T21:00Z,2024-05-13T21:30Z,117,94,low
2024-05-13T21:30Z,2024-05-13T22:00Z,117,94,low
2024-05-13T22:00Z,2024-05-13T22:30Z,92,83,low
2024-05-13T22:30Z,2024-05-13T23:00Z,92,80,low
2024-05-13T23:00Z,2024-05-13T23:30Z,97,82,low
2024-05-13T23:30Z,2024-05-14T00:00Z,87,74,low
2024-05-14T00:00Z,2024-05-14T00:30Z,83,74,low
2024-05-14T00:30Z,2024-05-14T01:00Z,74,68,low
2024-05-14T01:00Z,2024-05-14T01:30Z,74,67,low
2024-05-14T01:30Z,2024-05-14T02:00Z,70,73,low
2024-05-14T02:00Z,2024-05-14T02:30Z,67,73,low
2024-05-14T02:30Z,2024-05-14T03:00Z,71,63,low
2024-05-14T03:00Z,2024-05-14T03:30Z,70,62,low
2024-05-14T03:30Z,2024-05-14T04:00Z,71,62,low
2024-05-14T04:00Z,2024-05-14T04:30Z,71,69,low
2024-05-14T04:30Z,2024-05-14T05:00Z,74,91,low
2024-05-14T05:00Z,2024-05-14T05:30Z,71,100,low
2024-05-14T05:30Z,2024-05-14T06:00Z,72,114,moderate
2024-05-14T06:00Z,2024-05-14T06:30Z,71,123,moderate
2024-05-14T06:30Z,2024-05-14T07:00Z,112,130,moderate
2024-05-14T07:00Z,2024-05-14T07:30Z,122,133,moderate
2024-05-14T07:30Z,2024-05-14T08:00Z,121,139,moderate
2024-05-14T08:00Z,2024-05-14T08:30Z,117,140,moderate
2024-05-14T08:30Z,2024-05-14T09:00Z,131,138,moderate
2024-05-14T09:00Z,2024-05-14T09:30Z,125,137,moderate
2024-05-14T09:30Z,2024-05-14T10:00Z,122,136,moderate
2024-05-14T10:00Z,2024-05-14T10:30Z,118,134,moderate
2024-05-14T10:30Z,2024-05-14T11:00Z,113,133,moderate
2024-05-14T11:00Z,2024-05-14T11:30Z,123,130,moderate
2024-05-14T11:30Z,2024-05-14T12:00Z,122,128,moderate
2024-05-14T12:00Z,2024-05-14T12:30Z,122,125,moderate
2024-05-14T12:30Z,2024-05-14T13:00Z,122,124,moderate
2024-05-14T13:00Z,2024-05-14T13:30Z,123,127,moderate
2024-05-14T13:30Z,2024-05-14T14:00Z,118,133,moderate
2024-05-14T14:00Z,2024-05-14T14:30Z,122,140,moderate
2024-05-14T14:30Z,2024-05-14T15:00Z,125,148,moderate
2024-05-14T15:00Z,2024-05-14T15:30Z,142,156,moderate
2024-05-14T15:30Z,2024-05-14T16:00Z,165,165,moderate
2024-05-14T16:00Z,2024-05-14T16:30Z,153,170,moderate
2024-05-14T16:30Z,2024-05-14T17:00Z,178,178,moderate
2024-05-14T17:00Z,2024-05-14T17:30Z,177,181,moderate
2024-05-14T17:30Z,2024-05-14T18:00Z,181,191,high
2024-05-14T18:00Z,2024-05-14T18:30Z,177,191,high
2024-05-14T18:30Z,2024-05-14T19:00Z,191,185,moderate
2024-05-14T19:00Z,2024-05-14T19:30Z,177,184,moderate
2024-05-14T19:30Z,2024-05-14T20:00Z,180,184,moderate
2024-05-14T20:00Z,2024-05-14T20:30Z,173,178,moderate
2024-05-14T20:30Z,2024-05-14T21:00Z,162,161,moderate
2024-05-14T21:00Z,2024-05-14T21:30Z,158,150,moderate
2024-05-14T21:30Z,2024-05-14T22:00Z,156,129,moderate
2024-05-14T22:00Z,2024-05-14T22:30Z,145,115,moderate
2024-05-14T22:30Z,2024-05-14T23:00Z,164,115,moderate
2024-05-14T23:00Z,2024-05-14T23:30Z,141,118,moderate
2024-05-14T23:30Z,2024-05-15T00:00Z,123,124,moderate
2024-05-15T00:00Z,2024-05-15T00:30Z,125,125,moderate
2024-05-15T00:30Z,2024-05-15T01:00Z,129,121,moderate
2024-05-15T01:00Z,2024-05-15T01:30Z,127,122,moderate
2024-05-15T01:30Z,2024-05-15T02:00Z,122,124,moderate
2024-05-15T02:00Z,2024-05-15T02:30Z,122,125,moderate
2024-05-15T02:30Z,2024-05-15T03:00Z,126,128,moderate
2024-05-15T03:00Z,2024-05-15T03:30Z,130,132,moderate
2024-05-15T03:30Z,2024-05-15T04:00Z,127,149,moderate
2024-05-15T04:00Z,2024-05-15T04:30Z,95,158,moderate
2024-05-15T04:30Z,2024-05-15T05:00Z,153,174,moderate
2024-05-15T05:00Z,2024-05-15T05:30Z,167,184,moderate
2024-05-15T05:30Z,2024-05-15T06:00Z,190,193,high
2024-05-15T06:00Z,2024-05-15T06:30Z,192,191,high
2024-05-15T06:30Z,2024-05-15T07:00Z,202,195,high
2024-05-15T07:00Z,2024-05-15T07:30Z,187,191,high
2024-05-15T07:30Z,2024-05-15T08:00Z,187,186,moderate
2024-05-15T08:00Z,2024-05-15T08:30Z,184,182,moderate
2024-05-15T08:30Z,2024-05-15T09:00Z,183,166,moderate
2024-05-15T09:00Z,2024-05-15T09:30Z,179,174,moderate
2024-05-15T09:30Z,2024-05-15T10:00Z,160,167,moderate
2024-05-15T10:00Z,2024-05-15T10:30Z,174,163,moderate
2024-05-15T10:30Z,2024-05-15T11:00Z,155,160,moderate
2024-05-15T11:00Z,2024-05-15T11:30Z,162,155,moderate
2024-05-15T11:30Z,2024-05-15T12:00Z,159,155,moderate
2024-05-15T12:00Z,2024-05-15T12:30Z,148,151,moderate
2024-05-15T12:30Z,2024-05-15T13:00Z,140,149,moderate
2024-05-15T13:00Z,2024-05-15T13:30Z,149,155,moderate
2024-05-15T13:30Z,2024-05-15T14:00Z,144,158,moderate
2024-05-15T14:00Z,2024-05-15T14:30Z,149,158,moderate
2024-05-15T14:30Z,2024-05-15T15:00Z,163,158,moderate
2024-05-15T15:00Z,2024-05-15T15:30Z,164,164,moderate
2024-05-15T15:30Z,2024-05-15T16:00Z,175,172,moderate
2024-05-15T16:00Z,2024-05-15T16:30Z,175,174,moderate
2024-05-15T16:30Z,2024-05-15T17:00Z,180,175,moderate
2024-05-15T17:00Z,2024-05-15T17:30Z,185,182,moderate
2024-05-15T17:30Z,2024-05-15T18:00Z,182,190,high
2024-05-15T18:00Z,2024-05-15T18:30Z,189,192,high
2024-05-15T18:30Z,2024-05-15T19:00Z,184,190,high
2024-05-15T19:00Z,2024-05-15T19:30Z,189,195,high
2024-05-15T19:30Z,2024-05-15T20:00Z,189,194,high
2024-05-15T20:00Z,2024-05-15T20:30Z,187,194,high
2024-05-15T20:30Z,2024-05-15T21:00Z,189,186,moderate
2024-05-15T21:00Z,2024-05-15T21:30Z,174,187,moderate
2024-05-15T21:30Z,2024-05-15T22:00Z,172,184,moderate
2024-05-15T22:00Z,2024-05-15T22:30Z,159,185,moderate
2024-05-15T22:30Z,2024-05-15T23:00Z,154,175,moderate
2024-05-15T23:00Z,2024-05-15T23:30Z,185,172,moderate
2024-05-15T23:30Z,2024-05-16T00:00Z,185,175,moderate
2024-05-16T00:00Z,2024-05-16T00:30Z,177,176,moderate
2024-05-16T00:30Z,2024-05-16T01:00Z,179,175,moderate
2024-05-16T01:00Z,2024-05-16T01:30Z,178,176,moderate
2024-05-16T01:30Z,2024-05-16T02:00Z,183,177,moderate
2024-05-16T02:00Z,2024-05-16T02:30Z,184,177,moderate
2024-05-16T02:30Z,2024-05-16T03:00Z,185,175,moderate
2024-05-16T03:00Z,2024-05-16T03:30Z,181,176,moderate
2024-05-16T03:30Z,2024-05-16T04:00Z,180,177,moderate
2024-05-16T04:00Z,2024-05-16T04:30Z,146,181,moderate
2024-05-16T04:30Z,2024-05-16T05:00Z,186,195,high
2024-05-16T05:00Z,2024-05-16T05:30Z,189,202,high
2024-05-16T05:30Z,2024-05-16T06:00Z,199,208,high
2024-05-16T06:00Z,2024-05-16T06:30Z,206,210,high
2024-05-16T06:30Z,2024-05-16T07:00Z,212,208,high
2024-05-16T07:00Z,2024-05-16T07:30Z,201,202,high
2024-05-16T07:30Z,2024-05-16T08:00Z,198,197,high
2024-05-16T08:00Z,2024-05-16T08:30Z,186,193,high
2024-05-16T08:30Z,2024-05-16T09:00Z,181,200,high
2024-05-16T09:00Z,2024-05-16T09:30Z,171,197,high
2024-05-16T09:30Z,2024-05-16T10:00Z,184,190,high
2024-05-16T10:00Z,2024-05-16T10:30Z,184,182,moderate
2024-05-16T10:30Z,2024-05-16T11:00Z,180,179,moderate
2024-05-16T11:00Z,2024-05-16T11:30Z,173,175,moderate
2024-05-16T11:30Z,2024-05-16T12:00Z,171,172,moderate
2024-05-16T12:00Z,2024-05-16T12:30Z,164,172,moderate
2024-05-16T12:30Z,2024-05-16T13:00Z,169,171,moderate
2024-05-16T13:00Z,2024-05-16T13:30Z,162,173,moderate
2024-05-16T13:30Z,2024-05-16T14:00Z,156,166,moderate
2024-05-16T14:00Z,2024-05-16T14:30Z,176,168,moderate
2024-05-16T14:30Z,2024-05-16T15:00Z,166,161,moderate
2024-05-16T15:00Z,2024-05-16T15:30Z,163,164,moderate
2024-05-16T15:30Z,2024-05-16T16:00Z,168,169,moderate
2024-05-16T16:00Z,2024-05-16T16:30Z,172,174,moderate
2024-05-16T16:30Z,2024-05-16T17:00Z,174,180,moderate
2024-05-16T17:00Z,2024-05-16T17:30Z,177,184,moderate
2024-05-16T17:30Z,2024-05-16T18:00Z,184,187,moderate
2024-05-16T18:00Z,2024-05-16T18:30Z,180,194,high
2024-05-16T18:30Z,2024-05-16T19:00Z,184,199,high
2024-05-16T19:00Z,2024-05-16T19:30Z,182,198,high
2024-05-16T19:30Z,2024-05-16T20:00Z,182,207,high
2024-05-16T20:00Z,2024-05-16T20:30Z,187,206,high
2024-05-16T20:30Z,2024-05-16T21:00Z,203,191,high
2024-05-16T21:00Z,2024-05-16T21:30Z,199,183,moderate
2024-05-16T21:30Z,2024-05-16T22:00Z,202,157,moderate
2024-05-16T22:00Z,2024-05-16T22:30Z,174,146,moderate
2024-05-16T22:30Z,2024-05-16T23:00Z,177,139,moderate
2024-05-16T23:00Z,2024-05-16T23:30Z,166,138,moderate
2024-05-16T23:30Z,2024-05-17T00:00Z,135,144,moderate
2024-05-17T00:00Z,2024-05-17T00:30Z,133,148,moderate
2024-05-17T00:30Z,2024-05-17T01:00Z,144,143,moderate
2024-05-17T01:00Z,2024-05-17T01:30Z,150,141,moderate
2024-05-17T01:30Z,2024-05-17T02:00Z,151,143,moderate
2024-05-17T02:00Z,2024-05-17T02:30Z,145,148,moderate
2024-05-17T02:30Z,2024-05-17T03:00Z,150,148,moderate
2024-05-17T03:00Z,2024-05-17T03:30Z,149,150,moderate
2024-05-17T03:30Z,2024-05-17T04:00Z,158,152,moderate
2024-05-17T04:00Z,2024-05-17T04:30Z,140,160,moderate
2024-05-17T04:30Z,2024-05-17T05:00Z,161,174,moderate
2024-05-17T05:00Z,2024-05-17T05:30Z,176,187,moderate
2024-05-17T05:30Z,2024-05-17T06:00Z,183,187,moderate
2024-05-17T06:00Z,2024-05-17T06:30Z,198,187,moderate
2024-05-17T06:30Z,2024-05-17T07:00Z,194,185,moderate
2024-05-17T07:00Z,2024-05-17T07:30Z,185,183,moderate
2024-05-17T07:30Z,2024-05-17T08:00Z,182,179,moderate
2024-05-17T08:00Z,2024-05-17T08:30Z,180,174,moderate
2024-05-17T08:30Z,2024-05-17T09:00Z,167,164,moderate
2024-05-17T09:00Z,2024-05-17T09:30Z,170,158,moderate
2024-05-17T09:30Z,2024-05-17T10:00Z,165,155,moderate
2024-05-17T10:00Z,2024-05-17T10:30Z,155,152,moderate
2024-05-17T10:30Z,2024-05-17T11:00Z,158,146,moderate
2024-05-17T11:00Z,2024-05-17T11:30Z,146,143,moderate
2024-05-17T11:30Z,2024-05-17T12:00Z,148,143,moderate
2024-05-17T12:00Z,2024-05-17T12:30Z,146,143,moderate
2024-05-17T12:30Z,2024-05-17T13:00Z,141,144,moderate
2024-05-17T13:00Z,2024-05-17T13:30Z,151,149,moderate
2024-05-17T13:30Z,2024-05-17T14:00Z,146,151,moderate
2024-05-17T14:00Z,2024-05-17T14:30Z,151,157,moderate
2024-05-17T14:30Z,2024-05-17T15:00Z,155,159,moderate
2024-05-17T15:00Z,2024-05-17T15:30Z,173,171,moderate
2024-05-17T15:30Z,2024-05-17T16:00Z,177,182,moderate
2024-05-17T16:00Z,2024-05-17T16:30Z,185,191,high
2024-05-17T16:30Z,2024-05-17T17:00Z,197,193,high
2024-05-17T17:00Z,2024-05-17T17:30Z,197,197,high
2024-05-17T17:30Z,2024-05-17T18:00Z,200,203,high
2024-05-17T18:00Z,2024-05-17T18:30Z,204,207,high
2024-05-17T18:30Z,2024-05-17T19:00Z,210,211,high
2024-05-17T19:00Z,2024-05-17T19:30Z,218,214,high
2024-05-17T19:30Z,2024-05-17T20:00Z,220,221,high
2024-05-17T20:00Z,2024-05-17T20:30Z,221,219,high
2024-05-17T20:30Z,2024-05-17T21:00Z,208,214,high
2024-05-17T21:00Z,2024-05-17T21:30Z,209,210,high
2024-05-17T21:30Z,2024-05-17T22:00Z,178,199,high
2024-05-17T22:00Z,2024-05-17T22:30Z,209,186,moderate
2024-05-17T22:30Z,2024-05-17T23:00Z,191,175,moderate
2024-05-17T23:00Z,2024-05-17T23:30Z,154,174,moderate
2024-05-17T23:30Z,2024-05-18T00:00Z,178,177,moderate
2024-05-18T00:00Z,2024-05-18T00:30Z,177,167,moderate
2024-05-18T00:30Z,2024-05-18T01:00Z,173,155,moderate
2024-05-18T01:00Z,2024-05-18T01:30Z,169,149,moderate
2024-05-18T01:30Z,2024-05-18T02:00Z,161,156,moderate
2024-05-18T02:00Z,2024-05-18T02:30Z,154,157,moderate
2024-05-18T02:30Z,2024-05-18T03:00Z,167,160,moderate
2024-05-18T03:00Z,2024-05-18T03:30Z,160,156,moderate
2024-05-18T03:30Z,2024-05-18T04:00Z,161,157,moderate
2024-05-18T04:00Z,2024-05-18T04:30Z,127,157,moderate
2024-05-18T04:30Z,2024-05-18T05:00Z,173,163,moderate
2024-05-18T05:00Z,2024-05-18T05:30Z,159,161,moderate
2024-05-18T05:30Z,2024-05-18T06:00Z,153,163,moderate
2024-05-18T06:00Z,2024-05-18T06:30Z,166,160,moderate
2024-05-18T06:30Z,2024-05-18T07:00Z,159,155,moderate
2024-05-18T07:00Z,2024-05-18T07:30Z,161,147,moderate
2024-05-18T07:30Z,2024-05-18T08:00Z,151,139,moderate
2024-05-18T08:00Z,2024-05-18T08:30Z,141,134,moderate
2024-05-18T08:30Z,2024-05-18T09:00Z,135,129,moderate
2024-05-18T09:00Z,2024-05-18T09:30Z,130,126,moderate
2024-05-18T09:30Z,2024-05-18T10:00Z,127,120,moderate
2024-05-18T10:00Z,2024-05-18T10:30Z,121,117,moderate
2024-05-18T10:30Z,2024-05-18T11:00Z,120,116,moderate
2024-05-18T11:00Z,2024-05-18T11:30Z,113,114,moderate
2024-05-18T11:30Z,2024-05-18T12:00Z,112,113,moderate
2024-05-18T12:00Z,2024-05-18T12:30Z,117,112,moderate
2024-05-18T12:30Z,2024-05-18T13:00Z,115,111,moderate
2024-05-18T13:00Z,2024-05-18T13:30Z,114,110,moderate
2024-05-18T13:30Z,2024-05-18T14:00Z,115,111,moderate
2024-05-18T14:00Z,2024-05-18T14:30Z,111,108,low
2024-05-18T14:30Z,2024-05-18T15:00Z,111,110,moderate
2024-05-18T15:00Z,2024-05-18T15:30Z,112,116,moderate
2024-05-18T15:30Z,2024-05-18T16:00Z,113,129,moderate
2024-05-18T16:00Z,2024-05-18T16:30Z,120,139,moderate
2024-05-18T16:30Z,2024-05-18T17:00Z,136,148,moderate
2024-05-18T17:00Z,2024-05-18T17:30Z,146,150,moderate
2024-05-18T17:30Z,2024-05-18T18:00Z,159,158,moderate
2024-05-18T18:00Z,2024-05-18T18:30Z,159,161,moderate
2024-05-18T18:30Z,2024-05-18T19:00Z,170,165,moderate
2024-05-18T19:00Z,2024-05-18T19:30Z,164,170,moderate
2024-05-18T19:30Z,2024-05-18T20:00Z,168,175,moderate
2024-05-18T20:00Z,2024-05-18T20:30Z,178,181,moderate
2024-05-18T20:30Z,2024-05-18T21:00Z,174,179,moderate
2024-05-18T21:00Z,2024-05-18T21:30Z,181,172,moderate
2024-05-18T21:30Z,2024-05-18T22:00Z,182,148,moderate
2024-05-18T22:00Z,2024-05-18T22:30Z,169,143,moderate
2024-05-18T22:30Z,2024-05-18T23:00Z,163,147,moderate
2024-05-18T23:00Z,2024-05-18T23:30Z,139,143,moderate
2024-05-18T23:30Z,2024-05-19T00:00Z,137,134,moderate
2024-05-19T00:00Z,2024-05-19T00:30Z,148,133,moderate
2024-05-19T00:30Z,2024-05-19T01:00Z,140,136,moderate
2024-05-19T01:00Z,2024-05-19T01:30Z,134,129,moderate
2024-05-19T01:30Z,2024-05-19T02:00Z,134,115,moderate
2024-05-19T02:00Z,2024-05-19T02:30Z,128,111,moderate
2024-05-19T02:30Z,2024-05-19T03:00Z,118,121,moderate
2024-05-19T03:00Z,2024-05-19T03:30Z,110,119,moderate
2024-05-19T03:30Z,2024-05-19T04:00Z,128,122,moderate
2024-05-19T04:00Z,2024-05-19T04:30Z,114,118,moderate
2024-05-19T04:30Z,2024-05-19T05:00Z,126,120,moderate
2024-05-19T05:00Z,2024-05-19T05:30Z,121,115,moderate
2024-05-19T05:30Z,2024-05-19T06:00Z,115,114,moderate
2024-05-19T06:00Z,2024-05-19T06:30Z,123,114,moderate
2024-05-19T06:30Z,2024-05-19T07:00Z,113,102,low
2024-05-19T07:00Z,2024-05-19T07:30Z,110,98,low
2024-05-19T07:30Z,2024-05-19T08:00Z,103,93,low
2024-05-19T08:00Z,2024-05-19T08:30Z,101,87,low
2024-05-19T08:30Z,2024-05-19T09:00Z,87,81,low
2024-05-19T09:00Z,2024-05-19T09:30Z,86,70,low
2024-05-19T09:30Z,2024-05-19T10:00Z,77,68,low
2024-05-19T10:00Z,2024-05-19T10:30Z,71,68,low
2024-05-19T10:30Z,2024-05-19T11:00Z,70,67,low
2024-05-19T11:00Z,2024-05-19T11:30Z,68,64,low
2024-05-19T11:30Z,2024-05-19T12:00Z,69,60,low
2024-05-19T12:00Z,2024-05-19T12:30Z,64,59,low
2024-05-19T12:30Z,2024-05-19T13:00Z,62,61,low
2024-05-19T13:00Z,2024-05-19T13:30Z,58,66,low
2024-05-19T13:30Z,2024-05-19T14:00Z,61,65,low
2024-05-19T14:00Z,2024-05-19T14:30Z,65,67,low
2024-05-19T14:30Z,2024-05-19T15:00Z,63,71,low
2024-05-19T15:00Z,2024-05-19T15:30Z,73,87,low
2024-05-19T15:30Z,2024-05-19T16:00Z,78,98,low
2024-05-19T16:00Z,2024-05-19T16:30Z,87,114,moderate
2024-05-19T16:30Z,2024-05-19T17:00Z,110,126,moderate
2024-05-19T17:00Z,2024-05-19T17:30Z,121,137,moderate
2024-05-19T17:30Z,2024-05-19T18:00Z,137,147,moderate
2024-05-19T18:00Z,2024-05-19T18:30Z,144,154,moderate
2024-05-19T18:30Z,2024-05-19T19:00Z,150,152,moderate
2024-05-19T19:00Z,2024-05-19T19:30Z,161,154,moderate
2024-05-19T19:30Z,2024-05-19T20:00Z,153,158,moderate
2024-05-19T20:00Z,2024-05-19T20:30Z,151,164,moderate
2024-05-19T20:30Z,2024-05-19T21:00Z,150,163,moderate
2024-05-19T21:00Z,2024-05-19T21:30Z,155,157,moderate
2024-05-19T21:30Z,2024-05-19T22:00Z,154,147,moderate
2024-05-19T22:00Z,2024-05-19T22:30Z,146,144,moderate
2024-05-19T22:30Z,2024-05-19T23:00Z,143,142,moderate
2024-05-19T23:00Z,2024-05-19T23:30Z,145,137,moderate
2024-05-19T23:30Z,2024-05-20T00:00Z,140,141,moderate
2024-05-20T00:00Z,2024-05-20T00:30Z,135,140,moderate
2024-05-20T00:30Z,2024-05-20T01:00Z,141,137,moderate
2024-05-20T01:00Z,2024-05-20T01:30Z,137,135,moderate
2024-05-20T01:30Z,2024-05-20T02:00Z,144,133,moderate
2024-05-20T02:00Z,2024-05-20T02:30Z,138,135,moderate
2024-05-20T02:30Z,2024-05-20T03:00Z,143,140,moderate
2024-05-20T03:00Z,2024-05-20T03:30Z,141,139,moderate
2024-05-20T03:30Z,2024-05-20T04:00Z,134,142,moderate
2024-05-20T04:00Z,2024-05-20T04:30Z,128,148,moderate
2024-05-20T04:30Z,2024-05-20T05:00Z,140,150,moderate
2024-05-20T05:00Z,2024-05-20T05:30Z,143,157,moderate
2024-05-20T05:30Z,2024-05-20T06:00Z,166,154,moderate
2024-05-20T06:00Z,2024-05-20T06:30Z,160,153,moderate
2024-05-20T06:30Z,2024-05-20T07:00Z,148,151,moderate
2024-05-20T07:00Z,2024-05-20T07:30Z,145,146,moderate
2024-05-20T07:30Z,2024-05-20T08:00Z,142,144,moderate
2024-05-20T08:00Z,2024-05-20T08:30Z,137,137,moderate
2024-05-20T08:30Z,2024-05-20T09:00Z,132,131,moderate
2024-05-20T09:00Z,2024-05-20T09:30Z,126,128,moderate
2024-05-20T09:30Z,2024-05-20T10:00Z,123,123,moderate
2024-05-20T10:00Z,2024-05-20T10:30Z,114,120,moderate
2024-05-20T10:30Z,2024-05-20T11:00Z,111,119,moderate
2024-05-20T11:00Z,2024-05-20T11:30Z,111,117,moderate
2024-05-20T11:30Z,2024-05-20T12:00Z,108,115,moderate
2024-05-20T12:00Z,2024-05-20T12:30Z,106,117,moderate
2024-05-20T12:30Z,2024-05-20T13:00Z,109,116,moderate
2024-05-20T13:00Z,2024-05-20T13:30Z,115,119,moderate
2024-05-20T13:30Z,2024-05-20T14:00Z,114,121,moderate
2024-05-20T14:00Z,2024-05-20T14:30Z,116,125,moderate
2024-05-20T14:30Z,2024-05-20T15:00Z,121,131,moderate
2024-05-20T15:00Z,2024-05-20T15:30Z,129,139,moderate
2024-05-20T15:30Z,2024-05-20T16:00Z,142,148,moderate
2024-05-20T16:00Z,2024-05-20T16:30Z,148,155,moderate
2024-05-20T16:30Z,2024-05-20T17:00Z,147,155,moderate
2024-05-20T17:00Z,2024-05-20T17:30Z,160,160,moderate
2024-05-20T17:30Z,2024-05-20T18:00Z,176,169,moderate
2024-05-20T18:00Z,2024-05-20T18:30Z,168,173,moderate
2024-05-20T18:30Z,2024-05-20T19:00Z,170,172,moderate
2024-05-20T19:00Z,2024-05-20T19:30Z,176,175,moderate
2024-05-20T19:30Z,2024-05-20T20:00Z,176,182,moderate
2024-05-20T20:00Z,2024-05-20T20:30Z,111,183,moderate
2024-05-20T20:30Z,2024-05-20T21:00Z,177,176,moderate
2024-05-20T21:00Z,2024-05-20T21:30Z,173,167,moderate
2024-05-20T21:30Z,2024-05-20T22:00Z,168,152,moderate
2024-05-20T22:00Z,2024-05-20T22:30Z,157,145,moderate
2024-05-20T22:30Z,2024-05-20T23:00Z,132,149,moderate
2024-05-20T23:00Z,2024-05-20T23:30Z,136,148,moderate
2024-05-20T23:30Z,2024-05-21T00:00Z,156,151,moderate
2024-05-21T00:00Z,2024-05-21T00:30Z,152,152,moderate
2024-05-21T00:30Z,2024-05-21T01:00Z,156,150,moderate
2024-05-21T01:00Z,2024-05-21T01:30Z,157,145,moderate
2024-05-21T01:30Z,2024-05-21T02:00Z,151,139,moderate
2024-05-21T02:00Z,2024-05-21T02:30Z,150,142,moderate
2024-05-21T02:30Z,2024-05-21T03:00Z,142,147,moderate
2024-05-21T03:00Z,2024-05-21T03:30Z,143,146,moderate
2024-05-21T03:30Z,2024-05-21T04:00Z,152,147,moderate
2024-05-21T04:00Z,2024-05-21T04:30Z,138,156,moderate
2024-05-21T04:30Z,2024-05-21T05:00Z,157,178,moderate
2024-05-21T05:00Z,2024-05-21T05:30Z,177,190,high
2024-05-21T05:30Z,2024-05-21T06:00Z,176,194,high
2024-05-21T06:00Z,2024-05-21T06:30Z,191,191,high
2024-05-21T06:30Z,2024-05-21T07:00Z,200,194,high
2024-05-21T07:00Z,2024-05-21T07:30Z,187,190,high
2024-05-21T07:30Z,2024-05-21T08:00Z,196,188,moderate
2024-05-21T08:00Z,2024-05-21T08:30Z,195,186,moderate
2024-05-21T08:30Z,2024-05-21T09:00Z,189,181,moderate
2024-05-21T09:00Z,2024-05-21T09:30Z,183,178,moderate
2024-05-21T09:30Z,2024-05-21T10:00Z,179,175,moderate
2024-05-21T10:00Z,2024-05-21T10:30Z,173,174,moderate
2024-05-21T10:30Z,2024-05-21T11:00Z,175,174,moderate
2024-05-21T11:00Z,2024-05-21T11:30Z,178,171,moderate
2024-05-21T11:30Z,2024-05-21T12:00Z,174,173,moderate
2024-05-21T12:00Z,2024-05-21T12:30Z,174,172,moderate
2024-05-21T12:30Z,2024-05-21T13:00Z,172,175,moderate
2024-05-21T13:00Z,2024-05-21T13:30Z,177,176,moderate
2024-05-21T13:30Z,2024-05-21T14:00Z,176,181,moderate
2024-05-21T14:00Z,2024-05-21T14:30Z,184,185,moderate
2024-05-21T14:30Z,2024-05-21T15:00Z,184,186,moderate
2024-05-21T15:00Z,2024-05-21T15:30Z,193,188,moderate
2024-05-21T15:30Z,2024-05-21T16:00Z,191,191,high
2024-05-21T16:00Z,2024-05-21T16:30Z,201,194,high
2024-05-21T16:30Z,2024-05-21T17:00Z,196,195,high
2024-05-21T17:00Z,2024-05-21T17:30Z,195,196,high
2024-05-21T17:30Z,2024-05-21T18:00Z,196,199,high
2024-05-21T18:00Z,2024-05-21T18:30Z,199,200,high
2024-05-21T18:30Z,2024-05-21T19:00Z,200,203,high
2024-05-21T19:00Z,2024-05-21T19:30Z,201,203,high
2024-05-21T19:30Z,2024-05-21T20:00Z,196,207,high
2024-05-21T20:00Z,2024-05-21T20:30Z,195,204,high
2024-05-21T20:30Z,2024-05-21T21:00Z,185,198,high
2024-05-21T21:00Z,2024-05-21T21:30Z,153,193,high
2024-05-21T21:30Z,2024-05-21T22:00Z,149,185,moderate
2024-05-21T22:00Z,2024-05-21T22:30Z,139,175,moderate
2024-05-21T22:30Z,2024-05-21T23:00Z,133,168,moderate
2024-05-21T23:00Z,2024-05-21T23:30Z,183,164,moderate
2024-05-21T23:30Z,2024-05-22T00:00Z,172,164,moderate
2024-05-22T00:00Z,2024-05-22T00:30Z,169,164,moderate
2024-05-22T00:30Z,2024-05-22T01:00Z,164,157,moderate
2024-05-22T01:00Z,2024-05-22T01:30Z,169,152,moderate
2024-05-22T01:30Z,2024-05-22T02:00Z,171,153,moderate
2024-05-22T02:00Z,2024-05-22T02:30Z,155,152,moderate
2024-05-22T02:30Z,2024-05-22T03:00Z,159,144,moderate
2024-05-22T03:00Z,2024-05-22T03:30Z,156,136,moderate
2024-05-22T03:30Z,2024-05-22T04:00Z,146,132,moderate
2024-05-22T04:00Z,2024-05-22T04:30Z,130,129,moderate
2024-05-22T04:30Z,2024-05-22T05:00Z,137,131,moderate
2024-05-22T05:00Z,2024-05-22T05:30Z,129,142,moderate
2024-05-22T05:30Z,2024-05-22T06:00Z,138,156,moderate
2024-05-22T06:00Z,2024-05-22T06:30Z,153,157,moderate
2024-05-22T06:30Z,2024-05-22T07:00Z,165,159,moderate
2024-05-22T07:00Z,2024-05-22T07:30Z,155,158,moderate
2024-05-22T07:30Z,2024-05-22T08:00Z,155,151,moderate
2024-05-22T08:00Z,2024-05-22T08:30Z,155,152,moderate
2024-05-22T08:30Z,2024-05-22T09:00Z,142,156,moderate
2024-05-22T09:00Z,2024-05-22T09:30Z,142,153,moderate
2024-05-22T09:30Z,2024-05-22T10:00Z,139,150,moderate
2024-05-22T10:00Z,2024-05-22T10:30Z,144,147,moderate
2024-05-22T10:30Z,2024-05-22T11:00Z,148,138,moderate
2024-05-22T11:00Z,2024-05-22T11:30Z,127,128,moderate
2024-05-22T11:30Z,2024-05-22T12:00Z,136,112,moderate
2024-05-22T12:00Z,2024-05-22T12:30Z,131,100,low
2024-05-22T12:30Z,2024-05-22T13:00Z,110,85,low
2024-05-22T13:00Z,2024-05-22T13:30Z,103,74,low
2024-05-22T13:30Z,2024-05-22T14:00Z,86,69,low
2024-05-22T14:00Z,2024-05-22T14:30Z,79,69,low
2024-05-22T14:30Z,2024-05-22T15:00Z,69,66,low
2024-05-22T15:00Z,2024-05-22T15:30Z,66,66,low
2024-05-22T15:30Z,2024-05-22T16:00Z,59,68,low
2024-05-22T16:00Z,2024-05-22T16:30Z,59,69,low
2024-05-22T16:30Z,2024-05-22T17:00Z,60,77,low
2024-05-22T17:00Z,2024-05-22T17:30Z,64,75,low
2024-05-22T17:30Z,2024-05-22T18:00Z,72,83,low
2024-05-22T18:00Z,2024-05-22T18:30Z,68,84,low
2024-05-22T18:30Z,2024-05-22T19:00Z,76,83,low
2024-05-22T19:00Z,2024-05-22T19:30Z,77,83,low
2024-05-22T19:30Z,2024-05-22T20:00Z,80,82,low
2024-05-22T20:00Z,2024-05-22T20:30Z,80,77,low
2024-05-22T20:30Z,2024-05-22T21:00Z,82,70,low
2024-05-22T21:00Z,2024-05-22T21:30Z,79,62,low
2024-05-22T21:30Z,2024-05-22T22:00Z,72,56,low
2024-05-22T22:00Z,2024-05-22T22:30Z,69,49,low
2024-05-22T22:30Z,2024-05-22T23:00Z,66,51,low
2024-05-22T23:00Z,2024-05-22T23:30Z,51,49,low
2024-05-22T23:30Z,2024-05-23T00:00Z,49,51,low
2024-05-23T00:00Z,2024-05-23T00:30Z,46,48,low
2024-05-23T00:30Z,2024-05-23T01:00Z,49,51,low
2024-05-23T01:00Z,2024-05-23T01:30Z,45,51,low
2024-05-23T01:30Z,2024-05-23T02:00Z,46,51,low
2024-05-23T02:00Z,2024-05-23T02:30Z,46,50,low
2024-05-23T02:30Z,2024-05-23T03:00Z,46,51,low
2024-05-23T03:00Z,2024-05-23T03:30Z,49,51,low
2024-05-23T03:30Z,2024-05-23T04:00Z,50,50,low
2024-05-23T04:00Z,2024-05-23T04:30Z,51,51,low
2024-05-23T04:30Z,2024-05-23T05:00Z,47,48,low
2024-05-23T05:00Z,2024-05-23T05:30Z,48,54,low
2024-05-23T05:30Z,2024-05-23T06:00Z,46,56,low
2024-05-23T06:00Z,2024-05-23T06:30Z,49,55,low
2024-05-23T06:30Z,2024-05-23T07:00Z,52,41,low
2024-05-23T07:00Z,2024-05-23T07:30Z,49,42,low
2024-05-23T07:30Z,2024-05-23T08:00Z,36,44,low
2024-05-23T08:00Z,2024-05-23T08:30Z,35,43,low
2024-05-23T08:30Z,2024-05-23T09:00Z,36,42,low
2024-05-23T09:00Z,2024-05-23T09:30Z,38,42,low
2024-05-23T09:30Z,2024-05-23T10:00Z,36,42,low
2024-05-23T10:00Z,2024-05-23T10:30Z,36,46,low
2024-05-23T10:30Z,2024-05-23T11:00Z,37,49,low
2024-05-23T11:00Z,2024-05-23T11:30Z,38,51,low
2024-05-23T11:30Z,2024-05-23T12:00Z,42,52,low
2024-05-23T12:00Z,2024-05-23T12:30Z,43,51,low
2024-05-23T12:30Z,2024-05-23T13:00Z,42,52,low
2024-05-23T13:00Z,2024-05-23T13:30Z,43,53,low
2024-05-23T13:30Z,2024-05-23T14:00Z,44,58,low
2024-05-23T14:00Z,2024-05-23T14:30Z,49,66,low
2024-05-23T14:30Z,2024-05-23T15:00Z,53,75,low
2024-05-23T15:00Z,2024-05-23T15:30Z,59,91,low
2024-05-23T15:30Z,2024-05-23T16:00Z,67,106,low
2024-05-23T16:00Z,2024-05-23T16:30Z,85,117,moderate
2024-05-23T16:30Z,2024-05-23T17:00Z,100,125,moderate
2024-05-23T17:00Z,2024-05-23T17:30Z,114,130,moderate
2024-05-23T17:30Z,2024-05-23T18:00Z,122,138,moderate
2024-05-23T18:00Z,2024-05-23T18:30Z,132,142,moderate
2024-05-23T18:30Z,2024-05-23T19:00Z,130,143,moderate
2024-05-23T19:00Z,2024-05-23T19:30Z,135,144,moderate
2024-05-23T19:30Z,2024-05-23T20:00Z,135,143,moderate
2024-05-23T20:00Z,2024-05-23T20:30Z,142,146,moderate
2024-05-23T20:30Z,2024-05-23T21:00Z,141,148,moderate
2024-05-23T21:00Z,2024-05-23T21:30Z,135,146,moderate
2024-05-23T21:30Z,2024-05-23T22:00Z,148,136,moderate
2024-05-23T22:00Z,2024-05-23T22:30Z,143,136,moderate
2024-05-23T22:30Z,2024-05-23T23:00Z,155,139,moderate
2024-05-23T23:00Z,2024-05-23T23:30Z,138,142,moderate
2024-05-23T23:30Z,2024-05-24T00:00Z,138,143,moderate
2024-05-24T00:00Z,2024-05-24T00:30Z,142,147,moderate
2024-05-24T00:30Z,2024-05-24T01:00Z,145,149,moderate
2024-05-24T01:00Z,2024-05-24T01:30Z,144,151,moderate
2024-05-24T01:30Z,2024-05-24T02:00Z,149,153,moderate
2024-05-24T02:00Z,2024-05-24T02:30Z,153,155,moderate
2024-05-24T02:30Z,2024-05-24T03:00Z,152,159,moderate
2024-05-24T03:00Z,2024-05-24T03:30Z,154,161,moderate
2024-05-24T03:30Z,2024-05-24T04:00Z,160,175,moderate
2024-05-24T04:00Z,2024-05-24T04:30Z,163,189,moderate
2024-05-24T04:30Z,2024-05-24T05:00Z,181,197,high
2024-05-24T05:00Z,2024-05-24T05:30Z,200,200,high
2024-05-24T05:30Z,2024-05-24T06:00Z,201,199,high
2024-05-24T06:00Z,2024-05-24T06:30Z,208,195,high
2024-05-24T06:30Z,2024-05-24T07:00Z,208,199,high
2024-05-24T07:00Z,2024-05-24T07:30Z,198,197,high
2024-05-24T07:30Z,2024-05-24T08:00Z,199,193,high
2024-05-24T08:00Z,2024-05-24T08:30Z,193,191,high
2024-05-24T08:30Z,2024-05-24T09:00Z,189,193,high
2024-05-24T09:00Z,2024-05-24T09:30Z,176,195,high
2024-05-24T09:30Z,2024-05-24T10:00Z,194,192,high
2024-05-24T10:00Z,2024-05-24T10:30Z,189,185,moderate
2024-05-24T10:30Z,2024-05-24T11:00Z,189,175,moderate
2024-05-24T11:00Z,2024-05-24T11:30Z,186,178,moderate
2024-05-24T11:30Z,2024-05-24T12:00Z,173,179,moderate
2024-05-24T12:00Z,2024-05-24T12:30Z,177,179,moderate
2024-05-24T12:30Z,2024-05-24T13:00Z,183,176,moderate
2024-05-24T13:00Z,2024-05-24T13:30Z,183,174,moderate
2024-05-24T13:30Z,2024-05-24T14:00Z,179,170,moderate
2024-05-24T14:00Z,2024-05-24T14:30Z,171,174,moderate
2024-05-24T14:30Z,2024-05-24T15:00Z,178,171,moderate
2024-05-24T15:00Z,2024-05-24T15:30Z,187,174,moderate
2024-05-24T15:30Z,2024-05-24T16:00Z,193,179,moderate
2024-05-24T16:00Z,2024-05-24T16:30Z,190,180,moderate
2024-05-24T16:30Z,2024-05-24T17:00Z,200,181,moderate
2024-05-24T17:00Z,2024-05-24T17:30Z,192,187,moderate
2024-05-24T17:30Z,2024-05-24T18:00Z,190,191,high
2024-05-24T18:00Z,2024-05-24T18:30Z,193,196,high
2024-05-24T18:30Z,2024-05-24T19:00Z,195,203,high
2024-05-24T19:00Z,2024-05-24T19:30Z,200,205,high
2024-05-24T19:30Z,2024-05-24T20:00Z,206,210,high
2024-05-24T20:00Z,2024-05-24T20:30Z,209,209,high
2024-05-24T20:30Z,2024-05-24T21:00Z,205,207,high
2024-05-24T21:00Z,2024-05-24T21:30Z,208,197,high
2024-05-24T21:30Z,2024-05-24T22:00Z,195,186,moderate
2024-05-24T22:00Z,2024-05-24T22:30Z,202,178,moderate
2024-05-24T22:30Z,2024-05-24T23:00Z,184,164,moderate
2024-05-24T23:00Z,2024-05-24T23:30Z,179,159,moderate
2024-05-24T23:30Z,2024-05-25T00:00Z,175,152,moderate
2024-05-25T00:00Z,2024-05-25T00:30Z,169,151,moderate
2024-05-25T00:30Z,2024-05-25T01:00Z,151,145,moderate
2024-05-25T01:00Z,2024-05-25T01:30Z,147,138,moderate
2024-05-25T01:30Z,2024-05-25T02:00Z,148,133,moderate
2024-05-25T02:00Z,2024-05-25T02:30Z,144,135,moderate
2024-05-25T02:30Z,2024-05-25T03:00Z,139,134,moderate
2024-05-25T03:00Z,2024-05-25T03:30Z,139,133,moderate
2024-05-25T03:30Z,2024-05-25T04:00Z,141,134,moderate
2024-05-25T04:00Z,2024-05-25T04:30Z,131,139,moderate
2024-05-25T04:30Z,2024-05-25T05:00Z,146,137,moderate
2024-05-25T05:00Z,2024-05-25T05:30Z,144,132,moderate
2024-05-25T05:30Z,2024-05-25T06:00Z,146,131,moderate
2024-05-25T06:00Z,2024-05-25T06:30Z,131,121,moderate
2024-05-25T06:30Z,2024-05-25T07:00Z,126,112,moderate
2024-05-25T07:00Z,2024-05-25T07:30Z,123,106,low
2024-05-25T07:30Z,2024-05-25T08:00Z,112,100,low
2024-05-25T08:00Z,2024-05-25T08:30Z,94,93,low
2024-05-25T08:30Z,2024-05-25T09:00Z,89,81,low
2024-05-25T09:00Z,2024-05-25T09:30Z,92,66,low
2024-05-25T09:30Z,2024-05-25T10:00Z,81,61,low
2024-05-25T10:00Z,2024-05-25T10:30Z,72,62,low
2024-05-25T10:30Z,2024-05-25T11:00Z,67,61,low
2024-05-25T11:00Z,2024-05-25T11:30Z,64,57,low
2024-05-25T11:30Z,2024-05-25T12:00Z,63,58,low
2024-05-25T12:00Z,2024-05-25T12:30Z,61,60,low
2024-05-25T12:30Z,2024-05-25T13:00Z,61,62,low
2024-05-25T13:00Z,2024-05-25T13:30Z,59,57,low
2024-05-25T13:30Z,2024-05-25T14:00Z,64,54,low
2024-05-25T14:00Z,2024-05-25T14:30Z,58,54,low
2024-05-25T14:30Z,2024-05-25T15:00Z,54,62,low
2024-05-25T15:00Z,2024-05-25T15:30Z,53,69,low
2024-05-25T15:30Z,2024-05-25T16:00Z,55,81,low
2024-05-25T16:00Z,2024-05-25T16:30Z,63,99,low
2024-05-25T16:30Z,2024-05-25T17:00Z,89,114,moderate
2024-05-25T17:00Z,2024-05-25T17:30Z,110,120,moderate
2024-05-25T17:30Z,2024-05-25T18:00Z,113,127,moderate
2024-05-25T18:00Z,2024-05-25T18:30Z,122,130,moderate
2024-05-25T18:30Z,2024-05-25T19:00Z,121,134,moderate
2024-05-25T19:00Z,2024-05-25T19:30Z,124,139,moderate
2024-05-25T19:30Z,2024-05-25T20:00Z,140,142,moderate
2024-05-25T20:00Z,2024-05-25T20:30Z,143,143,moderate
2024-05-25T20:30Z,2024-05-25T21:00Z,137,144,moderate
2024-05-25T21:00Z,2024-05-25T21:30Z,135,134,moderate
2024-05-25T21:30Z,2024-05-25T22:00Z,145,105,low
2024-05-25T22:00Z,2024-05-25T22:30Z,137,97,low
2024-05-25T22:30Z,2024-05-25T23:00Z,116,103,low
2024-05-25T23:00Z,2024-05-25T23:30Z,105,95,low
2024-05-25T23:30Z,2024-05-26T00:00Z,101,89,low
2024-05-26T00:00Z,2024-05-26T00:30Z,98,90,low
2024-05-26T00:30Z,2024-05-26T01:00Z,101,96,low
2024-05-26T01:00Z,2024-05-26T01:30Z,91,95,low
2024-05-26T01:30Z,2024-05-26T02:00Z,95,87,low
2024-05-26T02:00Z,2024-05-26T02:30Z,99,84,low
2024-05-26T02:30Z,2024-05-26T03:00Z,90,83,low
2024-05-26T03:00Z,2024-05-26T03:30Z,87,85,low
2024-05-26T03:30Z,2024-05-26T04:00Z,89,86,low
2024-05-26T04:00Z,2024-05-26T04:30Z,85,89,low
2024-05-26T04:30Z,2024-05-26T05:00Z,91,110,moderate
2024-05-26T05:00Z,2024-05-26T05:30Z,92,114,moderate
2024-05-26T05:30Z,2024-05-26T06:00Z,116,109,low
2024-05-26T06:00Z,2024-05-26T06:30Z,115,107,low
2024-05-26T06:30Z,2024-05-26T07:00Z,112,98,low
2024-05-26T07:00Z,2024-05-26T07:30Z,103,93,low
2024-05-26T07:30Z,2024-05-26T08:00Z,100,91,low
2024-05-26T08:00Z,2024-05-26T08:30Z,92,93,low
2024-05-26T08:30Z,2024-05-26T09:00Z,86,97,low
2024-05-26T09:00Z,2024-05-26T09:30Z,92,99,low
2024-05-26T09:30Z,2024-05-26T10:00Z,90,93,low
2024-05-26T10:00Z,2024-05-26T10:30Z,88,86,low
2024-05-26T10:30Z,2024-05-26T11:00Z,89,83,low
2024-05-26T11:00Z,2024-05-26T11:30Z,85,74,low
2024-05-26T11:30Z,2024-05-26T12:00Z,76,71,low
2024-05-26T12:00Z,2024-05-26T12:30Z,78,61,low
2024-05-26T12:30Z,2024-05-26T13:00Z,74,57,low
2024-05-26T13:00Z,2024-05-26T13:30Z,69,55,low
2024-05-26T13:30Z,2024-05-26T14:00Z,60,55,low
2024-05-26T14:00Z,2024-05-26T14:30Z,61,56,low
2024-05-26T14:30Z,2024-05-26T15:00Z,60,58,low
2024-05-26T15:00Z,2024-05-26T15:30Z,61,63,low
2024-05-26T15:30Z,2024-05-26T16:00Z,64,73,low
2024-05-26T16:00Z,2024-05-26T16:30Z,66,79,low
2024-05-26T16:30Z,2024-05-26T17:00Z,75,84,low
2024-05-26T17:00Z,2024-05-26T17:30Z,79,87,low
2024-05-26T17:30Z,2024-05-26T18:00Z,81,83,low
2024-05-26T18:00Z,2024-05-26T18:30Z,86,88,low
2024-05-26T18:30Z,2024-05-26T19:00Z,81,93,low
2024-05-26T19:00Z,2024-05-26T19:30Z,84,98,low
2024-05-26T19:30Z,2024-05-26T20:00Z,94,107,low
2024-05-26T20:00Z,2024-05-26T20:30Z,93,100,low
2024-05-26T20:30Z,2024-05-26T21:00Z,101,88,low
2024-05-26T21:00Z,2024-05-26T21:30Z,93,79,low
2024-05-26T21:30Z,2024-05-26T22:00Z,85,80,low
2024-05-26T22:00Z,2024-05-26T22:30Z,86,77,low
2024-05-26T22:30Z,2024-05-26T23:00Z,80,73,low
2024-05-26T23:00Z,2024-05-26T23:30Z,75,73,low
2024-05-26T23:30Z,2024-05-27T00:00Z,76,74,low
2024-05-27T00:00Z,2024-05-27T00:30Z,72,79,low
2024-05-27T00:30Z,2024-05-27T01:00Z,71,77,low
2024-05-27T01:00Z,2024-05-27T01:30Z,72,80,low
2024-05-27T01:30Z,2024-05-27T02:00Z,72,77,low
2024-05-27T02:00Z,2024-05-27T02:30Z,76,77,low
2024-05-27T02:30Z,2024-05-27T03:00Z,73,81,low
2024-05-27T03:00Z,2024-05-27T03:30Z,77,78,low
2024-05-27T03:30Z,2024-05-27T04:00Z,78,75,low
2024-05-27T04:00Z,2024-05-27T04:30Z,79,80,low
2024-05-27T04:30Z,2024-05-27T05:00Z,79,72,low
2024-05-27T05:00Z,2024-05-27T05:30Z,77,72,low
2024-05-27T05:30Z,2024-05-27T06:00Z,73,75,low
2024-05-27T06:00Z,2024-05-27T06:30Z,68,73,low
2024-05-27T06:30Z,2024-05-27T07:00Z,69,73,low
2024-05-27T07:00Z,2024-05-27T07:30Z,69,73,low
2024-05-27T07:30Z,2024-05-27T08:00Z,66,73,low
2024-05-27T08:00Z,2024-05-27T08:30Z,63,74,low
2024-05-27T08:30Z,2024-05-27T09:00Z,70,66,low
2024-05-27T09:00Z,2024-05-27T09:30Z,67,64,low
2024-05-27T09:30Z,2024-05-27T10:00Z,60,64,low
2024-05-27T10:00Z,2024-05-27T10:30Z,58,57,low
2024-05-27T10:30Z,2024-05-27T11:00Z,57,56,low
2024-05-27T11:00Z,2024-05-27T11:30Z,51,56,low
2024-05-27T11:30Z,2024-05-27T12:00Z,51,52,low
2024-05-27T12:00Z,2024-05-27T12:30Z,51,50,low
2024-05-27T12:30Z,2024-05-27T13:00Z,47,48,low
2024-05-27T13:00Z,2024-05-27T13:30Z,45,49,low
2024-05-27T13:30Z,2024-05-27T14:00Z,46,50,low
2024-05-27T14:00Z,2024-05-27T14:30Z,45,55,low
2024-05-27T14:30Z,2024-05-27T15:00Z,43,70,low
2024-05-27T15:00Z,2024-05-27T15:30Z,48,85,low
2024-05-27T15:30Z,2024-05-27T16:00Z,68,104,low
2024-05-27T16:00Z,2024-05-27T16:30Z,89,116,moderate
2024-05-27T16:30Z,2024-05-27T17:00Z,118,128,moderate
2024-05-27T17:00Z,2024-05-27T17:30Z,123,139,moderate
2024-05-27T17:30Z,2024-05-27T18:00Z,135,151,moderate
2024-05-27T18:00Z,2024-05-27T18:30Z,152,156,moderate
2024-05-27T18:30Z,2024-05-27T19:00Z,155,160,moderate
2024-05-27T19:00Z,2024-05-27T19:30Z,158,162,moderate
2024-05-27T19:30Z,2024-05-27T20:00Z,162,159,moderate
2024-05-27T20:00Z,2024-05-27T20:30Z,165,155,moderate
2024-05-27T20:30Z,2024-05-27T21:00Z,165,156,moderate
2024-05-27T21:00Z,2024-05-27T21:30Z,155,149,moderate
2024-05-27T21:30Z,2024-05-27T22:00Z,151,125,moderate
2024-05-27T22:00Z,2024-05-27T22:30Z,144,115,moderate
2024-05-27T22:30Z,2024-05-27T23:00Z,128,108,low
2024-05-27T23:00Z,2024-05-27T23:30Z,117,101,low
2024-05-27T23:30Z,2024-05-28T00:00Z,109,108,low
2024-05-28T00:00Z,2024-05-28T00:30Z,102,109,low
2024-05-28T00:30Z,2024-05-28T01:00Z,109,111,moderate
2024-05-28T01:00Z,2024-05-28T01:30Z,108,112,moderate
2024-05-28T01:30Z,2024-05-28T02:00Z,112,114,moderate
2024-05-28T02:00Z,2024-05-28T02:30Z,113,115,moderate
2024-05-28T02:30Z,2024-05-28T03:00Z,117,116,moderate
2024-05-28T03:00Z,2024-05-28T03:30Z,125,120,moderate
2024-05-28T03:30Z,2024-05-28T04:00Z,113,123,moderate
2024-05-28T04:00Z,2024-05-28T04:30Z,107,126,moderate
2024-05-28T04:30Z,2024-05-28T05:00Z,111,135,moderate
2024-05-28T05:00Z,2024-05-28T05:30Z,115,139,moderate
2024-05-28T05:30Z,2024-05-28T06:00Z,128,135,moderate
2024-05-28T06:00Z,2024-05-28T06:30Z,140,131,moderate
2024-05-28T06:30Z,2024-05-28T07:00Z,133,126,moderate
2024-05-28T07:00Z,2024-05-28T07:30Z,126,124,moderate
2024-05-28T07:30Z,2024-05-28T08:00Z,115,120,moderate
2024-05-28T08:00Z,2024-05-28T08:30Z,121,117,moderate
2024-05-28T08:30Z,2024-05-28T09:00Z,110,111,moderate
2024-05-28T09:00Z,2024-05-28T09:30Z,100,104,low
2024-05-28T09:30Z,2024-05-28T10:00Z,101,99,low
2024-05-28T10:00Z,2024-05-28T10:30Z,103,91,low
2024-05-28T10:30Z,2024-05-28T11:00Z,93,86,low
2024-05-28T11:00Z,2024-05-28T11:30Z,90,82,low
2024-05-28T11:30Z,2024-05-28T12:00Z,82,77,low
2024-05-28T12:00Z,2024-05-28T12:30Z,84,75,low
2024-05-28T12:30Z,2024-05-28T13:00Z,79,72,low
2024-05-28T13:00Z,2024-05-28T13:30Z,79,72,low
2024-05-28T13:30Z,2024-05-28T14:00Z,75,74,low
2024-05-28T14:00Z,2024-05-28T14:30Z,73,74,low
2024-05-28T14:30Z,2024-05-28T15:00Z,72,82,low
2024-05-28T15:00Z,2024-05-28T15:30Z,70,88,low
2024-05-28T15:30Z,2024-05-28T16:00Z,78,96,low
2024-05-28T16:00Z,2024-05-28T16:30Z,82,98,low
2024-05-28T16:30Z,2024-05-28T17:00Z,91,103,low
2024-05-28T17:00Z,2024-05-28T17:30Z,92,104,low
2024-05-28T17:30Z,2024-05-28T18:00Z,97,105,low
2024-05-28T18:00Z,2024-05-28T18:30Z,102,105,low
2024-05-28T18:30Z,2024-05-28T19:00Z,98,106,low
2024-05-28T19:00Z,2024-05-28T19:30Z,96,106,low
2024-05-28T19:30Z,2024-05-28T20:00Z,97,106,low
2024-05-28T20:00Z,2024-05-28T20:30Z,92,98,low
2024-05-28T20:30Z,2024-05-28T21:00Z,90,80,low
2024-05-28T21:00Z,2024-05-28T21:30Z,86,63,low
2024-05-28T21:30Z,2024-05-28T22:00Z,82,60,low
2024-05-28T22:00Z,2024-05-28T22:30Z,82,59,low
2024-05-28T22:30Z,2024-05-28T23:00Z,83,59,low
2024-05-28T23:00Z,2024-05-28T23:30Z,84,60,low
2024-05-28T23:30Z,2024-05-29T00:00Z,82,63,low
2024-05-29T00:00Z,2024-05-29T00:30Z,81,65,low
2024-05-29T00:30Z,2024-05-29T01:00Z,79,68,low
2024-05-29T01:00Z,2024-05-29T01:30Z,78,69,low
2024-05-29T01:30Z,2024-05-29T02:00Z,77,79,low
2024-05-29T02:00Z,2024-05-29T02:30Z,78,80,low
2024-05-29T02:30Z,2024-05-29T03:00Z,78,79,low
2024-05-29T03:00Z,2024-05-29T03:30Z,76,77,low
2024-05-29T03:30Z,2024-05-29T04:00Z,79,82,low
2024-05-29T04:00Z,2024-05-29T04:30Z,77,87,low
2024-05-29T04:30Z,2024-05-29T05:00Z,77,86,low
2024-05-29T05:00Z,2024-05-29T05:30Z,76,101,low
2024-05-29T05:30Z,2024-05-29T06:00Z,75,85,low
2024-05-29T06:00Z,2024-05-29T06:30Z,73,90,low
2024-05-29T06:30Z,2024-05-29T07:00Z,72,101,low
2024-05-29T07:00Z,2024-05-29T07:30Z,78,102,low
2024-05-29T07:30Z,2024-05-29T08:00Z,79,104,low
2024-05-29T08:00Z,2024-05-29T08:30Z,79,104,low
2024-05-29T08:30Z,2024-05-29T09:00Z,78,109,low
2024-05-29T09:00Z,2024-05-29T09:30Z,74,99,low
2024-05-29T09:30Z,2024-05-29T10:00Z,69,95,low
2024-05-29T10:00Z,2024-05-29T10:30Z,72,97,low
2024-05-29T10:30Z,2024-05-29T11:00Z,73,97,low
2024-05-29T11:00Z,2024-05-29T11:30Z,72,94,low
2024-05-29T11:30Z,2024-05-29T12:00Z,71,94,low
2024-05-29T12:00Z,2024-05-29T12:30Z,65,95,low
2024-05-29T12:30Z,2024-05-29T13:00Z,66,98,low
2024-05-29T13:00Z,2024-05-29T13:30Z,64,98,low
2024-05-29T13:30Z,2024-05-29T14:00Z,64,93,low
2024-05-29T14:00Z,2024-05-29T14:30Z,63,102,low
2024-05-29T14:30Z,2024-05-29T15:00Z,64,105,low
2024-05-29T15:00Z,2024-05-29T15:30Z,72,111,moderate
2024-05-29T15:30Z,2024-05-29T16:00Z,78,114,moderate
2024-05-29T16:00Z,2024-05-29T16:30Z,82,123,moderate
2024-05-29T16:30Z,2024-05-29T17:00Z,84,123,moderate
2024-05-29T17:00Z,2024-05-29T17:30Z,86,126,moderate
2024-05-29T17:30Z,2024-05-29T18:00Z,91,127,moderate
2024-05-29T18:00Z,2024-05-29T18:30Z,93,128,moderate
2024-05-29T18:30Z,2024-05-29T19:00Z,98,132,moderate
2024-05-29T19:00Z,2024-05-29T19:30Z,99,134,moderate
2024-05-29T19:30Z,2024-05-29T20:00Z,103,133,moderate
2024-05-29T20:00Z,2024-05-29T20:30Z,99,129,moderate
2024-05-29T20:30Z,2024-05-29T21:00Z,100,130,moderate
2024-05-29T21:00Z,2024-05-29T21:30Z,91,115,moderate
2024-05-29T21:30Z,2024-05-29T22:00Z,87,88,low
2024-05-29T22:00Z,2024-05-29T22:30Z,79,79,low
2024-05-29T22:30Z,2024-05-29T23:00Z,80,73,low
2024-05-29T23:00Z,2024-05-29T23:30Z,81,68,low
2024-05-29T23:30Z,2024-05-30T00:00Z,82,66,low
2024-05-30T00:00Z,2024-05-30T00:30Z,82,65,low
2024-05-30T00:30Z,2024-05-30T01:00Z,83,64,low
2024-05-30T01:00Z,2024-05-30T01:30Z,82,62,low
2024-05-30T01:30Z,2024-05-30T02:00Z,81,58,low
2024-05-30T02:00Z,2024-05-30T02:30Z,81,58,low
2024-05-30T02:30Z,2024-05-30T03:00Z,81,57,low
2024-05-30T03:00Z,2024-05-30T03:30Z,80,56,low
2024-05-30T03:30Z,2024-05-30T04:00Z,81,56,low
2024-05-30T04:00Z,2024-05-30T04:30Z,78,56,low
2024-05-30T04:30Z,2024-05-30T05:00Z,76,60,low
2024-05-30T05:00Z,2024-05-30T05:30Z,73,59,low
2024-05-30T05:30Z,2024-05-30T06:00Z,70,55,low
2024-05-30T06:00Z,2024-05-30T06:30Z,67,58,low
2024-05-30T06:30Z,2024-05-30T07:00Z,71,59,low
2024-05-30T07:00Z,2024-05-30T07:30Z,72,57,low
2024-05-30T07:30Z,2024-05-30T08:00Z,72,57,low
2024-05-30T08:00Z,2024-05-30T08:30Z,70,53,low
2024-05-30T08:30Z,2024-05-30T09:00Z,67,47,low
2024-05-30T09:00Z,2024-05-30T09:30Z,65,44,low
2024-05-30T09:30Z,2024-05-30T10:00Z,64,42,low
2024-05-30T10:00Z,2024-05-30T10:30Z,63,41,low
2024-05-30T10:30Z,2024-05-30T11:00Z,61,38,low
2024-05-30T11:00Z,2024-05-30T11:30Z,60,38,low
2024-05-30T11:30Z,2024-05-30T12:00Z,56,35,low
2024-05-30T12:00Z,2024-05-30T12:30Z,53,36,low
2024-05-30T12:30Z,2024-05-30T13:00Z,55,37,low
2024-05-30T13:00Z,2024-05-30T13:30Z,56,38,low
2024-05-30T13:30Z,2024-05-30T14:00Z,56,42,low
2024-05-30T14:00Z,2024-05-30T14:30Z,56,40,low
2024-05-30T14:30Z,2024-05-30T15:00Z,58,39,low
2024-05-30T15:00Z,2024-05-30T15:30Z,60,46,low
2024-05-30T15:30Z,2024-05-30T16:00Z,62,52,low
2024-05-30T16:00Z,2024-05-30T16:30Z,64,58,low
2024-05-30T16:30Z,2024-05-30T17:00Z,64,64,low
2024-05-30T17:00Z,2024-05-30T17:30Z,65,62,low
2024-05-30T17:30Z,2024-05-30T18:00Z,68,67,low
2024-05-30T18:00Z,2024-05-30T18:30Z,62,69,low
2024-05-30T18:30Z,2024-05-30T19:00Z,65,62,low
2024-05-30T19:00Z,2024-05-30T19:30Z,66,66,low
2024-05-30T19:30Z,2024-05-30T20:00Z,57,72,low
2024-05-30T20:00Z,2024-05-30T20:30Z,62,66,low
2024-05-30T20:30Z,2024-05-30T21:00Z,66,61,low
2024-05-30T21:00Z,2024-05-30T21:30Z,66,51,low
2024-05-30T21:30Z,2024-05-30T22:00Z,61,45,low
2024-05-30T22:00Z,2024-05-30T22:30Z,60,46,low
2024-05-30T22:30Z,2024-05-30T23:00Z,68,47,low
2024-05-30T23:00Z,2024-05-30T23:30Z,44,47,low
2024-05-30T23:30Z,2024-05-31T00:00Z,45,50,low
2024-05-31T00:00Z,2024-05-31T00:30Z,43,52,low
2024-05-31T00:30Z,2024-05-31T01:00Z,48,52,low
2024-05-31T01:00Z,2024-05-31T01:30Z,49,51,low
2024-05-31T01:30Z,2024-05-31T02:00Z,49,52,low
2024-05-31T02:00Z,2024-05-31T02:30Z,49,54,low
2024-05-31T02:30Z,2024-05-31T03:00Z,52,56,low
2024-05-31T03:00Z,2024-05-31T03:30Z,49,55,low
2024-05-31T03:30Z,2024-05-31T04:00Z,51,57,low
2024-05-31T04:00Z,2024-05-31T04:30Z,52,58,low
2024-05-31T04:30Z,2024-05-31T05:00Z,56,56,low
2024-05-31T05:00Z,2024-05-31T05:30Z,58,58,low
2024-05-31T05:30Z,2024-05-31T06:00Z,56,56,low
2024-05-31T06:00Z,2024-05-31T06:30Z,57,57,low
2024-05-31T06:30Z,2024-05-31T07:00Z,53,61,low
2024-05-31T07:00Z,2024-05-31T07:30Z,55,61,low
2024-05-31T07:30Z,2024-05-31T08:00Z,51,58,low
2024-05-31T08:00Z,2024-05-31T08:30Z,60,57,low
2024-05-31T08:30Z,2024-05-31T09:00Z,58,55,low
2024-05-31T09:00Z,2024-05-31T09:30Z,61,52,low
2024-05-31T09:30Z,2024-05-31T10:00Z,60,53,low
2024-05-31T10:00Z,2024-05-31T10:30Z,56,51,low
2024-05-31T10:30Z,2024-05-31T11:00Z,60,50,low
2024-05-31T11:00Z,2024-05-31T11:30Z,61,47,low
2024-05-31T11:30Z,2024-05-31T12:00Z,53,44,low
2024-05-31T12:00Z,2024-05-31T12:30Z,53,44,low
2024-05-31T12:30Z,2024-05-31T13:00Z,49,44,low
2024-05-31T13:00Z,2024-05-31T13:30Z,49,44,low
2024-05-31T13:30Z,2024-05-31T14:00Z,51,46,low
2024-05-31T14:00Z,2024-05-31T14:30Z,50,49,low
2024-05-31T14:30Z,2024-05-31T15:00Z,52,50,low
2024-05-31T15:00Z,2024-05-31T15:30Z,54,51,low
2024-05-31T15:30Z,2024-05-31T16:00Z,56,54,low
2024-05-31T16:00Z,2024-05-31T16:30Z,56,58,low
2024-05-31T16:30Z,2024-05-31T17:00Z,55,60,low
2024-05-31T17:00Z,2024-05-31T17:30Z,57,64,low
2024-05-31T17:30Z,2024-05-31T18:00Z,64,66,low
2024-05-31T18:00Z,2024-05-31T18:30Z,66,64,low
2024-05-31T18:30Z,2024-05-31T19:00Z,71,67,low
2024-05-31T19:00Z,2024-05-31T19:30Z,73,71,low
2024-05-31T19:30Z,2024-05-31T20:00Z,73,70,low
2024-05-31T20:00Z,2024-05-31T20:30Z,76,71,low
2024-05-31T20:30Z,2024-05-31T21:00Z,78,68,low
2024-05-31T21:00Z,2024-05-31T21:30Z,80,66,low
2024-05-31T21:30Z,2024-05-31T22:00Z,81,61,low
2024-05-31T22:00Z,2024-05-31T22:30Z,78,58,low
2024-05-31T22:30Z,2024-05-31T23:00Z,70,60,low
2024-05-31T23:00Z,2024-05-31T23:30Z,69,63,low
2024-05-31T23:30Z,2024-06-01T00:00Z,70,65,low
2024-06-01T00:00Z,2024-06-01T00:30Z,73,67,low
2024-06-01T00:30Z,2024-06-01T01:00Z,76,68,low
2024-06-01T01:00Z,2024-06-01T01:30Z,73,66,low
2024-06-01T01:30Z,2024-06-01T02:00Z,72,64,low
2024-06-01T02:00Z,2024-06-01T02:30Z,83,63,low
2024-06-01T02:30Z,2024-06-01T03:00Z,86,66,low
2024-06-01T03:00Z,2024-06-01T03:30Z,80,65,low
2024-06-01T03:30Z,2024-06-01T04:00Z,79,63,low
2024-06-01T04:00Z,2024-06-01T04:30Z,71,62,low
2024-06-01T04:30Z,2024-06-01T05:00Z,75,62,low
2024-06-01T05:00Z,2024-06-01T05:30Z,66,61,low
2024-06-01T05:30Z,2024-06-01T06:00Z,67,55,low
2024-06-01T06:00Z,2024-06-01T06:30Z,65,53,low
2024-06-01T06:30Z,2024-06-01T07:00Z,64,51,low
2024-06-01T07:00Z,2024-06-01T07:30Z,47,49,low
2024-06-01T07:30Z,2024-06-01T08:00Z,36,47,low
2024-06-01T08:00Z,2024-06-01T08:30Z,43,47,low
2024-06-01T08:30Z,2024-06-01T09:00Z,38,48,low
2024-06-01T09:00Z,2024-06-01T09:30Z,43,50,low
2024-06-01T09:30Z,2024-06-01T10:00Z,34,60,low
2024-06-01T10:00Z,2024-06-01T10:30Z,36,59,low
2024-06-01T10:30Z,2024-06-01T11:00Z,31,52,low
2024-06-01T11:00Z,2024-06-01T11:30Z,48,50,low
2024-06-01T11:30Z,2024-06-01T12:00Z,48,49,low
2024-06-01T12:00Z,2024-06-01T12:30Z,55,48,low
2024-06-01T12:30Z,2024-06-01T13:00Z,56,44,low
2024-06-01T13:00Z,2024-06-01T13:30Z,54,44,low
2024-06-01T13:30Z,2024-06-01T14:00Z,58,48,low
2024-06-01T14:00Z,2024-06-01T14:30Z,52,50,low
2024-06-01T14:30Z,2024-06-01T15:00Z,55,52,low
2024-06-01T15:00Z,2024-06-01T15:30Z,57,53,low
2024-06-01T15:30Z,2024-06-01T16:00Z,58,54,low
2024-06-01T16:00Z,2024-06-01T16:30Z,56,58,low
2024-06-01T16:30Z,2024-06-01T17:00Z,60,61,low
2024-06-01T17:00Z,2024-06-01T17:30Z,60,65,low
2024-06-01T17:30Z,2024-06-01T18:00Z,63,66,low
2024-06-01T18:00Z,2024-06-01T18:30Z,68,68,low
2024-06-01T18:30Z,2024-06-01T19:00Z,74,73,low
2024-06-01T19:00Z,2024-06-01T19:30Z,73,78,low
2024-06-01T19:30Z,2024-06-01T20:00Z,75,86,low
2024-06-01T20:00Z,2024-06-01T20:30Z,75,90,low
2024-06-01T20:30Z,2024-06-01T21:00Z,75,91,low
2024-06-01T21:00Z,2024-06-01T21:30Z,85,93,low
2024-06-01T21:30Z,2024-06-01T22:00Z,85,89,low
2024-06-01T22:00Z,2024-06-01T22:30Z,95,78,low
2024-06-01T22:30Z,2024-06-01T23:00Z,99,75,low
2024-06-01T23:00Z,2024-06-01T23:30Z,85,76,low
2024-06-01T23:30Z,2024-06-02T00:00Z,82,81,low
2024-06-02T00:00Z,2024-06-02T00:30Z,72,82,low
2024-06-02T00:30Z,2024-06-02T01:00Z,69,93,low
2024-06-02T01:00Z,2024-06-02T01:30Z,75,90,low
2024-06-02T01:30Z,2024-06-02T02:00Z,77,85,low
2024-06-02T02:00Z,2024-06-02T02:30Z,88,76,low
2024-06-02T02:30Z,2024-06-02T03:00Z,88,81,low
2024-06-02T03:00Z,2024-06-02T03:30Z,84,79,low
2024-06-02T03:30Z,2024-06-02T04:00Z,89,78,low
2024-06-02T04:00Z,2024-06-02T04:30Z,82,79,low
2024-06-02T04:30Z,2024-06-02T05:00Z,80,81,low
2024-06-02T05:00Z,2024-06-02T05:30Z,76,83,low
2024-06-02T05:30Z,2024-06-02T06:00Z,77,72,low
2024-06-02T06:00Z,2024-06-02T06:30Z,79,72,low
2024-06-02T06:30Z,2024-06-02T07:00Z,73,76,low
2024-06-02T07:00Z,2024-06-02T07:30Z,56,74,low
2024-06-02T07:30Z,2024-06-02T08:00Z,53,69,low
2024-06-02T08:00Z,2024-06-02T08:30Z,60,63,low
2024-06-02T08:30Z,2024-06-02T09:00Z,54,55,low
2024-06-02T09:00Z,2024-06-02T09:30Z,52,51,low
2024-06-02T09:30Z,2024-06-02T10:00Z,48,52,low
2024-06-02T10:00Z,2024-06-02T10:30Z,46,51,low
2024-06-02T10:30Z,2024-06-02T11:00Z,42,46,low
2024-06-02T11:00Z,2024-06-02T11:30Z,42,45,low
2024-06-02T11:30Z,2024-06-02T12:00Z,41,44,low
2024-06-02T12:00Z,2024-06-02T12:30Z,40,44,low
2024-06-02T12:30Z,2024-06-02T13:00Z,40,44,low
2024-06-02T13:00Z,2024-06-02T13:30Z,38,44,low
2024-06-02T13:30Z,2024-06-02T14:00Z,41,44,low
2024-06-02T14:00Z,2024-06-02T14:30Z,44,46,low
2024-06-02T14:30Z,2024-06-02T15:00Z,48,53,low
2024-06-02T15:00Z,2024-06-02T15:30Z,45,59,low
2024-06-02T15:30Z,2024-06-02T16:00Z,48,69,low
2024-06-02T16:00Z,2024-06-02T16:30Z,55,83,low
2024-06-02T16:30Z,2024-06-02T17:00Z,58,93,low
2024-06-02T17:00Z,2024-06-02T17:30Z,69,105,low
2024-06-02T17:30Z,2024-06-02T18:00Z,75,109,low
2024-06-02T18:00Z,2024-06-02T18:30Z,104,116,moderate
2024-06-02T18:30Z,2024-06-02T19:00Z,107,119,moderate
2024-06-02T19:00Z,2024-06-02T19:30Z,99,120,moderate
2024-06-02T19:30Z,2024-06-02T20:00Z,104,122,moderate
2024-06-02T20:00Z,2024-06-02T20:30Z,121,122,moderate
2024-06-02T20:30Z,2024-06-02T21:00Z,125,121,moderate
2024-06-02T21:00Z,2024-06-02T21:30Z,122,118,moderate
2024-06-02T21:30Z,2024-06-02T22:00Z,118,107,low
2024-06-02T22:00Z,2024-06-02T22:30Z,114,93,low
2024-06-02T22:30Z,2024-06-02T23:00Z,108,90,low
2024-06-02T23:00Z,2024-06-02T23:30Z,106,86,low
2024-06-02T23:30Z,2024-06-03T00:00Z,105,99,low
2024-06-03T00:00Z,2024-06-03T00:30Z,90,94,low
2024-06-03T00:30Z,2024-06-03T01:00Z,88,95,low
2024-06-03T01:00Z,2024-06-03T01:30Z,98,93,low
2024-06-03T01:30Z,2024-06-03T02:00Z,92,86,low
2024-06-03T02:00Z,2024-06-03T02:30Z,90,86,low
2024-06-03T02:30Z,2024-06-03T03:00Z,92,90,low
2024-06-03T03:00Z,2024-06-03T03:30Z,91,94,low
2024-06-03T03:30Z,2024-06-03T04:00Z,90,99,low
2024-06-03T04:00Z,2024-06-03T04:30Z,88,102,low
2024-06-03T04:30Z,2024-06-03T05:00Z,77,106,low
2024-06-03T05:00Z,2024-06-03T05:30Z,99,119,moderate
2024-06-03T05:30Z,2024-06-03T06:00Z,100,125,moderate
2024-06-03T06:00Z,2024-06-03T06:30Z,105,132,moderate
2024-06-03T06:30Z,2024-06-03T07:00Z,126,131,moderate
2024-06-03T07:00Z,2024-06-03T07:30Z,129,130,moderate
2024-06-03T07:30Z,2024-06-03T08:00Z,123,131,moderate
2024-06-03T08:00Z,2024-06-03T08:30Z,115,135,moderate
2024-06-03T08:30Z,2024-06-03T09:00Z,113,132,moderate
2024-06-03T09:00Z,2024-06-03T09:30Z,103,127,moderate
2024-06-03T09:30Z,2024-06-03T10:00Z,106,126,moderate
2024-06-03T10:00Z,2024-06-03T10:30Z,117,128,moderate
2024-06-03T10:30Z,2024-06-03T11:00Z,119,127,moderate
2024-06-03T11:00Z,2024-06-03T11:30Z,116,127,moderate
2024-06-03T11:30Z,2024-06-03T12:00Z,118,127,moderate
2024-06-03T12:00Z,2024-06-03T12:30Z,120,125,moderate
2024-06-03T12:30Z,2024-06-03T13:00Z,117,122,moderate
2024-06-03T13:00Z,2024-06-03T13:30Z,118,119,moderate
2024-06-03T13:30Z,2024-06-03T14:00Z,116,119,moderate
2024-06-03T14:00Z,2024-06-03T14:30Z,120,120,moderate
2024-06-03T14:30Z,2024-06-03T15:00Z,125,126,moderate
2024-06-03T15:00Z,2024-06-03T15:30Z,123,133,moderate
2024-06-03T15:30Z,2024-06-03T16:00Z,124,139,moderate
2024-06-03T16:00Z,2024-06-03T16:30Z,140,151,moderate
2024-06-03T16:30Z,2024-06-03T17:00Z,156,159,moderate
2024-06-03T17:00Z,2024-06-03T17:30Z,154,164,moderate
2024-06-03T17:30Z,2024-06-03T18:00Z,159,167,moderate
2024-06-03T18:00Z,2024-06-03T18:30Z,167,169,moderate
2024-06-03T18:30Z,2024-06-03T19:00Z,165,174,moderate
2024-06-03T19:00Z,2024-06-03T19:30Z,166,172,moderate
2024-06-03T19:30Z,2024-06-03T20:00Z,174,169,moderate
2024-06-03T20:00Z,2024-06-03T20:30Z,171,166,moderate
2024-06-03T20:30Z,2024-06-03T21:00Z,166,155,moderate
2024-06-03T21:00Z,2024-06-03T21:30Z,160,147,moderate
2024-06-03T21:30Z,2024-06-03T22:00Z,144,123,moderate
2024-06-03T22:00Z,2024-06-03T22:30Z,138,106,low
2024-06-03T22:30Z,2024-06-03T23:00Z,136,102,low
2024-06-03T23:00Z,2024-06-03T23:30Z,118,96,low
2024-06-03T23:30Z,2024-06-04T00:00Z,102,93,low
2024-06-04T00:00Z,2024-06-04T00:30Z,104,91,low
2024-06-04T00:30Z,2024-06-04T01:00Z,97,91,low
2024-06-04T01:00Z,2024-06-04T01:30Z,89,81,low
2024-06-04T01:30Z,2024-06-04T02:00Z,87,78,low
2024-06-04T02:00Z,2024-06-04T02:30Z,89,79,low
2024-06-04T02:30Z,2024-06-04T03:00Z,79,88,low
2024-06-04T03:00Z,2024-06-04T03:30Z,75,91,low
2024-06-04T03:30Z,2024-06-04T04:00Z,77,93,low
2024-06-04T04:00Z,2024-06-04T04:30Z,89,97,low
2024-06-04T04:30Z,2024-06-04T05:00Z,76,96,low
2024-06-04T05:00Z,2024-06-04T05:30Z,86,100,low
2024-06-04T05:30Z,2024-06-04T06:00Z,89,103,low
2024-06-04T06:00Z,2024-06-04T06:30Z,89,101,low
2024-06-04T06:30Z,2024-06-04T07:00Z,93,95,low
2024-06-04T07:00Z,2024-06-04T07:30Z,89,91,low
2024-06-04T07:30Z,2024-06-04T08:00Z,85,79,low
2024-06-04T08:00Z,2024-06-04T08:30Z,89,70,low
2024-06-04T08:30Z,2024-06-04T09:00Z,86,65,low
2024-06-04T09:00Z,2024-06-04T09:30Z,80,59,low
2024-06-04T09:30Z,2024-06-04T10:00Z,244,50,low
2024-06-04T10:00Z,2024-06-04T10:30Z,65,46,low
2024-06-04T10:30Z,2024-06-04T11:00Z,57,45,low
2024-06-04T11:00Z,2024-06-04T11:30Z,49,42,low
2024-06-04T11:30Z,2024-06-04T12:00Z,48,35,low
2024-06-04T12:00Z,2024-06-04T12:30Z,45,14,very low
2024-06-04T12:30Z,2024-06-04T13:00Z,42,27,very low
2024-06-04T13:00Z,2024-06-04T13:30Z,36,34,very low
2024-06-04T13:30Z,2024-06-04T14:00Z,21,37,low
2024-06-04T14:00Z,2024-06-04T14:30Z,31,39,low
2024-06-04T14:30Z,2024-06-04T15:00Z,37,40,low
2024-06-04T15:00Z,2024-06-04T15:30Z,41,44,low
2024-06-04T15:30Z,2024-06-04T16:00Z,42,44,low
2024-06-04T16:00Z,2024-06-04T16:30Z,42,47,low
2024-06-04T16:30Z,2024-06-04T17:00Z,43,55,low
2024-06-04T17:00Z,2024-06-04T17:30Z,46,57,low
2024-06-04T17:30Z,2024-06-04T18:00Z,50,57,low
2024-06-04T18:00Z,2024-06-04T18:30Z,53,65,low
2024-06-04T18:30Z,2024-06-04T19:00Z,61,62,low
2024-06-04T19:00Z,2024-06-04T19:30Z,60,61,low
2024-06-04T19:30Z,2024-06-04T20:00Z,65,59,low
2024-06-04T20:00Z,2024-06-04T20:30Z,62,58,low
2024-06-04T20:30Z,2024-06-04T21:00Z,61,63,low
2024-06-04T21:00Z,2024-06-04T21:30Z,55,48,low
2024-06-04T21:30Z,2024-06-04T22:00Z,54,44,low
2024-06-04T22:00Z,2024-06-04T22:30Z,56,43,low
2024-06-04T22:30Z,2024-06-04T23:00Z,42,46,low
2024-06-04T23:00Z,2024-06-04T23:30Z,46,57,low
2024-06-04T23:30Z,2024-06-05T00:00Z,49,61,low
2024-06-05T00:00Z,2024-06-05T00:30Z,55,54,low
2024-06-05T00:30Z,2024-06-05T01:00Z,63,50,low
2024-06-05T01:00Z,2024-06-05T01:30Z,66,50,low
2024-06-05T01:30Z,2024-06-05T02:00Z,61,52,low
2024-06-05T02:00Z,2024-06-05T02:30Z,56,53,low
2024-06-05T02:30Z,2024-06-05T03:00Z,48,53,low
2024-06-05T03:00Z,2024-06-05T03:30Z,57,53,low
2024-06-05T03:30Z,2024-06-05T04:00Z,61,54,low
2024-06-05T04:00Z,2024-06-05T04:30Z,57,56,low
2024-06-05T04:30Z,2024-06-05T05:00Z,45,53,low
2024-06-05T05:00Z,2024-06-05T05:30Z,56,59,low
2024-06-05T05:30Z,2024-06-05T06:00Z,59,56,low
2024-06-05T06:00Z,2024-06-05T06:30Z,54,54,low
2024-06-05T06:30Z,2024-06-05T07:00Z,52,52,low
2024-06-05T07:00Z,2024-06-05T07:30Z,54,47,low
2024-06-05T07:30Z,2024-06-05T08:00Z,50,46,low
2024-06-05T08:00Z,2024-06-05T08:30Z,44,46,low
2024-06-05T08:30Z,2024-06-05T09:00Z,37,40,low
2024-06-05T09:00Z,2024-06-05T09:30Z,40,38,low
2024-06-05T09:30Z,2024-06-05T10:00Z,43,38,low
2024-06-05T10:00Z,2024-06-05T10:30Z,38,37,low
2024-06-05T10:30Z,2024-06-05T11:00Z,34,36,low
2024-06-05T11:00Z,2024-06-05T11:30Z,35,36,low
2024-06-05T11:30Z,2024-06-05T12:00Z,31,38,low
2024-06-05T12:00Z,2024-06-05T12:30Z,31,35,low
2024-06-05T12:30Z,2024-06-05T13:00Z,40,34,very low
2024-06-05T13:00Z,2024-06-05T13:30Z,39,34,very low
2024-06-05T13:30Z,2024-06-05T14:00Z,34,32,very low
2024-06-05T14:00Z,2024-06-05T14:30Z,35,41,low
2024-06-05T14:30Z,2024-06-05T15:00Z,69,43,low
2024-06-05T15:00Z,2024-06-05T15:30Z,35,49,low
2024-06-05T15:30Z,2024-06-05T16:00Z,41,53,low
2024-06-05T16:00Z,2024-06-05T16:30Z,40,61,low
2024-06-05T16:30Z,2024-06-05T17:00Z,41,78,low
2024-06-05T17:00Z,2024-06-05T17:30Z,47,87,low
2024-06-05T17:30Z,2024-06-05T18:00Z,53,96,low
2024-06-05T18:00Z,2024-06-05T18:30Z,77,102,low
2024-06-05T18:30Z,2024-06-05T19:00Z,90,103,low
2024-06-05T19:00Z,2024-06-05T19:30Z,99,108,low
2024-06-05T19:30Z,2024-06-05T20:00Z,104,107,low
2024-06-05T20:00Z,2024-06-05T20:30Z,104,108,low
2024-06-05T20:30Z,2024-06-05T21:00Z,100,106,low
2024-06-05T21:00Z,2024-06-05T21:30Z,101,96,low
2024-06-05T21:30Z,2024-06-05T22:00Z,97,77,low
2024-06-05T22:00Z,2024-06-05T22:30Z,100,69,low
2024-06-05T22:30Z,2024-06-05T23:00Z,95,70,low
2024-06-05T23:00Z,2024-06-05T23:30Z,73,66,low
2024-06-05T23:30Z,2024-06-06T00:00Z,67,61,low
2024-06-06T00:00Z,2024-06-06T00:30Z,70,64,low
2024-06-06T00:30Z,2024-06-06T01:00Z,69,65,low
2024-06-06T01:00Z,2024-06-06T01:30Z,64,66,low
2024-06-06T01:30Z,2024-06-06T02:00Z,67,70,low
2024-06-06T02:00Z,2024-06-06T02:30Z,71,74,low
2024-06-06T02:30Z,2024-06-06T03:00Z,71,73,low
2024-06-06T03:00Z,2024-06-06T03:30Z,72,71,low
2024-06-06T03:30Z,2024-06-06T04:00Z,77,77,low
2024-06-06T04:00Z,2024-06-06T04:30Z,82,86,low
2024-06-06T04:30Z,2024-06-06T05:00Z,68,94,low
2024-06-06T05:00Z,2024-06-06T05:30Z,80,108,low
2024-06-06T05:30Z,2024-06-06T06:00Z,88,115,moderate
2024-06-06T06:00Z,2024-06-06T06:30Z,108,113,moderate
2024-06-06T06:30Z,2024-06-06T07:00Z,116,106,low
2024-06-06T07:00Z,2024-06-06T07:30Z,109,98,low
2024-06-06T07:30Z,2024-06-06T08:00Z,103,92,low
2024-06-06T08:00Z,2024-06-06T08:30Z,94,88,low
2024-06-06T08:30Z,2024-06-06T09:00Z,80,86,low
2024-06-06T09:00Z,2024-06-06T09:30Z,74,80,low
2024-06-06T09:30Z,2024-06-06T10:00Z,72,74,low
2024-06-06T10:00Z,2024-06-06T10:30Z,73,71,low
2024-06-06T10:30Z,2024-06-06T11:00Z,69,68,low
2024-06-06T11:00Z,2024-06-06T11:30Z,62,66,low
2024-06-06T11:30Z,2024-06-06T12:00Z,58,61,low
2024-06-06T12:00Z,2024-06-06T12:30Z,59,57,low
2024-06-06T12:30Z,2024-06-06T13:00Z,61,55,low
2024-06-06T13:00Z,2024-06-06T13:30Z,59,55,low
2024-06-06T13:30Z,2024-06-06T14:00Z,58,57,low
2024-06-06T14:00Z,2024-06-06T14:30Z,54,60,low
2024-06-06T14:30Z,2024-06-06T15:00Z,51,64,low
2024-06-06T15:00Z,2024-06-06T15:30Z,53,75,low
2024-06-06T15:30Z,2024-06-06T16:00Z,63,86,low
2024-06-06T16:00Z,2024-06-06T16:30Z,74,96,low
2024-06-06T16:30Z,2024-06-06T17:00Z,81,105,low
2024-06-06T17:00Z,2024-06-06T17:30Z,102,115,moderate
2024-06-06T17:30Z,2024-06-06T18:00Z,108,129,moderate
2024-06-06T18:00Z,2024-06-06T18:30Z,121,135,moderate
2024-06-06T18:30Z,2024-06-06T19:00Z,131,133,moderate
2024-06-06T19:00Z,2024-06-06T19:30Z,139,133,moderate
2024-06-06T19:30Z,2024-06-06T20:00Z,146,125,moderate
2024-06-06T20:00Z,2024-06-06T20:30Z,135,122,moderate
2024-06-06T20:30Z,2024-06-06T21:00Z,125,131,moderate
2024-06-06T21:00Z,2024-06-06T21:30Z,117,130,moderate
2024-06-06T21:30Z,2024-06-06T22:00Z,107,115,moderate
2024-06-06T22:00Z,2024-06-06T22:30Z,112,101,low
2024-06-06T22:30Z,2024-06-06T23:00Z,113,91,low
2024-06-06T23:00Z,2024-06-06T23:30Z,107,88,low
2024-06-06T23:30Z,2024-06-07T00:00Z,102,86,low
2024-06-07T00:00Z,2024-06-07T00:30Z,95,84,low
2024-06-07T00:30Z,2024-06-07T01:00Z,90,85,low
2024-06-07T01:00Z,2024-06-07T01:30Z,89,80,low
2024-06-07T01:30Z,2024-06-07T02:00Z,90,81,low
2024-06-07T02:00Z,2024-06-07T02:30Z,92,81,low
2024-06-07T02:30Z,2024-06-07T03:00Z,83,79,low
2024-06-07T03:00Z,2024-06-07T03:30Z,79,76,low
2024-06-07T03:30Z,2024-06-07T04:00Z,84,78,low
2024-06-07T04:00Z,2024-06-07T04:30Z,77,79,low
2024-06-07T04:30Z,2024-06-07T05:00Z,57,77,low
2024-06-07T05:00Z,2024-06-07T05:30Z,76,79,low
2024-06-07T05:30Z,2024-06-07T06:00Z,73,72,low
2024-06-07T06:00Z,2024-06-07T06:30Z,61,71,low
2024-06-07T06:30Z,2024-06-07T07:00Z,59,63,low
2024-06-07T07:00Z,2024-06-07T07:30Z,59,58,low
2024-06-07T07:30Z,2024-06-07T08:00Z,56,51,low
2024-06-07T08:00Z,2024-06-07T08:30Z,56,45,low
2024-06-07T08:30Z,2024-06-07T09:00Z,56,41,low
2024-06-07T09:00Z,2024-06-07T09:30Z,49,37,low
2024-06-07T09:30Z,2024-06-07T10:00Z,47,36,low
2024-06-07T10:00Z,2024-06-07T10:30Z,44,35,low
2024-06-07T10:30Z,2024-06-07T11:00Z,39,33,very low
2024-06-07T11:00Z,2024-06-07T11:30Z,39,30,very low
2024-06-07T11:30Z,2024-06-07T12:00Z,40,30,very low
2024-06-07T12:00Z,2024-06-07T12:30Z,40,29,very low
2024-06-07T12:30Z,2024-06-07T13:00Z,36,30,very low
2024-06-07T13:00Z,2024-06-07T13:30Z,29,30,very low
2024-06-07T13:30Z,2024-06-07T14:00Z,24,26,very low
2024-06-07T14:00Z,2024-06-07T14:30Z,27,27,very low
2024-06-07T14:30Z,2024-06-07T15:00Z,30,32,very low
2024-06-07T15:00Z,2024-06-07T15:30Z,30,43,low
2024-06-07T15:30Z,2024-06-07T16:00Z,29,50,low
2024-06-07T16:00Z,2024-06-07T16:30Z,35,58,low
2024-06-07T16:30Z,2024-06-07T17:00Z,43,66,low
2024-06-07T17:00Z,2024-06-07T17:30Z,53,75,low
2024-06-07T17:30Z,2024-06-07T18:00Z,64,85,low
2024-06-07T18:00Z,2024-06-07T18:30Z,73,92,low
2024-06-07T18:30Z,2024-06-07T19:00Z,78,90,low
2024-06-07T19:00Z,2024-06-07T19:30Z,85,91,low
2024-06-07T19:30Z,2024-06-07T20:00Z,93,99,low
2024-06-07T20:00Z,2024-06-07T20:30Z,91,100,low
2024-06-07T20:30Z,2024-06-07T21:00Z,83,98,low
2024-06-07T21:00Z,2024-06-07T21:30Z,87,93,low
2024-06-07T21:30Z,2024-06-07T22:00Z,93,75,low
2024-06-07T22:00Z,2024-06-07T22:30Z,91,59,low
2024-06-07T22:30Z,2024-06-07T23:00Z,87,65,low
2024-06-07T23:00Z,2024-06-07T23:30Z,59,70,low
2024-06-07T23:30Z,2024-06-08T00:00Z,59,76,low
2024-06-08T00:00Z,2024-06-08T00:30Z,69,76,low
2024-06-08T00:30Z,2024-06-08T01:00Z,74,71,low
2024-06-08T01:00Z,2024-06-08T01:30Z,76,69,low
2024-06-08T01:30Z,2024-06-08T02:00Z,80,69,low
2024-06-08T02:00Z,2024-06-08T02:30Z,74,68,low
2024-06-08T02:30Z,2024-06-08T03:00Z,71,67,low
2024-06-08T03:00Z,2024-06-08T03:30Z,74,66,low
2024-06-08T03:30Z,2024-06-08T04:00Z,71,66,low
2024-06-08T04:00Z,2024-06-08T04:30Z,64,68,low
2024-06-08T04:30Z,2024-06-08T05:00Z,54,61,low
2024-06-08T05:00Z,2024-06-08T05:30Z,67,66,low
2024-06-08T05:30Z,2024-06-08T06:00Z,70,66,low
2024-06-08T06:00Z,2024-06-08T06:30Z,58,58,low
2024-06-08T06:30Z,2024-06-08T07:00Z,59,53,low
2024-06-08T07:00Z,2024-06-08T07:30Z,62,56,low
2024-06-08T07:30Z,2024-06-08T08:00Z,55,56,low
2024-06-08T08:00Z,2024-06-08T08:30Z,56,54,low
2024-06-08T08:30Z,2024-06-08T09:00Z,58,53,low
2024-06-08T09:00Z,2024-06-08T09:30Z,57,47,low
2024-06-08T09:30Z,2024-06-08T10:00Z,57,50,low
2024-06-08T10:00Z,2024-06-08T10:30Z,54,48,low
2024-06-08T10:30Z,2024-06-08T11:00Z,47,47,low
2024-06-08T11:00Z,2024-06-08T11:30Z,49,44,low
2024-06-08T11:30Z,2024-06-08T12:00Z,49,50,low
2024-06-08T12:00Z,2024-06-08T12:30Z,45,43,low
2024-06-08T12:30Z,2024-06-08T13:00Z,43,45,low
2024-06-08T13:00Z,2024-06-08T13:30Z,47,44,low
2024-06-08T13:30Z,2024-06-08T14:00Z,42,48,low
2024-06-08T14:00Z,2024-06-08T14:30Z,46,51,low
2024-06-08T14:30Z,2024-06-08T15:00Z,45,49,low
2024-06-08T15:00Z,2024-06-08T15:30Z,47,52,low
2024-06-08T15:30Z,2024-06-08T16:00Z,50,45,low
2024-06-08T16:00Z,2024-06-08T16:30Z,50,55,low
2024-06-08T16:30Z,2024-06-08T17:00Z,53,57,low
2024-06-08T17:00Z,2024-06-08T17:30Z,48,63,low
2024-06-08T17:30Z,2024-06-08T18:00Z,61,68,low
2024-06-08T18:00Z,2024-06-08T18:30Z,63,73,low
2024-06-08T18:30Z,2024-06-08T19:00Z,67,77,low
2024-06-08T19:00Z,2024-06-08T19:30Z,74,73,low
2024-06-08T19:30Z,2024-06-08T20:00Z,78,64,low
2024-06-08T20:00Z,2024-06-08T20:30Z,73,59,low
2024-06-08T20:30Z,2024-06-08T21:00Z,65,58,low
2024-06-08T21:00Z,2024-06-08T21:30Z,58,53,low
2024-06-08T21:30Z,2024-06-08T22:00Z,53,59,low
2024-06-08T22:00Z,2024-06-08T22:30Z,52,53,low
2024-06-08T22:30Z,2024-06-08T23:00Z,47,55,low
2024-06-08T23:00Z,2024-06-08T23:30Z,57,51,low
2024-06-08T23:30Z,2024-06-09T00:00Z,60,52,low
2024-06-09T00:00Z,2024-06-09T00:30Z,48,55,low
2024-06-09T00:30Z,2024-06-09T01:00Z,53,60,low
2024-06-09T01:00Z,2024-06-09T01:30Z,54,60,low
2024-06-09T01:30Z,2024-06-09T02:00Z,57,58,low
2024-06-09T02:00Z,2024-06-09T02:30Z,62,59,low
2024-06-09T02:30Z,2024-06-09T03:00Z,61,57,low
2024-06-09T03:00Z,2024-06-09T03:30Z,60,58,low
2024-06-09T03:30Z,2024-06-09T04:00Z,59,61,low
2024-06-09T04:00Z,2024-06-09T04:30Z,56,61,low
2024-06-09T04:30Z,2024-06-09T05:00Z,42,59,low
2024-06-09T05:00Z,2024-06-09T05:30Z,62,61,low
2024-06-09T05:30Z,2024-06-09T06:00Z,66,63,low
2024-06-09T06:00Z,2024-06-09T06:30Z,53,61,low
2024-06-09T06:30Z,2024-06-09T07:00Z,49,54,low
2024-06-09T07:00Z,2024-06-09T07:30Z,49,53,low
2024-06-09T07:30Z,2024-06-09T08:00Z,50,49,low
2024-06-09T08:00Z,2024-06-09T08:30Z,47,46,low
2024-06-09T08:30Z,2024-06-09T09:00Z,42,45,low
2024-06-09T09:00Z,2024-06-09T09:30Z,42,46,low
2024-06-09T09:30Z,2024-06-09T10:00Z,40,48,low
2024-06-09T10:00Z,2024-06-09T10:30Z,37,52,low
2024-06-09T10:30Z,2024-06-09T11:00Z,37,55,low
2024-06-09T11:00Z,2024-06-09T11:30Z,39,55,low
2024-06-09T11:30Z,2024-06-09T12:00Z,46,48,low
2024-06-09T12:00Z,2024-06-09T12:30Z,51,50,low
2024-06-09T12:30Z,2024-06-09T13:00Z,48,51,low
2024-06-09T13:00Z,2024-06-09T13:30Z,44,55,low
2024-06-09T13:30Z,2024-06-09T14:00Z,53,59,low
2024-06-09T14:00Z,2024-06-09T14:30Z,53,65,low
2024-06-09T14:30Z,2024-06-09T15:00Z,57,74,low
2024-06-09T15:00Z,2024-06-09T15:30Z,64,83,low
2024-06-09T15:30Z,2024-06-09T16:00Z,70,96,low
2024-06-09T16:00Z,2024-06-09T16:30Z,80,106,low
2024-06-09T16:30Z,2024-06-09T17:00Z,92,111,moderate
2024-06-09T17:00Z,2024-06-09T17:30Z,102,116,moderate
2024-06-09T17:30Z,2024-06-09T18:00Z,117,120,moderate
2024-06-09T18:00Z,2024-06-09T18:30Z,129,124,moderate
2024-06-09T18:30Z,2024-06-09T19:00Z,129,126,moderate
2024-06-09T19:00Z,2024-06-09T19:30Z,128,123,moderate
2024-06-09T19:30Z,2024-06-09T20:00Z,123,124,moderate
2024-06-09T20:00Z,2024-06-09T20:30Z,116,122,moderate
2024-06-09T20:30Z,2024-06-09T21:00Z,102,115,moderate
2024-06-09T21:00Z,2024-06-09T21:30Z,98,97,low
2024-06-09T21:30Z,2024-06-09T22:00Z,84,82,low
2024-06-09T22:00Z,2024-06-09T22:30Z,85,74,low
2024-06-09T22:30Z,2024-06-09T23:00Z,80,71,low
2024-06-09T23:00Z,2024-06-09T23:30Z,77,71,low
2024-06-09T23:30Z,2024-06-10T00:00Z,75,74,low
2024-06-10T00:00Z,2024-06-10T00:30Z,77,72,low
2024-06-10T00:30Z,2024-06-10T01:00Z,76,72,low
2024-06-10T01:00Z,2024-06-10T01:30Z,77,70,low
2024-06-10T01:30Z,2024-06-10T02:00Z,74,68,low
2024-06-10T02:00Z,2024-06-10T02:30Z,72,63,low
2024-06-10T02:30Z,2024-06-10T03:00Z,69,63,low
2024-06-10T03:00Z,2024-06-10T03:30Z,68,62,low
2024-06-10T03:30Z,2024-06-10T04:00Z,65,71,low
2024-06-10T04:00Z,2024-06-10T04:30Z,65,79,low
2024-06-10T04:30Z,2024-06-10T05:00Z,65,79,low
2024-06-10T05:00Z,2024-06-10T05:30Z,62,82,low
2024-06-10T05:30Z,2024-06-10T06:00Z,66,71,low
2024-06-10T06:00Z,2024-06-10T06:30Z,61,78,low
2024-06-10T06:30Z,2024-06-10T07:00Z,58,82,low
2024-06-10T07:00Z,2024-06-10T07:30Z,55,78,low
2024-06-10T07:30Z,2024-06-10T08:00Z,52,76,low
2024-06-10T08:00Z,2024-06-10T08:30Z,47,68,low
2024-06-10T08:30Z,2024-06-10T09:00Z,41,63,low
2024-06-10T09:00Z,2024-06-10T09:30Z,35,55,low
2024-06-10T09:30Z,2024-06-10T10:00Z,38,48,low
2024-06-10T10:00Z,2024-06-10T10:30Z,36,45,low
2024-06-10T10:30Z,2024-06-10T11:00Z,36,43,low
2024-06-10T11:00Z,2024-06-10T11:30Z,35,46,low
2024-06-10T11:30Z,2024-06-10T12:00Z,34,45,low
2024-06-10T12:00Z,2024-06-10T12:30Z,34,40,low
2024-06-10T12:30Z,2024-06-10T13:00Z,32,35,low
2024-06-10T13:00Z,2024-06-10T13:30Z,34,30,very low
2024-06-10T13:30Z,2024-06-10T14:00Z,35,32,very low
2024-06-10T14:00Z,2024-06-10T14:30Z,38,34,very low
2024-06-10T14:30Z,2024-06-10T15:00Z,37,35,low
2024-06-10T15:00Z,2024-06-10T15:30Z,38,35,low
2024-06-10T15:30Z,2024-06-10T16:00Z,39,40,low
2024-06-10T16:00Z,2024-06-10T16:30Z,41,49,low
2024-06-10T16:30Z,2024-06-10T17:00Z,44,70,low
2024-06-10T17:00Z,2024-06-10T17:30Z,49,80,low
2024-06-10T17:30Z,2024-06-10T18:00Z,50,85,low
2024-06-10T18:00Z,2024-06-10T18:30Z,54,93,low
2024-06-10T18:30Z,2024-06-10T19:00Z,56,96,low
2024-06-10T19:00Z,2024-06-10T19:30Z,58,99,low
2024-06-10T19:30Z,2024-06-10T20:00Z,61,103,low
2024-06-10T20:00Z,2024-06-10T20:30Z,59,106,low
2024-06-10T20:30Z,2024-06-10T21:00Z,62,102,low
2024-06-10T21:00Z,2024-06-10T21:30Z,63,96,low
2024-06-10T21:30Z,2024-06-10T22:00Z,62,86,low
2024-06-10T22:00Z,2024-06-10T22:30Z,59,73,low
2024-06-10T22:30Z,2024-06-10T23:00Z,58,78,low
2024-06-10T23:00Z,2024-06-10T23:30Z,57,78,low
2024-06-10T23:30Z,2024-06-11T00:00Z,56,77,low
2024-06-11T00:00Z,2024-06-11T00:30Z,60,76,low
2024-06-11T00:30Z,2024-06-11T01:00Z,61,70,low
2024-06-11T01:00Z,2024-06-11T01:30Z,60,68,low
2024-06-11T01:30Z,2024-06-11T02:00Z,60,64,low
2024-06-11T02:00Z,2024-06-11T02:30Z,61,65,low
2024-06-11T02:30Z,2024-06-11T03:00Z,62,60,low
2024-06-11T03:00Z,2024-06-11T03:30Z,62,58,low
2024-06-11T03:30Z,2024-06-11T04:00Z,62,65,low
2024-06-11T04:00Z,2024-06-11T04:30Z,62,66,low
2024-06-11T04:30Z,2024-06-11T05:00Z,62,73,low
2024-06-11T05:00Z,2024-06-11T05:30Z,61,85,low
2024-06-11T05:30Z,2024-06-11T06:00Z,62,85,low
2024-06-11T06:00Z,2024-06-11T06:30Z,60,88,low
2024-06-11T06:30Z,2024-06-11T07:00Z,55,91,low
2024-06-11T07:00Z,2024-06-11T07:30Z,54,86,low
2024-06-11T07:30Z,2024-06-11T08:00Z,52,84,low
2024-06-11T08:00Z,2024-06-11T08:30Z,49,82,low
2024-06-11T08:30Z,2024-06-11T09:00Z,47,84,low
2024-06-11T09:00Z,2024-06-11T09:30Z,48,87,low
2024-06-11T09:30Z,2024-06-11T10:00Z,47,89,low
2024-06-11T10:00Z,2024-06-11T10:30Z,48,96,low
2024-06-11T10:30Z,2024-06-11T11:00Z,47,94,low
2024-06-11T11:00Z,2024-06-11T11:30Z,46,92,low
2024-06-11T11:30Z,2024-06-11T12:00Z,46,91,low
2024-06-11T12:00Z,2024-06-11T12:30Z,47,90,low
2024-06-11T12:30Z,2024-06-11T13:00Z,46,94,low
2024-06-11T13:00Z,2024-06-11T13:30Z,46,95,low
2024-06-11T13:30Z,2024-06-11T14:00Z,47,97,low
2024-06-11T14:00Z,2024-06-11T14:30Z,49,108,low
2024-06-11T14:30Z,2024-06-11T15:00Z,49,123,moderate
2024-06-11T15:00Z,2024-06-11T15:30Z,54,132,moderate
2024-06-11T15:30Z,2024-06-11T16:00Z,61,141,moderate
2024-06-11T16:00Z,2024-06-11T16:30Z,68,146,moderate
2024-06-11T16:30Z,2024-06-11T17:00Z,77,147,moderate
2024-06-11T17:00Z,2024-06-11T17:30Z,77,152,moderate
2024-06-11T17:30Z,2024-06-11T18:00Z,82,159,moderate
2024-06-11T18:00Z,2024-06-11T18:30Z,86,162,moderate
2024-06-11T18:30Z,2024-06-11T19:00Z,91,158,moderate
2024-06-11T19:00Z,2024-06-11T19:30Z,101,157,moderate
2024-06-11T19:30Z,2024-06-11T20:00Z,103,159,moderate
2024-06-11T20:00Z,2024-06-11T20:30Z,111,158,moderate
2024-06-11T20:30Z,2024-06-11T21:00Z,109,157,moderate
2024-06-11T21:00Z,2024-06-11T21:30Z,116,146,moderate
2024-06-11T21:30Z,2024-06-11T22:00Z,116,134,moderate
2024-06-11T22:00Z,2024-06-11T22:30Z,99,125,moderate
2024-06-11T22:30Z,2024-06-11T23:00Z,145,123,moderate
2024-06-12T14:30Z,2024-06-12T15:00Z,186,173,moderate
2024-06-12T15:00Z,2024-06-12T15:30Z,197,178,moderate
2024-06-12T15:30Z,2024-06-12T16:00Z,196,184,moderate
2024-06-12T16:00Z,2024-06-12T16:30Z,191,187,moderate
2024-06-12T16:30Z,2024-06-12T17:00Z,190,187,moderate
2024-06-12T17:00Z,2024-06-12T17:30Z,194,191,high
2024-06-12T17:30Z,2024-06-12T18:00Z,201,187,moderate
2024-06-12T18:00Z,2024-06-12T18:30Z,203,193,high
2024-06-12T18:30Z,2024-06-12T19:00Z,209,201,high
2024-06-12T19:00Z,2024-06-12T19:30Z,214,205,high
2024-06-12T19:30Z,2024-06-12T20:00Z,195,207,high
2024-06-12T20:00Z,2024-06-12T20:30Z,206,205,high
2024-06-12T20:30Z,2024-06-12T21:00Z,210,207,high
2024-06-12T21:00Z,2024-06-12T21:30Z,210,204,high
2024-06-12T21:30Z,2024-06-12T22:00Z,205,193,high
2024-06-12T22:00Z,2024-06-12T22:30Z,193,183,moderate
2024-06-12T22:30Z,2024-06-12T23:00Z,183,177,moderate
2024-06-12T23:00Z,2024-06-12T23:30Z,172,170,moderate
2024-06-12T23:30Z,2024-06-13T00:00Z,173,158,moderate
2024-06-13T00:00Z,2024-06-13T00:30Z,174,158,moderate
2024-06-13T00:30Z,2024-06-13T01:00Z,154,160,moderate
2024-06-13T01:00Z,2024-06-13T01:30Z,143,157,moderate
2024-06-13T01:30Z,2024-06-13T02:00Z,160,150,moderate
2024-06-13T02:00Z,2024-06-13T02:30Z,159,151,moderate
2024-06-13T02:30Z,2024-06-13T03:00Z,158,159,moderate
2024-06-13T03:00Z,2024-06-13T03:30Z,153,156,moderate
2024-06-13T03:30Z,2024-06-13T04:00Z,142,159,moderate
2024-06-13T04:00Z,2024-06-13T04:30Z,153,160,moderate
2024-06-13T04:30Z,2024-06-13T05:00Z,143,159,moderate
2024-06-13T05:00Z,2024-06-13T05:30Z,148,159,moderate
2024-06-13T05:30Z,2024-06-13T06:00Z,181,158,moderate
2024-06-13T06:00Z,2024-06-13T06:30Z,152,155,moderate
2024-06-13T06:30Z,2024-06-13T07:00Z,148,148,moderate
2024-06-13T07:00Z,2024-06-13T07:30Z,142,141,moderate
2024-06-13T07:30Z,2024-06-13T08:00Z,141,135,moderate
2024-06-13T08:00Z,2024-06-13T08:30Z,137,131,moderate
2024-06-13T08:30Z,2024-06-13T09:00Z,119,125,moderate
2024-06-13T09:00Z,2024-06-13T09:30Z,115,118,moderate
2024-06-13T09:30Z,2024-06-13T10:00Z,113,110,moderate
2024-06-13T10:00Z,2024-06-13T10:30Z,108,104,low
2024-06-13T10:30Z,2024-06-13T11:00Z,96,101,low
2024-06-13T11:00Z,2024-06-13T11:30Z,93,94,low
2024-06-13T11:30Z,2024-06-13T12:00Z,103,89,low
2024-06-13T12:00Z,2024-06-13T12:30Z,95,82,low
2024-06-13T12:30Z,2024-06-13T13:00Z,94,80,low
2024-06-13T13:00Z,2024-06-13T13:30Z,87,78,low
2024-06-13T13:30Z,2024-06-13T14:00Z,82,81,low
2024-06-13T14:00Z,2024-06-13T14:30Z,78,83,low
2024-06-13T14:30Z,2024-06-13T15:00Z,78,88,low
2024-06-13T15:00Z,2024-06-13T15:30Z,79,95,low
2024-06-13T15:30Z,2024-06-13T16:00Z,78,99,low
2024-06-13T16:00Z,2024-06-13T16:30Z,97,102,low
2024-06-13T16:30Z,2024-06-13T17:00Z,93,109,low
2024-06-13T17:00Z,2024-06-13T17:30Z,93,111,moderate
2024-06-13T17:30Z,2024-06-13T18:00Z,93,110,moderate
2024-06-13T18:00Z,2024-06-13T18:30Z,102,108,low
2024-06-13T18:30Z,2024-06-13T19:00Z,98,106,low
2024-06-13T19:00Z,2024-06-13T19:30Z,102,97,low
2024-06-13T19:30Z,2024-06-13T20:00Z,107,90,low
2024-06-13T20:00Z,2024-06-13T20:30Z,101,84,low
2024-06-13T20:30Z,2024-06-13T21:00Z,91,81,low
2024-06-13T21:00Z,2024-06-13T21:30Z,86,70,low
2024-06-13T21:30Z,2024-06-13T22:00Z,81,54,low
2024-06-13T22:00Z,2024-06-13T22:30Z,78,49,low
2024-06-13T22:30Z,2024-06-13T23:00Z,72,52,low
2024-06-13T23:00Z,2024-06-13T23:30Z,56,51,low
2024-06-13T23:30Z,2024-06-14T00:00Z,51,51,low
2024-06-14T00:00Z,2024-06-14T00:30Z,53,56,low
2024-06-14T00:30Z,2024-06-14T01:00Z,51,62,low
2024-06-14T01:00Z,2024-06-14T01:30Z,50,60,low
2024-06-14T01:30Z,2024-06-14T02:00Z,53,55,low
2024-06-14T02:00Z,2024-06-14T02:30Z,60,56,low
2024-06-14T02:30Z,2024-06-14T03:00Z,58,55,low
2024-06-14T03:00Z,2024-06-14T03:30Z,55,56,low
2024-06-14T03:30Z,2024-06-14T04:00Z,55,56,low
2024-06-14T04:00Z,2024-06-14T04:30Z,56,61,low
2024-06-14T04:30Z,2024-06-14T05:00Z,49,67,low
2024-06-14T05:00Z,2024-06-14T05:30Z,59,77,low
2024-06-14T05:30Z,2024-06-14T06:00Z,63,82,low
2024-06-14T06:00Z,2024-06-14T06:30Z,63,88,low
2024-06-14T06:30Z,2024-06-14T07:00Z,71,89,low
2024-06-14T07:00Z,2024-06-14T07:30Z,73,88,low
2024-06-14T07:30Z,2024-06-14T08:00Z,78,87,low
2024-06-14T08:00Z,2024-06-14T08:30Z,82,83,low
2024-06-14T08:30Z,2024-06-14T09:00Z,79,78,low
2024-06-14T09:00Z,2024-06-14T09:30Z,78,73,low
2024-06-14T09:30Z,2024-06-14T10:00Z,82,72,low
2024-06-14T10:00Z,2024-06-14T10:30Z,70,71,low
2024-06-14T10:30Z,2024-06-14T11:00Z,67,66,low
2024-06-14T11:00Z,2024-06-14T11:30Z,69,62,low
2024-06-14T11:30Z,2024-06-14T12:00Z,66,57,low
2024-06-14T12:00Z,2024-06-14T12:30Z,68,56,low
2024-06-14T12:30Z,2024-06-14T13:00Z,69,55,low
2024-06-14T13:00Z,2024-06-14T13:30Z,60,52,low
2024-06-14T13:30Z,2024-06-14T14:00Z,60,68,low
2024-06-14T14:00Z,2024-06-14T14:30Z,59,72,low
2024-06-14T14:30Z,2024-06-14T15:00Z,58,82,low
2024-06-14T15:00Z,2024-06-14T15:30Z,60,91,low
2024-06-14T15:30Z,2024-06-14T16:00Z,63,105,low
2024-06-14T16:00Z,2024-06-14T16:30Z,70,114,moderate
2024-06-14T16:30Z,2024-06-14T17:00Z,80,121,moderate
2024-06-14T17:00Z,2024-06-14T17:30Z,100,132,moderate
2024-06-14T17:30Z,2024-06-14T18:00Z,110,139,moderate
2024-06-14T18:00Z,2024-06-14T18:30Z,124,146,moderate
2024-06-14T18:30Z,2024-06-14T19:00Z,131,153,moderate
2024-06-14T19:00Z,2024-06-14T19:30Z,132,162,moderate
2024-06-14T19:30Z,2024-06-14T20:00Z,141,167,moderate
2024-06-14T20:00Z,2024-06-14T20:30Z,144,174,moderate
2024-06-14T20:30Z,2024-06-14T21:00Z,148,168,moderate
2024-06-14T21:00Z,2024-06-14T21:30Z,148,158,moderate
2024-06-14T21:30Z,2024-06-14T22:00Z,140,144,moderate
2024-06-14T22:00Z,2024-06-14T22:30Z,137,134,moderate
2024-06-14T22:30Z,2024-06-14T23:00Z,134,130,moderate
2024-06-14T23:00Z,2024-06-14T23:30Z,134,123,moderate
2024-06-14T23:30Z,2024-06-15T00:00Z,127,117,moderate
2024-06-15T00:00Z,2024-06-15T00:30Z,116,108,low
2024-06-15T00:30Z,2024-06-15T01:00Z,109,116,moderate
2024-06-15T01:00Z,2024-06-15T01:30Z,103,121,moderate
2024-06-15T01:30Z,2024-06-15T02:00Z,92,121,moderate
2024-06-15T02:00Z,2024-06-15T02:30Z,92,124,moderate
2024-06-15T02:30Z,2024-06-15T03:00Z,96,128,moderate
2024-06-15T03:00Z,2024-06-15T03:30Z,97,124,moderate
2024-06-15T03:30Z,2024-06-15T04:00Z,100,126,moderate
2024-06-15T04:00Z,2024-06-15T04:30Z,105,129,moderate
2024-06-15T04:30Z,2024-06-15T05:00Z,88,124,moderate
2024-06-15T05:00Z,2024-06-15T05:30Z,104,118,moderate
2024-06-15T05:30Z,2024-06-15T06:00Z,100,119,moderate
2024-06-15T06:00Z,2024-06-15T06:30Z,92,119,moderate
2024-06-15T06:30Z,2024-06-15T07:00Z,87,120,moderate
2024-06-15T07:00Z,2024-06-15T07:30Z,75,118,moderate
2024-06-15T07:30Z,2024-06-15T08:00Z,73,112,moderate
2024-06-15T08:00Z,2024-06-15T08:30Z,69,104,low
2024-06-15T08:30Z,2024-06-15T09:00Z,65,102,low
2024-06-15T09:00Z,2024-06-15T09:30Z,71,104,low
2024-06-15T09:30Z,2024-06-15T10:00Z,69,104,low
2024-06-15T10:00Z,2024-06-15T10:30Z,73,102,low
2024-06-15T10:30Z,2024-06-15T11:00Z,80,106,low
2024-06-15T11:00Z,2024-06-15T11:30Z,83,108,low
2024-06-15T11:30Z,2024-06-15T12:00Z,83,107,low
2024-06-15T12:00Z,2024-06-15T12:30Z,86,107,low
2024-06-15T12:30Z,2024-06-15T13:00Z,86,97,low
2024-06-15T13:00Z,2024-06-15T13:30Z,81,93,low
2024-06-15T13:30Z,2024-06-15T14:00Z,79,92,low
2024-06-15T14:00Z,2024-06-15T14:30Z,92,99,low
2024-06-15T14:30Z,2024-06-15T15:00Z,95,105,low
2024-06-15T15:00Z,2024-06-15T15:30Z,101,113,moderate
2024-06-15T15:30Z,2024-06-15T16:00Z,107,118,moderate
2024-06-15T16:00Z,2024-06-15T16:30Z,110,122,moderate
2024-06-15T16:30Z,2024-06-15T17:00Z,121,123,moderate
2024-06-15T17:00Z,2024-06-15T17:30Z,125,129,moderate
2024-06-15T17:30Z,2024-06-15T18:00Z,131,123,moderate
2024-06-15T18:00Z,2024-06-15T18:30Z,132,126,moderate
2024-06-15T18:30Z,2024-06-15T19:00Z,139,128,moderate
2024-06-15T19:00Z,2024-06-15T19:30Z,128,133,moderate
2024-06-15T19:30Z,2024-06-15T20:00Z,123,141,moderate
2024-06-15T20:00Z,2024-06-15T20:30Z,129,138,moderate
2024-06-15T20:30Z,2024-06-15T21:00Z,134,137,moderate
2024-06-15T21:00Z,2024-06-15T21:30Z,130,129,moderate
2024-06-15T21:30Z,2024-06-15T22:00Z,125,113,moderate
2024-06-15T22:00Z,2024-06-15T22:30Z,123,95,low
2024-06-15T22:30Z,2024-06-15T23:00Z,116,89,low
2024-06-15T23:00Z,2024-06-15T23:30Z,108,90,low
2024-06-15T23:30Z,2024-06-16T00:00Z,90,88,low
2024-06-16T00:00Z,2024-06-16T00:30Z,81,89,low
2024-06-16T00:30Z,2024-06-16T01:00Z,81,96,low
2024-06-16T01:00Z,2024-06-16T01:30Z,77,93,low
2024-06-16T01:30Z,2024-06-16T02:00Z,74,83,low
2024-06-16T02:00Z,2024-06-16T02:30Z,82,78,low
2024-06-16T02:30Z,2024-06-16T03:00Z,89,78,low
2024-06-16T03:00Z,2024-06-16T03:30Z,79,77,low
2024-06-16T03:30Z,2024-06-16T04:00Z,71,74,low
2024-06-16T04:00Z,2024-06-16T04:30Z,69,74,low
2024-06-16T04:30Z,2024-06-16T05:00Z,69,76,low
2024-06-16T05:00Z,2024-06-16T05:30Z,75,75,low
2024-06-16T05:30Z,2024-06-16T06:00Z,71,79,low
2024-06-16T06:00Z,2024-06-16T06:30Z,70,77,low
2024-06-16T06:30Z,2024-06-16T07:00Z,68,74,low
2024-06-16T07:00Z,2024-06-16T07:30Z,67,75,low
2024-06-16T07:30Z,2024-06-16T08:00Z,69,69,low
2024-06-16T08:00Z,2024-06-16T08:30Z,77,66,low
2024-06-16T08:30Z,2024-06-16T09:00Z,71,63,low
2024-06-16T09:00Z,2024-06-16T09:30Z,64,63,low
2024-06-16T09:30Z,2024-06-16T10:00Z,63,65,low
2024-06-16T10:00Z,2024-06-16T10:30Z,61,64,low
2024-06-16T10:30Z,2024-06-16T11:00Z,59,64,low
2024-06-16T11:00Z,2024-06-16T11:30Z,61,62,low
2024-06-16T11:30Z,2024-06-16T12:00Z,61,59,low
2024-06-16T12:00Z,2024-06-16T12:30Z,63,55,low
2024-06-16T12:30Z,2024-06-16T13:00Z,61,55,low
2024-06-16T13:00Z,2024-06-16T13:30Z,57,55,low
2024-06-16T13:30Z,2024-06-16T14:00Z,55,55,low
2024-06-16T14:00Z,2024-06-16T14:30Z,57,55,low
2024-06-16T14:30Z,2024-06-16T15:00Z,58,57,low
2024-06-16T15:00Z,2024-06-16T15:30Z,61,62,low
2024-06-16T15:30Z,2024-06-16T16:00Z,65,69,low
2024-06-16T16:00Z,2024-06-16T16:30Z,64,76,low
2024-06-16T16:30Z,2024-06-16T17:00Z,67,88,low
2024-06-16T17:00Z,2024-06-16T17:30Z,77,89,low
2024-06-16T17:30Z,2024-06-16T18:00Z,78,93,low
2024-06-16T18:00Z,2024-06-16T18:30Z,84,94,low
2024-06-16T18:30Z,2024-06-16T19:00Z,81,92,low
2024-06-16T19:00Z,2024-06-16T19:30Z,93,101,low
2024-06-16T19:30Z,2024-06-16T20:00Z,92,107,low
2024-06-16T20:00Z,2024-06-16T20:30Z,90,110,moderate
2024-06-16T20:30Z,2024-06-16T21:00Z,88,117,moderate
2024-06-16T21:00Z,2024-06-16T21:30Z,89,109,low
2024-06-16T21:30Z,2024-06-16T22:00Z,95,93,low
2024-06-16T22:00Z,2024-06-16T22:30Z,101,86,low
2024-06-16T22:30Z,2024-06-16T23:00Z,96,83,low
2024-06-16T23:00Z,2024-06-16T23:30Z,82,81,low
2024-06-16T23:30Z,2024-06-17T00:00Z,77,83,low
2024-06-17T00:00Z,2024-06-17T00:30Z,76,84,low
2024-06-17T00:30Z,2024-06-17T01:00Z,73,88,low
2024-06-17T01:00Z,2024-06-17T01:30Z,80,88,low
2024-06-17T01:30Z,2024-06-17T02:00Z,81,93,low
2024-06-17T02:00Z,2024-06-17T02:30Z,83,92,low
2024-06-17T02:30Z,2024-06-17T03:00Z,83,88,low
2024-06-17T03:00Z,2024-06-17T03:30Z,85,92,low
2024-06-17T03:30Z,2024-06-17T04:00Z,88,100,low
2024-06-17T04:00Z,2024-06-17T04:30Z,84,106,low
2024-06-17T04:30Z,2024-06-17T05:00Z,62,118,moderate
2024-06-17T05:00Z,2024-06-17T05:30Z,101,128,moderate
2024-06-17T05:30Z,2024-06-17T06:00Z,111,132,moderate
2024-06-17T06:00Z,2024-06-17T06:30Z,125,131,moderate
2024-06-17T06:30Z,2024-06-17T07:00Z,128,135,moderate
2024-06-17T07:00Z,2024-06-17T07:30Z,129,134,moderate
2024-06-17T07:30Z,2024-06-17T08:00Z,126,131,moderate
2024-06-17T08:00Z,2024-06-17T08:30Z,131,127,moderate
2024-06-17T08:30Z,2024-06-17T09:00Z,126,125,moderate
2024-06-17T09:00Z,2024-06-17T09:30Z,123,120,moderate
2024-06-17T09:30Z,2024-06-17T10:00Z,123,117,moderate
2024-06-17T10:00Z,2024-06-17T10:30Z,125,115,moderate
2024-06-17T10:30Z,2024-06-17T11:00Z,120,116,moderate
2024-06-17T11:00Z,2024-06-17T11:30Z,116,113,moderate
2024-06-17T11:30Z,2024-06-17T12:00Z,119,110,moderate
2024-06-17T12:00Z,2024-06-17T12:30Z,116,108,low
2024-06-17T12:30Z,2024-06-17T13:00Z,109,115,moderate
2024-06-17T13:00Z,2024-06-17T13:30Z,109,117,moderate
2024-06-17T13:30Z,2024-06-17T14:00Z,112,118,moderate
2024-06-17T14:00Z,2024-06-17T14:30Z,117,122,moderate
2024-06-17T14:30Z,2024-06-17T15:00Z,124,132,moderate
2024-06-17T15:00Z,2024-06-17T15:30Z,125,138,moderate
2024-06-17T15:30Z,2024-06-17T16:00Z,129,150,moderate
2024-06-17T16:00Z,2024-06-17T16:30Z,133,155,moderate
2024-06-17T16:30Z,2024-06-17T17:00Z,134,152,moderate
2024-06-17T17:00Z,2024-06-17T17:30Z,153,160,moderate
2024-06-17T17:30Z,2024-06-17T18:00Z,160,165,moderate
2024-06-17T18:00Z,2024-06-17T18:30Z,163,168,moderate
2024-06-17T18:30Z,2024-06-17T19:00Z,170,170,moderate
2024-06-17T19:00Z,2024-06-17T19:30Z,168,172,moderate
2024-06-17T19:30Z,2024-06-17T20:00Z,173,179,moderate
2024-06-17T20:00Z,2024-06-17T20:30Z,176,186,moderate
2024-06-17T20:30Z,2024-06-17T21:00Z,171,184,moderate
2024-06-17T21:00Z,2024-06-17T21:30Z,163,177,moderate
2024-06-17T21:30Z,2024-06-17T22:00Z,155,162,moderate
2024-06-17T22:00Z,2024-06-17T22:30Z,147,151,moderate
2024-06-17T22:30Z,2024-06-17T23:00Z,141,147,moderate
2024-06-17T23:00Z,2024-06-17T23:30Z,137,146,moderate
2024-06-17T23:30Z,2024-06-18T00:00Z,132,142,moderate
2024-06-18T00:00Z,2024-06-18T00:30Z,127,138,moderate
2024-06-18T00:30Z,2024-06-18T01:00Z,127,141,moderate
2024-06-18T01:00Z,2024-06-18T01:30Z,125,140,moderate
2024-06-18T01:30Z,2024-06-18T02:00Z,125,138,moderate
2024-06-18T02:00Z,2024-06-18T02:30Z,127,137,moderate
2024-06-18T02:30Z,2024-06-18T03:00Z,127,140,moderate
2024-06-18T03:00Z,2024-06-18T03:30Z,128,139,moderate
2024-06-18T03:30Z,2024-06-18T04:00Z,124,149,moderate
2024-06-18T04:00Z,2024-06-18T04:30Z,128,160,moderate
2024-06-18T04:30Z,2024-06-18T05:00Z,128,175,moderate
2024-06-18T05:00Z,2024-06-18T05:30Z,134,181,moderate
2024-06-18T05:30Z,2024-06-18T06:00Z,133,182,moderate
2024-06-18T06:00Z,2024-06-18T06:30Z,129,180,moderate
2024-06-18T06:30Z,2024-06-18T07:00Z,127,176,moderate
2024-06-18T07:00Z,2024-06-18T07:30Z,121,170,moderate
2024-06-18T07:30Z,2024-06-18T08:00Z,117,166,moderate
2024-06-18T08:00Z,2024-06-18T08:30Z,112,163,moderate
2024-06-18T08:30Z,2024-06-18T09:00Z,107,161,moderate
2024-06-18T09:00Z,2024-06-18T09:30Z,104,141,moderate
2024-06-18T09:30Z,2024-06-18T10:00Z,98,139,moderate
2024-06-18T10:00Z,2024-06-18T10:30Z,94,138,moderate
2024-06-18T10:30Z,2024-06-18T11:00Z,89,136,moderate
2024-06-18T11:00Z,2024-06-18T11:30Z,89,137,moderate
2024-06-18T11:30Z,2024-06-18T12:00Z,89,136,moderate
2024-06-18T12:00Z,2024-06-18T12:30Z,82,135,moderate
2024-06-18T12:30Z,2024-06-18T13:00Z,137,136,moderate
2024-06-18T13:00Z,2024-06-18T13:30Z,137,134,moderate
2024-06-18T13:30Z,2024-06-18T14:00Z,141,131,moderate
2024-06-18T14:00Z,2024-06-18T14:30Z,137,133,moderate
2024-06-18T14:30Z,2024-06-18T15:00Z,134,136,moderate
2024-06-18T15:00Z,2024-06-18T15:30Z,133,139,moderate
2024-06-18T15:30Z,2024-06-18T16:00Z,147,141,moderate
2024-06-18T16:00Z,2024-06-18T16:30Z,148,144,moderate
2024-06-18T16:30Z,2024-06-18T17:00Z,154,153,moderate
2024-06-18T17:00Z,2024-06-18T17:30Z,158,155,moderate
2024-06-18T17:30Z,2024-06-18T18:00Z,153,157,moderate
2024-06-18T18:00Z,2024-06-18T18:30Z,161,165,moderate
2024-06-18T18:30Z,2024-06-18T19:00Z,161,168,moderate
2024-06-18T19:00Z,2024-06-18T19:30Z,166,169,moderate
2024-06-18T19:30Z,2024-06-18T20:00Z,177,173,moderate
2024-06-18T20:00Z,2024-06-18T20:30Z,174,171,moderate
2024-06-18T20:30Z,2024-06-18T21:00Z,170,169,moderate
2024-06-18T21:00Z,2024-06-18T21:30Z,175,165,moderate
2024-06-18T21:30Z,2024-06-18T22:00Z,165,132,moderate
2024-06-18T22:00Z,2024-06-18T22:30Z,164,118,moderate
2024-06-18T22:30Z,2024-06-18T23:00Z,163,106,low
2024-06-18T23:00Z,2024-06-18T23:30Z,134,101,low
2024-06-18T23:30Z,2024-06-19T00:00Z,128,98,low
2024-06-19T00:00Z,2024-06-19T00:30Z,121,98,low
2024-06-19T00:30Z,2024-06-19T01:00Z,114,101,low
2024-06-19T01:00Z,2024-06-19T01:30Z,118,100,low
2024-06-19T01:30Z,2024-06-19T02:00Z,113,103,low
2024-06-19T02:00Z,2024-06-19T02:30Z,110,105,low
2024-06-19T02:30Z,2024-06-19T03:00Z,100,105,low
2024-06-19T03:00Z,2024-06-19T03:30Z,105,105,low
2024-06-19T03:30Z,2024-06-19T04:00Z,110,117,moderate
2024-06-19T04:00Z,2024-06-19T04:30Z,108,108,low
2024-06-19T04:30Z,2024-06-19T05:00Z,111,117,moderate
2024-06-19T05:00Z,2024-06-19T05:30Z,116,133,moderate
2024-06-19T05:30Z,2024-06-19T06:00Z,109,147,moderate
2024-06-19T06:00Z,2024-06-19T06:30Z,114,150,moderate
2024-06-19T06:30Z,2024-06-19T07:00Z,132,152,moderate
2024-06-19T07:00Z,2024-06-19T07:30Z,143,148,moderate
2024-06-19T07:30Z,2024-06-19T08:00Z,134,149,moderate
2024-06-19T08:00Z,2024-06-19T08:30Z,136,145,moderate
2024-06-19T08:30Z,2024-06-19T09:00Z,127,138,moderate
2024-06-19T09:00Z,2024-06-19T09:30Z,130,132,moderate
2024-06-19T09:30Z,2024-06-19T10:00Z,120,131,moderate
2024-06-19T10:00Z,2024-06-19T10:30Z,116,124,moderate
2024-06-19T10:30Z,2024-06-19T11:00Z,116,116,moderate
2024-06-19T11:00Z,2024-06-19T11:30Z,103,112,moderate
2024-06-19T11:30Z,2024-06-19T12:00Z,99,107,low
2024-06-19T12:00Z,2024-06-19T12:30Z,96,90,low
2024-06-19T12:30Z,2024-06-19T13:00Z,95,87,low
2024-06-19T13:00Z,2024-06-19T13:30Z,87,99,low
2024-06-19T13:30Z,2024-06-19T14:00Z,87,88,low
2024-06-19T14:00Z,2024-06-19T14:30Z,85,94,low
2024-06-19T14:30Z,2024-06-19T15:00Z,107,96,low
2024-06-19T15:00Z,2024-06-19T15:30Z,96,103,low
2024-06-19T15:30Z,2024-06-19T16:00Z,104,114,moderate
2024-06-19T16:00Z,2024-06-19T16:30Z,103,124,moderate
2024-06-19T16:30Z,2024-06-19T17:00Z,107,131,moderate
2024-06-19T17:00Z,2024-06-19T17:30Z,118,141,moderate
2024-06-19T17:30Z,2024-06-19T18:00Z,132,143,moderate
2024-06-19T18:00Z,2024-06-19T18:30Z,133,148,moderate
2024-06-19T18:30Z,2024-06-19T19:00Z,136,153,moderate
2024-06-19T19:00Z,2024-06-19T19:30Z,136,156,moderate
2024-06-19T19:30Z,2024-06-19T20:00Z,138,158,moderate
2024-06-19T20:00Z,2024-06-19T20:30Z,151,160,moderate
2024-06-19T20:30Z,2024-06-19T21:00Z,154,158,moderate
2024-06-19T21:00Z,2024-06-19T21:30Z,152,153,moderate
2024-06-19T21:30Z,2024-06-19T22:00Z,147,136,moderate
2024-06-19T22:00Z,2024-06-19T22:30Z,141,124,moderate
2024-06-19T22:30Z,2024-06-19T23:00Z,139,118,moderate
2024-06-19T23:00Z,2024-06-19T23:30Z,139,119,moderate
2024-06-19T23:30Z,2024-06-20T00:00Z,132,119,moderate
2024-06-20T00:00Z,2024-06-20T00:30Z,120,116,moderate
2024-06-20T00:30Z,2024-06-20T01:00Z,120,115,moderate
2024-06-20T01:00Z,2024-06-20T01:30Z,116,111,moderate
2024-06-20T01:30Z,2024-06-20T02:00Z,117,108,low
2024-06-20T02:00Z,2024-06-20T02:30Z,123,114,moderate
2024-06-20T02:30Z,2024-06-20T03:00Z,123,116,moderate
2024-06-20T03:00Z,2024-06-20T03:30Z,117,115,moderate
2024-06-20T03:30Z,2024-06-20T04:00Z,125,117,moderate
2024-06-20T04:00Z,2024-06-20T04:30Z,130,126,moderate
2024-06-20T04:30Z,2024-06-20T05:00Z,130,136,moderate
2024-06-20T05:00Z,2024-06-20T05:30Z,131,152,moderate
2024-06-20T05:30Z,2024-06-20T06:00Z,146,170,moderate
2024-06-20T06:00Z,2024-06-20T06:30Z,152,169,moderate
2024-06-20T06:30Z,2024-06-20T07:00Z,157,162,moderate
2024-06-20T07:00Z,2024-06-20T07:30Z,165,159,moderate
2024-06-20T07:30Z,2024-06-20T08:00Z,165,150,moderate
2024-06-20T08:00Z,2024-06-20T08:30Z,160,143,moderate
2024-06-20T08:30Z,2024-06-20T09:00Z,160,139,moderate
2024-06-20T09:00Z,2024-06-20T09:30Z,145,133,moderate
2024-06-20T09:30Z,2024-06-20T10:00Z,136,128,moderate
2024-06-20T10:00Z,2024-06-20T10:30Z,136,124,moderate
2024-06-20T10:30Z,2024-06-20T11:00Z,129,120,moderate
2024-06-20T11:00Z,2024-06-20T11:30Z,127,119,moderate
2024-06-20T11:30Z,2024-06-20T12:00Z,128,117,moderate
2024-06-20T12:00Z,2024-06-20T12:30Z,122,113,moderate
2024-06-20T12:30Z,2024-06-20T13:00Z,113,110,moderate
2024-06-20T13:00Z,2024-06-20T13:30Z,113,111,moderate
2024-06-20T13:30Z,2024-06-20T14:00Z,113,117,moderate
2024-06-20T14:00Z,2024-06-20T14:30Z,109,122,moderate
2024-06-20T14:30Z,2024-06-20T15:00Z,111,127,moderate
2024-06-20T15:00Z,2024-06-20T15:30Z,116,133,moderate
2024-06-20T15:30Z,2024-06-20T16:00Z,125,141,moderate
2024-06-20T16:00Z,2024-06-20T16:30Z,135,148,moderate
2024-06-20T16:30Z,2024-06-20T17:00Z,142,154,moderate
2024-06-20T17:00Z,2024-06-20T17:30Z,149,159,moderate
2024-06-20T17:30Z,2024-06-20T18:00Z,162,163,moderate
2024-06-20T18:00Z,2024-06-20T18:30Z,167,168,moderate
2024-06-20T18:30Z,2024-06-20T19:00Z,171,175,moderate
2024-06-20T19:00Z,2024-06-20T19:30Z,172,179,moderate
2024-06-20T19:30Z,2024-06-20T20:00Z,173,180,moderate
2024-06-20T20:00Z,2024-06-20T20:30Z,177,178,moderate
2024-06-20T20:30Z,2024-06-20T21:00Z,175,182,moderate
2024-06-20T21:00Z,2024-06-20T21:30Z,170,176,moderate
2024-06-20T21:30Z,2024-06-20T22:00Z,166,153,moderate
2024-06-20T22:00Z,2024-06-20T22:30Z,166,138,moderate
2024-06-20T22:30Z,2024-06-20T23:00Z,170,136,moderate
2024-06-20T23:00Z,2024-06-20T23:30Z,143,128,moderate
2024-06-20T23:30Z,2024-06-21T00:00Z,128,122,moderate
2024-06-21T00:00Z,2024-06-21T00:30Z,131,118,moderate
2024-06-21T00:30Z,2024-06-21T01:00Z,121,113,moderate
2024-06-21T01:00Z,2024-06-21T01:30Z,119,105,low
2024-06-21T01:30Z,2024-06-21T02:00Z,117,101,low
2024-06-21T02:00Z,2024-06-21T02:30Z,110,102,low
2024-06-21T02:30Z,2024-06-21T03:00Z,106,104,low
2024-06-21T03:00Z,2024-06-21T03:30Z,107,104,low
2024-06-21T03:30Z,2024-06-21T04:00Z,110,116,moderate
2024-06-21T04:00Z,2024-06-21T04:30Z,105,120,moderate
2024-06-21T04:30Z,2024-06-21T05:00Z,108,119,moderate
2024-06-21T05:00Z,2024-06-21T05:30Z,116,122,moderate
2024-06-21T05:30Z,2024-06-21T06:00Z,120,127,moderate
2024-06-21T06:00Z,2024-06-21T06:30Z,116,127,moderate
2024-06-21T06:30Z,2024-06-21T07:00Z,117,117,moderate
2024-06-21T07:00Z,2024-06-21T07:30Z,117,109,low
2024-06-21T07:30Z,2024-06-21T08:00Z,110,99,low
2024-06-21T08:00Z,2024-06-21T08:30Z,96,91,low
2024-06-21T08:30Z,2024-06-21T09:00Z,89,79,low
2024-06-21T09:00Z,2024-06-21T09:30Z,87,71,low
2024-06-21T09:30Z,2024-06-21T10:00Z,82,64,low
2024-06-21T10:00Z,2024-06-21T10:30Z,68,58,low
2024-06-21T10:30Z,2024-06-21T11:00Z,61,54,low
2024-06-21T11:00Z,2024-06-21T11:30Z,55,47,low
2024-06-21T11:30Z,2024-06-21T12:00Z,50,48,low
2024-06-21T12:00Z,2024-06-21T12:30Z,50,47,low
2024-06-21T12:30Z,2024-06-21T13:00Z,45,47,low
2024-06-21T13:00Z,2024-06-21T13:30Z,47,43,low
2024-06-21T13:30Z,2024-06-21T14:00Z,48,39,low
2024-06-21T14:00Z,2024-06-21T14:30Z,50,41,low
2024-06-21T14:30Z,2024-06-21T15:00Z,46,44,low
2024-06-21T15:00Z,2024-06-21T15:30Z,41,55,low
2024-06-21T15:30Z,2024-06-21T16:00Z,46,68,low
2024-06-21T16:00Z,2024-06-21T16:30Z,47,77,low
2024-06-21T16:30Z,2024-06-21T17:00Z,58,86,low
2024-06-21T17:00Z,2024-06-21T17:30Z,68,87,low
2024-06-21T17:30Z,2024-06-21T18:00Z,74,84,low
2024-06-21T18:00Z,2024-06-21T18:30Z,88,93,low
2024-06-21T18:30Z,2024-06-21T19:00Z,90,97,low
2024-06-21T19:00Z,2024-06-21T19:30Z,92,98,low
2024-06-21T19:30Z,2024-06-21T20:00Z,98,100,low
2024-06-21T20:00Z,2024-06-21T20:30Z,102,108,low
2024-06-21T20:30Z,2024-06-21T21:00Z,102,106,low
2024-06-21T21:00Z,2024-06-21T21:30Z,109,104,low
2024-06-21T21:30Z,2024-06-21T22:00Z,115,101,low
2024-06-21T22:00Z,2024-06-21T22:30Z,110,93,low
2024-06-21T22:30Z,2024-06-21T23:00Z,112,83,low
2024-06-21T23:00Z,2024-06-21T23:30Z,110,79,low
2024-06-21T23:30Z,2024-06-22T00:00Z,102,80,low
2024-06-22T00:00Z,2024-06-22T00:30Z,94,83,low
2024-06-22T00:30Z,2024-06-22T01:00Z,87,82,low
2024-06-22T01:00Z,2024-06-22T01:30Z,87,81,low
2024-06-22T01:30Z,2024-06-22T02:00Z,89,79,low
2024-06-22T02:00Z,2024-06-22T02:30Z,85,82,low
2024-06-22T02:30Z,2024-06-22T03:00Z,84,85,low
2024-06-22T03:00Z,2024-06-22T03:30Z,85,84,low
2024-06-22T03:30Z,2024-06-22T04:00Z,91,86,low
2024-06-22T04:00Z,2024-06-22T04:30Z,97,88,low
2024-06-22T04:30Z,2024-06-22T05:00Z,100,92,low
2024-06-22T05:00Z,2024-06-22T05:30Z,97,96,low
2024-06-22T05:30Z,2024-06-22T06:00Z,97,105,low
2024-06-22T06:00Z,2024-06-22T06:30Z,100,109,low
2024-06-22T06:30Z,2024-06-22T07:00Z,107,107,low
2024-06-22T07:00Z,2024-06-22T07:30Z,114,105,low
2024-06-22T07:30Z,2024-06-22T08:00Z,111,103,low
2024-06-22T08:00Z,2024-06-22T08:30Z,102,98,low
2024-06-22T08:30Z,2024-06-22T09:00Z,93,95,low
2024-06-22T09:00Z,2024-06-22T09:30Z,95,93,low
2024-06-22T09:30Z,2024-06-22T10:00Z,90,92,low
2024-06-22T10:00Z,2024-06-22T10:30Z,87,87,low
2024-06-22T10:30Z,2024-06-22T11:00Z,85,79,low
2024-06-22T11:00Z,2024-06-22T11:30Z,82,70,low
2024-06-22T11:30Z,2024-06-22T12:00Z,81,67,low
2024-06-22T12:00Z,2024-06-22T12:30Z,74,58,low
2024-06-22T12:30Z,2024-06-22T13:00Z,66,52,low
2024-06-22T13:00Z,2024-06-22T13:30Z,62,49,low
2024-06-22T13:30Z,2024-06-22T14:00Z,61,51,low
2024-06-22T14:00Z,2024-06-22T14:30Z,61,50,low
2024-06-22T14:30Z,2024-06-22T15:00Z,47,53,low
2024-06-22T15:00Z,2024-06-22T15:30Z,51,57,low
2024-06-22T15:30Z,2024-06-22T16:00Z,51,63,low
2024-06-22T16:00Z,2024-06-22T16:30Z,56,76,low
2024-06-22T16:30Z,2024-06-22T17:00Z,61,79,low
2024-06-22T17:00Z,2024-06-22T17:30Z,62,91,low
2024-06-22T17:30Z,2024-06-22T18:00Z,72,96,low
2024-06-22T18:00Z,2024-06-22T18:30Z,80,106,low
2024-06-22T18:30Z,2024-06-22T19:00Z,89,111,moderate
2024-06-22T19:00Z,2024-06-22T19:30Z,93,113,moderate
2024-06-22T19:30Z,2024-06-22T20:00Z,106,116,moderate
2024-06-22T20:00Z,2024-06-22T20:30Z,112,118,moderate
2024-06-22T20:30Z,2024-06-22T21:00Z,114,118,moderate
2024-06-22T21:00Z,2024-06-22T21:30Z,112,107,low
2024-06-22T21:30Z,2024-06-22T22:00Z,114,90,low
2024-06-22T22:00Z,2024-06-22T22:30Z,120,78,low
2024-06-22T22:30Z,2024-06-22T23:00Z,108,74,low
2024-06-22T23:00Z,2024-06-22T23:30Z,95,73,low
2024-06-22T23:30Z,2024-06-23T00:00Z,84,71,low
2024-06-23T00:00Z,2024-06-23T00:30Z,76,72,low
2024-06-23T00:30Z,2024-06-23T01:00Z,73,70,low
2024-06-23T01:00Z,2024-06-23T01:30Z,74,67,low
2024-06-23T01:30Z,2024-06-23T02:00Z,74,72,low
2024-06-23T02:00Z,2024-06-23T02:30Z,74,72,low
2024-06-23T02:30Z,2024-06-23T03:00Z,68,74,low
2024-06-23T03:00Z,2024-06-23T03:30Z,75,75,low
2024-06-23T03:30Z,2024-06-23T04:00Z,77,78,low
2024-06-23T04:00Z,2024-06-23T04:30Z,83,82,low
2024-06-23T04:30Z,2024-06-23T05:00Z,89,92,low
2024-06-23T05:00Z,2024-06-23T05:30Z,88,95,low
2024-06-23T05:30Z,2024-06-23T06:00Z,87,100,low
2024-06-23T06:00Z,2024-06-23T06:30Z,95,100,low
2024-06-23T06:30Z,2024-06-23T07:00Z,93,86,low
2024-06-23T07:00Z,2024-06-23T07:30Z,97,88,low
2024-06-23T07:30Z,2024-06-23T08:00Z,98,90,low
2024-06-23T08:00Z,2024-06-23T08:30Z,83,95,low
2024-06-23T08:30Z,2024-06-23T09:00Z,88,101,low
2024-06-23T09:00Z,2024-06-23T09:30Z,86,101,low
2024-06-23T09:30Z,2024-06-23T10:00Z,88,102,low
2024-06-23T10:00Z,2024-06-23T10:30Z,99,101,low
2024-06-23T10:30Z,2024-06-23T11:00Z,103,100,low
2024-06-23T11:00Z,2024-06-23T11:30Z,101,99,low
2024-06-23T11:30Z,2024-06-23T12:00Z,100,94,low
2024-06-23T12:00Z,2024-06-23T12:30Z,97,92,low
2024-06-23T12:30Z,2024-06-23T13:00Z,90,94,low
2024-06-23T13:00Z,2024-06-23T13:30Z,87,93,low
2024-06-23T13:30Z,2024-06-23T14:00Z,90,93,low
2024-06-23T14:00Z,2024-06-23T14:30Z,88,99,low
2024-06-23T14:30Z,2024-06-23T15:00Z,94,104,low
2024-06-23T15:00Z,2024-06-23T15:30Z,93,114,moderate
2024-06-23T15:30Z,2024-06-23T16:00Z,107,126,moderate
2024-06-23T16:00Z,2024-06-23T16:30Z,123,132,moderate
2024-06-23T16:30Z,2024-06-23T17:00Z,125,137,moderate
2024-06-23T17:00Z,2024-06-23T17:30Z,127,140,moderate
2024-06-23T17:30Z,2024-06-23T18:00Z,132,142,moderate
2024-06-23T18:00Z,2024-06-23T18:30Z,137,148,moderate
2024-06-23T18:30Z,2024-06-23T19:00Z,138,153,moderate
2024-06-23T19:00Z,2024-06-23T19:30Z,141,155,moderate
2024-06-23T19:30Z,2024-06-23T20:00Z,142,156,moderate
2024-06-23T20:00Z,2024-06-23T20:30Z,144,158,moderate
2024-06-23T20:30Z,2024-06-23T21:00Z,140,157,moderate
2024-06-23T21:00Z,2024-06-23T21:30Z,153,152,moderate
2024-06-23T21:30Z,2024-06-23T22:00Z,153,130,moderate
2024-06-23T22:00Z,2024-06-23T22:30Z,150,116,moderate
2024-06-23T22:30Z,2024-06-23T23:00Z,148,111,moderate
2024-06-23T23:00Z,2024-06-23T23:30Z,127,108,low
2024-06-23T23:30Z,2024-06-24T00:00Z,119,108,low
2024-06-24T00:00Z,2024-06-24T00:30Z,116,106,low
2024-06-24T00:30Z,2024-06-24T01:00Z,110,105,low
2024-06-24T01:00Z,2024-06-24T01:30Z,113,109,low
2024-06-24T01:30Z,2024-06-24T02:00Z,114,108,low
2024-06-24T02:00Z,2024-06-24T02:30Z,109,110,moderate
2024-06-24T02:30Z,2024-06-24T03:00Z,112,113,moderate
2024-06-24T03:00Z,2024-06-24T03:30Z,117,110,moderate
2024-06-24T03:30Z,2024-06-24T04:00Z,120,116,moderate
2024-06-24T04:00Z,2024-06-24T04:30Z,123,124,moderate
2024-06-24T04:30Z,2024-06-24T05:00Z,113,140,moderate
2024-06-24T05:00Z,2024-06-24T05:30Z,119,148,moderate
2024-06-24T05:30Z,2024-06-24T06:00Z,135,143,moderate
2024-06-24T06:00Z,2024-06-24T06:30Z,153,148,moderate
2024-06-24T06:30Z,2024-06-24T07:00Z,151,143,moderate
2024-06-24T07:00Z,2024-06-24T07:30Z,141,139,moderate
2024-06-24T07:30Z,2024-06-24T08:00Z,144,136,moderate
2024-06-24T08:00Z,2024-06-24T08:30Z,138,132,moderate
2024-06-24T08:30Z,2024-06-24T09:00Z,133,128,moderate
2024-06-24T09:00Z,2024-06-24T09:30Z,130,126,moderate
2024-06-24T09:30Z,2024-06-24T10:00Z,125,124,moderate
2024-06-24T10:00Z,2024-06-24T10:30Z,122,123,moderate
2024-06-24T10:30Z,2024-06-24T11:00Z,116,119,moderate
2024-06-24T11:00Z,2024-06-24T11:30Z,120,119,moderate
2024-06-24T11:30Z,2024-06-24T12:00Z,118,115,moderate
2024-06-24T12:00Z,2024-06-24T12:30Z,113,112,moderate
2024-06-24T12:30Z,2024-06-24T13:00Z,112,113,moderate
2024-06-24T13:00Z,2024-06-24T13:30Z,111,113,moderate
2024-06-24T13:30Z,2024-06-24T14:00Z,110,126,moderate
2024-06-24T14:00Z,2024-06-24T14:30Z,109,130,moderate
2024-06-24T14:30Z,2024-06-24T15:00Z,113,135,moderate
2024-06-24T15:00Z,2024-06-24T15:30Z,113,143,moderate
2024-06-24T15:30Z,2024-06-24T16:00Z,118,142,moderate
2024-06-24T16:00Z,2024-06-24T16:30Z,124,152,moderate
2024-06-24T16:30Z,2024-06-24T17:00Z,125,155,moderate
2024-06-24T17:00Z,2024-06-24T17:30Z,128,166,moderate
2024-06-24T17:30Z,2024-06-24T18:00Z,131,176,moderate
2024-06-24T18:00Z,2024-06-24T18:30Z,134,180,moderate
2024-06-24T18:30Z,2024-06-24T19:00Z,138,183,moderate
2024-06-24T19:00Z,2024-06-24T19:30Z,140,186,moderate
2024-06-24T19:30Z,2024-06-24T20:00Z,141,186,moderate
2024-06-24T20:00Z,2024-06-24T20:30Z,142,180,moderate
2024-06-24T20:30Z,2024-06-24T21:00Z,137,165,moderate
2024-06-24T21:00Z,2024-06-24T21:30Z,136,158,moderate
2024-06-24T21:30Z,2024-06-24T22:00Z,127,149,moderate
2024-06-24T22:00Z,2024-06-24T22:30Z,125,140,moderate
2024-06-24T22:30Z,2024-06-24T23:00Z,123,138,moderate
2024-06-24T23:00Z,2024-06-24T23:30Z,124,137,moderate
2024-06-24T23:30Z,2024-06-25T00:00Z,122,136,moderate
2024-06-25T00:00Z,2024-06-25T00:30Z,122,135,moderate
2024-06-25T00:30Z,2024-06-25T01:00Z,123,136,moderate
2024-06-25T01:00Z,2024-06-25T01:30Z,127,136,moderate
2024-06-25T01:30Z,2024-06-25T02:00Z,129,138,moderate
2024-06-25T02:00Z,2024-06-25T02:30Z,135,141,moderate
2024-06-25T02:30Z,2024-06-25T03:00Z,141,147,moderate
2024-06-25T03:00Z,2024-06-25T03:30Z,151,151,moderate
2024-06-25T03:30Z,2024-06-25T04:00Z,155,167,moderate
2024-06-25T04:00Z,2024-06-25T04:30Z,160,177,moderate
2024-06-25T04:30Z,2024-06-25T05:00Z,167,181,moderate
2024-06-25T05:00Z,2024-06-25T05:30Z,180,180,moderate
2024-06-25T05:30Z,2024-06-25T06:00Z,195,169,moderate
2024-06-25T06:00Z,2024-06-25T06:30Z,198,171,moderate
2024-06-25T06:30Z,2024-06-25T07:00Z,186,167,moderate
2024-06-25T07:00Z,2024-06-25T07:30Z,174,159,moderate
2024-06-25T07:30Z,2024-06-25T08:00Z,171,155,moderate
2024-06-25T08:00Z,2024-06-25T08:30Z,165,152,moderate
2024-06-25T08:30Z,2024-06-25T09:00Z,153,149,moderate
2024-06-25T09:00Z,2024-06-25T09:30Z,142,146,moderate
2024-06-25T09:30Z,2024-06-25T10:00Z,137,143,moderate
2024-06-25T10:00Z,2024-06-25T10:30Z,139,136,moderate
2024-06-25T10:30Z,2024-06-25T11:00Z,132,128,moderate
2024-06-25T11:00Z,2024-06-25T11:30Z,131,128,moderate
2024-06-25T11:30Z,2024-06-25T12:00Z,126,127,moderate
2024-06-25T12:00Z,2024-06-25T12:30Z,122,129,moderate
2024-06-25T12:30Z,2024-06-25T13:00Z,122,133,moderate
2024-06-25T13:00Z,2024-06-25T13:30Z,119,134,moderate
2024-06-25T13:30Z,2024-06-25T14:00Z,122,137,moderate
2024-06-25T14:00Z,2024-06-25T14:30Z,125,141,moderate
2024-06-25T14:30Z,2024-06-25T15:00Z,127,146,moderate
2024-06-25T15:00Z,2024-06-25T15:30Z,131,154,moderate
2024-06-25T15:30Z,2024-06-25T16:00Z,133,162,moderate
2024-06-25T16:00Z,2024-06-25T16:30Z,150,168,moderate
2024-06-25T16:30Z,2024-06-25T17:00Z,155,173,moderate
2024-06-25T17:00Z,2024-06-25T17:30Z,165,176,moderate
2024-06-25T17:30Z,2024-06-25T18:00Z,172,175,moderate
2024-06-25T18:00Z,2024-06-25T18:30Z,177,180,moderate
2024-06-25T18:30Z,2024-06-25T19:00Z,179,181,moderate
2024-06-25T19:00Z,2024-06-25T19:30Z,176,184,moderate
2024-06-25T19:30Z,2024-06-25T20:00Z,177,189,moderate
2024-06-25T20:00Z,2024-06-25T20:30Z,170,190,high
2024-06-25T20:30Z,2024-06-25T21:00Z,169,187,moderate
2024-06-25T21:00Z,2024-06-25T21:30Z,186,181,moderate
2024-06-25T21:30Z,2024-06-25T22:00Z,174,177,moderate
2024-06-25T22:00Z,2024-06-25T22:30Z,172,168,moderate
2024-06-25T22:30Z,2024-06-25T23:00Z,162,165,moderate
2024-06-25T23:00Z,2024-06-25T23:30Z,166,166,moderate
2024-06-25T23:30Z,2024-06-26T00:00Z,165,166,moderate
2024-06-26T00:00Z,2024-06-26T00:30Z,167,167,moderate
2024-06-26T00:30Z,2024-06-26T01:00Z,163,164,moderate
2024-06-26T01:00Z,2024-06-26T01:30Z,166,166,moderate
2024-06-26T01:30Z,2024-06-26T02:00Z,163,166,moderate
2024-06-26T02:00Z,2024-06-26T02:30Z,161,166,moderate
2024-06-26T02:30Z,2024-06-26T03:00Z,162,166,moderate
2024-06-26T03:00Z,2024-06-26T03:30Z,170,166,moderate
2024-06-26T03:30Z,2024-06-26T04:00Z,168,168,moderate
2024-06-26T04:00Z,2024-06-26T04:30Z,171,171,moderate
2024-06-26T04:30Z,2024-06-26T05:00Z,173,173,moderate
2024-06-26T05:00Z,2024-06-26T05:30Z,173,177,moderate
2024-06-26T05:30Z,2024-06-26T06:00Z,176,177,moderate
2024-06-26T06:00Z,2024-06-26T06:30Z,182,173,moderate
2024-06-26T06:30Z,2024-06-26T07:00Z,179,171,moderate
2024-06-26T07:00Z,2024-06-26T07:30Z,175,164,moderate
2024-06-26T07:30Z,2024-06-26T08:00Z,170,156,moderate
2024-06-26T08:00Z,2024-06-26T08:30Z,154,149,moderate
2024-06-26T08:30Z,2024-06-26T09:00Z,144,144,moderate
2024-06-26T09:00Z,2024-06-26T09:30Z,137,134,moderate
2024-06-26T09:30Z,2024-06-26T10:00Z,128,125,moderate
2024-06-26T10:00Z,2024-06-26T10:30Z,129,117,moderate
2024-06-26T10:30Z,2024-06-26T11:00Z,121,111,moderate
2024-06-26T11:00Z,2024-06-26T11:30Z,116,105,low
2024-06-26T11:30Z,2024-06-26T12:00Z,111,101,low
2024-06-26T12:00Z,2024-06-26T12:30Z,106,100,low
2024-06-26T12:30Z,2024-06-26T13:00Z,102,101,low
2024-06-26T13:00Z,2024-06-26T13:30Z,96,103,low
2024-06-26T13:30Z,2024-06-26T14:00Z,97,107,low
2024-06-26T14:00Z,2024-06-26T14:30Z,97,109,low
2024-06-26T14:30Z,2024-06-26T15:00Z,106,116,moderate
2024-06-26T15:00Z,2024-06-26T15:30Z,111,128,moderate
2024-06-26T15:30Z,2024-06-26T16:00Z,119,145,moderate
2024-06-26T16:00Z,2024-06-26T16:30Z,126,151,moderate
2024-06-26T16:30Z,2024-06-26T17:00Z,139,168,moderate
2024-06-26T17:00Z,2024-06-26T17:30Z,153,173,moderate
2024-06-26T17:30Z,2024-06-26T18:00Z,155,179,moderate
2024-06-26T18:00Z,2024-06-26T18:30Z,175,188,moderate
2024-06-26T18:30Z,2024-06-26T19:00Z,176,194,high
2024-06-26T19:00Z,2024-06-26T19:30Z,178,197,high
2024-06-26T19:30Z,2024-06-26T20:00Z,166,196,high
2024-06-26T20:00Z,2024-06-26T20:30Z,155,189,moderate
2024-06-26T20:30Z,2024-06-26T21:00Z,153,183,moderate
2024-06-26T21:00Z,2024-06-26T21:30Z,164,167,moderate
2024-06-26T21:30Z,2024-06-26T22:00Z,167,145,moderate
2024-06-26T22:00Z,2024-06-26T22:30Z,169,127,moderate
2024-06-26T22:30Z,2024-06-26T23:00Z,159,110,moderate
2024-06-26T23:00Z,2024-06-26T23:30Z,133,101,low
2024-06-26T23:30Z,2024-06-27T00:00Z,120,89,low
2024-06-27T00:00Z,2024-06-27T00:30Z,102,83,low
2024-06-27T00:30Z,2024-06-27T01:00Z,91,83,low
2024-06-27T01:00Z,2024-06-27T01:30Z,82,78,low
2024-06-27T01:30Z,2024-06-27T02:00Z,78,83,low
2024-06-27T02:00Z,2024-06-27T02:30Z,79,82,low
2024-06-27T02:30Z,2024-06-27T03:00Z,79,85,low
2024-06-27T03:00Z,2024-06-27T03:30Z,81,87,low
2024-06-27T03:30Z,2024-06-27T04:00Z,78,103,low
2024-06-27T04:00Z,2024-06-27T04:30Z,81,111,moderate
2024-06-27T04:30Z,2024-06-27T05:00Z,82,114,moderate
2024-06-27T05:00Z,2024-06-27T05:30Z,94,115,moderate
2024-06-27T05:30Z,2024-06-27T06:00Z,99,104,low
2024-06-27T06:00Z,2024-06-27T06:30Z,94,100,low
2024-06-27T06:30Z,2024-06-27T07:00Z,93,89,low
2024-06-27T07:00Z,2024-06-27T07:30Z,91,82,low
2024-06-27T07:30Z,2024-06-27T08:00Z,85,71,low
2024-06-27T08:00Z,2024-06-27T08:30Z,85,61,low
2024-06-27T08:30Z,2024-06-27T09:00Z,111,59,low
2024-06-27T09:00Z,2024-06-27T09:30Z,63,50,low
2024-06-27T09:30Z,2024-06-27T10:00Z,55,47,low
2024-06-27T10:00Z,2024-06-27T10:30Z,55,48,low
2024-06-27T10:30Z,2024-06-27T11:00Z,51,46,low
2024-06-27T11:00Z,2024-06-27T11:30Z,45,39,low
2024-06-27T11:30Z,2024-06-27T12:00Z,46,38,low
2024-06-27T12:00Z,2024-06-27T12:30Z,44,38,low
2024-06-27T12:30Z,2024-06-27T13:00Z,38,45,low
2024-06-27T13:00Z,2024-06-27T13:30Z,38,45,low
2024-06-27T13:30Z,2024-06-27T14:00Z,36,43,low
2024-06-27T14:00Z,2024-06-27T14:30Z,42,43,low
2024-06-27T14:30Z,2024-06-27T15:00Z,42,42,low
2024-06-27T15:00Z,2024-06-27T15:30Z,42,46,low
2024-06-27T15:30Z,2024-06-27T16:00Z,45,51,low
2024-06-27T16:00Z,2024-06-27T16:30Z,45,57,low
2024-06-27T16:30Z,2024-06-27T17:00Z,47,61,low
2024-06-27T17:00Z,2024-06-27T17:30Z,53,68,low
2024-06-27T17:30Z,2024-06-27T18:00Z,58,74,low
2024-06-27T18:00Z,2024-06-27T18:30Z,64,78,low
2024-06-27T18:30Z,2024-06-27T19:00Z,69,77,low
2024-06-27T19:00Z,2024-06-27T19:30Z,74,79,low
2024-06-27T19:30Z,2024-06-27T20:00Z,74,85,low
2024-06-27T20:00Z,2024-06-27T20:30Z,75,86,low
2024-06-27T20:30Z,2024-06-27T21:00Z,77,81,low
2024-06-27T21:00Z,2024-06-27T21:30Z,78,72,low
2024-06-27T21:30Z,2024-06-27T22:00Z,81,73,low
2024-06-27T22:00Z,2024-06-27T22:30Z,73,63,low
2024-06-27T22:30Z,2024-06-27T23:00Z,63,65,low
2024-06-27T23:00Z,2024-06-27T23:30Z,65,60,low
2024-06-27T23:30Z,2024-06-28T00:00Z,58,64,low
2024-06-28T00:00Z,2024-06-28T00:30Z,59,63,low
2024-06-28T00:30Z,2024-06-28T01:00Z,57,60,low
2024-06-28T01:00Z,2024-06-28T01:30Z,62,57,low
2024-06-28T01:30Z,2024-06-28T02:00Z,59,50,low
2024-06-28T02:00Z,2024-06-28T02:30Z,56,52,low
2024-06-28T02:30Z,2024-06-28T03:00Z,52,54,low
2024-06-28T03:00Z,2024-06-28T03:30Z,45,54,low
2024-06-28T03:30Z,2024-06-28T04:00Z,47,58,low
2024-06-28T04:00Z,2024-06-28T04:30Z,49,68,low
2024-06-28T04:30Z,2024-06-28T05:00Z,40,69,low
2024-06-28T05:00Z,2024-06-28T05:30Z,57,74,low
2024-06-28T05:30Z,2024-06-28T06:00Z,64,72,low
2024-06-28T06:00Z,2024-06-28T06:30Z,64,77,low
2024-06-28T06:30Z,2024-06-28T07:00Z,67,81,low
2024-06-28T07:00Z,2024-06-28T07:30Z,64,77,low
2024-06-28T07:30Z,2024-06-28T08:00Z,66,63,low
2024-06-28T08:00Z,2024-06-28T08:30Z,69,62,low
2024-06-28T08:30Z,2024-06-28T09:00Z,63,56,low
2024-06-28T09:00Z,2024-06-28T09:30Z,56,55,low
2024-06-28T09:30Z,2024-06-28T10:00Z,65,54,low
2024-06-28T10:00Z,2024-06-28T10:30Z,52,52,low
2024-06-28T10:30Z,2024-06-28T11:00Z,50,49,low
2024-06-28T11:00Z,2024-06-28T11:30Z,48,49,low
2024-06-28T11:30Z,2024-06-28T12:00Z,47,52,low
2024-06-28T12:00Z,2024-06-28T12:30Z,45,51,low
2024-06-28T12:30Z,2024-06-28T13:00Z,45,51,low
2024-06-28T13:00Z,2024-06-28T13:30Z,45,50,low
2024-06-28T13:30Z,2024-06-28T14:00Z,46,50,low
2024-06-28T14:00Z,2024-06-28T14:30Z,45,52,low
2024-06-28T14:30Z,2024-06-28T15:00Z,45,51,low
2024-06-28T15:00Z,2024-06-28T15:30Z,49,62,low
2024-06-28T15:30Z,2024-06-28T16:00Z,50,68,low
2024-06-28T16:00Z,2024-06-28T16:30Z,50,75,low
2024-06-28T16:30Z,2024-06-28T17:00Z,64,65,low
2024-06-28T17:00Z,2024-06-28T17:30Z,69,78,low
2024-06-28T17:30Z,2024-06-28T18:00Z,72,86,low
2024-06-28T18:00Z,2024-06-28T18:30Z,68,99,low
2024-06-28T18:30Z,2024-06-28T19:00Z,85,112,moderate
2024-06-28T19:00Z,2024-06-28T19:30Z,94,116,moderate
2024-06-28T19:30Z,2024-06-28T20:00Z,106,122,moderate
2024-06-28T20:00Z,2024-06-28T20:30Z,121,125,moderate
2024-06-28T20:30Z,2024-06-28T21:00Z,124,120,moderate
2024-06-28T21:00Z,2024-06-28T21:30Z,116,127,moderate
2024-06-28T21:30Z,2024-06-28T22:00Z,108,121,moderate
2024-06-28T22:00Z,2024-06-28T22:30Z,102,116,moderate
2024-06-28T22:30Z,2024-06-28T23:00Z,99,112,moderate
2024-06-28T23:00Z,2024-06-28T23:30Z,109,109,low
2024-06-28T23:30Z,2024-06-29T00:00Z,107,107,low
2024-06-29T00:00Z,2024-06-29T00:30Z,103,105,low
2024-06-29T00:30Z,2024-06-29T01:00Z,98,105,low
2024-06-29T01:00Z,2024-06-29T01:30Z,94,101,low
2024-06-29T01:30Z,2024-06-29T02:00Z,94,101,low
2024-06-29T02:00Z,2024-06-29T02:30Z,90,105,low
2024-06-29T02:30Z,2024-06-29T03:00Z,86,102,low
2024-06-29T03:00Z,2024-06-29T03:30Z,88,98,low
2024-06-29T03:30Z,2024-06-29T04:00Z,73,93,low
2024-06-29T04:00Z,2024-06-29T04:30Z,96,93,low
2024-06-29T04:30Z,2024-06-29T05:00Z,76,86,low
2024-06-29T05:00Z,2024-06-29T05:30Z,94,86,low
2024-06-29T05:30Z,2024-06-29T06:00Z,90,84,low
2024-06-29T06:00Z,2024-06-29T06:30Z,76,83,low
2024-06-29T06:30Z,2024-06-29T07:00Z,81,81,low
2024-06-29T07:00Z,2024-06-29T07:30Z,76,81,low
2024-06-29T07:30Z,2024-06-29T08:00Z,82,79,low
2024-06-29T08:00Z,2024-06-29T08:30Z,80,76,low
2024-06-29T08:30Z,2024-06-29T09:00Z,80,72,low
2024-06-29T09:00Z,2024-06-29T09:30Z,78,65,low
2024-06-29T09:30Z,2024-06-29T10:00Z,73,59,low
2024-06-29T10:00Z,2024-06-29T10:30Z,73,56,low
2024-06-29T10:30Z,2024-06-29T11:00Z,64,50,low
2024-06-29T11:00Z,2024-06-29T11:30Z,59,48,low
2024-06-29T11:30Z,2024-06-29T12:00Z,56,46,low
2024-06-29T12:00Z,2024-06-29T12:30Z,53,45,low
2024-06-29T12:30Z,2024-06-29T13:00Z,52,46,low
2024-06-29T13:00Z,2024-06-29T13:30Z,47,46,low
2024-06-29T13:30Z,2024-06-29T14:00Z,46,48,low
2024-06-29T14:00Z,2024-06-29T14:30Z,46,54,low
2024-06-29T14:30Z,2024-06-29T15:00Z,47,58,low
2024-06-29T15:00Z,2024-06-29T15:30Z,46,73,low
2024-06-29T15:30Z,2024-06-29T16:00Z,56,97,low
2024-06-29T16:00Z,2024-06-29T16:30Z,61,115,moderate
2024-06-29T16:30Z,2024-06-29T17:00Z,74,129,moderate
2024-06-29T17:00Z,2024-06-29T17:30Z,97,135,moderate
2024-06-29T17:30Z,2024-06-29T18:00Z,118,138,moderate
2024-06-29T18:00Z,2024-06-29T18:30Z,137,144,moderate
2024-06-29T18:30Z,2024-06-29T19:00Z,135,145,moderate
2024-06-29T19:00Z,2024-06-29T19:30Z,134,146,moderate
2024-06-29T19:30Z,2024-06-29T20:00Z,133,142,moderate
2024-06-29T20:00Z,2024-06-29T20:30Z,136,147,moderate
2024-06-29T20:30Z,2024-06-29T21:00Z,139,143,moderate
2024-06-29T21:00Z,2024-06-29T21:30Z,137,133,moderate
2024-06-29T21:30Z,2024-06-29T22:00Z,130,116,moderate
2024-06-29T22:00Z,2024-06-29T22:30Z,125,102,low
2024-06-29T22:30Z,2024-06-29T23:00Z,122,96,low
2024-06-29T23:00Z,2024-06-29T23:30Z,112,90,low
2024-06-29T23:30Z,2024-06-30T00:00Z,90,90,low
2024-06-30T00:00Z,2024-06-30T00:30Z,88,87,low
2024-06-30T00:30Z,2024-06-30T01:00Z,81,89,low
2024-06-30T01:00Z,2024-06-30T01:30Z,81,89,low
2024-06-30T01:30Z,2024-06-30T02:00Z,78,93,low
2024-06-30T02:00Z,2024-06-30T02:30Z,81,91,low
2024-06-30T02:30Z,2024-06-30T03:00Z,86,91,low
2024-06-30T03:00Z,2024-06-30T03:30Z,89,93,low
2024-06-30T03:30Z,2024-06-30T04:00Z,83,90,low
2024-06-30T04:00Z,2024-06-30T04:30Z,81,89,low
2024-06-30T04:30Z,2024-06-30T05:00Z,82,91,low
2024-06-30T05:00Z,2024-06-30T05:30Z,78,91,low
2024-06-30T05:30Z,2024-06-30T06:00Z,78,102,low
2024-06-30T06:00Z,2024-06-30T06:30Z,84,97,low
2024-06-30T06:30Z,2024-06-30T07:00Z,81,94,low
2024-06-30T07:00Z,2024-06-30T07:30Z,88,94,low
2024-06-30T07:30Z,2024-06-30T08:00Z,83,91,low
2024-06-30T08:00Z,2024-06-30T08:30Z,78,92,low
2024-06-30T08:30Z,2024-06-30T09:00Z,78,87,low
2024-06-30T09:00Z,2024-06-30T09:30Z,77,85,low
2024-06-30T09:30Z,2024-06-30T10:00Z,74,82,low
2024-06-30T10:00Z,2024-06-30T10:30Z,70,82,low
2024-06-30T10:30Z,2024-06-30T11:00Z,73,70,low
2024-06-30T11:00Z,2024-06-30T11:30Z,71,68,low
2024-06-30T11:30Z,2024-06-30T12:00Z,68,67,low
2024-06-30T12:00Z,2024-06-30T12:30Z,60,69,low
2024-06-30T12:30Z,2024-06-30T13:00Z,57,69,low
2024-06-30T13:00Z,2024-06-30T13:30Z,59,71,low
2024-06-30T13:30Z,2024-06-30T14:00Z,61,75,low
2024-06-30T14:00Z,2024-06-30T14:30Z,63,80,low
2024-06-30T14:30Z,2024-06-30T15:00Z,67,88,low
2024-06-30T15:00Z,2024-06-30T15:30Z,75,96,low
2024-06-30T15:30Z,2024-06-30T16:00Z,82,112,moderate
2024-06-30T16:00Z,2024-06-30T16:30Z,94,122,moderate
2024-06-30T16:30Z,2024-06-30T17:00Z,104,125,moderate
2024-06-30T17:00Z,2024-06-30T17:30Z,119,118,moderate
2024-06-30T17:30Z,2024-06-30T18:00Z,130,118,moderate
2024-06-30T18:00Z,2024-06-30T18:30Z,142,123,moderate
2024-06-30T18:30Z,2024-06-30T19:00Z,133,134,moderate
2024-06-30T19:00Z,2024-06-30T19:30Z,124,142,moderate
2024-06-30T19:30Z,2024-06-30T20:00Z,126,148,moderate
2024-06-30T20:00Z,2024-06-30T20:30Z,142,147,moderate
2024-06-30T20:30Z,2024-06-30T21:00Z,151,148,moderate
2024-06-30T21:00Z,2024-06-30T21:30Z,148,143,moderate
2024-06-30T21:30Z,2024-06-30T22:00Z,136,132,moderate
2024-06-30T22:00Z,2024-06-30T22:30Z,133,116,moderate
2024-06-30T22:30Z,2024-06-30T23:00Z,133,109,low
2024-06-30T23:00Z,2024-06-30T23:30Z,126,105,low
2024-06-30T23:30Z,2024-07-01T00:00Z,118,105,low
2024-07-01T00:00Z,2024-07-01T00:30Z,116,105,low
2024-07-01T00:30Z,2024-07-01T01:00Z,121,108,low
2024-07-01T01:00Z,2024-07-01T01:30Z,109,105,low
2024-07-01T01:30Z,2024-07-01T02:00Z,111,95,low
2024-07-01T02:00Z,2024-07-01T02:30Z,104,92,low
2024-07-01T02:30Z,2024-07-01T03:00Z,104,98,low
2024-07-01T03:00Z,2024-07-01T03:30Z,103,94,low
2024-07-01T03:30Z,2024-07-01T04:00Z,96,101,low
2024-07-01T04:00Z,2024-07-01T04:30Z,102,105,low
2024-07-01T04:30Z,2024-07-01T05:00Z,68,108,low
2024-07-01T05:00Z,2024-07-01T05:30Z,103,112,moderate
2024-07-01T05:30Z,2024-07-01T06:00Z,111,118,moderate
2024-07-01T06:00Z,2024-07-01T06:30Z,109,118,moderate
2024-07-01T06:30Z,2024-07-01T07:00Z,111,113,moderate
2024-07-01T07:00Z,2024-07-01T07:30Z,119,111,moderate
2024-07-01T07:30Z,2024-07-01T08:00Z,113,109,low
2024-07-01T08:00Z,2024-07-01T08:30Z,106,105,low
2024-07-01T08:30Z,2024-07-01T09:00Z,103,104,low
2024-07-01T09:00Z,2024-07-01T09:30Z,94,100,low
2024-07-01T09:30Z,2024-07-01T10:00Z,89,99,low
2024-07-01T10:00Z,2024-07-01T10:30Z,95,96,low
2024-07-01T10:30Z,2024-07-01T11:00Z,93,88,low
2024-07-01T11:00Z,2024-07-01T11:30Z,90,86,low
2024-07-01T11:30Z,2024-07-01T12:00Z,86,80,low
2024-07-01T12:00Z,2024-07-01T12:30Z,81,73,low
2024-07-01T12:30Z,2024-07-01T13:00Z,80,72,low
2024-07-01T13:00Z,2024-07-01T13:30Z,76,69,low
2024-07-01T13:30Z,2024-07-01T14:00Z,70,69,low
2024-07-01T14:00Z,2024-07-01T14:30Z,67,67,low
2024-07-01T14:30Z,2024-07-01T15:00Z,64,72,low
2024-07-01T15:00Z,2024-07-01T15:30Z,58,76,low
2024-07-01T15:30Z,2024-07-01T16:00Z,58,75,low
2024-07-01T16:00Z,2024-07-01T16:30Z,63,81,low
2024-07-01T16:30Z,2024-07-01T17:00Z,67,87,low
2024-07-01T17:00Z,2024-07-01T17:30Z,71,89,low
2024-07-01T17:30Z,2024-07-01T18:00Z,82,94,low
2024-07-01T18:00Z,2024-07-01T18:30Z,90,94,low
2024-07-01T18:30Z,2024-07-01T19:00Z,93,91,low
2024-07-01T19:00Z,2024-07-01T19:30Z,94,90,low
2024-07-01T19:30Z,2024-07-01T20:00Z,94,89,low
2024-07-01T20:00Z,2024-07-01T20:30Z,93,90,low
2024-07-01T20:30Z,2024-07-01T21:00Z,97,84,low
2024-07-01T21:00Z,2024-07-01T21:30Z,94,74,low
2024-07-01T21:30Z,2024-07-01T22:00Z,94,66,low
2024-07-01T22:00Z,2024-07-01T22:30Z,88,59,low
2024-07-01T22:30Z,2024-07-01T23:00Z,75,57,low
2024-07-01T23:00Z,2024-07-01T23:30Z,63,56,low
2024-07-01T23:30Z,2024-07-02T00:00Z,52,59,low
2024-07-02T00:00Z,2024-07-02T00:30Z,51,58,low
2024-07-02T00:30Z,2024-07-02T01:00Z,48,56,low
2024-07-02T01:00Z,2024-07-02T01:30Z,51,54,low
2024-07-02T01:30Z,2024-07-02T02:00Z,51,55,low
2024-07-02T02:00Z,2024-07-02T02:30Z,49,55,low
2024-07-02T02:30Z,2024-07-02T03:00Z,48,57,low
2024-07-02T03:00Z,2024-07-02T03:30Z,48,57,low
2024-07-02T03:30Z,2024-07-02T04:00Z,47,65,low
2024-07-02T04:00Z,2024-07-02T04:30Z,48,75,low
2024-07-02T04:30Z,2024-07-02T05:00Z,38,76,low
2024-07-02T05:00Z,2024-07-02T05:30Z,56,90,low
2024-07-02T05:30Z,2024-07-02T06:00Z,65,99,low
2024-07-02T06:00Z,2024-07-02T06:30Z,67,108,low
2024-07-02T06:30Z,2024-07-02T07:00Z,78,108,low
2024-07-02T07:00Z,2024-07-02T07:30Z,86,99,low
2024-07-02T07:30Z,2024-07-02T08:00Z,91,96,low
2024-07-02T08:00Z,2024-07-02T08:30Z,90,97,low
2024-07-02T08:30Z,2024-07-02T09:00Z,87,99,low
2024-07-02T09:00Z,2024-07-02T09:30Z,87,102,low
2024-07-02T09:30Z,2024-07-02T10:00Z,92,104,low
2024-07-02T10:00Z,2024-07-02T10:30Z,94,103,low
2024-07-02T10:30Z,2024-07-02T11:00Z,95,103,low
2024-07-02T11:00Z,2024-07-02T11:30Z,96,103,low
2024-07-02T11:30Z,2024-07-02T12:00Z,96,107,low
2024-07-02T12:00Z,2024-07-02T12:30Z,100,108,low
2024-07-02T12:30Z,2024-07-02T13:00Z,101,101,low
2024-07-02T13:00Z,2024-07-02T13:30Z,102,94,low
2024-07-02T13:30Z,2024-07-02T14:00Z,102,100,low
2024-07-02T14:00Z,2024-07-02T14:30Z,102,107,low
2024-07-02T14:30Z,2024-07-02T15:00Z,106,113,moderate
2024-07-02T15:00Z,2024-07-02T15:30Z,120,120,moderate
2024-07-02T15:30Z,2024-07-02T16:00Z,134,132,moderate
2024-07-02T16:00Z,2024-07-02T16:30Z,133,137,moderate
2024-07-02T16:30Z,2024-07-02T17:00Z,125,142,moderate
2024-07-02T17:00Z,2024-07-02T17:30Z,129,145,moderate
2024-07-02T17:30Z,2024-07-02T18:00Z,138,151,moderate
2024-07-02T18:00Z,2024-07-02T18:30Z,148,156,moderate
2024-07-02T18:30Z,2024-07-02T19:00Z,151,160,moderate
2024-07-02T19:00Z,2024-07-02T19:30Z,149,160,moderate
2024-07-02T19:30Z,2024-07-02T20:00Z,146,158,moderate
2024-07-02T20:00Z,2024-07-02T20:30Z,154,157,moderate
2024-07-02T20:30Z,2024-07-02T21:00Z,149,161,moderate
2024-07-02T21:00Z,2024-07-02T21:30Z,137,147,moderate
2024-07-02T21:30Z,2024-07-02T22:00Z,125,114,moderate
2024-07-02T22:00Z,2024-07-02T22:30Z,118,96,low
2024-07-02T22:30Z,2024-07-02T23:00Z,119,94,low
2024-07-02T23:00Z,2024-07-02T23:30Z,96,88,low
2024-07-02T23:30Z,2024-07-03T00:00Z,76,75,low
2024-07-03T00:00Z,2024-07-03T00:30Z,75,70,low
2024-07-03T00:30Z,2024-07-03T01:00Z,73,70,low
2024-07-03T01:00Z,2024-07-03T01:30Z,65,72,low
2024-07-03T01:30Z,2024-07-03T02:00Z,60,73,low
2024-07-03T02:00Z,2024-07-03T02:30Z,61,73,low
2024-07-03T02:30Z,2024-07-03T03:00Z,63,77,low
2024-07-03T03:00Z,2024-07-03T03:30Z,66,75,low
2024-07-03T03:30Z,2024-07-03T04:00Z,67,83,low
2024-07-03T04:00Z,2024-07-03T04:30Z,70,98,low
2024-07-03T04:30Z,2024-07-03T05:00Z,57,119,moderate
2024-07-03T05:00Z,2024-07-03T05:30Z,68,139,moderate
2024-07-03T05:30Z,2024-07-03T06:00Z,84,140,moderate
2024-07-03T06:00Z,2024-07-03T06:30Z,107,141,moderate
2024-07-03T06:30Z,2024-07-03T07:00Z,123,135,moderate
2024-07-03T07:00Z,2024-07-03T07:30Z,129,127,moderate
2024-07-03T07:30Z,2024-07-03T08:00Z,121,124,moderate
2024-07-03T08:00Z,2024-07-03T08:30Z,103,122,moderate
2024-07-03T08:30Z,2024-07-03T09:00Z,100,119,moderate
2024-07-03T09:00Z,2024-07-03T09:30Z,98,112,moderate
2024-07-03T09:30Z,2024-07-03T10:00Z,95,104,low
2024-07-03T10:00Z,2024-07-03T10:30Z,99,95,low
2024-07-03T10:30Z,2024-07-03T11:00Z,98,77,low
2024-07-03T11:00Z,2024-07-03T11:30Z,101,65,low
2024-07-03T11:30Z,2024-07-03T12:00Z,82,57,low
2024-07-03T12:00Z,2024-07-03T12:30Z,66,57,low
2024-07-03T12:30Z,2024-07-03T13:00Z,59,54,low
2024-07-03T13:00Z,2024-07-03T13:30Z,51,55,low
2024-07-03T13:30Z,2024-07-03T14:00Z,51,57,low
2024-07-03T14:00Z,2024-07-03T14:30Z,49,59,low
2024-07-03T14:30Z,2024-07-03T15:00Z,51,71,low
2024-07-03T15:00Z,2024-07-03T15:30Z,51,78,low
2024-07-03T15:30Z,2024-07-03T16:00Z,54,86,low
2024-07-03T16:00Z,2024-07-03T16:30Z,64,94,low
2024-07-03T16:30Z,2024-07-03T17:00Z,70,102,low
2024-07-03T17:00Z,2024-07-03T17:30Z,73,104,low
2024-07-03T17:30Z,2024-07-03T18:00Z,78,103,low
2024-07-03T18:00Z,2024-07-03T18:30Z,84,100,low
2024-07-03T18:30Z,2024-07-03T19:00Z,87,100,low
2024-07-03T19:00Z,2024-07-03T19:30Z,87,101,low
2024-07-03T19:30Z,2024-07-03T20:00Z,86,96,low
2024-07-03T20:00Z,2024-07-03T20:30Z,84,83,low
2024-07-03T20:30Z,2024-07-03T21:00Z,84,82,low
2024-07-03T21:00Z,2024-07-03T21:30Z,77,74,low
2024-07-03T21:30Z,2024-07-03T22:00Z,64,79,low
2024-07-03T22:00Z,2024-07-03T22:30Z,62,72,low
2024-07-03T22:30Z,2024-07-03T23:00Z,60,63,low
2024-07-03T23:00Z,2024-07-03T23:30Z,61,58,low
2024-07-03T23:30Z,2024-07-04T00:00Z,60,53,low
2024-07-04T00:00Z,2024-07-04T00:30Z,62,53,low
2024-07-04T00:30Z,2024-07-04T01:00Z,58,61,low
2024-07-04T01:00Z,2024-07-04T01:30Z,52,58,low
2024-07-04T01:30Z,2024-07-04T02:00Z,52,57,low
2024-07-04T02:00Z,2024-07-04T02:30Z,59,60,low
2024-07-04T02:30Z,2024-07-04T03:00Z,56,60,low
2024-07-04T03:00Z,2024-07-04T03:30Z,55,57,low
2024-07-04T03:30Z,2024-07-04T04:00Z,58,55,low
2024-07-04T04:00Z,2024-07-04T04:30Z,59,58,low
2024-07-04T04:30Z,2024-07-04T05:00Z,34,69,low
2024-07-04T05:00Z,2024-07-04T05:30Z,52,75,low
2024-07-04T05:30Z,2024-07-04T06:00Z,56,72,low
2024-07-04T06:00Z,2024-07-04T06:30Z,59,61,low
2024-07-04T06:30Z,2024-07-04T07:00Z,61,53,low
2024-07-04T07:00Z,2024-07-04T07:30Z,60,48,low
2024-07-04T07:30Z,2024-07-04T08:00Z,50,42,low
2024-07-04T08:00Z,2024-07-04T08:30Z,47,38,low
2024-07-04T08:30Z,2024-07-04T09:00Z,43,36,low
2024-07-04T09:00Z,2024-07-04T09:30Z,37,32,very low
2024-07-04T09:30Z,2024-07-04T10:00Z,36,33,very low
2024-07-04T10:00Z,2024-07-04T10:30Z,34,34,very low
2024-07-04T10:30Z,2024-07-04T11:00Z,30,31,very low
2024-07-04T11:00Z,2024-07-04T11:30Z,30,32,very low
2024-07-04T11:30Z,2024-07-04T12:00Z,29,32,very low
2024-07-04T12:00Z,2024-07-04T12:30Z,29,30,very low
2024-07-04T12:30Z,2024-07-04T13:00Z,31,30,very low
2024-07-04T13:00Z,2024-07-04T13:30Z,32,30,very low
2024-07-04T13:30Z,2024-07-04T14:00Z,30,28,very low
2024-07-04T14:00Z,2024-07-04T14:30Z,30,28,very low
2024-07-04T14:30Z,2024-07-04T15:00Z,31,30,very low
2024-07-04T15:00Z,2024-07-04T15:30Z,29,38,low
2024-07-04T15:30Z,2024-07-04T16:00Z,29,42,low
2024-07-04T16:00Z,2024-07-04T16:30Z,32,44,low
2024-07-04T16:30Z,2024-07-04T17:00Z,40,41,low
2024-07-04T17:00Z,2024-07-04T17:30Z,43,48,low
2024-07-04T17:30Z,2024-07-04T18:00Z,46,53,low
2024-07-04T18:00Z,2024-07-04T18:30Z,46,56,low
2024-07-04T18:30Z,2024-07-04T19:00Z,52,63,low
2024-07-04T19:00Z,2024-07-04T19:30Z,55,68,low
2024-07-04T19:30Z,2024-07-04T20:00Z,58,76,low
2024-07-04T20:00Z,2024-07-04T20:30Z,61,76,low
2024-07-04T20:30Z,2024-07-04T21:00Z,62,75,low
2024-07-04T21:00Z,2024-07-04T21:30Z,65,66,low
2024-07-04T21:30Z,2024-07-04T22:00Z,63,57,low
2024-07-04T22:00Z,2024-07-04T22:30Z,63,52,low
2024-07-04T22:30Z,2024-07-04T23:00Z,59,54,low
2024-07-04T23:00Z,2024-07-04T23:30Z,51,53,low
2024-07-04T23:30Z,2024-07-05T00:00Z,51,56,low
2024-07-05T00:00Z,2024-07-05T00:30Z,52,54,low
2024-07-05T00:30Z,2024-07-05T01:00Z,52,55,low
2024-07-05T01:00Z,2024-07-05T01:30Z,56,51,low
2024-07-05T01:30Z,2024-07-05T02:00Z,55,52,low
2024-07-05T02:00Z,2024-07-05T02:30Z,57,53,low
2024-07-05T02:30Z,2024-07-05T03:00Z,53,57,low
2024-07-05T03:00Z,2024-07-05T03:30Z,52,58,low
2024-07-05T03:30Z,2024-07-05T04:00Z,52,56,low
2024-07-05T04:00Z,2024-07-05T04:30Z,55,55,low
2024-07-05T04:30Z,2024-07-05T05:00Z,53,55,low
2024-07-05T05:00Z,2024-07-05T05:30Z,57,58,low
2024-07-05T05:30Z,2024-07-05T06:00Z,56,51,low
2024-07-05T06:00Z,2024-07-05T06:30Z,54,56,low
2024-07-05T06:30Z,2024-07-05T07:00Z,55,56,low
2024-07-05T07:00Z,2024-07-05T07:30Z,51,56,low
2024-07-05T07:30Z,2024-07-05T08:00Z,55,59,low
2024-07-05T08:00Z,2024-07-05T08:30Z,54,55,low
2024-07-05T08:30Z,2024-07-05T09:00Z,54,53,low
2024-07-05T09:00Z,2024-07-05T09:30Z,57,51,low
2024-07-05T09:30Z,2024-07-05T10:00Z,55,54,low
2024-07-05T10:00Z,2024-07-05T10:30Z,52,53,low
2024-07-05T10:30Z,2024-07-05T11:00Z,52,57,low
2024-07-05T11:00Z,2024-07-05T11:30Z,55,63,low
2024-07-05T11:30Z,2024-07-05T12:00Z,53,71,low
2024-07-05T12:00Z,2024-07-05T12:30Z,59,73,low
2024-07-05T12:30Z,2024-07-05T13:00Z,66,75,low
2024-07-05T13:00Z,2024-07-05T13:30Z,76,79,low
2024-07-05T13:30Z,2024-07-05T14:00Z,78,79,low
2024-07-05T14:00Z,2024-07-05T14:30Z,82,91,low
2024-07-05T14:30Z,2024-07-05T15:00Z,89,92,low
2024-07-05T15:00Z,2024-07-05T15:30Z,92,107,low
2024-07-05T15:30Z,2024-07-05T16:00Z,97,114,moderate
2024-07-05T16:00Z,2024-07-05T16:30Z,122,121,moderate
2024-07-05T16:30Z,2024-07-05T17:00Z,139,118,moderate
2024-07-05T17:00Z,2024-07-05T17:30Z,138,126,moderate
2024-07-05T17:30Z,2024-07-05T18:00Z,143,136,moderate
2024-07-05T18:00Z,2024-07-05T18:30Z,135,135,moderate
2024-07-05T18:30Z,2024-07-05T19:00Z,120,135,moderate
2024-07-05T19:00Z,2024-07-05T19:30Z,128,134,moderate
2024-07-05T19:30Z,2024-07-05T20:00Z,125,143,moderate
2024-07-05T20:00Z,2024-07-05T20:30Z,128,142,moderate
2024-07-05T20:30Z,2024-07-05T21:00Z,126,131,moderate
2024-07-05T21:00Z,2024-07-05T21:30Z,123,127,moderate
2024-07-05T21:30Z,2024-07-05T22:00Z,121,106,low
2024-07-05T22:00Z,2024-07-05T22:30Z,117,92,low
2024-07-05T22:30Z,2024-07-05T23:00Z,116,82,low
2024-07-05T23:00Z,2024-07-05T23:30Z,100,76,low
2024-07-05T23:30Z,2024-07-06T00:00Z,92,81,low
2024-07-06T00:00Z,2024-07-06T00:30Z,85,79,low
2024-07-06T00:30Z,2024-07-06T01:00Z,72,80,low
2024-07-06T01:00Z,2024-07-06T01:30Z,83,76,low
2024-07-06T01:30Z,2024-07-06T02:00Z,86,75,low
2024-07-06T02:00Z,2024-07-06T02:30Z,88,72,low
2024-07-06T02:30Z,2024-07-06T03:00Z,90,71,low
2024-07-06T03:00Z,2024-07-06T03:30Z,76,69,low
2024-07-06T03:30Z,2024-07-06T04:00Z,74,67,low
2024-07-06T04:00Z,2024-07-06T04:30Z,75,67,low
2024-07-06T04:30Z,2024-07-06T05:00Z,62,66,low
2024-07-06T05:00Z,2024-07-06T05:30Z,65,67,low
2024-07-06T05:30Z,2024-07-06T06:00Z,67,66,low
2024-07-06T06:00Z,2024-07-06T06:30Z,61,64,low
2024-07-06T06:30Z,2024-07-06T07:00Z,65,61,low
2024-07-06T07:00Z,2024-07-06T07:30Z,61,57,low
2024-07-06T07:30Z,2024-07-06T08:00Z,56,55,low
2024-07-06T08:00Z,2024-07-06T08:30Z,51,54,low
2024-07-06T08:30Z,2024-07-06T09:00Z,46,52,low
2024-07-06T09:00Z,2024-07-06T09:30Z,48,53,low
2024-07-06T09:30Z,2024-07-06T10:00Z,48,53,low
2024-07-06T10:00Z,2024-07-06T10:30Z,48,53,low
2024-07-06T10:30Z,2024-07-06T11:00Z,47,52,low
2024-07-06T11:00Z,2024-07-06T11:30Z,51,46,low
2024-07-06T11:30Z,2024-07-06T12:00Z,51,41,low
2024-07-06T12:00Z,2024-07-06T12:30Z,50,37,low
2024-07-06T12:30Z,2024-07-06T13:00Z,44,38,low
2024-07-06T13:00Z,2024-07-06T13:30Z,40,36,low
2024-07-06T13:30Z,2024-07-06T14:00Z,36,34,very low
2024-07-06T14:00Z,2024-07-06T14:30Z,38,36,low
2024-07-06T14:30Z,2024-07-06T15:00Z,36,35,low
2024-07-06T15:00Z,2024-07-06T15:30Z,34,35,low
2024-07-06T15:30Z,2024-07-06T16:00Z,37,35,low
2024-07-06T16:00Z,2024-07-06T16:30Z,36,36,low
2024-07-06T16:30Z,2024-07-06T17:00Z,36,36,low
2024-07-06T17:00Z,2024-07-06T17:30Z,38,38,low
2024-07-06T17:30Z,2024-07-06T18:00Z,39,41,low
2024-07-06T18:00Z,2024-07-06T18:30Z,38,41,low
2024-07-06T18:30Z,2024-07-06T19:00Z,42,46,low
2024-07-06T19:00Z,2024-07-06T19:30Z,44,49,low
2024-07-06T19:30Z,2024-07-06T20:00Z,44,51,low
2024-07-06T20:00Z,2024-07-06T20:30Z,47,56,low
2024-07-06T20:30Z,2024-07-06T21:00Z,49,62,low
2024-07-06T21:00Z,2024-07-06T21:30Z,51,61,low
2024-07-06T21:30Z,2024-07-06T22:00Z,52,60,low
2024-07-06T22:00Z,2024-07-06T22:30Z,56,58,low
2024-07-06T22:30Z,2024-07-06T23:00Z,58,57,low
2024-07-06T23:00Z,2024-07-06T23:30Z,59,56,low
2024-07-06T23:30Z,2024-07-07T00:00Z,59,55,low
2024-07-07T00:00Z,2024-07-07T00:30Z,56,57,low
2024-07-07T00:30Z,2024-07-07T01:00Z,55,61,low
2024-07-07T01:00Z,2024-07-07T01:30Z,57,63,low
2024-07-07T01:30Z,2024-07-07T02:00Z,56,67,low
2024-07-07T02:00Z,2024-07-07T02:30Z,60,70,low
2024-07-07T02:30Z,2024-07-07T03:00Z,62,68,low
2024-07-07T03:00Z,2024-07-07T03:30Z,66,68,low
2024-07-07T03:30Z,2024-07-07T04:00Z,67,69,low
2024-07-07T04:00Z,2024-07-07T04:30Z,66,69,low
2024-07-07T04:30Z,2024-07-07T05:00Z,65,70,low
2024-07-07T05:00Z,2024-07-07T05:30Z,71,73,low
2024-07-07T05:30Z,2024-07-07T06:00Z,72,80,low
2024-07-07T06:00Z,2024-07-07T06:30Z,73,80,low
2024-07-07T06:30Z,2024-07-07T07:00Z,76,65,low
2024-07-07T07:00Z,2024-07-07T07:30Z,81,62,low
2024-07-07T07:30Z,2024-07-07T08:00Z,74,58,low
2024-07-07T08:00Z,2024-07-07T08:30Z,62,55,low
2024-07-07T08:30Z,2024-07-07T09:00Z,63,53,low
2024-07-07T09:00Z,2024-07-07T09:30Z,55,50,low
2024-07-07T09:30Z,2024-07-07T10:00Z,50,52,low
2024-07-07T10:00Z,2024-07-07T10:30Z,50,55,low
2024-07-07T10:30Z,2024-07-07T11:00Z,49,50,low
2024-07-07T11:00Z,2024-07-07T11:30Z,49,51,low
2024-07-07T11:30Z,2024-07-07T12:00Z,52,50,low
2024-07-07T12:00Z,2024-07-07T12:30Z,46,49,low
2024-07-07T12:30Z,2024-07-07T13:00Z,49,48,low
2024-07-07T13:00Z,2024-07-07T13:30Z,50,46,low
2024-07-07T13:30Z,2024-07-07T14:00Z,51,47,low
2024-07-07T14:00Z,2024-07-07T14:30Z,50,55,low
2024-07-07T14:30Z,2024-07-07T15:00Z,51,67,low
2024-07-07T15:00Z,2024-07-07T15:30Z,55,83,low
2024-07-07T15:30Z,2024-07-07T16:00Z,58,96,low
2024-07-07T16:00Z,2024-07-07T16:30Z,78,100,low
2024-07-07T16:30Z,2024-07-07T17:00Z,99,113,moderate
2024-07-07T17:00Z,2024-07-07T17:30Z,110,121,moderate
2024-07-07T17:30Z,2024-07-07T18:00Z,109,128,moderate
2024-07-07T18:00Z,2024-07-07T18:30Z,125,130,moderate
2024-07-07T18:30Z,2024-07-07T19:00Z,141,140,moderate
2024-07-07T19:00Z,2024-07-07T19:30Z,134,145,moderate
2024-07-07T19:30Z,2024-07-07T20:00Z,126,150,moderate
2024-07-07T20:00Z,2024-07-07T20:30Z,132,149,moderate
2024-07-07T20:30Z,2024-07-07T21:00Z,144,152,moderate
2024-07-07T21:00Z,2024-07-07T21:30Z,143,147,moderate
2024-07-07T21:30Z,2024-07-07T22:00Z,142,134,moderate
2024-07-07T22:00Z,2024-07-07T22:30Z,150,123,moderate
2024-07-07T22:30Z,2024-07-07T23:00Z,148,120,moderate
2024-07-07T23:00Z,2024-07-07T23:30Z,138,117,moderate
2024-07-07T23:30Z,2024-07-08T00:00Z,132,116,moderate
2024-07-08T00:00Z,2024-07-08T00:30Z,130,120,moderate
2024-07-08T00:30Z,2024-07-08T01:00Z,124,121,moderate
2024-07-08T01:00Z,2024-07-08T01:30Z,120,119,moderate
2024-07-08T01:30Z,2024-07-08T02:00Z,128,120,moderate
2024-07-08T02:00Z,2024-07-08T02:30Z,129,119,moderate
2024-07-08T02:30Z,2024-07-08T03:00Z,126,126,moderate
2024-07-08T03:00Z,2024-07-08T03:30Z,132,129,moderate
2024-07-08T03:30Z,2024-07-08T04:00Z,130,147,moderate
2024-07-08T04:00Z,2024-07-08T04:30Z,147,161,moderate
2024-07-08T04:30Z,2024-07-08T05:00Z,112,193,high
2024-07-08T05:00Z,2024-07-08T05:30Z,153,205,high
2024-07-08T05:30Z,2024-07-08T06:00Z,176,197,high
2024-07-08T06:00Z,2024-07-08T06:30Z,208,196,high
2024-07-08T06:30Z,2024-07-08T07:00Z,214,185,moderate
2024-07-08T07:00Z,2024-07-08T07:30Z,195,184,moderate
2024-07-08T07:30Z,2024-07-08T08:00Z,189,180,moderate
2024-07-08T08:00Z,2024-07-08T08:30Z,175,174,moderate
2024-07-08T08:30Z,2024-07-08T09:00Z,174,169,moderate
2024-07-08T09:00Z,2024-07-08T09:30Z,173,167,moderate
2024-07-08T09:30Z,2024-07-08T10:00Z,167,169,moderate
2024-07-08T10:00Z,2024-07-08T10:30Z,165,168,moderate
2024-07-08T10:30Z,2024-07-08T11:00Z,162,168,moderate
2024-07-08T11:00Z,2024-07-08T11:30Z,157,165,moderate
2024-07-08T11:30Z,2024-07-08T12:00Z,152,160,moderate
2024-07-08T12:00Z,2024-07-08T12:30Z,147,159,moderate
2024-07-08T12:30Z,2024-07-08T13:00Z,153,162,moderate
2024-07-08T13:00Z,2024-07-08T13:30Z,156,165,moderate
2024-07-08T13:30Z,2024-07-08T14:00Z,155,171,moderate
2024-07-08T14:00Z,2024-07-08T14:30Z,161,176,moderate
2024-07-08T14:30Z,2024-07-08T15:00Z,166,184,moderate
2024-07-08T15:00Z,2024-07-08T15:30Z,172,191,high
2024-07-08T15:30Z,2024-07-08T16:00Z,177,195,high
2024-07-08T16:00Z,2024-07-08T16:30Z,190,198,high
2024-07-08T16:30Z,2024-07-08T17:00Z,195,202,high
2024-07-08T17:00Z,2024-07-08T17:30Z,199,205,high
2024-07-08T17:30Z,2024-07-08T18:00Z,201,207,high
2024-07-08T18:00Z,2024-07-08T18:30Z,197,210,high
2024-07-08T18:30Z,2024-07-08T19:00Z,200,214,high
2024-07-08T19:00Z,2024-07-08T19:30Z,194,216,high
2024-07-08T19:30Z,2024-07-08T20:00Z,195,230,high
2024-07-08T20:00Z,2024-07-08T20:30Z,205,224,high
2024-07-08T20:30Z,2024-07-08T21:00Z,196,208,high
2024-07-08T21:00Z,2024-07-08T21:30Z,202,189,moderate
2024-07-08T21:30Z,2024-07-08T22:00Z,180,143,moderate
2024-07-08T22:00Z,2024-07-08T22:30Z,165,118,moderate
2024-07-08T22:30Z,2024-07-08T23:00Z,159,99,low
2024-07-08T23:00Z,2024-07-08T23:30Z,134,87,low
2024-07-08T23:30Z,2024-07-09T00:00Z,107,80,low
2024-07-09T00:00Z,2024-07-09T00:30Z,111,70,low
2024-07-09T00:30Z,2024-07-09T01:00Z,110,68,low
2024-07-09T01:00Z,2024-07-09T01:30Z,109,66,low
2024-07-09T01:30Z,2024-07-09T02:00Z,104,65,low
2024-07-09T02:00Z,2024-07-09T02:30Z,97,65,low
2024-07-09T02:30Z,2024-07-09T03:00Z,95,64,low
2024-07-09T03:00Z,2024-07-09T03:30Z,91,60,low
2024-07-09T03:30Z,2024-07-09T04:00Z,87,61,low
2024-07-09T04:00Z,2024-07-09T04:30Z,84,57,low
2024-07-09T04:30Z,2024-07-09T05:00Z,83,57,low
2024-07-09T05:00Z,2024-07-09T05:30Z,81,66,low
2024-07-09T05:30Z,2024-07-09T06:00Z,81,67,low
2024-07-09T06:00Z,2024-07-09T06:30Z,78,69,low
2024-07-09T06:30Z,2024-07-09T07:00Z,73,65,low
2024-07-09T07:00Z,2024-07-09T07:30Z,71,68,low
2024-07-09T07:30Z,2024-07-09T08:00Z,68,76,low
2024-07-09T08:00Z,2024-07-09T08:30Z,67,74,low
2024-07-09T08:30Z,2024-07-09T09:00Z,67,74,low
2024-07-09T09:00Z,2024-07-09T09:30Z,66,78,low
2024-07-09T09:30Z,2024-07-09T10:00Z,66,80,low
2024-07-09T10:00Z,2024-07-09T10:30Z,56,82,low
2024-07-09T10:30Z,2024-07-09T11:00Z,56,77,low
2024-07-09T11:00Z,2024-07-09T11:30Z,55,77,low
2024-07-09T11:30Z,2024-07-09T12:00Z,75,80,low
2024-07-09T12:00Z,2024-07-09T12:30Z,74,81,low
2024-07-09T12:30Z,2024-07-09T13:00Z,73,83,low
2024-07-09T13:00Z,2024-07-09T13:30Z,78,84,low
2024-07-09T13:30Z,2024-07-09T14:00Z,79,83,low
2024-07-09T14:00Z,2024-07-09T14:30Z,81,88,low
2024-07-09T14:30Z,2024-07-09T15:00Z,84,95,low
2024-07-09T15:00Z,2024-07-09T15:30Z,87,102,low
2024-07-09T15:30Z,2024-07-09T16:00Z,92,109,low
2024-07-09T16:00Z,2024-07-09T16:30Z,96,118,moderate
2024-07-09T16:30Z,2024-07-09T17:00Z,91,119,moderate
2024-07-09T17:00Z,2024-07-09T17:30Z,108,124,moderate
2024-07-09T17:30Z,2024-07-09T18:00Z,120,135,moderate
2024-07-09T18:00Z,2024-07-09T18:30Z,117,139,moderate
2024-07-09T18:30Z,2024-07-09T19:00Z,110,146,moderate
2024-07-09T19:00Z,2024-07-09T19:30Z,116,147,moderate
2024-07-09T19:30Z,2024-07-09T20:00Z,122,151,moderate
2024-07-09T20:00Z,2024-07-09T20:30Z,128,143,moderate
2024-07-09T20:30Z,2024-07-09T21:00Z,125,125,moderate
2024-07-09T21:00Z,2024-07-09T21:30Z,135,109,low
2024-07-09T21:30Z,2024-07-09T22:00Z,130,79,low
2024-07-09T22:00Z,2024-07-09T22:30Z,126,65,low
2024-07-09T22:30Z,2024-07-09T23:00Z,108,63,low
2024-07-09T23:00Z,2024-07-09T23:30Z,78,62,low
2024-07-09T23:30Z,2024-07-10T00:00Z,64,62,low
2024-07-10T00:00Z,2024-07-10T00:30Z,56,60,low
2024-07-10T00:30Z,2024-07-10T01:00Z,57,60,low
2024-07-10T01:00Z,2024-07-10T01:30Z,59,58,low
2024-07-10T01:30Z,2024-07-10T02:00Z,59,61,low
2024-07-10T02:00Z,2024-07-10T02:30Z,58,59,low
2024-07-10T02:30Z,2024-07-10T03:00Z,57,61,low
2024-07-10T03:00Z,2024-07-10T03:30Z,58,59,low
2024-07-10T03:30Z,2024-07-10T04:00Z,56,59,low
2024-07-10T04:00Z,2024-07-10T04:30Z,59,59,low
2024-07-10T04:30Z,2024-07-10T05:00Z,58,57,low
2024-07-10T05:00Z,2024-07-10T05:30Z,58,69,low
2024-07-10T05:30Z,2024-07-10T06:00Z,54,83,low
2024-07-10T06:00Z,2024-07-10T06:30Z,53,89,low
2024-07-10T06:30Z,2024-07-10T07:00Z,62,87,low
2024-07-10T07:00Z,2024-07-10T07:30Z,77,82,low
2024-07-10T07:30Z,2024-07-10T08:00Z,78,81,low
2024-07-10T08:00Z,2024-07-10T08:30Z,77,79,low
2024-07-10T08:30Z,2024-07-10T09:00Z,77,77,low
2024-07-10T09:00Z,2024-07-10T09:30Z,75,76,low
2024-07-10T09:30Z,2024-07-10T10:00Z,75,69,low
2024-07-10T10:00Z,2024-07-10T10:30Z,72,62,low
2024-07-10T10:30Z,2024-07-10T11:00Z,72,53,low
2024-07-10T11:00Z,2024-07-10T11:30Z,67,48,low
2024-07-10T11:30Z,2024-07-10T12:00Z,62,46,low
2024-07-10T12:00Z,2024-07-10T12:30Z,53,44,low
2024-07-10T12:30Z,2024-07-10T13:00Z,49,47,low
2024-07-10T13:00Z,2024-07-10T13:30Z,48,49,low
2024-07-10T13:30Z,2024-07-10T14:00Z,45,49,low
2024-07-10T14:00Z,2024-07-10T14:30Z,45,52,low
2024-07-10T14:30Z,2024-07-10T15:00Z,50,63,low
2024-07-10T15:00Z,2024-07-10T15:30Z,51,73,low
2024-07-10T15:30Z,2024-07-10T16:00Z,55,94,low
2024-07-10T16:00Z,2024-07-10T16:30Z,69,108,low
2024-07-10T16:30Z,2024-07-10T17:00Z,76,120,moderate
2024-07-10T17:00Z,2024-07-10T17:30Z,95,129,moderate
2024-07-10T17:30Z,2024-07-10T18:00Z,115,140,moderate
2024-07-10T18:00Z,2024-07-10T18:30Z,134,144,moderate
2024-07-10T18:30Z,2024-07-10T19:00Z,137,149,moderate
2024-07-10T19:00Z,2024-07-10T19:30Z,139,153,moderate
2024-07-10T19:30Z,2024-07-10T20:00Z,141,165,moderate
2024-07-10T20:00Z,2024-07-10T20:30Z,143,165,moderate
2024-07-10T20:30Z,2024-07-10T21:00Z,141,155,moderate
2024-07-10T21:00Z,2024-07-10T21:30Z,150,152,moderate
2024-07-10T21:30Z,2024-07-10T22:00Z,148,126,moderate
2024-07-10T22:00Z,2024-07-10T22:30Z,143,112,moderate
2024-07-10T22:30Z,2024-07-10T23:00Z,136,98,low
2024-07-10T23:00Z,2024-07-10T23:30Z,117,104,low
2024-07-10T23:30Z,2024-07-11T00:00Z,111,105,low
2024-07-11T00:00Z,2024-07-11T00:30Z,100,108,low
2024-07-11T00:30Z,2024-07-11T01:00Z,101,109,low
2024-07-11T01:00Z,2024-07-11T01:30Z,105,108,low
2024-07-11T01:30Z,2024-07-11T02:00Z,109,110,moderate
2024-07-11T02:00Z,2024-07-11T02:30Z,112,112,moderate
2024-07-11T02:30Z,2024-07-11T03:00Z,114,110,moderate
2024-07-11T03:00Z,2024-07-11T03:30Z,117,113,moderate
2024-07-11T03:30Z,2024-07-11T04:00Z,118,116,moderate
2024-07-11T04:00Z,2024-07-11T04:30Z,119,126,moderate
2024-07-11T04:30Z,2024-07-11T05:00Z,93,154,moderate
2024-07-11T05:00Z,2024-07-11T05:30Z,77,163,moderate
2024-07-11T05:30Z,2024-07-11T06:00Z,131,170,moderate
2024-07-11T06:00Z,2024-07-11T06:30Z,136,174,moderate
2024-07-11T06:30Z,2024-07-11T07:00Z,163,166,moderate
2024-07-11T07:00Z,2024-07-11T07:30Z,163,165,moderate
2024-07-11T07:30Z,2024-07-11T08:00Z,170,157,moderate
2024-07-11T08:00Z,2024-07-11T08:30Z,162,155,moderate
2024-07-11T08:30Z,2024-07-11T09:00Z,159,154,moderate
2024-07-11T09:00Z,2024-07-11T09:30Z,155,153,moderate
2024-07-11T09:30Z,2024-07-11T10:00Z,154,145,moderate
2024-07-11T10:00Z,2024-07-11T10:30Z,146,136,moderate
2024-07-11T10:30Z,2024-07-11T11:00Z,147,125,moderate
2024-07-11T11:00Z,2024-07-11T11:30Z,142,113,moderate
2024-07-11T11:30Z,2024-07-11T12:00Z,138,125,moderate
2024-07-11T12:00Z,2024-07-11T12:30Z,133,137,moderate
2024-07-11T12:30Z,2024-07-11T13:00Z,113,141,moderate
2024-07-11T13:00Z,2024-07-11T13:30Z,111,138,moderate
2024-07-11T13:30Z,2024-07-11T14:00Z,135,135,moderate
2024-07-11T14:00Z,2024-07-11T14:30Z,134,136,moderate
2024-07-11T14:30Z,2024-07-11T15:00Z,137,141,moderate
2024-07-11T15:00Z,2024-07-11T15:30Z,134,149,moderate
2024-07-11T15:30Z,2024-07-11T16:00Z,136,163,moderate
2024-07-11T16:00Z,2024-07-11T16:30Z,142,172,moderate
2024-07-11T16:30Z,2024-07-11T17:00Z,169,180,moderate
2024-07-11T17:00Z,2024-07-11T17:30Z,175,186,moderate
2024-07-11T17:30Z,2024-07-11T18:00Z,182,191,high
2024-07-11T18:00Z,2024-07-11T18:30Z,186,196,high
2024-07-11T18:30Z,2024-07-11T19:00Z,186,201,high
2024-07-11T19:00Z,2024-07-11T19:30Z,186,205,high
2024-07-11T19:30Z,2024-07-11T20:00Z,190,208,high
2024-07-11T20:00Z,2024-07-11T20:30Z,187,202,high
2024-07-11T20:30Z,2024-07-11T21:00Z,195,194,high
2024-07-11T21:00Z,2024-07-11T21:30Z,188,184,moderate
2024-07-11T21:30Z,2024-07-11T22:00Z,186,146,moderate
2024-07-11T22:00Z,2024-07-11T22:30Z,169,133,moderate
2024-07-11T22:30Z,2024-07-11T23:00Z,165,123,moderate
2024-07-11T23:00Z,2024-07-11T23:30Z,160,115,moderate
2024-07-11T23:30Z,2024-07-12T00:00Z,130,111,moderate
2024-07-12T00:00Z,2024-07-12T00:30Z,132,106,low
2024-07-12T00:30Z,2024-07-12T01:00Z,128,107,low
2024-07-12T01:00Z,2024-07-12T01:30Z,124,104,low
2024-07-12T01:30Z,2024-07-12T02:00Z,109,104,low
2024-07-12T02:00Z,2024-07-12T02:30Z,109,108,low
2024-07-12T02:30Z,2024-07-12T03:00Z,107,105,low
2024-07-12T03:00Z,2024-07-12T03:30Z,110,105,low
2024-07-12T03:30Z,2024-07-12T04:00Z,111,112,moderate
2024-07-12T04:00Z,2024-07-12T04:30Z,109,116,moderate
2024-07-12T04:30Z,2024-07-12T05:00Z,103,122,moderate
2024-07-12T05:00Z,2024-07-12T05:30Z,101,136,moderate
2024-07-12T05:30Z,2024-07-12T06:00Z,123,147,moderate
2024-07-12T06:00Z,2024-07-12T06:30Z,125,153,moderate
2024-07-12T06:30Z,2024-07-12T07:00Z,138,145,moderate
2024-07-12T07:00Z,2024-07-12T07:30Z,137,138,moderate
2024-07-12T07:30Z,2024-07-12T08:00Z,151,133,moderate
2024-07-12T08:00Z,2024-07-12T08:30Z,145,128,moderate
2024-07-12T08:30Z,2024-07-12T09:00Z,134,126,moderate
2024-07-12T09:00Z,2024-07-12T09:30Z,128,120,moderate
2024-07-12T09:30Z,2024-07-12T10:00Z,121,111,moderate
2024-07-12T10:00Z,2024-07-12T10:30Z,122,111,moderate
2024-07-12T10:30Z,2024-07-12T11:00Z,123,113,moderate
2024-07-12T11:00Z,2024-07-12T11:30Z,111,110,moderate
2024-07-12T11:30Z,2024-07-12T12:00Z,119,105,low
2024-07-12T12:00Z,2024-07-12T12:30Z,114,107,low
2024-07-12T12:30Z,2024-07-12T13:00Z,110,106,low
2024-07-12T13:00Z,2024-07-12T13:30Z,106,103,low
2024-07-12T13:30Z,2024-07-12T14:00Z,108,103,low
2024-07-12T14:00Z,2024-07-12T14:30Z,107,112,moderate
2024-07-12T14:30Z,2024-07-12T15:00Z,111,114,moderate
2024-07-12T15:00Z,2024-07-12T15:30Z,121,122,moderate
2024-07-12T15:30Z,2024-07-12T16:00Z,124,126,moderate
2024-07-12T16:00Z,2024-07-12T16:30Z,132,127,moderate
2024-07-12T16:30Z,2024-07-12T17:00Z,135,130,moderate
2024-07-12T17:00Z,2024-07-12T17:30Z,139,129,moderate
2024-07-12T17:30Z,2024-07-12T18:00Z,134,135,moderate
2024-07-12T18:00Z,2024-07-12T18:30Z,141,135,moderate
2024-07-12T18:30Z,2024-07-12T19:00Z,140,138,moderate
2024-07-12T19:00Z,2024-07-12T19:30Z,138,137,moderate
2024-07-12T19:30Z,2024-07-12T20:00Z,142,140,moderate
2024-07-12T20:00Z,2024-07-12T20:30Z,141,141,moderate
2024-07-12T20:30Z,2024-07-12T21:00Z,134,142,moderate
2024-07-12T21:00Z,2024-07-12T21:30Z,142,124,moderate
2024-07-12T21:30Z,2024-07-12T22:00Z,141,81,low
2024-07-12T22:00Z,2024-07-12T22:30Z,127,74,low
2024-07-12T22:30Z,2024-07-12T23:00Z,85,78,low
2024-07-12T23:00Z,2024-07-12T23:30Z,91,78,low
2024-07-12T23:30Z,2024-07-13T00:00Z,91,73,low
2024-07-13T00:00Z,2024-07-13T00:30Z,78,71,low
2024-07-13T00:30Z,2024-07-13T01:00Z,77,69,low
2024-07-13T01:00Z,2024-07-13T01:30Z,75,66,low
2024-07-13T01:30Z,2024-07-13T02:00Z,74,66,low
2024-07-13T02:00Z,2024-07-13T02:30Z,71,67,low
2024-07-13T02:30Z,2024-07-13T03:00Z,71,66,low
2024-07-13T03:00Z,2024-07-13T03:30Z,72,66,low
2024-07-13T03:30Z,2024-07-13T04:00Z,72,69,low
2024-07-13T04:00Z,2024-07-13T04:30Z,73,71,low
2024-07-13T04:30Z,2024-07-13T05:00Z,75,76,low
2024-07-13T05:00Z,2024-07-13T05:30Z,74,81,low
2024-07-13T05:30Z,2024-07-13T06:00Z,78,71,low
2024-07-13T06:00Z,2024-07-13T06:30Z,83,69,low
2024-07-13T06:30Z,2024-07-13T07:00Z,76,75,low
2024-07-13T07:00Z,2024-07-13T07:30Z,71,82,low
2024-07-13T07:30Z,2024-07-13T08:00Z,75,88,low
2024-07-13T08:00Z,2024-07-13T08:30Z,85,90,low
2024-07-13T08:30Z,2024-07-13T09:00Z,86,91,low
2024-07-13T09:00Z,2024-07-13T09:30Z,87,87,low
2024-07-13T09:30Z,2024-07-13T10:00Z,91,87,low
2024-07-13T10:00Z,2024-07-13T10:30Z,87,88,low
2024-07-13T10:30Z,2024-07-13T11:00Z,85,86,low
2024-07-13T11:00Z,2024-07-13T11:30Z,88,82,low
2024-07-13T11:30Z,2024-07-13T12:00Z,87,79,low
2024-07-13T12:00Z,2024-07-13T12:30Z,84,75,low
2024-07-13T12:30Z,2024-07-13T13:00Z,80,72,low
2024-07-13T13:00Z,2024-07-13T13:30Z,81,71,low
2024-07-13T13:30Z,2024-07-13T14:00Z,75,72,low
2024-07-13T14:00Z,2024-07-13T14:30Z,77,79,low
2024-07-13T14:30Z,2024-07-13T15:00Z,74,88,low
2024-07-13T15:00Z,2024-07-13T15:30Z,79,96,low
2024-07-13T15:30Z,2024-07-13T16:00Z,86,102,low
2024-07-13T16:00Z,2024-07-13T16:30Z,95,109,low
2024-07-13T16:30Z,2024-07-13T17:00Z,93,105,low
2024-07-13T17:00Z,2024-07-13T17:30Z,103,107,low
2024-07-13T17:30Z,2024-07-13T18:00Z,104,112,moderate
2024-07-13T18:00Z,2024-07-13T18:30Z,113,112,moderate
2024-07-13T18:30Z,2024-07-13T19:00Z,109,115,moderate
2024-07-13T19:00Z,2024-07-13T19:30Z,112,111,moderate
2024-07-13T19:30Z,2024-07-13T20:00Z,111,119,moderate
2024-07-13T20:00Z,2024-07-13T20:30Z,110,122,moderate
2024-07-13T20:30Z,2024-07-13T21:00Z,119,118,moderate
2024-07-13T21:00Z,2024-07-13T21:30Z,122,105,low
2024-07-13T21:30Z,2024-07-13T22:00Z,128,81,low
2024-07-13T22:00Z,2024-07-13T22:30Z,116,70,low
2024-07-13T22:30Z,2024-07-13T23:00Z,90,63,low
2024-07-13T23:00Z,2024-07-13T23:30Z,93,62,low
2024-07-13T23:30Z,2024-07-14T00:00Z,91,65,low
2024-07-14T00:00Z,2024-07-14T00:30Z,64,65,low
2024-07-14T00:30Z,2024-07-14T01:00Z,66,68,low
2024-07-14T01:00Z,2024-07-14T01:30Z,67,68,low
2024-07-14T01:30Z,2024-07-14T02:00Z,69,68,low
2024-07-14T02:00Z,2024-07-14T02:30Z,69,66,low
2024-07-14T02:30Z,2024-07-14T03:00Z,69,64,low
2024-07-14T03:00Z,2024-07-14T03:30Z,68,62,low
2024-07-14T03:30Z,2024-07-14T04:00Z,66,62,low
2024-07-14T04:00Z,2024-07-14T04:30Z,62,65,low
2024-07-14T04:30Z,2024-07-14T05:00Z,66,62,low
2024-07-14T05:00Z,2024-07-14T05:30Z,67,72,low
2024-07-14T05:30Z,2024-07-14T06:00Z,65,73,low
2024-07-14T06:00Z,2024-07-14T06:30Z,70,67,low
2024-07-14T06:30Z,2024-07-14T07:00Z,73,56,low
2024-07-14T07:00Z,2024-07-14T07:30Z,71,57,low
2024-07-14T07:30Z,2024-07-14T08:00Z,59,53,low
2024-07-14T08:00Z,2024-07-14T08:30Z,53,47,low
2024-07-14T08:30Z,2024-07-14T09:00Z,51,46,low
2024-07-14T09:00Z,2024-07-14T09:30Z,47,47,low
2024-07-14T09:30Z,2024-07-14T10:00Z,46,51,low
2024-07-14T10:00Z,2024-07-14T10:30Z,46,52,low
2024-07-14T10:30Z,2024-07-14T11:00Z,50,56,low
2024-07-14T11:00Z,2024-07-14T11:30Z,52,60,low
2024-07-14T11:30Z,2024-07-14T12:00Z,55,62,low
2024-07-14T12:00Z,2024-07-14T12:30Z,60,63,low
2024-07-14T12:30Z,2024-07-14T13:00Z,64,64,low
2024-07-14T13:00Z,2024-07-14T13:30Z,65,65,low
2024-07-14T13:30Z,2024-07-14T14:00Z,66,68,low
2024-07-14T14:00Z,2024-07-14T14:30Z,70,75,low
2024-07-14T14:30Z,2024-07-14T15:00Z,69,82,low
2024-07-14T15:00Z,2024-07-14T15:30Z,76,93,low
2024-07-14T15:30Z,2024-07-14T16:00Z,83,99,low
2024-07-14T16:00Z,2024-07-14T16:30Z,98,111,moderate
2024-07-14T16:30Z,2024-07-14T17:00Z,102,118,moderate
2024-07-14T17:00Z,2024-07-14T17:30Z,118,122,moderate
2024-07-14T17:30Z,2024-07-14T18:00Z,122,128,moderate
2024-07-14T18:00Z,2024-07-14T18:30Z,125,132,moderate
2024-07-14T18:30Z,2024-07-14T19:00Z,134,132,moderate
2024-07-14T19:00Z,2024-07-14T19:30Z,137,135,moderate
2024-07-14T19:30Z,2024-07-14T20:00Z,134,145,moderate
2024-07-14T20:00Z,2024-07-14T20:30Z,135,145,moderate
2024-07-14T20:30Z,2024-07-14T21:00Z,146,144,moderate
2024-07-14T21:00Z,2024-07-14T21:30Z,147,142,moderate
2024-07-14T21:30Z,2024-07-14T22:00Z,151,119,moderate
2024-07-14T22:00Z,2024-07-14T22:30Z,146,114,moderate
2024-07-14T22:30Z,2024-07-14T23:00Z,127,110,moderate
2024-07-14T23:00Z,2024-07-14T23:30Z,127,112,moderate
2024-07-14T23:30Z,2024-07-15T00:00Z,130,107,low
2024-07-15T00:00Z,2024-07-15T00:30Z,120,112,moderate
2024-07-15T00:30Z,2024-07-15T01:00Z,114,118,moderate
2024-07-15T01:00Z,2024-07-15T01:30Z,117,120,moderate
2024-07-15T01:30Z,2024-07-15T02:00Z,127,121,moderate
2024-07-15T02:00Z,2024-07-15T02:30Z,129,126,moderate
2024-07-15T02:30Z,2024-07-15T03:00Z,130,127,moderate
2024-07-15T03:00Z,2024-07-15T03:30Z,131,129,moderate
2024-07-15T03:30Z,2024-07-15T04:00Z,133,137,moderate
2024-07-15T04:00Z,2024-07-15T04:30Z,135,142,moderate
2024-07-15T04:30Z,2024-07-15T05:00Z,141,152,moderate
2024-07-15T05:00Z,2024-07-15T05:30Z,154,165,moderate
2024-07-15T05:30Z,2024-07-15T06:00Z,159,184,moderate
2024-07-15T06:00Z,2024-07-15T06:30Z,161,187,moderate
2024-07-15T06:30Z,2024-07-15T07:00Z,192,182,moderate
2024-07-15T07:00Z,2024-07-15T07:30Z,180,179,moderate
2024-07-15T07:30Z,2024-07-15T08:00Z,179,179,moderate
2024-07-15T08:00Z,2024-07-15T08:30Z,176,179,moderate
2024-07-15T08:30Z,2024-07-15T09:00Z,172,176,moderate
2024-07-15T09:00Z,2024-07-15T09:30Z,173,174,moderate
2024-07-15T09:30Z,2024-07-15T10:00Z,168,174,moderate
2024-07-15T10:00Z,2024-07-15T10:30Z,168,172,moderate
2024-07-15T10:30Z,2024-07-15T11:00Z,164,172,moderate
2024-07-15T11:00Z,2024-07-15T11:30Z,167,173,moderate
2024-07-15T11:30Z,2024-07-15T12:00Z,168,175,moderate
2024-07-15T12:00Z,2024-07-15T12:30Z,165,178,moderate
2024-07-15T12:30Z,2024-07-15T13:00Z,168,181,moderate
2024-07-15T13:00Z,2024-07-15T13:30Z,169,190,high
2024-07-15T13:30Z,2024-07-15T14:00Z,173,178,moderate
2024-07-15T14:00Z,2024-07-15T14:30Z,180,186,moderate
2024-07-15T14:30Z,2024-07-15T15:00Z,175,189,moderate
2024-07-15T15:00Z,2024-07-15T15:30Z,180,185,moderate
2024-07-15T15:30Z,2024-07-15T16:00Z,181,187,moderate
2024-07-15T16:00Z,2024-07-15T16:30Z,180,188,moderate
2024-07-15T16:30Z,2024-07-15T17:00Z,184,189,moderate
2024-07-15T17:00Z,2024-07-15T17:30Z,189,193,high
2024-07-15T17:30Z,2024-07-15T18:00Z,187,201,high
2024-07-15T18:00Z,2024-07-15T18:30Z,197,203,high
2024-07-15T18:30Z,2024-07-15T19:00Z,196,204,high
2024-07-15T19:00Z,2024-07-15T19:30Z,197,205,high
2024-07-15T19:30Z,2024-07-15T20:00Z,199,204,high
2024-07-15T20:00Z,2024-07-15T20:30Z,195,195,high
2024-07-15T20:30Z,2024-07-15T21:00Z,191,175,moderate
2024-07-15T21:00Z,2024-07-15T21:30Z,192,166,moderate
2024-07-15T21:30Z,2024-07-15T22:00Z,173,123,moderate
2024-07-15T22:00Z,2024-07-15T22:30Z,163,109,low
2024-07-15T22:30Z,2024-07-15T23:00Z,125,111,moderate
2024-07-15T23:00Z,2024-07-15T23:30Z,123,100,low
2024-07-15T23:30Z,2024-07-16T00:00Z,115,103,low
2024-07-16T00:00Z,2024-07-16T00:30Z,100,96,low
2024-07-16T00:30Z,2024-07-16T01:00Z,103,83,low
2024-07-16T01:00Z,2024-07-16T01:30Z,104,73,low
2024-07-16T01:30Z,2024-07-16T02:00Z,91,77,low
2024-07-16T02:00Z,2024-07-16T02:30Z,77,76,low
2024-07-16T02:30Z,2024-07-16T03:00Z,78,71,low
2024-07-16T03:00Z,2024-07-16T03:30Z,80,73,low
2024-07-16T03:30Z,2024-07-16T04:00Z,72,82,low
2024-07-16T04:00Z,2024-07-16T04:30Z,74,89,low
2024-07-16T04:30Z,2024-07-16T05:00Z,83,115,moderate
2024-07-16T05:00Z,2024-07-16T05:30Z,93,144,moderate
2024-07-16T05:30Z,2024-07-16T06:00Z,110,166,moderate
2024-07-16T06:00Z,2024-07-16T06:30Z,135,170,moderate
2024-07-16T06:30Z,2024-07-16T07:00Z,159,169,moderate
2024-07-16T07:00Z,2024-07-16T07:30Z,152,166,moderate
2024-07-16T07:30Z,2024-07-16T08:00Z,151,165,moderate
2024-07-16T08:00Z,2024-07-16T08:30Z,159,163,moderate
2024-07-16T08:30Z,2024-07-16T09:00Z,158,158,moderate
2024-07-16T09:00Z,2024-07-16T09:30Z,141,155,moderate
2024-07-16T09:30Z,2024-07-16T10:00Z,142,148,moderate
2024-07-16T10:00Z,2024-07-16T10:30Z,136,145,moderate
2024-07-16T10:30Z,2024-07-16T11:00Z,135,138,moderate
2024-07-16T11:00Z,2024-07-16T11:30Z,128,131,moderate
2024-07-16T11:30Z,2024-07-16T12:00Z,122,120,moderate
2024-07-16T12:00Z,2024-07-16T12:30Z,116,117,moderate
2024-07-16T12:30Z,2024-07-16T13:00Z,109,113,moderate
2024-07-16T13:00Z,2024-07-16T13:30Z,105,111,moderate
2024-07-16T13:30Z,2024-07-16T14:00Z,102,108,low
2024-07-16T14:00Z,2024-07-16T14:30Z,102,111,moderate
2024-07-16T14:30Z,2024-07-16T15:00Z,101,118,moderate
2024-07-16T15:00Z,2024-07-16T15:30Z,106,122,moderate
2024-07-16T15:30Z,2024-07-16T16:00Z,113,128,moderate
2024-07-16T16:00Z,2024-07-16T16:30Z,114,135,moderate
2024-07-16T16:30Z,2024-07-16T17:00Z,119,144,moderate
2024-07-16T17:00Z,2024-07-16T17:30Z,127,150,moderate
2024-07-16T17:30Z,2024-07-16T18:00Z,139,156,moderate
2024-07-16T18:00Z,2024-07-16T18:30Z,146,162,moderate
2024-07-16T18:30Z,2024-07-16T19:00Z,155,163,moderate
2024-07-16T19:00Z,2024-07-16T19:30Z,157,173,moderate
2024-07-16T19:30Z,2024-07-16T20:00Z,160,180,moderate
2024-07-16T20:00Z,2024-07-16T20:30Z,167,183,moderate
2024-07-16T20:30Z,2024-07-16T21:00Z,170,187,moderate
2024-07-16T21:00Z,2024-07-16T21:30Z,166,181,moderate
2024-07-16T21:30Z,2024-07-16T22:00Z,166,167,moderate
2024-07-16T22:00Z,2024-07-16T22:30Z,163,156,moderate
2024-07-16T22:30Z,2024-07-16T23:00Z,157,148,moderate
2024-07-16T23:00Z,2024-07-16T23:30Z,155,139,moderate
2024-07-16T23:30Z,2024-07-17T00:00Z,152,133,moderate
2024-07-17T00:00Z,2024-07-17T00:30Z,128,129,moderate
2024-07-17T00:30Z,2024-07-17T01:00Z,124,129,moderate
2024-07-17T01:00Z,2024-07-17T01:30Z,122,128,moderate
2024-07-17T01:30Z,2024-07-17T02:00Z,120,131,moderate
2024-07-17T02:00Z,2024-07-17T02:30Z,118,131,moderate
2024-07-17T02:30Z,2024-07-17T03:00Z,122,135,moderate
2024-07-17T03:00Z,2024-07-17T03:30Z,121,137,moderate
2024-07-17T03:30Z,2024-07-17T04:00Z,128,143,moderate
2024-07-17T04:00Z,2024-07-17T04:30Z,134,153,moderate
2024-07-17T04:30Z,2024-07-17T05:00Z,139,185,moderate
2024-07-17T05:00Z,2024-07-17T05:30Z,154,191,high
2024-07-17T05:30Z,2024-07-17T06:00Z,179,189,moderate
2024-07-17T06:00Z,2024-07-17T06:30Z,191,185,moderate
2024-07-17T06:30Z,2024-07-17T07:00Z,181,172,moderate
2024-07-17T07:00Z,2024-07-17T07:30Z,172,165,moderate
2024-07-17T07:30Z,2024-07-17T08:00Z,153,158,moderate
2024-07-17T08:00Z,2024-07-17T08:30Z,151,148,moderate
2024-07-17T08:30Z,2024-07-17T09:00Z,143,144,moderate
2024-07-17T09:00Z,2024-07-17T09:30Z,134,141,moderate
2024-07-17T09:30Z,2024-07-17T10:00Z,121,134,moderate
2024-07-17T10:00Z,2024-07-17T10:30Z,131,131,moderate
2024-07-17T10:30Z,2024-07-17T11:00Z,124,129,moderate
2024-07-17T11:00Z,2024-07-17T11:30Z,128,131,moderate
2024-07-17T11:30Z,2024-07-17T12:00Z,121,133,moderate
2024-07-17T12:00Z,2024-07-17T12:30Z,123,129,moderate
2024-07-17T12:30Z,2024-07-17T13:00Z,120,130,moderate
2024-07-17T13:00Z,2024-07-17T13:30Z,121,133,moderate
2024-07-17T13:30Z,2024-07-17T14:00Z,120,131,moderate
2024-07-17T14:00Z,2024-07-17T14:30Z,133,136,moderate
2024-07-17T14:30Z,2024-07-17T15:00Z,129,145,moderate
2024-07-17T15:00Z,2024-07-17T15:30Z,137,150,moderate
2024-07-17T15:30Z,2024-07-17T16:00Z,144,161,moderate
2024-07-17T16:00Z,2024-07-17T16:30Z,147,171,moderate
2024-07-17T16:30Z,2024-07-17T17:00Z,159,182,moderate
2024-07-17T17:00Z,2024-07-17T17:30Z,164,187,moderate
2024-07-17T17:30Z,2024-07-17T18:00Z,182,192,high
2024-07-17T18:00Z,2024-07-17T18:30Z,186,196,high
2024-07-17T18:30Z,2024-07-17T19:00Z,182,206,high
2024-07-17T19:00Z,2024-07-17T19:30Z,183,208,high
2024-07-17T19:30Z,2024-07-17T20:00Z,185,220,high
2024-07-17T20:00Z,2024-07-17T20:30Z,186,222,high
2024-07-17T20:30Z,2024-07-17T21:00Z,194,207,high
2024-07-17T21:00Z,2024-07-17T21:30Z,198,193,high
2024-07-17T21:30Z,2024-07-17T22:00Z,183,136,moderate
2024-07-17T22:00Z,2024-07-17T22:30Z,180,119,moderate
2024-07-17T22:30Z,2024-07-17T23:00Z,137,114,moderate
2024-07-17T23:00Z,2024-07-17T23:30Z,136,115,moderate
2024-07-17T23:30Z,2024-07-18T00:00Z,139,113,moderate
2024-07-18T00:00Z,2024-07-18T00:30Z,115,112,moderate
2024-07-18T00:30Z,2024-07-18T01:00Z,118,104,low
2024-07-18T01:00Z,2024-07-18T01:30Z,114,103,low
2024-07-18T01:30Z,2024-07-18T02:00Z,109,100,low
2024-07-18T02:00Z,2024-07-18T02:30Z,107,96,low
2024-07-18T02:30Z,2024-07-18T03:00Z,105,102,low
2024-07-18T03:00Z,2024-07-18T03:30Z,98,102,low
2024-07-18T03:30Z,2024-07-18T04:00Z,107,104,low
2024-07-18T04:00Z,2024-07-18T04:30Z,105,111,moderate
2024-07-18T04:30Z,2024-07-18T05:00Z,104,127,moderate
2024-07-18T05:00Z,2024-07-18T05:30Z,109,130,moderate
2024-07-18T05:30Z,2024-07-18T06:00Z,128,120,moderate
2024-07-18T06:00Z,2024-07-18T06:30Z,128,121,moderate
2024-07-18T06:30Z,2024-07-18T07:00Z,118,117,moderate
2024-07-18T07:00Z,2024-07-18T07:30Z,114,112,moderate
2024-07-18T07:30Z,2024-07-18T08:00Z,107,98,low
2024-07-18T08:00Z,2024-07-18T08:30Z,100,92,low
2024-07-18T08:30Z,2024-07-18T09:00Z,90,84,low
2024-07-18T09:00Z,2024-07-18T09:30Z,87,78,low
2024-07-18T09:30Z,2024-07-18T10:00Z,82,74,low
2024-07-18T10:00Z,2024-07-18T10:30Z,74,73,low
2024-07-18T10:30Z,2024-07-18T11:00Z,73,68,low
2024-07-18T11:00Z,2024-07-18T11:30Z,72,65,low
2024-07-18T11:30Z,2024-07-18T12:00Z,69,64,low
2024-07-18T12:00Z,2024-07-18T12:30Z,67,63,low
2024-07-18T12:30Z,2024-07-18T13:00Z,64,63,low
2024-07-18T13:00Z,2024-07-18T13:30Z,65,67,low
2024-07-18T13:30Z,2024-07-18T14:00Z,64,74,low
2024-07-18T14:00Z,2024-07-18T14:30Z,69,81,low
2024-07-18T14:30Z,2024-07-18T15:00Z,75,93,low
2024-07-18T15:00Z,2024-07-18T15:30Z,85,111,moderate
2024-07-18T15:30Z,2024-07-18T16:00Z,97,141,moderate
2024-07-18T16:00Z,2024-07-18T16:30Z,121,159,moderate
2024-07-18T16:30Z,2024-07-18T17:00Z,144,174,moderate
2024-07-18T17:00Z,2024-07-18T17:30Z,157,178,moderate
2024-07-18T17:30Z,2024-07-18T18:00Z,171,183,moderate
2024-07-18T18:00Z,2024-07-18T18:30Z,178,189,moderate
2024-07-18T18:30Z,2024-07-18T19:00Z,175,200,high
2024-07-18T19:00Z,2024-07-18T19:30Z,177,203,high
2024-07-18T19:30Z,2024-07-18T20:00Z,188,201,high
2024-07-18T20:00Z,2024-07-18T20:30Z,127,204,high
2024-07-18T20:30Z,2024-07-18T21:00Z,175,203,high
2024-07-18T21:00Z,2024-07-18T21:30Z,179,189,moderate
2024-07-18T21:30Z,2024-07-18T22:00Z,176,148,moderate
2024-07-18T22:00Z,2024-07-18T22:30Z,175,138,moderate
2024-07-18T22:30Z,2024-07-18T23:00Z,143,134,moderate
2024-07-18T23:00Z,2024-07-18T23:30Z,145,124,moderate
2024-07-18T23:30Z,2024-07-19T00:00Z,144,112,moderate
2024-07-19T00:00Z,2024-07-19T00:30Z,118,108,low
2024-07-19T00:30Z,2024-07-19T01:00Z,108,103,low
2024-07-19T01:00Z,2024-07-19T01:30Z,101,106,low
2024-07-19T01:30Z,2024-07-19T02:00Z,100,110,moderate
2024-07-19T02:00Z,2024-07-19T02:30Z,100,105,low
2024-07-19T02:30Z,2024-07-19T03:00Z,105,104,low
2024-07-19T03:00Z,2024-07-19T03:30Z,101,102,low
2024-07-19T03:30Z,2024-07-19T04:00Z,97,107,low
2024-07-19T04:00Z,2024-07-19T04:30Z,96,111,moderate
2024-07-19T04:30Z,2024-07-19T05:00Z,93,124,moderate
2024-07-19T05:00Z,2024-07-19T05:30Z,100,131,moderate
2024-07-19T05:30Z,2024-07-19T06:00Z,111,129,moderate
2024-07-19T06:00Z,2024-07-19T06:30Z,115,125,moderate
2024-07-19T06:30Z,2024-07-19T07:00Z,112,119,moderate
2024-07-19T07:00Z,2024-07-19T07:30Z,106,113,moderate
2024-07-19T07:30Z,2024-07-19T08:00Z,97,108,low
2024-07-19T08:00Z,2024-07-19T08:30Z,93,99,low
2024-07-19T08:30Z,2024-07-19T09:00Z,90,87,low
2024-07-19T09:00Z,2024-07-19T09:30Z,86,75,low
2024-07-19T09:30Z,2024-07-19T10:00Z,72,65,low
2024-07-19T10:00Z,2024-07-19T10:30Z,61,57,low
2024-07-19T10:30Z,2024-07-19T11:00Z,55,54,low
2024-07-19T11:00Z,2024-07-19T11:30Z,48,53,low
2024-07-19T11:30Z,2024-07-19T12:00Z,47,51,low
2024-07-19T12:00Z,2024-07-19T12:30Z,46,50,low
2024-07-19T12:30Z,2024-07-19T13:00Z,46,50,low
2024-07-19T13:00Z,2024-07-19T13:30Z,47,49,low
2024-07-19T13:30Z,2024-07-19T14:00Z,45,48,low
2024-07-19T14:00Z,2024-07-19T14:30Z,44,56,low
2024-07-19T14:30Z,2024-07-19T15:00Z,42,68,low
2024-07-19T15:00Z,2024-07-19T15:30Z,48,82,low
2024-07-19T15:30Z,2024-07-19T16:00Z,57,101,low
2024-07-19T16:00Z,2024-07-19T16:30Z,73,117,moderate
2024-07-19T16:30Z,2024-07-19T17:00Z,94,133,moderate
2024-07-19T17:00Z,2024-07-19T17:30Z,95,139,moderate
2024-07-19T17:30Z,2024-07-19T18:00Z,121,148,moderate
2024-07-19T18:00Z,2024-07-19T18:30Z,133,153,moderate
2024-07-19T18:30Z,2024-07-19T19:00Z,137,161,moderate
2024-07-19T19:00Z,2024-07-19T19:30Z,143,161,moderate
2024-07-19T19:30Z,2024-07-19T20:00Z,149,164,moderate
2024-07-19T20:00Z,2024-07-19T20:30Z,150,164,moderate
2024-07-19T20:30Z,2024-07-19T21:00Z,150,160,moderate
2024-07-19T21:00Z,2024-07-19T21:30Z,152,149,moderate
2024-07-19T21:30Z,2024-07-19T22:00Z,150,112,moderate
2024-07-19T22:00Z,2024-07-19T22:30Z,138,101,low
2024-07-19T22:30Z,2024-07-19T23:00Z,105,86,low
2024-07-19T23:00Z,2024-07-19T23:30Z,109,86,low
2024-07-19T23:30Z,2024-07-20T00:00Z,114,87,low
2024-07-20T00:00Z,2024-07-20T00:30Z,71,86,low
2024-07-20T00:30Z,2024-07-20T01:00Z,76,92,low
2024-07-20T01:00Z,2024-07-20T01:30Z,72,93,low
2024-07-20T01:30Z,2024-07-20T02:00Z,78,97,low
2024-07-20T02:00Z,2024-07-20T02:30Z,78,101,low
2024-07-20T02:30Z,2024-07-20T03:00Z,82,100,low
2024-07-20T03:00Z,2024-07-20T03:30Z,84,101,low
2024-07-20T03:30Z,2024-07-20T04:00Z,85,103,low
2024-07-20T04:00Z,2024-07-20T04:30Z,93,103,low
2024-07-20T04:30Z,2024-07-20T05:00Z,93,108,low
2024-07-20T05:00Z,2024-07-20T05:30Z,94,110,moderate
2024-07-20T05:30Z,2024-07-20T06:00Z,98,117,moderate
2024-07-20T06:00Z,2024-07-20T06:30Z,102,119,moderate
2024-07-20T06:30Z,2024-07-20T07:00Z,109,126,moderate
2024-07-20T07:00Z,2024-07-20T07:30Z,118,130,moderate
2024-07-20T07:30Z,2024-07-20T08:00Z,123,130,moderate
2024-07-20T08:00Z,2024-07-20T08:30Z,129,130,moderate
2024-07-20T08:30Z,2024-07-20T09:00Z,127,129,moderate
2024-07-20T09:00Z,2024-07-20T09:30Z,129,127,moderate
2024-07-20T09:30Z,2024-07-20T10:00Z,126,129,moderate
2024-07-20T10:00Z,2024-07-20T10:30Z,124,127,moderate
2024-07-20T10:30Z,2024-07-20T11:00Z,129,125,moderate
2024-07-20T11:00Z,2024-07-20T11:30Z,129,126,moderate
2024-07-20T11:30Z,2024-07-20T12:00Z,124,126,moderate
2024-07-20T12:00Z,2024-07-20T12:30Z,128,126,moderate
2024-07-20T12:30Z,2024-07-20T13:00Z,129,131,moderate
2024-07-20T13:00Z,2024-07-20T13:30Z,130,141,moderate
2024-07-20T13:30Z,2024-07-20T14:00Z,128,140,moderate
2024-07-20T14:00Z,2024-07-20T14:30Z,134,147,moderate
2024-07-20T14:30Z,2024-07-20T15:00Z,140,157,moderate
2024-07-20T15:00Z,2024-07-20T15:30Z,147,164,moderate
2024-07-20T15:30Z,2024-07-20T16:00Z,159,170,moderate
2024-07-20T16:00Z,2024-07-20T16:30Z,162,173,moderate
2024-07-20T16:30Z,2024-07-20T17:00Z,169,176,moderate
2024-07-20T17:00Z,2024-07-20T17:30Z,172,178,moderate
2024-07-20T17:30Z,2024-07-20T18:00Z,172,181,moderate
2024-07-20T18:00Z,2024-07-20T18:30Z,168,181,moderate
2024-07-20T18:30Z,2024-07-20T19:00Z,173,177,moderate
2024-07-20T19:00Z,2024-07-20T19:30Z,172,171,moderate
2024-07-20T19:30Z,2024-07-20T20:00Z,163,170,moderate
2024-07-20T20:00Z,2024-07-20T20:30Z,164,164,moderate
2024-07-20T20:30Z,2024-07-20T21:00Z,157,155,moderate
2024-07-20T21:00Z,2024-07-20T21:30Z,143,141,moderate
2024-07-20T21:30Z,2024-07-20T22:00Z,129,112,moderate
2024-07-20T22:00Z,2024-07-20T22:30Z,122,92,low
2024-07-20T22:30Z,2024-07-20T23:00Z,99,87,low
2024-07-20T23:00Z,2024-07-20T23:30Z,95,86,low
2024-07-20T23:30Z,2024-07-21T00:00Z,92,84,low
2024-07-21T00:00Z,2024-07-21T00:30Z,72,84,low
2024-07-21T00:30Z,2024-07-21T01:00Z,72,86,low
2024-07-21T01:00Z,2024-07-21T01:30Z,75,83,low
2024-07-21T01:30Z,2024-07-21T02:00Z,76,84,low
2024-07-21T02:00Z,2024-07-21T02:30Z,77,87,low
2024-07-21T02:30Z,2024-07-21T03:00Z,73,89,low
2024-07-21T03:00Z,2024-07-21T03:30Z,77,91,low
2024-07-21T03:30Z,2024-07-21T04:00Z,78,91,low
2024-07-21T04:00Z,2024-07-21T04:30Z,80,94,low
2024-07-21T04:30Z,2024-07-21T05:00Z,81,92,low
2024-07-21T05:00Z,2024-07-21T05:30Z,82,91,low
2024-07-21T05:30Z,2024-07-21T06:00Z,82,86,low
2024-07-21T06:00Z,2024-07-21T06:30Z,79,85,low
2024-07-21T06:30Z,2024-07-21T07:00Z,72,82,low
2024-07-21T07:00Z,2024-07-21T07:30Z,71,73,low
2024-07-21T07:30Z,2024-07-21T08:00Z,71,70,low
2024-07-21T08:00Z,2024-07-21T08:30Z,69,66,low
2024-07-21T08:30Z,2024-07-21T09:00Z,64,66,low
2024-07-21T09:00Z,2024-07-21T09:30Z,63,59,low
2024-07-21T09:30Z,2024-07-21T10:00Z,63,65,low
2024-07-21T10:00Z,2024-07-21T10:30Z,56,68,low
2024-07-21T10:30Z,2024-07-21T11:00Z,60,69,low
2024-07-21T11:00Z,2024-07-21T11:30Z,65,68,low
2024-07-21T11:30Z,2024-07-21T12:00Z,66,64,low
2024-07-21T12:00Z,2024-07-21T12:30Z,64,64,low
2024-07-21T12:30Z,2024-07-21T13:00Z,63,67,low
2024-07-21T13:00Z,2024-07-21T13:30Z,61,73,low
2024-07-21T13:30Z,2024-07-21T14:00Z,66,80,low
2024-07-21T14:00Z,2024-07-21T14:30Z,72,87,low
2024-07-21T14:30Z,2024-07-21T15:00Z,74,105,low
2024-07-21T15:00Z,2024-07-21T15:30Z,92,126,moderate
2024-07-21T15:30Z,2024-07-21T16:00Z,109,141,moderate
2024-07-21T16:00Z,2024-07-21T16:30Z,130,150,moderate
2024-07-21T16:30Z,2024-07-21T17:00Z,144,151,moderate
2024-07-21T17:00Z,2024-07-21T17:30Z,150,151,moderate
2024-07-21T17:30Z,2024-07-21T18:00Z,148,161,moderate
2024-07-21T18:00Z,2024-07-21T18:30Z,154,166,moderate
2024-07-21T18:30Z,2024-07-21T19:00Z,165,170,moderate
2024-07-21T19:00Z,2024-07-21T19:30Z,167,174,moderate
2024-07-21T19:30Z,2024-07-21T20:00Z,168,178,moderate
2024-07-21T20:00Z,2024-07-21T20:30Z,169,178,moderate
2024-07-21T20:30Z,2024-07-21T21:00Z,177,179,moderate
2024-07-21T21:00Z,2024-07-21T21:30Z,168,168,moderate
2024-07-21T21:30Z,2024-07-21T22:00Z,170,154,moderate
2024-07-21T22:00Z,2024-07-21T22:30Z,164,142,moderate
2024-07-21T22:30Z,2024-07-21T23:00Z,152,126,moderate
2024-07-21T23:00Z,2024-07-21T23:30Z,154,118,moderate
2024-07-21T23:30Z,2024-07-22T00:00Z,148,117,moderate
2024-07-22T00:00Z,2024-07-22T00:30Z,121,115,moderate
2024-07-22T00:30Z,2024-07-22T01:00Z,122,106,low
2024-07-22T01:00Z,2024-07-22T01:30Z,120,107,low
2024-07-22T01:30Z,2024-07-22T02:00Z,113,104,low
2024-07-22T02:00Z,2024-07-22T02:30Z,111,103,low
2024-07-22T02:30Z,2024-07-22T03:00Z,109,103,low
2024-07-22T03:00Z,2024-07-22T03:30Z,106,100,low
2024-07-22T03:30Z,2024-07-22T04:00Z,106,103,low
2024-07-22T04:00Z,2024-07-22T04:30Z,103,109,low
2024-07-22T04:30Z,2024-07-22T05:00Z,108,123,moderate
2024-07-22T05:00Z,2024-07-22T05:30Z,113,136,moderate
2024-07-22T05:30Z,2024-07-22T06:00Z,126,134,moderate
2024-07-22T06:00Z,2024-07-22T06:30Z,137,138,moderate
2024-07-22T06:30Z,2024-07-22T07:00Z,139,136,moderate
2024-07-22T07:00Z,2024-07-22T07:30Z,142,140,moderate
2024-07-22T07:30Z,2024-07-22T08:00Z,132,139,moderate
2024-07-22T08:00Z,2024-07-22T08:30Z,132,135,moderate
2024-07-22T08:30Z,2024-07-22T09:00Z,116,132,moderate
2024-07-22T09:00Z,2024-07-22T09:30Z,118,129,moderate
2024-07-22T09:30Z,2024-07-22T10:00Z,115,124,moderate
2024-07-22T10:00Z,2024-07-22T10:30Z,114,115,moderate
2024-07-22T10:30Z,2024-07-22T11:00Z,113,104,low
2024-07-22T11:00Z,2024-07-22T11:30Z,111,101,low
2024-07-22T11:30Z,2024-07-22T12:00Z,103,95,low
2024-07-22T12:00Z,2024-07-22T12:30Z,102,88,low
2024-07-22T12:30Z,2024-07-22T13:00Z,91,87,low
2024-07-22T13:00Z,2024-07-22T13:30Z,87,82,low
2024-07-22T13:30Z,2024-07-22T14:00Z,87,84,low
2024-07-22T14:00Z,2024-07-22T14:30Z,84,93,low
2024-07-22T14:30Z,2024-07-22T15:00Z,85,106,low
2024-07-22T15:00Z,2024-07-22T15:30Z,94,115,moderate
2024-07-22T15:30Z,2024-07-22T16:00Z,109,128,moderate
2024-07-22T16:00Z,2024-07-22T16:30Z,121,140,moderate
2024-07-22T16:30Z,2024-07-22T17:00Z,129,141,moderate
2024-07-22T17:00Z,2024-07-22T17:30Z,144,147,moderate
2024-07-22T17:30Z,2024-07-22T18:00Z,136,155,moderate
2024-07-22T18:00Z,2024-07-22T18:30Z,144,165,moderate
2024-07-22T18:30Z,2024-07-22T19:00Z,148,173,moderate
2024-07-22T19:00Z,2024-07-22T19:30Z,158,175,moderate
2024-07-22T19:30Z,2024-07-22T20:00Z,159,180,moderate
2024-07-22T20:00Z,2024-07-22T20:30Z,170,179,moderate
2024-07-22T20:30Z,2024-07-22T21:00Z,158,180,moderate
2024-07-22T21:00Z,2024-07-22T21:30Z,160,177,moderate
2024-07-22T21:30Z,2024-07-22T22:00Z,157,164,moderate
2024-07-22T22:00Z,2024-07-22T22:30Z,156,154,moderate
2024-07-22T22:30Z,2024-07-22T23:00Z,148,143,moderate
2024-07-22T23:00Z,2024-07-22T23:30Z,143,135,moderate
2024-07-22T23:30Z,2024-07-23T00:00Z,136,138,moderate
2024-07-23T00:00Z,2024-07-23T00:30Z,126,138,moderate
2024-07-23T00:30Z,2024-07-23T01:00Z,126,141,moderate
2024-07-23T01:00Z,2024-07-23T01:30Z,130,140,moderate
2024-07-23T01:30Z,2024-07-23T02:00Z,131,137,moderate
2024-07-23T02:00Z,2024-07-23T02:30Z,138,141,moderate
2024-07-23T02:30Z,2024-07-23T03:00Z,135,136,moderate
2024-07-23T03:00Z,2024-07-23T03:30Z,134,138,moderate
2024-07-23T03:30Z,2024-07-23T04:00Z,125,150,moderate
2024-07-23T04:00Z,2024-07-23T04:30Z,134,158,moderate
2024-07-23T04:30Z,2024-07-23T05:00Z,139,172,moderate
2024-07-23T05:00Z,2024-07-23T05:30Z,138,172,moderate
2024-07-23T05:30Z,2024-07-23T06:00Z,163,174,moderate
2024-07-23T06:00Z,2024-07-23T06:30Z,169,174,moderate
2024-07-23T06:30Z,2024-07-23T07:00Z,176,170,moderate
2024-07-23T07:00Z,2024-07-23T07:30Z,178,167,moderate
2024-07-23T07:30Z,2024-07-23T08:00Z,156,162,moderate
2024-07-23T08:00Z,2024-07-23T08:30Z,156,151,moderate
2024-07-23T08:30Z,2024-07-23T09:00Z,154,145,moderate
2024-07-23T09:00Z,2024-07-23T09:30Z,140,141,moderate
2024-07-23T09:30Z,2024-07-23T10:00Z,147,140,moderate
2024-07-23T10:00Z,2024-07-23T10:30Z,136,138,moderate
2024-07-23T10:30Z,2024-07-23T11:00Z,128,136,moderate
2024-07-23T11:00Z,2024-07-23T11:30Z,128,133,moderate
2024-07-23T11:30Z,2024-07-23T12:00Z,133,129,moderate
2024-07-23T12:00Z,2024-07-23T12:30Z,135,128,moderate
2024-07-23T12:30Z,2024-07-23T13:00Z,122,126,moderate
2024-07-23T13:00Z,2024-07-23T13:30Z,119,124,moderate
2024-07-23T13:30Z,2024-07-23T14:00Z,123,123,moderate
2024-07-23T14:00Z,2024-07-23T14:30Z,119,124,moderate
2024-07-23T14:30Z,2024-07-23T15:00Z,125,130,moderate
2024-07-23T15:00Z,2024-07-23T15:30Z,136,140,moderate
2024-07-23T15:30Z,2024-07-23T16:00Z,136,154,moderate
2024-07-23T16:00Z,2024-07-23T16:30Z,143,159,moderate
2024-07-23T16:30Z,2024-07-23T17:00Z,169,168,moderate
2024-07-23T17:00Z,2024-07-23T17:30Z,183,173,moderate
2024-07-23T17:30Z,2024-07-23T18:00Z,165,181,moderate
2024-07-23T18:00Z,2024-07-23T18:30Z,170,188,moderate
2024-07-23T18:30Z,2024-07-23T19:00Z,173,195,high
2024-07-23T19:00Z,2024-07-23T19:30Z,181,200,high
2024-07-23T19:30Z,2024-07-23T20:00Z,186,206,high
2024-07-23T20:00Z,2024-07-23T20:30Z,198,208,high
2024-07-23T20:30Z,2024-07-23T21:00Z,195,211,high
2024-07-23T21:00Z,2024-07-23T21:30Z,198,213,high
2024-07-23T21:30Z,2024-07-23T22:00Z,194,203,high
2024-07-23T22:00Z,2024-07-23T22:30Z,191,196,high
2024-07-23T22:30Z,2024-07-23T23:00Z,195,195,high
2024-07-23T23:00Z,2024-07-23T23:30Z,187,196,high
2024-07-23T23:30Z,2024-07-24T00:00Z,177,195,high
2024-07-24T00:00Z,2024-07-24T00:30Z,181,191,high
2024-07-24T00:30Z,2024-07-24T01:00Z,199,193,high
2024-07-24T01:00Z,2024-07-24T01:30Z,184,193,high
2024-07-24T01:30Z,2024-07-24T02:00Z,183,187,moderate
2024-07-24T02:00Z,2024-07-24T02:30Z,181,188,moderate
2024-07-24T02:30Z,2024-07-24T03:00Z,185,185,moderate
2024-07-24T03:00Z,2024-07-24T03:30Z,188,183,moderate
2024-07-24T03:30Z,2024-07-24T04:00Z,189,190,high
2024-07-24T04:00Z,2024-07-24T04:30Z,189,194,high
2024-07-24T04:30Z,2024-07-24T05:00Z,188,194,high
2024-07-24T05:00Z,2024-07-24T05:30Z,190,201,high
2024-07-24T05:30Z,2024-07-24T06:00Z,194,197,high
2024-07-24T06:00Z,2024-07-24T06:30Z,194,193,high
2024-07-24T06:30Z,2024-07-24T07:00Z,194,189,moderate
2024-07-24T07:00Z,2024-07-24T07:30Z,185,184,moderate
2024-07-24T07:30Z,2024-07-24T08:00Z,177,176,moderate
2024-07-24T08:00Z,2024-07-24T08:30Z,166,170,moderate
2024-07-24T08:30Z,2024-07-24T09:00Z,162,163,moderate
2024-07-24T09:00Z,2024-07-24T09:30Z,153,158,moderate
2024-07-24T09:30Z,2024-07-24T10:00Z,149,156,moderate
2024-07-24T10:00Z,2024-07-24T10:30Z,145,152,moderate
2024-07-24T10:30Z,2024-07-24T11:00Z,143,142,moderate
2024-07-24T11:00Z,2024-07-24T11:30Z,140,137,moderate
2024-07-24T11:30Z,2024-07-24T12:00Z,139,130,moderate
2024-07-24T12:00Z,2024-07-24T12:30Z,130,128,moderate
2024-07-24T12:30Z,2024-07-24T13:00Z,128,124,moderate
2024-07-24T13:00Z,2024-07-24T13:30Z,119,120,moderate
2024-07-24T13:30Z,2024-07-24T14:00Z,116,112,moderate
2024-07-24T14:00Z,2024-07-24T14:30Z,114,109,low
2024-07-24T14:30Z,2024-07-24T15:00Z,108,105,low
2024-07-24T15:00Z,2024-07-24T15:30Z,110,107,low
2024-07-24T15:30Z,2024-07-24T16:00Z,114,114,moderate
2024-07-24T16:00Z,2024-07-24T16:30Z,106,117,moderate
2024-07-24T16:30Z,2024-07-24T17:00Z,111,126,moderate
2024-07-24T17:00Z,2024-07-24T17:30Z,114,127,moderate
2024-07-24T17:30Z,2024-07-24T18:00Z,123,140,moderate
2024-07-24T18:00Z,2024-07-24T18:30Z,124,140,moderate
2024-07-24T18:30Z,2024-07-24T19:00Z,134,148,moderate
2024-07-24T19:00Z,2024-07-24T19:30Z,138,150,moderate
2024-07-24T19:30Z,2024-07-24T20:00Z,146,157,moderate
2024-07-24T20:00Z,2024-07-24T20:30Z,149,158,moderate
2024-07-24T20:30Z,2024-07-24T21:00Z,158,159,moderate
2024-07-24T21:00Z,2024-07-24T21:30Z,151,151,moderate
2024-07-24T21:30Z,2024-07-24T22:00Z,156,101,low
2024-07-24T22:00Z,2024-07-24T22:30Z,147,85,low
2024-07-24T22:30Z,2024-07-24T23:00Z,101,79,low
2024-07-24T23:00Z,2024-07-24T23:30Z,94,76,low
2024-07-24T23:30Z,2024-07-25T00:00Z,96,70,low
2024-07-25T00:00Z,2024-07-25T00:30Z,71,68,low
2024-07-25T00:30Z,2024-07-25T01:00Z,67,71,low
2024-07-25T01:00Z,2024-07-25T01:30Z,64,70,low
2024-07-25T01:30Z,2024-07-25T02:00Z,64,72,low
2024-07-25T02:00Z,2024-07-25T02:30Z,65,75,low
2024-07-25T02:30Z,2024-07-25T03:00Z,67,80,low
2024-07-25T03:00Z,2024-07-25T03:30Z,69,79,low
2024-07-25T03:30Z,2024-07-25T04:00Z,76,73,low
2024-07-25T04:00Z,2024-07-25T04:30Z,72,86,low
2024-07-25T04:30Z,2024-07-25T05:00Z,64,101,low
2024-07-25T05:00Z,2024-07-25T05:30Z,73,105,low
2024-07-25T05:30Z,2024-07-25T06:00Z,88,114,moderate
2024-07-25T06:00Z,2024-07-25T06:30Z,98,125,moderate
2024-07-25T06:30Z,2024-07-25T07:00Z,112,124,moderate
2024-07-25T07:00Z,2024-07-25T07:30Z,123,125,moderate
2024-07-25T07:30Z,2024-07-25T08:00Z,121,125,moderate
2024-07-25T08:00Z,2024-07-25T08:30Z,128,123,moderate
2024-07-25T08:30Z,2024-07-25T09:00Z,124,121,moderate
2024-07-25T09:00Z,2024-07-25T09:30Z,114,120,moderate
2024-07-25T09:30Z,2024-07-25T10:00Z,124,125,moderate
2024-07-25T10:00Z,2024-07-25T10:30Z,128,117,moderate
2024-07-25T10:30Z,2024-07-25T11:00Z,119,118,moderate
2024-07-25T11:00Z,2024-07-25T11:30Z,118,117,moderate
2024-07-25T11:30Z,2024-07-25T12:00Z,114,111,moderate
2024-07-25T12:00Z,2024-07-25T12:30Z,111,114,moderate
2024-07-25T12:30Z,2024-07-25T13:00Z,113,107,low
2024-07-25T13:00Z,2024-07-25T13:30Z,117,109,low
2024-07-25T13:30Z,2024-07-25T14:00Z,112,109,low
2024-07-25T14:00Z,2024-07-25T14:30Z,111,111,moderate
2024-07-25T14:30Z,2024-07-25T15:00Z,109,113,moderate
2024-07-25T15:00Z,2024-07-25T15:30Z,112,119,moderate
2024-07-25T15:30Z,2024-07-25T16:00Z,116,129,moderate
2024-07-25T16:00Z,2024-07-25T16:30Z,127,138,moderate
2024-07-25T16:30Z,2024-07-25T17:00Z,133,134,moderate
2024-07-25T17:00Z,2024-07-25T17:30Z,132,135,moderate
2024-07-25T17:30Z,2024-07-25T18:00Z,129,143,moderate
2024-07-25T18:00Z,2024-07-25T18:30Z,122,146,moderate
2024-07-25T18:30Z,2024-07-25T19:00Z,120,143,moderate
2024-07-25T19:00Z,2024-07-25T19:30Z,129,141,moderate
2024-07-25T19:30Z,2024-07-25T20:00Z,134,133,moderate
2024-07-25T20:00Z,2024-07-25T20:30Z,132,135,moderate
2024-07-25T20:30Z,2024-07-25T21:00Z,130,133,moderate
2024-07-25T21:00Z,2024-07-25T21:30Z,122,122,moderate
2024-07-25T21:30Z,2024-07-25T22:00Z,120,93,low
2024-07-25T22:00Z,2024-07-25T22:30Z,114,92,low
2024-07-25T22:30Z,2024-07-25T23:00Z,92,94,low
2024-07-25T23:00Z,2024-07-25T23:30Z,91,94,low
2024-07-25T23:30Z,2024-07-26T00:00Z,90,88,low
2024-07-26T00:00Z,2024-07-26T00:30Z,78,80,low
2024-07-26T00:30Z,2024-07-26T01:00Z,79,78,low
2024-07-26T01:00Z,2024-07-26T01:30Z,75,79,low
2024-07-26T01:30Z,2024-07-26T02:00Z,71,77,low
2024-07-26T02:00Z,2024-07-26T02:30Z,71,82,low
2024-07-26T02:30Z,2024-07-26T03:00Z,70,81,low
2024-07-26T03:00Z,2024-07-26T03:30Z,74,81,low
2024-07-26T03:30Z,2024-07-26T04:00Z,73,86,low
2024-07-26T04:00Z,2024-07-26T04:30Z,73,99,low
2024-07-26T04:30Z,2024-07-26T05:00Z,83,114,moderate
2024-07-26T05:00Z,2024-07-26T05:30Z,91,128,moderate
2024-07-26T05:30Z,2024-07-26T06:00Z,103,127,moderate
2024-07-26T06:00Z,2024-07-26T06:30Z,106,134,moderate
2024-07-26T06:30Z,2024-07-26T07:00Z,123,118,moderate
2024-07-26T07:00Z,2024-07-26T07:30Z,114,113,moderate
2024-07-26T07:30Z,2024-07-26T08:00Z,111,111,moderate
2024-07-26T08:00Z,2024-07-26T08:30Z,112,105,low
2024-07-26T08:30Z,2024-07-26T09:00Z,109,102,low
2024-07-26T09:00Z,2024-07-26T09:30Z,103,102,low
2024-07-26T09:30Z,2024-07-26T10:00Z,100,102,low
2024-07-26T10:00Z,2024-07-26T10:30Z,105,99,low
2024-07-26T10:30Z,2024-07-26T11:00Z,102,94,low
2024-07-26T11:00Z,2024-07-26T11:30Z,99,89,low
2024-07-26T11:30Z,2024-07-26T12:00Z,96,88,low
2024-07-26T12:00Z,2024-07-26T12:30Z,90,85,low
2024-07-26T12:30Z,2024-07-26T13:00Z,90,83,low
2024-07-26T13:00Z,2024-07-26T13:30Z,87,82,low
2024-07-26T13:30Z,2024-07-26T14:00Z,82,86,low
2024-07-26T14:00Z,2024-07-26T14:30Z,84,90,low
2024-07-26T14:30Z,2024-07-26T15:00Z,88,101,low
2024-07-26T15:00Z,2024-07-26T15:30Z,97,110,moderate
2024-07-26T15:30Z,2024-07-26T16:00Z,115,130,moderate
2024-07-26T16:00Z,2024-07-26T16:30Z,119,146,moderate
2024-07-26T16:30Z,2024-07-26T17:00Z,147,158,moderate
2024-07-26T17:00Z,2024-07-26T17:30Z,154,160,moderate
2024-07-26T17:30Z,2024-07-26T18:00Z,159,164,moderate
2024-07-26T18:00Z,2024-07-26T18:30Z,167,176,moderate
2024-07-26T18:30Z,2024-07-26T19:00Z,169,182,moderate
2024-07-26T19:00Z,2024-07-26T19:30Z,176,185,moderate
2024-07-26T19:30Z,2024-07-26T20:00Z,190,193,high
2024-07-26T20:00Z,2024-07-26T20:30Z,184,191,high
2024-07-26T20:30Z,2024-07-26T21:00Z,184,192,high
2024-07-26T21:00Z,2024-07-26T21:30Z,173,188,moderate
2024-07-26T21:30Z,2024-07-26T22:00Z,174,157,moderate
2024-07-26T22:00Z,2024-07-26T22:30Z,174,153,moderate
2024-07-26T22:30Z,2024-07-26T23:00Z,158,149,moderate
2024-07-26T23:00Z,2024-07-26T23:30Z,155,146,moderate
2024-07-26T23:30Z,2024-07-27T00:00Z,157,146,moderate
2024-07-27T00:00Z,2024-07-27T00:30Z,143,147,moderate
2024-07-27T00:30Z,2024-07-27T01:00Z,144,149,moderate
2024-07-27T01:00Z,2024-07-27T01:30Z,147,154,moderate
2024-07-27T01:30Z,2024-07-27T02:00Z,147,154,moderate
2024-07-27T02:00Z,2024-07-27T02:30Z,151,158,moderate
2024-07-27T02:30Z,2024-07-27T03:00Z,153,162,moderate
2024-07-27T03:00Z,2024-07-27T03:30Z,156,165,moderate
2024-07-27T03:30Z,2024-07-27T04:00Z,161,161,moderate
2024-07-27T04:00Z,2024-07-27T04:30Z,167,162,moderate
2024-07-27T04:30Z,2024-07-27T05:00Z,169,167,moderate
2024-07-27T05:00Z,2024-07-27T05:30Z,167,165,moderate
2024-07-27T05:30Z,2024-07-27T06:00Z,173,164,moderate
2024-07-27T06:00Z,2024-07-27T06:30Z,164,161,moderate
2024-07-27T06:30Z,2024-07-27T07:00Z,170,152,moderate
2024-07-27T07:00Z,2024-07-27T07:30Z,161,143,moderate
2024-07-27T07:30Z,2024-07-27T08:00Z,149,136,moderate
2024-07-27T08:00Z,2024-07-27T08:30Z,139,128,moderate
2024-07-27T08:30Z,2024-07-27T09:00Z,130,122,moderate
2024-07-27T09:00Z,2024-07-27T09:30Z,123,119,moderate
2024-07-27T09:30Z,2024-07-27T10:00Z,118,115,moderate
2024-07-27T10:00Z,2024-07-27T10:30Z,119,113,moderate
2024-07-27T10:30Z,2024-07-27T11:00Z,115,111,moderate
2024-07-27T11:00Z,2024-07-27T11:30Z,126,111,moderate
2024-07-27T11:30Z,2024-07-27T12:00Z,110,110,moderate
2024-07-27T12:00Z,2024-07-27T12:30Z,115,110,moderate
2024-07-27T12:30Z,2024-07-27T13:00Z,113,108,low
2024-07-27T13:00Z,2024-07-27T13:30Z,116,112,moderate
2024-07-27T13:30Z,2024-07-27T14:00Z,109,117,moderate
2024-07-27T14:00Z,2024-07-27T14:30Z,117,122,moderate
2024-07-27T14:30Z,2024-07-27T15:00Z,125,141,moderate
2024-07-27T15:00Z,2024-07-27T15:30Z,138,152,moderate
2024-07-27T15:30Z,2024-07-27T16:00Z,150,160,moderate
2024-07-27T16:00Z,2024-07-27T16:30Z,171,169,moderate
2024-07-27T16:30Z,2024-07-27T17:00Z,172,175,moderate
2024-07-27T17:00Z,2024-07-27T17:30Z,178,183,moderate
2024-07-27T17:30Z,2024-07-27T18:00Z,184,185,moderate
2024-07-27T18:00Z,2024-07-27T18:30Z,188,191,high
2024-07-27T18:30Z,2024-07-27T19:00Z,191,196,high
2024-07-27T19:00Z,2024-07-27T19:30Z,202,202,high
2024-07-27T19:30Z,2024-07-27T20:00Z,208,201,high
2024-07-27T20:00Z,2024-07-27T20:30Z,213,202,high
2024-07-27T20:30Z,2024-07-27T21:00Z,204,198,high
2024-07-27T21:00Z,2024-07-27T21:30Z,204,189,moderate
2024-07-27T21:30Z,2024-07-27T22:00Z,197,175,moderate
2024-07-27T22:00Z,2024-07-27T22:30Z,176,163,moderate
2024-07-27T22:30Z,2024-07-27T23:00Z,175,155,moderate
2024-07-27T23:00Z,2024-07-27T23:30Z,170,147,moderate
2024-07-27T23:30Z,2024-07-28T00:00Z,166,137,moderate
2024-07-28T00:00Z,2024-07-28T00:30Z,142,131,moderate
2024-07-28T00:30Z,2024-07-28T01:00Z,135,126,moderate
2024-07-28T01:00Z,2024-07-28T01:30Z,132,119,moderate
2024-07-28T01:30Z,2024-07-28T02:00Z,127,121,moderate
2024-07-28T02:00Z,2024-07-28T02:30Z,122,121,moderate
2024-07-28T02:30Z,2024-07-28T03:00Z,119,119,moderate
2024-07-28T03:00Z,2024-07-28T03:30Z,122,120,moderate
2024-07-28T03:30Z,2024-07-28T04:00Z,123,118,moderate
2024-07-28T04:00Z,2024-07-28T04:30Z,128,118,moderate
2024-07-28T04:30Z,2024-07-28T05:00Z,135,119,moderate
2024-07-28T05:00Z,2024-07-28T05:30Z,121,115,moderate
2024-07-28T05:30Z,2024-07-28T06:00Z,127,112,moderate
2024-07-28T06:00Z,2024-07-28T06:30Z,116,113,moderate
2024-07-28T06:30Z,2024-07-28T07:00Z,116,117,moderate
2024-07-28T07:00Z,2024-07-28T07:30Z,115,107,low
2024-07-28T07:30Z,2024-07-28T08:00Z,114,98,low
2024-07-28T08:00Z,2024-07-28T08:30Z,107,94,low
2024-07-28T08:30Z,2024-07-28T09:00Z,90,94,low
2024-07-28T09:00Z,2024-07-28T09:30Z,90,88,low
2024-07-28T09:30Z,2024-07-28T10:00Z,92,86,low
2024-07-28T10:00Z,2024-07-28T10:30Z,86,85,low
2024-07-28T10:30Z,2024-07-28T11:00Z,90,82,low
2024-07-28T11:00Z,2024-07-28T11:30Z,86,80,low
2024-07-28T11:30Z,2024-07-28T12:00Z,89,78,low
2024-07-28T12:00Z,2024-07-28T12:30Z,82,80,low
2024-07-28T12:30Z,2024-07-28T13:00Z,78,79,low
2024-07-28T13:00Z,2024-07-28T13:30Z,81,78,low
2024-07-28T13:30Z,2024-07-28T14:00Z,82,68,low
2024-07-28T14:00Z,2024-07-28T14:30Z,83,76,low
2024-07-28T14:30Z,2024-07-28T15:00Z,75,86,low
2024-07-28T15:00Z,2024-07-28T15:30Z,79,93,low
2024-07-28T15:30Z,2024-07-28T16:00Z,87,100,low
2024-07-28T16:00Z,2024-07-28T16:30Z,99,107,low
2024-07-28T16:30Z,2024-07-28T17:00Z,113,112,moderate
2024-07-28T17:00Z,2024-07-28T17:30Z,121,118,moderate
2024-07-28T17:30Z,2024-07-28T18:00Z,124,120,moderate
2024-07-28T18:00Z,2024-07-28T18:30Z,117,126,moderate
2024-07-28T18:30Z,2024-07-28T19:00Z,119,129,moderate
2024-07-28T19:00Z,2024-07-28T19:30Z,119,130,moderate
2024-07-28T19:30Z,2024-07-28T20:00Z,118,133,moderate
2024-07-28T20:00Z,2024-07-28T20:30Z,129,134,moderate
2024-07-28T20:30Z,2024-07-28T21:00Z,129,123,moderate
2024-07-28T21:00Z,2024-07-28T21:30Z,133,113,moderate
2024-07-28T21:30Z,2024-07-28T22:00Z,117,101,low
2024-07-28T22:00Z,2024-07-28T22:30Z,105,92,low
2024-07-28T22:30Z,2024-07-28T23:00Z,102,88,low
2024-07-28T23:00Z,2024-07-28T23:30Z,100,80,low
2024-07-28T23:30Z,2024-07-29T00:00Z,95,75,low
2024-07-29T00:00Z,2024-07-29T00:30Z,82,75,low
2024-07-29T00:30Z,2024-07-29T01:00Z,76,79,low
2024-07-29T01:00Z,2024-07-29T01:30Z,74,80,low
2024-07-29T01:30Z,2024-07-29T02:00Z,79,81,low
2024-07-29T02:00Z,2024-07-29T02:30Z,83,80,low
2024-07-29T02:30Z,2024-07-29T03:00Z,85,78,low
2024-07-29T03:00Z,2024-07-29T03:30Z,79,80,low
2024-07-29T03:30Z,2024-07-29T04:00Z,81,83,low
2024-07-29T04:00Z,2024-07-29T04:30Z,84,90,low
2024-07-29T04:30Z,2024-07-29T05:00Z,88,101,low
2024-07-29T05:00Z,2024-07-29T05:30Z,87,110,moderate
2024-07-29T05:30Z,2024-07-29T06:00Z,109,114,moderate
2024-07-29T06:00Z,2024-07-29T06:30Z,105,115,moderate
2024-07-29T06:30Z,2024-07-29T07:00Z,114,113,moderate
2024-07-29T07:00Z,2024-07-29T07:30Z,110,107,low
2024-07-29T07:30Z,2024-07-29T08:00Z,106,104,low
2024-07-29T08:00Z,2024-07-29T08:30Z,98,95,low
2024-07-29T08:30Z,2024-07-29T09:00Z,95,83,low
2024-07-29T09:00Z,2024-07-29T09:30Z,89,73,low
2024-07-29T09:30Z,2024-07-29T10:00Z,80,65,low
2024-07-29T10:00Z,2024-07-29T10:30Z,73,61,low
2024-07-29T10:30Z,2024-07-29T11:00Z,60,59,low
2024-07-29T11:00Z,2024-07-29T11:30Z,61,57,low
2024-07-29T11:30Z,2024-07-29T12:00Z,56,59,low
2024-07-29T12:00Z,2024-07-29T12:30Z,55,58,low
2024-07-29T12:30Z,2024-07-29T13:00Z,54,57,low
2024-07-29T13:00Z,2024-07-29T13:30Z,58,60,low
2024-07-29T13:30Z,2024-07-29T14:00Z,57,63,low
2024-07-29T14:00Z,2024-07-29T14:30Z,60,68,low
2024-07-29T14:30Z,2024-07-29T15:00Z,64,77,low
2024-07-29T15:00Z,2024-07-29T15:30Z,75,98,low
2024-07-29T15:30Z,2024-07-29T16:00Z,82,116,moderate
2024-07-29T16:00Z,2024-07-29T16:30Z,100,128,moderate
2024-07-29T16:30Z,2024-07-29T17:00Z,122,132,moderate
2024-07-29T17:00Z,2024-07-29T17:30Z,140,138,moderate
2024-07-29T17:30Z,2024-07-29T18:00Z,151,144,moderate
2024-07-29T18:00Z,2024-07-29T18:30Z,144,148,moderate
2024-07-29T18:30Z,2024-07-29T19:00Z,141,150,moderate
2024-07-29T19:00Z,2024-07-29T19:30Z,135,149,moderate
2024-07-29T19:30Z,2024-07-29T20:00Z,150,151,moderate
2024-07-29T20:00Z,2024-07-29T20:30Z,151,152,moderate
2024-07-29T20:30Z,2024-07-29T21:00Z,150,149,moderate
2024-07-29T21:00Z,2024-07-29T21:30Z,150,138,moderate
2024-07-29T21:30Z,2024-07-29T22:00Z,145,118,moderate
2024-07-29T22:00Z,2024-07-29T22:30Z,135,113,moderate
2024-07-29T22:30Z,2024-07-29T23:00Z,121,112,moderate
2024-07-29T23:00Z,2024-07-29T23:30Z,118,112,moderate
2024-07-29T23:30Z,2024-07-30T00:00Z,121,116,moderate
2024-07-30T00:00Z,2024-07-30T00:30Z,109,122,moderate
2024-07-30T00:30Z,2024-07-30T01:00Z,105,126,moderate
2024-07-30T01:00Z,2024-07-30T01:30Z,117,128,moderate
2024-07-30T01:30Z,2024-07-30T02:00Z,125,129,moderate
2024-07-30T02:00Z,2024-07-30T02:30Z,128,128,moderate
2024-07-30T02:30Z,2024-07-30T03:00Z,131,131,moderate
2024-07-30T03:00Z,2024-07-30T03:30Z,127,126,moderate
2024-07-30T03:30Z,2024-07-30T04:00Z,136,127,moderate
2024-07-30T04:00Z,2024-07-30T04:30Z,126,134,moderate
2024-07-30T04:30Z,2024-07-30T05:00Z,131,147,moderate
2024-07-30T05:00Z,2024-07-30T05:30Z,139,148,moderate
2024-07-30T05:30Z,2024-07-30T06:00Z,166,147,moderate
2024-07-30T06:00Z,2024-07-30T06:30Z,160,145,moderate
2024-07-30T06:30Z,2024-07-30T07:00Z,148,140,moderate
2024-07-30T07:00Z,2024-07-30T07:30Z,141,136,moderate
2024-07-30T07:30Z,2024-07-30T08:00Z,135,130,moderate
2024-07-30T08:00Z,2024-07-30T08:30Z,127,124,moderate
2024-07-30T08:30Z,2024-07-30T09:00Z,121,115,moderate
2024-07-30T09:00Z,2024-07-30T09:30Z,112,109,low
2024-07-30T09:30Z,2024-07-30T10:00Z,108,101,low
2024-07-30T10:00Z,2024-07-30T10:30Z,99,97,low
2024-07-30T10:30Z,2024-07-30T11:00Z,95,94,low
2024-07-30T11:00Z,2024-07-30T11:30Z,96,87,low
2024-07-30T11:30Z,2024-07-30T12:00Z,91,83,low
2024-07-30T12:00Z,2024-07-30T12:30Z,86,80,low
2024-07-30T12:30Z,2024-07-30T13:00Z,84,79,low
2024-07-30T13:00Z,2024-07-30T13:30Z,82,81,low
2024-07-30T13:30Z,2024-07-30T14:00Z,78,86,low
2024-07-30T14:00Z,2024-07-30T14:30Z,81,93,low
2024-07-30T14:30Z,2024-07-30T15:00Z,88,100,low
2024-07-30T15:00Z,2024-07-30T15:30Z,112,115,moderate
2024-07-30T15:30Z,2024-07-30T16:00Z,111,139,moderate
2024-07-30T16:00Z,2024-07-30T16:30Z,131,158,moderate
2024-07-30T16:30Z,2024-07-30T17:00Z,155,174,moderate
2024-07-30T17:00Z,2024-07-30T17:30Z,169,177,moderate
2024-07-30T17:30Z,2024-07-30T18:00Z,182,186,moderate
2024-07-30T18:00Z,2024-07-30T18:30Z,187,191,high
2024-07-30T18:30Z,2024-07-30T19:00Z,191,195,high
2024-07-30T19:00Z,2024-07-30T19:30Z,199,199,high
2024-07-30T19:30Z,2024-07-30T20:00Z,203,204,high
2024-07-30T20:00Z,2024-07-30T20:30Z,208,208,high
2024-07-30T20:30Z,2024-07-30T21:00Z,207,208,high
2024-07-30T21:00Z,2024-07-30T21:30Z,201,200,high
2024-07-30T21:30Z,2024-07-30T22:00Z,198,173,moderate
2024-07-30T22:00Z,2024-07-30T22:30Z,191,161,moderate
2024-07-30T22:30Z,2024-07-30T23:00Z,172,150,moderate
2024-07-30T23:00Z,2024-07-30T23:30Z,167,149,moderate
2024-07-30T23:30Z,2024-07-31T00:00Z,168,150,moderate
2024-07-31T00:00Z,2024-07-31T00:30Z,142,152,moderate
2024-07-31T00:30Z,2024-07-31T01:00Z,151,152,moderate
2024-07-31T01:00Z,2024-07-31T01:30Z,152,153,moderate
2024-07-31T01:30Z,2024-07-31T02:00Z,154,156,moderate
2024-07-31T02:00Z,2024-07-31T02:30Z,155,157,moderate
2024-07-31T02:30Z,2024-07-31T03:00Z,153,157,moderate
2024-07-31T03:00Z,2024-07-31T03:30Z,160,154,moderate
2024-07-31T03:30Z,2024-07-31T04:00Z,160,155,moderate
2024-07-31T04:00Z,2024-07-31T04:30Z,156,156,moderate
2024-07-31T04:30Z,2024-07-31T05:00Z,164,161,moderate
2024-07-31T05:00Z,2024-07-31T05:30Z,170,170,moderate
2024-07-31T05:30Z,2024-07-31T06:00Z,171,171,moderate
2024-07-31T06:00Z,2024-07-31T06:30Z,172,173,moderate
2024-07-31T06:30Z,2024-07-31T07:00Z,173,167,moderate
2024-07-31T07:00Z,2024-07-31T07:30Z,169,159,moderate
2024-07-31T07:30Z,2024-07-31T08:00Z,166,150,moderate
2024-07-31T08:00Z,2024-07-31T08:30Z,157,142,moderate
2024-07-31T08:30Z,2024-07-31T09:00Z,157,130,moderate
2024-07-31T09:00Z,2024-07-31T09:30Z,137,126,moderate
2024-07-31T09:30Z,2024-07-31T10:00Z,122,120,moderate
2024-07-31T10:00Z,2024-07-31T10:30Z,116,116,moderate
2024-07-31T10:30Z,2024-07-31T11:00Z,111,112,moderate
2024-07-31T11:00Z,2024-07-31T11:30Z,117,109,low
2024-07-31T11:30Z,2024-07-31T12:00Z,109,108,low
2024-07-31T12:00Z,2024-07-31T12:30Z,108,107,low
2024-07-31T12:30Z,2024-07-31T13:00Z,109,103,low
2024-07-31T13:00Z,2024-07-31T13:30Z,111,106,low
2024-07-31T13:30Z,2024-07-31T14:00Z,105,110,moderate
2024-07-31T14:00Z,2024-07-31T14:30Z,110,117,moderate
2024-07-31T14:30Z,2024-07-31T15:00Z,118,135,moderate
2024-07-31T15:00Z,2024-07-31T15:30Z,123,146,moderate
2024-07-31T15:30Z,2024-07-31T16:00Z,148,160,moderate
2024-07-31T16:00Z,2024-07-31T16:30Z,159,171,moderate
2024-07-31T16:30Z,2024-07-31T17:00Z,169,177,moderate
2024-07-31T17:00Z,2024-07-31T17:30Z,181,183,moderate
2024-07-31T17:30Z,2024-07-31T18:00Z,178,189,moderate
2024-07-31T18:00Z,2024-07-31T18:30Z,194,194,high
2024-07-31T18:30Z,2024-07-31T19:00Z,189,194,high
2024-07-31T19:00Z,2024-07-31T19:30Z,201,197,high
2024-07-31T19:30Z,2024-07-31T20:00Z,196,199,high
2024-07-31T20:00Z,2024-07-31T20:30Z,205,200,high
2024-07-31T20:30Z,2024-07-31T21:00Z,200,203,high
2024-07-31T21:00Z,2024-07-31T21:30Z,204,193,high
2024-07-31T21:30Z,2024-07-31T22:00Z,188,158,moderate
2024-07-31T22:00Z,2024-07-31T22:30Z,172,152,moderate
2024-07-31T22:30Z,2024-07-31T23:00Z,145,151,moderate
2024-07-31T23:00Z,2024-07-31T23:30Z,140,149,moderate
2024-07-31T23:30Z,2024-08-01T00:00Z,126,145,moderate
2024-08-01T00:00Z,2024-08-01T00:30Z,151,148,moderate
2024-08-01T00:30Z,2024-08-01T01:00Z,142,143,moderate
2024-08-01T01:00Z,2024-08-01T01:30Z,149,142,moderate
2024-08-01T01:30Z,2024-08-01T02:00Z,143,143,moderate
2024-08-01T02:00Z,2024-08-01T02:30Z,142,144,moderate
2024-08-01T02:30Z,2024-08-01T03:00Z,146,146,moderate
2024-08-01T03:00Z,2024-08-01T03:30Z,149,143,moderate
2024-08-01T03:30Z,2024-08-01T04:00Z,148,148,moderate
2024-08-01T04:00Z,2024-08-01T04:30Z,149,158,moderate
2024-08-01T04:30Z,2024-08-01T05:00Z,156,171,moderate
2024-08-01T05:00Z,2024-08-01T05:30Z,173,179,moderate
2024-08-01T05:30Z,2024-08-01T06:00Z,182,186,moderate
2024-08-01T06:00Z,2024-08-01T06:30Z,185,181,moderate
2024-08-01T06:30Z,2024-08-01T07:00Z,191,171,moderate
2024-08-01T07:00Z,2024-08-01T07:30Z,191,169,moderate
2024-08-01T07:30Z,2024-08-01T08:00Z,174,169,moderate
2024-08-01T08:00Z,2024-08-01T08:30Z,167,167,moderate
2024-08-01T08:30Z,2024-08-01T09:00Z,159,168,moderate
2024-08-01T09:00Z,2024-08-01T09:30Z,152,165,moderate
2024-08-01T09:30Z,2024-08-01T10:00Z,150,158,moderate
2024-08-01T10:00Z,2024-08-01T10:30Z,165,155,moderate
2024-08-01T10:30Z,2024-08-01T11:00Z,161,153,moderate
2024-08-01T11:00Z,2024-08-01T11:30Z,144,147,moderate
2024-08-01T11:30Z,2024-08-01T12:00Z,155,143,moderate
2024-08-01T12:00Z,2024-08-01T12:30Z,150,142,moderate
2024-08-01T12:30Z,2024-08-01T13:00Z,143,141,moderate
2024-08-01T13:00Z,2024-08-01T13:30Z,143,142,moderate
2024-08-01T13:30Z,2024-08-01T14:00Z,142,142,moderate
2024-08-01T14:00Z,2024-08-01T14:30Z,142,145,moderate
2024-08-01T14:30Z,2024-08-01T15:00Z,148,153,moderate
2024-08-01T15:00Z,2024-08-01T15:30Z,155,162,moderate
2024-08-01T15:30Z,2024-08-01T16:00Z,166,172,moderate
2024-08-01T16:00Z,2024-08-01T16:30Z,176,178,moderate
2024-08-01T16:30Z,2024-08-01T17:00Z,183,181,moderate
2024-08-01T17:00Z,2024-08-01T17:30Z,195,187,moderate
2024-08-01T17:30Z,2024-08-01T18:00Z,193,193,high
2024-08-01T18:00Z,2024-08-01T18:30Z,197,197,high
2024-08-01T18:30Z,2024-08-01T19:00Z,203,200,high
2024-08-01T19:00Z,2024-08-01T19:30Z,205,205,high
2024-08-01T19:30Z,2024-08-01T20:00Z,210,210,high
2024-08-01T20:00Z,2024-08-01T20:30Z,212,206,high
2024-08-01T20:30Z,2024-08-01T21:00Z,213,210,high
2024-08-01T21:00Z,2024-08-01T21:30Z,204,201,high
2024-08-01T21:30Z,2024-08-01T22:00Z,207,175,moderate
2024-08-01T22:00Z,2024-08-01T22:30Z,194,166,moderate
2024-08-01T22:30Z,2024-08-01T23:00Z,167,159,moderate
2024-08-01T23:00Z,2024-08-01T23:30Z,160,152,moderate
2024-08-01T23:30Z,2024-08-02T00:00Z,157,147,moderate
2024-08-02T00:00Z,2024-08-02T00:30Z,157,143,moderate
2024-08-02T00:30Z,2024-08-02T01:00Z,148,141,moderate
2024-08-02T01:00Z,2024-08-02T01:30Z,150,139,moderate
2024-08-02T01:30Z,2024-08-02T02:00Z,147,138,moderate
2024-08-02T02:00Z,2024-08-02T02:30Z,145,136,moderate
2024-08-02T02:30Z,2024-08-02T03:00Z,139,143,moderate
2024-08-02T03:00Z,2024-08-02T03:30Z,142,142,moderate
2024-08-02T03:30Z,2024-08-02T04:00Z,142,144,moderate
2024-08-02T04:00Z,2024-08-02T04:30Z,147,145,moderate
2024-08-02T04:30Z,2024-08-02T05:00Z,145,136,moderate
2024-08-02T05:00Z,2024-08-02T05:30Z,143,134,moderate
2024-08-02T05:30Z,2024-08-02T06:00Z,137,127,moderate
2024-08-02T06:00Z,2024-08-02T06:30Z,130,121,moderate
2024-08-02T06:30Z,2024-08-02T07:00Z,123,120,moderate
2024-08-02T07:00Z,2024-08-02T07:30Z,111,116,moderate
2024-08-02T07:30Z,2024-08-02T08:00Z,110,93,low
2024-08-02T08:00Z,2024-08-02T08:30Z,108,79,low
2024-08-02T08:30Z,2024-08-02T09:00Z,85,62,low
2024-08-02T09:00Z,2024-08-02T09:30Z,73,52,low
2024-08-02T09:30Z,2024-08-02T10:00Z,61,49,low
2024-08-02T10:00Z,2024-08-02T10:30Z,79,47,low
2024-08-02T10:30Z,2024-08-02T11:00Z,48,49,low
2024-08-02T11:00Z,2024-08-02T11:30Z,45,49,low
2024-08-02T11:30Z,2024-08-02T12:00Z,45,48,low
2024-08-02T12:00Z,2024-08-02T12:30Z,51,47,low
2024-08-02T12:30Z,2024-08-02T13:00Z,48,46,low
2024-08-02T13:00Z,2024-08-02T13:30Z,54,47,low
2024-08-02T13:30Z,2024-08-02T14:00Z,48,49,low
2024-08-02T14:00Z,2024-08-02T14:30Z,50,50,low
2024-08-02T14:30Z,2024-08-02T15:00Z,54,53,low
2024-08-02T15:00Z,2024-08-02T15:30Z,55,62,low
2024-08-02T15:30Z,2024-08-02T16:00Z,59,78,low
2024-08-02T16:00Z,2024-08-02T16:30Z,70,93,low
2024-08-02T16:30Z,2024-08-02T17:00Z,83,115,moderate
2024-08-02T17:00Z,2024-08-02T17:30Z,89,124,moderate
2024-08-02T17:30Z,2024-08-02T18:00Z,123,130,moderate
2024-08-02T18:00Z,2024-08-02T18:30Z,127,136,moderate
2024-08-02T18:30Z,2024-08-02T19:00Z,140,137,moderate
2024-08-02T19:00Z,2024-08-02T19:30Z,135,140,moderate
2024-08-02T19:30Z,2024-08-02T20:00Z,147,136,moderate
2024-08-02T20:00Z,2024-08-02T20:30Z,140,135,moderate
2024-08-02T20:30Z,2024-08-02T21:00Z,136,140,moderate
2024-08-02T21:00Z,2024-08-02T21:30Z,126,134,moderate
2024-08-02T21:30Z,2024-08-02T22:00Z,137,111,moderate
2024-08-02T22:00Z,2024-08-02T22:30Z,129,104,low
2024-08-02T22:30Z,2024-08-02T23:00Z,111,108,low
2024-08-02T23:00Z,2024-08-02T23:30Z,123,110,moderate
2024-08-02T23:30Z,2024-08-03T00:00Z,111,112,moderate
2024-08-03T00:00Z,2024-08-03T00:30Z,108,113,moderate
2024-08-03T00:30Z,2024-08-03T01:00Z,115,111,moderate
2024-08-03T01:00Z,2024-08-03T01:30Z,113,105,low
2024-08-03T01:30Z,2024-08-03T02:00Z,115,100,low
2024-08-03T02:00Z,2024-08-03T02:30Z,105,106,low
2024-08-03T02:30Z,2024-08-03T03:00Z,105,105,low
2024-08-03T03:00Z,2024-08-03T03:30Z,104,99,low
2024-08-03T03:30Z,2024-08-03T04:00Z,109,95,low
2024-08-03T04:00Z,2024-08-03T04:30Z,106,95,low
2024-08-03T04:30Z,2024-08-03T05:00Z,96,95,low
2024-08-03T05:00Z,2024-08-03T05:30Z,102,96,low
2024-08-03T05:30Z,2024-08-03T06:00Z,101,99,low
2024-08-03T06:00Z,2024-08-03T06:30Z,103,99,low
2024-08-03T06:30Z,2024-08-03T07:00Z,103,102,low
2024-08-03T07:00Z,2024-08-03T07:30Z,98,99,low
2024-08-03T07:30Z,2024-08-03T08:00Z,108,93,low
2024-08-03T08:00Z,2024-08-03T08:30Z,94,91,low
2024-08-03T08:30Z,2024-08-03T09:00Z,88,86,low
2024-08-03T09:00Z,2024-08-03T09:30Z,84,77,low
2024-08-03T09:30Z,2024-08-03T10:00Z,76,72,low
2024-08-03T10:00Z,2024-08-03T10:30Z,73,66,low
2024-08-03T10:30Z,2024-08-03T11:00Z,72,59,low
2024-08-03T11:00Z,2024-08-03T11:30Z,66,52,low
2024-08-03T11:30Z,2024-08-03T12:00Z,58,49,low
2024-08-03T12:00Z,2024-08-03T12:30Z,52,49,low
2024-08-03T12:30Z,2024-08-03T13:00Z,47,48,low
2024-08-03T13:00Z,2024-08-03T13:30Z,47,48,low
2024-08-03T13:30Z,2024-08-03T14:00Z,49,48,low
2024-08-03T14:00Z,2024-08-03T14:30Z,49,50,low
2024-08-03T14:30Z,2024-08-03T15:00Z,50,52,low
2024-08-03T15:00Z,2024-08-03T15:30Z,52,59,low
2024-08-03T15:30Z,2024-08-03T16:00Z,57,81,low
2024-08-03T16:00Z,2024-08-03T16:30Z,62,95,low
2024-08-03T16:30Z,2024-08-03T17:00Z,92,113,moderate
2024-08-03T17:00Z,2024-08-03T17:30Z,105,124,moderate
2024-08-03T17:30Z,2024-08-03T18:00Z,122,134,moderate
2024-08-03T18:00Z,2024-08-03T18:30Z,136,141,moderate
2024-08-03T18:30Z,2024-08-03T19:00Z,145,147,moderate
2024-08-03T19:00Z,2024-08-03T19:30Z,145,154,moderate
2024-08-03T19:30Z,2024-08-03T20:00Z,156,155,moderate
2024-08-03T20:00Z,2024-08-03T20:30Z,153,156,moderate
2024-08-03T20:30Z,2024-08-03T21:00Z,151,158,moderate
2024-08-03T21:00Z,2024-08-03T21:30Z,154,159,moderate
2024-08-03T21:30Z,2024-08-03T22:00Z,150,151,moderate
2024-08-03T22:00Z,2024-08-03T22:30Z,153,147,moderate
2024-08-03T22:30Z,2024-08-03T23:00Z,145,141,moderate
2024-08-03T23:00Z,2024-08-03T23:30Z,143,132,moderate
2024-08-03T23:30Z,2024-08-04T00:00Z,137,121,moderate
2024-08-04T00:00Z,2024-08-04T00:30Z,132,112,moderate
2024-08-04T00:30Z,2024-08-04T01:00Z,125,105,low
2024-08-04T01:00Z,2024-08-04T01:30Z,114,102,low
2024-08-04T01:30Z,2024-08-04T02:00Z,107,101,low
2024-08-04T02:00Z,2024-08-04T02:30Z,105,101,low
2024-08-04T02:30Z,2024-08-04T03:00Z,105,102,low
2024-08-04T03:00Z,2024-08-04T03:30Z,65,103,low
2024-08-04T03:30Z,2024-08-04T04:00Z,106,96,low
2024-08-04T04:00Z,2024-08-04T04:30Z,107,97,low
2024-08-04T04:30Z,2024-08-04T05:00Z,100,96,low
2024-08-04T05:00Z,2024-08-04T05:30Z,99,95,low
2024-08-04T05:30Z,2024-08-04T06:00Z,101,90,low
2024-08-04T06:00Z,2024-08-04T06:30Z,99,89,low
2024-08-04T06:30Z,2024-08-04T07:00Z,93,88,low
2024-08-04T07:00Z,2024-08-04T07:30Z,85,85,low
2024-08-04T07:30Z,2024-08-04T08:00Z,82,76,low
2024-08-04T08:00Z,2024-08-04T08:30Z,77,68,low
2024-08-04T08:30Z,2024-08-04T09:00Z,71,60,low
2024-08-04T09:00Z,2024-08-04T09:30Z,63,56,low
2024-08-04T09:30Z,2024-08-04T10:00Z,54,55,low
2024-08-04T10:00Z,2024-08-04T10:30Z,49,49,low
2024-08-04T10:30Z,2024-08-04T11:00Z,49,43,low
2024-08-04T11:00Z,2024-08-04T11:30Z,48,41,low
2024-08-04T11:30Z,2024-08-04T12:00Z,40,39,low
2024-08-04T12:00Z,2024-08-04T12:30Z,39,34,very low
2024-08-04T12:30Z,2024-08-04T13:00Z,39,34,very low
2024-08-04T13:00Z,2024-08-04T13:30Z,34,34,very low
2024-08-04T13:30Z,2024-08-04T14:00Z,32,35,low
2024-08-04T14:00Z,2024-08-04T14:30Z,34,33,very low
2024-08-04T14:30Z,2024-08-04T15:00Z,37,33,very low
2024-08-04T15:00Z,2024-08-04T15:30Z,34,36,low
2024-08-04T15:30Z,2024-08-04T16:00Z,34,42,low
2024-08-04T16:00Z,2024-08-04T16:30Z,35,45,low
2024-08-04T16:30Z,2024-08-04T17:00Z,40,55,low
2024-08-04T17:00Z,2024-08-04T17:30Z,43,58,low
2024-08-04T17:30Z,2024-08-04T18:00Z,50,62,low
2024-08-04T18:00Z,2024-08-04T18:30Z,56,64,low
2024-08-04T18:30Z,2024-08-04T19:00Z,56,71,low
2024-08-04T19:00Z,2024-08-04T19:30Z,58,74,low
2024-08-04T19:30Z,2024-08-04T20:00Z,61,81,low
2024-08-04T20:00Z,2024-08-04T20:30Z,59,82,low
2024-08-04T20:30Z,2024-08-04T21:00Z,66,83,low
2024-08-04T21:00Z,2024-08-04T21:30Z,70,80,low
2024-08-04T21:30Z,2024-08-04T22:00Z,69,70,low
2024-08-04T22:00Z,2024-08-04T22:30Z,68,63,low
2024-08-04T22:30Z,2024-08-04T23:00Z,64,61,low
2024-08-04T23:00Z,2024-08-04T23:30Z,65,59,low
2024-08-04T23:30Z,2024-08-05T00:00Z,63,60,low
2024-08-05T00:00Z,2024-08-05T00:30Z,57,60,low
2024-08-05T00:30Z,2024-08-05T01:00Z,57,58,low
2024-08-05T01:00Z,2024-08-05T01:30Z,59,59,low
2024-08-05T01:30Z,2024-08-05T02:00Z,54,60,low
2024-08-05T02:00Z,2024-08-05T02:30Z,60,61,low
2024-08-05T02:30Z,2024-08-05T03:00Z,58,65,low
2024-08-05T03:00Z,2024-08-05T03:30Z,58,65,low
2024-08-05T03:30Z,2024-08-05T04:00Z,57,65,low
2024-08-05T04:00Z,2024-08-05T04:30Z,58,66,low
2024-08-05T04:30Z,2024-08-05T05:00Z,64,62,low
2024-08-05T05:00Z,2024-08-05T05:30Z,60,60,low
2024-08-05T05:30Z,2024-08-05T06:00Z,59,58,low
2024-08-05T06:00Z,2024-08-05T06:30Z,58,60,low
2024-08-05T06:30Z,2024-08-05T07:00Z,52,60,low
2024-08-05T07:00Z,2024-08-05T07:30Z,55,57,low
2024-08-05T07:30Z,2024-08-05T08:00Z,55,56,low
2024-08-05T08:00Z,2024-08-05T08:30Z,54,56,low
2024-08-05T08:30Z,2024-08-05T09:00Z,51,53,low
2024-08-05T09:00Z,2024-08-05T09:30Z,54,47,low
2024-08-05T09:30Z,2024-08-05T10:00Z,50,48,low
2024-08-05T10:00Z,2024-08-05T10:30Z,46,48,low
2024-08-05T10:30Z,2024-08-05T11:00Z,46,49,low
2024-08-05T11:00Z,2024-08-05T11:30Z,46,47,low
2024-08-05T11:30Z,2024-08-05T12:00Z,46,46,low
2024-08-05T12:00Z,2024-08-05T12:30Z,46,46,low
2024-08-05T12:30Z,2024-08-05T13:00Z,49,47,low
2024-08-05T13:00Z,2024-08-05T13:30Z,51,49,low
2024-08-05T13:30Z,2024-08-05T14:00Z,49,52,low
2024-08-05T14:00Z,2024-08-05T14:30Z,49,57,low
2024-08-05T14:30Z,2024-08-05T15:00Z,51,64,low
2024-08-05T15:00Z,2024-08-05T15:30Z,54,73,low
2024-08-05T15:30Z,2024-08-05T16:00Z,65,88,low
2024-08-05T16:00Z,2024-08-05T16:30Z,71,103,low
2024-08-05T16:30Z,2024-08-05T17:00Z,87,120,moderate
2024-08-05T17:00Z,2024-08-05T17:30Z,92,119,moderate
2024-08-05T17:30Z,2024-08-05T18:00Z,132,120,moderate
2024-08-05T18:00Z,2024-08-05T18:30Z,128,122,moderate
2024-08-05T18:30Z,2024-08-05T19:00Z,129,127,moderate
2024-08-05T19:00Z,2024-08-05T19:30Z,131,129,moderate
2024-08-05T19:30Z,2024-08-05T20:00Z,127,132,moderate
2024-08-05T20:00Z,2024-08-05T20:30Z,112,132,moderate
2024-08-05T20:30Z,2024-08-05T21:00Z,118,126,moderate
2024-08-05T21:00Z,2024-08-05T21:30Z,123,111,moderate
2024-08-05T21:30Z,2024-08-05T22:00Z,126,65,low
2024-08-05T22:00Z,2024-08-05T22:30Z,109,59,low
2024-08-05T22:30Z,2024-08-05T23:00Z,70,58,low
2024-08-05T23:00Z,2024-08-05T23:30Z,69,56,low
2024-08-05T23:30Z,2024-08-06T00:00Z,70,56,low
2024-08-06T00:00Z,2024-08-06T00:30Z,60,59,low
2024-08-06T00:30Z,2024-08-06T01:00Z,60,61,low
2024-08-06T01:00Z,2024-08-06T01:30Z,61,61,low
2024-08-06T01:30Z,2024-08-06T02:00Z,60,61,low
2024-08-06T02:00Z,2024-08-06T02:30Z,62,63,low
2024-08-06T02:30Z,2024-08-06T03:00Z,60,63,low
2024-08-06T03:00Z,2024-08-06T03:30Z,58,62,low
2024-08-06T03:30Z,2024-08-06T04:00Z,65,68,low
2024-08-06T04:00Z,2024-08-06T04:30Z,62,80,low
2024-08-06T04:30Z,2024-08-06T05:00Z,69,96,low
2024-08-06T05:00Z,2024-08-06T05:30Z,86,110,moderate
2024-08-06T05:30Z,2024-08-06T06:00Z,100,118,moderate
2024-08-06T06:00Z,2024-08-06T06:30Z,111,120,moderate
2024-08-06T06:30Z,2024-08-06T07:00Z,120,118,moderate
2024-08-06T07:00Z,2024-08-06T07:30Z,131,119,moderate
2024-08-06T07:30Z,2024-08-06T08:00Z,120,120,moderate
2024-08-06T08:00Z,2024-08-06T08:30Z,112,116,moderate
2024-08-06T08:30Z,2024-08-06T09:00Z,113,109,low
2024-08-06T09:00Z,2024-08-06T09:30Z,101,102,low
2024-08-06T09:30Z,2024-08-06T10:00Z,92,96,low
2024-08-06T10:00Z,2024-08-06T10:30Z,98,92,low
2024-08-06T10:30Z,2024-08-06T11:00Z,87,87,low
2024-08-06T11:00Z,2024-08-06T11:30Z,85,84,low
2024-08-06T11:30Z,2024-08-06T12:00Z,81,81,low
2024-08-06T12:00Z,2024-08-06T12:30Z,78,78,low
2024-08-06T12:30Z,2024-08-06T13:00Z,75,73,low
2024-08-06T13:00Z,2024-08-06T13:30Z,72,69,low
2024-08-06T13:30Z,2024-08-06T14:00Z,67,60,low
2024-08-06T14:00Z,2024-08-06T14:30Z,57,60,low
2024-08-06T14:30Z,2024-08-06T15:00Z,55,61,low
2024-08-06T15:00Z,2024-08-06T15:30Z,53,63,low
2024-08-06T15:30Z,2024-08-06T16:00Z,58,73,low
2024-08-06T16:00Z,2024-08-06T16:30Z,62,84,low
2024-08-06T16:30Z,2024-08-06T17:00Z,77,96,low
2024-08-06T17:00Z,2024-08-06T17:30Z,87,105,low
2024-08-06T17:30Z,2024-08-06T18:00Z,101,108,low
2024-08-06T18:00Z,2024-08-06T18:30Z,112,115,moderate
2024-08-06T18:30Z,2024-08-06T19:00Z,111,124,moderate
2024-08-06T19:00Z,2024-08-06T19:30Z,116,125,moderate
2024-08-06T19:30Z,2024-08-06T20:00Z,114,124,moderate
2024-08-06T20:00Z,2024-08-06T20:30Z,117,121,moderate
2024-08-06T20:30Z,2024-08-06T21:00Z,116,113,moderate
2024-08-06T21:00Z,2024-08-06T21:30Z,110,98,low
2024-08-06T21:30Z,2024-08-06T22:00Z,100,66,low
2024-08-06T22:00Z,2024-08-06T22:30Z,97,61,low
2024-08-06T22:30Z,2024-08-06T23:00Z,95,59,low
2024-08-06T23:00Z,2024-08-06T23:30Z,94,57,low
2024-08-06T23:30Z,2024-08-07T00:00Z,91,58,low
2024-08-07T00:00Z,2024-08-07T00:30Z,90,57,low
2024-08-07T00:30Z,2024-08-07T01:00Z,89,57,low
2024-08-07T01:00Z,2024-08-07T01:30Z,90,54,low
2024-08-07T01:30Z,2024-08-07T02:00Z,88,57,low
2024-08-07T02:00Z,2024-08-07T02:30Z,54,57,low
2024-08-07T02:30Z,2024-08-07T03:00Z,55,57,low
2024-08-07T03:00Z,2024-08-07T03:30Z,56,58,low
2024-08-07T03:30Z,2024-08-07T04:00Z,57,58,low
2024-08-07T04:00Z,2024-08-07T04:30Z,57,56,low
2024-08-07T04:30Z,2024-08-07T05:00Z,57,54,low
2024-08-07T05:00Z,2024-08-07T05:30Z,55,62,low
2024-08-07T05:30Z,2024-08-07T06:00Z,53,66,low
2024-08-07T06:00Z,2024-08-07T06:30Z,58,64,low
2024-08-07T06:30Z,2024-08-07T07:00Z,57,64,low
2024-08-07T07:00Z,2024-08-07T07:30Z,50,63,low
2024-08-07T07:30Z,2024-08-07T08:00Z,55,59,low
2024-08-07T08:00Z,2024-08-07T08:30Z,51,55,low
2024-08-07T08:30Z,2024-08-07T09:00Z,51,50,low
2024-08-07T09:00Z,2024-08-07T09:30Z,36,47,low
2024-08-07T09:30Z,2024-08-07T10:00Z,51,46,low
2024-08-07T10:00Z,2024-08-07T10:30Z,48,44,low
2024-08-07T10:30Z,2024-08-07T11:00Z,45,46,low
2024-08-07T11:00Z,2024-08-07T11:30Z,45,46,low
2024-08-07T11:30Z,2024-08-07T12:00Z,45,43,low
2024-08-07T12:00Z,2024-08-07T12:30Z,45,37,low
2024-08-07T12:30Z,2024-08-07T13:00Z,44,43,low
2024-08-07T13:00Z,2024-08-07T13:30Z,38,47,low
2024-08-07T13:30Z,2024-08-07T14:00Z,41,46,low
2024-08-07T14:00Z,2024-08-07T14:30Z,46,47,low
2024-08-07T14:30Z,2024-08-07T15:00Z,47,49,low
2024-08-07T15:00Z,2024-08-07T15:30Z,50,49,low
2024-08-07T15:30Z,2024-08-07T16:00Z,50,55,low
2024-08-07T16:00Z,2024-08-07T16:30Z,49,62,low
2024-08-07T16:30Z,2024-08-07T17:00Z,55,62,low
2024-08-07T17:00Z,2024-08-07T17:30Z,58,60,low
2024-08-07T17:30Z,2024-08-07T18:00Z,62,66,low
2024-08-07T18:00Z,2024-08-07T18:30Z,62,67,low
2024-08-07T18:30Z,2024-08-07T19:00Z,69,74,low
2024-08-07T19:00Z,2024-08-07T19:30Z,68,80,low
2024-08-07T19:30Z,2024-08-07T20:00Z,72,84,low
2024-08-07T20:00Z,2024-08-07T20:30Z,76,84,low
2024-08-07T20:30Z,2024-08-07T21:00Z,82,84,low
2024-08-07T21:00Z,2024-08-07T21:30Z,81,75,low
2024-08-07T21:30Z,2024-08-07T22:00Z,80,69,low
2024-08-07T22:00Z,2024-08-07T22:30Z,68,65,low
2024-08-07T22:30Z,2024-08-07T23:00Z,72,67,low
2024-08-07T23:00Z,2024-08-07T23:30Z,85,62,low
2024-08-07T23:30Z,2024-08-08T00:00Z,86,71,low
2024-08-08T00:00Z,2024-08-08T00:30Z,63,75,low
2024-08-08T00:30Z,2024-08-08T01:00Z,75,74,low
2024-08-08T01:00Z,2024-08-08T01:30Z,77,70,low
2024-08-08T01:30Z,2024-08-08T02:00Z,78,69,low
2024-08-08T02:00Z,2024-08-08T02:30Z,72,71,low
2024-08-08T02:30Z,2024-08-08T03:00Z,71,66,low
2024-08-08T03:00Z,2024-08-08T03:30Z,72,75,low
2024-08-08T03:30Z,2024-08-08T04:00Z,71,75,low
2024-08-08T04:00Z,2024-08-08T04:30Z,76,78,low
2024-08-08T04:30Z,2024-08-08T05:00Z,80,88,low
2024-08-08T05:00Z,2024-08-08T05:30Z,81,97,low
2024-08-08T05:30Z,2024-08-08T06:00Z,93,93,low
2024-08-08T06:00Z,2024-08-08T06:30Z,93,97,low
2024-08-08T06:30Z,2024-08-08T07:00Z,98,96,low
2024-08-08T07:00Z,2024-08-08T07:30Z,96,98,low
2024-08-08T07:30Z,2024-08-08T08:00Z,96,97,low
2024-08-08T08:00Z,2024-08-08T08:30Z,106,95,low
2024-08-08T08:30Z,2024-08-08T09:00Z,93,95,low
2024-08-08T09:00Z,2024-08-08T09:30Z,96,92,low
2024-08-08T09:30Z,2024-08-08T10:00Z,97,86,low
2024-08-08T10:00Z,2024-08-08T10:30Z,91,78,low
2024-08-08T10:30Z,2024-08-08T11:00Z,95,76,low
2024-08-08T11:00Z,2024-08-08T11:30Z,79,71,low
2024-08-08T11:30Z,2024-08-08T12:00Z,77,72,low
2024-08-08T12:00Z,2024-08-08T12:30Z,76,64,low
2024-08-08T12:30Z,2024-08-08T13:00Z,74,63,low
2024-08-08T13:00Z,2024-08-08T13:30Z,67,62,low
2024-08-08T13:30Z,2024-08-08T14:00Z,64,67,low
2024-08-08T14:00Z,2024-08-08T14:30Z,64,71,low
2024-08-08T14:30Z,2024-08-08T15:00Z,67,71,low
2024-08-08T15:00Z,2024-08-08T15:30Z,70,72,low
2024-08-08T15:30Z,2024-08-08T16:00Z,72,73,low
2024-08-08T16:00Z,2024-08-08T16:30Z,75,70,low
2024-08-08T16:30Z,2024-08-08T17:00Z,74,62,low
2024-08-08T17:00Z,2024-08-08T17:30Z,71,63,low
2024-08-08T17:30Z,2024-08-08T18:00Z,62,60,low
2024-08-08T18:00Z,2024-08-08T18:30Z,63,54,low
2024-08-08T18:30Z,2024-08-08T19:00Z,60,52,low
2024-08-08T19:00Z,2024-08-08T19:30Z,56,53,low
2024-08-08T19:30Z,2024-08-08T20:00Z,52,59,low
2024-08-08T20:00Z,2024-08-08T20:30Z,52,50,low
2024-08-08T20:30Z,2024-08-08T21:00Z,57,46,low
2024-08-08T21:00Z,2024-08-08T21:30Z,52,46,low
2024-08-08T21:30Z,2024-08-08T22:00Z,43,50,low
2024-08-08T22:00Z,2024-08-08T22:30Z,44,48,low
2024-08-08T22:30Z,2024-08-08T23:00Z,47,49,low
2024-08-08T23:00Z,2024-08-08T23:30Z,47,48,low
2024-08-08T23:30Z,2024-08-09T00:00Z,45,47,low
2024-08-09T00:00Z,2024-08-09T00:30Z,46,48,low
2024-08-09T00:30Z,2024-08-09T01:00Z,48,48,low
2024-08-09T01:00Z,2024-08-09T01:30Z,47,47,low
2024-08-09T01:30Z,2024-08-09T02:00Z,47,46,low
2024-08-09T02:00Z,2024-08-09T02:30Z,46,48,low
2024-08-09T02:30Z,2024-08-09T03:00Z,46,46,low
2024-08-09T03:00Z,2024-08-09T03:30Z,44,47,low
2024-08-09T03:30Z,2024-08-09T04:00Z,44,47,low
2024-08-09T04:00Z,2024-08-09T04:30Z,44,49,low
2024-08-09T04:30Z,2024-08-09T05:00Z,48,50,low
2024-08-09T05:00Z,2024-08-09T05:30Z,46,56,low
2024-08-09T05:30Z,2024-08-09T06:00Z,46,50,low
2024-08-09T06:00Z,2024-08-09T06:30Z,49,49,low
2024-08-09T06:30Z,2024-08-09T07:00Z,46,40,low
2024-08-09T07:00Z,2024-08-09T07:30Z,38,42,low
2024-08-09T07:30Z,2024-08-09T08:00Z,35,45,low
2024-08-09T08:00Z,2024-08-09T08:30Z,36,43,low
2024-08-09T08:30Z,2024-08-09T09:00Z,41,45,low
2024-08-09T09:00Z,2024-08-09T09:30Z,41,40,low
2024-08-09T09:30Z,2024-08-09T10:00Z,44,38,low
2024-08-09T10:00Z,2024-08-09T10:30Z,39,34,very low
2024-08-09T10:30Z,2024-08-09T11:00Z,37,36,low
2024-08-09T11:00Z,2024-08-09T11:30Z,33,37,low
2024-08-09T11:30Z,2024-08-09T12:00Z,33,41,low
2024-08-09T12:00Z,2024-08-09T12:30Z,35,38,low
2024-08-09T12:30Z,2024-08-09T13:00Z,38,38,low
2024-08-09T13:00Z,2024-08-09T13:30Z,36,41,low
2024-08-09T13:30Z,2024-08-09T14:00Z,37,45,low
2024-08-09T14:00Z,2024-08-09T14:30Z,39,47,low
2024-08-09T14:30Z,2024-08-09T15:00Z,42,48,low
2024-08-09T15:00Z,2024-08-09T15:30Z,49,48,low
2024-08-09T15:30Z,2024-08-09T16:00Z,47,51,low
2024-08-09T16:00Z,2024-08-09T16:30Z,50,56,low
2024-08-09T16:30Z,2024-08-09T17:00Z,51,57,low
2024-08-09T17:00Z,2024-08-09T17:30Z,57,66,low
2024-08-09T17:30Z,2024-08-09T18:00Z,55,68,low
2024-08-09T18:00Z,2024-08-09T18:30Z,61,73,low
2024-08-09T18:30Z,2024-08-09T19:00Z,64,84,low
2024-08-09T19:00Z,2024-08-09T19:30Z,69,91,low
2024-08-09T19:30Z,2024-08-09T20:00Z,72,98,low
2024-08-09T20:00Z,2024-08-09T20:30Z,74,93,low
2024-08-09T20:30Z,2024-08-09T21:00Z,81,83,low
2024-08-09T21:00Z,2024-08-09T21:30Z,85,68,low
2024-08-09T21:30Z,2024-08-09T22:00Z,81,65,low
2024-08-09T22:00Z,2024-08-09T22:30Z,64,58,low
2024-08-09T22:30Z,2024-08-09T23:00Z,66,57,low
2024-08-09T23:00Z,2024-08-09T23:30Z,66,56,low
2024-08-09T23:30Z,2024-08-10T00:00Z,65,57,low
2024-08-10T00:00Z,2024-08-10T00:30Z,54,59,low
2024-08-10T00:30Z,2024-08-10T01:00Z,55,60,low
2024-08-10T01:00Z,2024-08-10T01:30Z,56,60,low
2024-08-10T01:30Z,2024-08-10T02:00Z,56,69,low
2024-08-10T02:00Z,2024-08-10T02:30Z,60,72,low
2024-08-10T02:30Z,2024-08-10T03:00Z,65,64,low
2024-08-10T03:00Z,2024-08-10T03:30Z,70,60,low
2024-08-10T03:30Z,2024-08-10T04:00Z,65,60,low
2024-08-10T04:00Z,2024-08-10T04:30Z,57,59,low
2024-08-10T04:30Z,2024-08-10T05:00Z,59,58,low
2024-08-10T05:00Z,2024-08-10T05:30Z,57,59,low
2024-08-10T05:30Z,2024-08-10T06:00Z,58,64,low
2024-08-10T06:00Z,2024-08-10T06:30Z,58,65,low
2024-08-10T06:30Z,2024-08-10T07:00Z,63,59,low
2024-08-10T07:00Z,2024-08-10T07:30Z,63,60,low
2024-08-10T07:30Z,2024-08-10T08:00Z,49,53,low
2024-08-10T08:00Z,2024-08-10T08:30Z,49,52,low
2024-08-10T08:30Z,2024-08-10T09:00Z,47,50,low
2024-08-10T09:00Z,2024-08-10T09:30Z,50,49,low
2024-08-10T09:30Z,2024-08-10T10:00Z,45,46,low
2024-08-10T10:00Z,2024-08-10T10:30Z,47,41,low
2024-08-10T10:30Z,2024-08-10T11:00Z,45,36,low
2024-08-10T11:00Z,2024-08-10T11:30Z,39,36,low
2024-08-10T11:30Z,2024-08-10T12:00Z,34,39,low
2024-08-10T12:00Z,2024-08-10T12:30Z,34,37,low
2024-08-10T12:30Z,2024-08-10T13:00Z,36,37,low
2024-08-10T13:00Z,2024-08-10T13:30Z,36,35,low
2024-08-10T13:30Z,2024-08-10T14:00Z,35,37,low
2024-08-10T14:00Z,2024-08-10T14:30Z,35,38,low
2024-08-10T14:30Z,2024-08-10T15:00Z,37,44,low
2024-08-10T15:00Z,2024-08-10T15:30Z,37,56,low
2024-08-10T15:30Z,2024-08-10T16:00Z,40,52,low
2024-08-10T16:00Z,2024-08-10T16:30Z,56,64,low
2024-08-10T16:30Z,2024-08-10T17:00Z,53,74,low
2024-08-10T17:00Z,2024-08-10T17:30Z,66,86,low
2024-08-10T17:30Z,2024-08-10T18:00Z,79,99,low
2024-08-10T18:00Z,2024-08-10T18:30Z,89,107,low
2024-08-10T18:30Z,2024-08-10T19:00Z,103,114,moderate
2024-08-10T19:00Z,2024-08-10T19:30Z,110,119,moderate
2024-08-10T19:30Z,2024-08-10T20:00Z,116,120,moderate
2024-08-10T20:00Z,2024-08-10T20:30Z,116,118,moderate
2024-08-10T20:30Z,2024-08-10T21:00Z,114,110,moderate
2024-08-10T21:00Z,2024-08-10T21:30Z,115,109,low
2024-08-10T21:30Z,2024-08-10T22:00Z,112,106,low
2024-08-10T22:00Z,2024-08-10T22:30Z,114,109,low
2024-08-10T22:30Z,2024-08-10T23:00Z,116,108,low
2024-08-10T23:00Z,2024-08-10T23:30Z,114,102,low
2024-08-10T23:30Z,2024-08-11T00:00Z,116,98,low
2024-08-11T00:00Z,2024-08-11T00:30Z,109,99,low
2024-08-11T00:30Z,2024-08-11T01:00Z,105,103,low
2024-08-11T01:00Z,2024-08-11T01:30Z,102,102,low
2024-08-11T01:30Z,2024-08-11T02:00Z,106,105,low
2024-08-11T02:00Z,2024-08-11T02:30Z,107,105,low
2024-08-11T02:30Z,2024-08-11T03:00Z,106,102,low
2024-08-11T03:00Z,2024-08-11T03:30Z,110,99,low
2024-08-11T03:30Z,2024-08-11T04:00Z,104,94,low
2024-08-11T04:00Z,2024-08-11T04:30Z,102,95,low
2024-08-11T04:30Z,2024-08-11T05:00Z,98,96,low
2024-08-11T05:00Z,2024-08-11T05:30Z,100,101,low
2024-08-11T05:30Z,2024-08-11T06:00Z,98,98,low
2024-08-11T06:00Z,2024-08-11T06:30Z,108,96,low
2024-08-11T06:30Z,2024-08-11T07:00Z,95,93,low
2024-08-11T07:00Z,2024-08-11T07:30Z,89,91,low
2024-08-11T07:30Z,2024-08-11T08:00Z,84,84,low
2024-08-11T08:00Z,2024-08-11T08:30Z,85,79,low
2024-08-11T08:30Z,2024-08-11T09:00Z,75,74,low
2024-08-11T09:00Z,2024-08-11T09:30Z,71,71,low
2024-08-11T09:30Z,2024-08-11T10:00Z,64,67,low
2024-08-11T10:00Z,2024-08-11T10:30Z,63,62,low
2024-08-11T10:30Z,2024-08-11T11:00Z,61,59,low
2024-08-11T11:00Z,2024-08-11T11:30Z,57,58,low
2024-08-11T11:30Z,2024-08-11T12:00Z,54,58,low
2024-08-11T12:00Z,2024-08-11T12:30Z,54,52,low
2024-08-11T12:30Z,2024-08-11T13:00Z,53,50,low
2024-08-11T13:00Z,2024-08-11T13:30Z,49,50,low
2024-08-11T13:30Z,2024-08-11T14:00Z,45,51,low
2024-08-11T14:00Z,2024-08-11T14:30Z,45,51,low
2024-08-11T14:30Z,2024-08-11T15:00Z,46,51,low
2024-08-11T15:00Z,2024-08-11T15:30Z,44,53,low
2024-08-11T15:30Z,2024-08-11T16:00Z,47,60,low
2024-08-11T16:00Z,2024-08-11T16:30Z,46,66,low
2024-08-11T16:30Z,2024-08-11T17:00Z,63,73,low
2024-08-11T17:00Z,2024-08-11T17:30Z,65,79,low
2024-08-11T17:30Z,2024-08-11T18:00Z,70,85,low
2024-08-11T18:00Z,2024-08-11T18:30Z,63,87,low
2024-08-11T18:30Z,2024-08-11T19:00Z,93,86,low
2024-08-11T19:00Z,2024-08-11T19:30Z,77,82,low
2024-08-11T19:30Z,2024-08-11T20:00Z,84,76,low
2024-08-11T20:00Z,2024-08-11T20:30Z,76,70,low
2024-08-11T20:30Z,2024-08-11T21:00Z,81,60,low
2024-08-11T21:00Z,2024-08-11T21:30Z,70,55,low
2024-08-11T21:30Z,2024-08-11T22:00Z,62,49,low
2024-08-11T22:00Z,2024-08-11T22:30Z,57,49,low
2024-08-11T22:30Z,2024-08-11T23:00Z,50,52,low
2024-08-11T23:00Z,2024-08-11T23:30Z,51,50,low
2024-08-11T23:30Z,2024-08-12T00:00Z,52,53,low
2024-08-12T00:00Z,2024-08-12T00:30Z,50,52,low
2024-08-12T00:30Z,2024-08-12T01:00Z,50,54,low
2024-08-12T01:00Z,2024-08-12T01:30Z,51,50,low
2024-08-12T01:30Z,2024-08-12T02:00Z,52,45,low
2024-08-12T02:00Z,2024-08-12T02:30Z,49,45,low
2024-08-12T02:30Z,2024-08-12T03:00Z,44,51,low
2024-08-12T03:00Z,2024-08-12T03:30Z,43,51,low
2024-08-12T03:30Z,2024-08-12T04:00Z,46,47,low
2024-08-12T04:00Z,2024-08-12T04:30Z,48,50,low
2024-08-12T04:30Z,2024-08-12T05:00Z,46,58,low
2024-08-12T05:00Z,2024-08-12T05:30Z,47,63,low
2024-08-12T05:30Z,2024-08-12T06:00Z,57,60,low
2024-08-12T06:00Z,2024-08-12T06:30Z,47,61,low
2024-08-12T06:30Z,2024-08-12T07:00Z,54,56,low
2024-08-12T07:00Z,2024-08-12T07:30Z,51,57,low
2024-08-12T07:30Z,2024-08-12T08:00Z,47,52,low
2024-08-12T08:00Z,2024-08-12T08:30Z,46,49,low
2024-08-12T08:30Z,2024-08-12T09:00Z,46,48,low
2024-08-12T09:00Z,2024-08-12T09:30Z,46,49,low
2024-08-12T09:30Z,2024-08-12T10:00Z,46,50,low
2024-08-12T10:00Z,2024-08-12T10:30Z,45,51,low
2024-08-12T10:30Z,2024-08-12T11:00Z,41,50,low
2024-08-12T11:00Z,2024-08-12T11:30Z,41,51,low
2024-08-12T11:30Z,2024-08-12T12:00Z,41,50,low
2024-08-12T12:00Z,2024-08-12T12:30Z,41,49,low
2024-08-12T12:30Z,2024-08-12T13:00Z,41,60,low
2024-08-12T13:00Z,2024-08-12T13:30Z,40,61,low
2024-08-12T13:30Z,2024-08-12T14:00Z,41,58,low
2024-08-12T14:00Z,2024-08-12T14:30Z,42,52,low
2024-08-12T14:30Z,2024-08-12T15:00Z,41,56,low
2024-08-12T15:00Z,2024-08-12T15:30Z,47,73,low
2024-08-12T15:30Z,2024-08-12T16:00Z,55,93,low
2024-08-12T16:00Z,2024-08-12T16:30Z,70,106,low
2024-08-12T16:30Z,2024-08-12T17:00Z,102,114,moderate
2024-08-12T17:00Z,2024-08-12T17:30Z,109,121,moderate
2024-08-12T17:30Z,2024-08-12T18:00Z,120,132,moderate
2024-08-12T18:00Z,2024-08-12T18:30Z,129,140,moderate
2024-08-12T18:30Z,2024-08-12T19:00Z,140,143,moderate
2024-08-12T19:00Z,2024-08-12T19:30Z,143,142,moderate
2024-08-12T19:30Z,2024-08-12T20:00Z,145,130,moderate
2024-08-12T20:00Z,2024-08-12T20:30Z,141,129,moderate
2024-08-12T20:30Z,2024-08-12T21:00Z,127,131,moderate
2024-08-12T21:00Z,2024-08-12T21:30Z,132,115,moderate
2024-08-12T21:30Z,2024-08-12T22:00Z,132,86,low
2024-08-12T22:00Z,2024-08-12T22:30Z,113,68,low
2024-08-12T22:30Z,2024-08-12T23:00Z,90,76,low
2024-08-12T23:00Z,2024-08-12T23:30Z,85,74,low
2024-08-12T23:30Z,2024-08-13T00:00Z,83,70,low
2024-08-13T00:00Z,2024-08-13T00:30Z,73,73,low
2024-08-13T00:30Z,2024-08-13T01:00Z,68,80,low
2024-08-13T01:00Z,2024-08-13T01:30Z,72,86,low
2024-08-13T01:30Z,2024-08-13T02:00Z,79,80,low
2024-08-13T02:00Z,2024-08-13T02:30Z,86,76,low
2024-08-13T02:30Z,2024-08-13T03:00Z,79,73,low
2024-08-13T03:00Z,2024-08-13T03:30Z,75,75,low
2024-08-13T03:30Z,2024-08-13T04:00Z,70,79,low
2024-08-13T04:00Z,2024-08-13T04:30Z,70,78,low
2024-08-13T04:30Z,2024-08-13T05:00Z,77,82,low
2024-08-13T05:00Z,2024-08-13T05:30Z,73,88,low
2024-08-13T05:30Z,2024-08-13T06:00Z,79,88,low
2024-08-13T06:00Z,2024-08-13T06:30Z,76,89,low
2024-08-13T06:30Z,2024-08-13T07:00Z,80,86,low
2024-08-13T07:00Z,2024-08-13T07:30Z,80,81,low
2024-08-13T07:30Z,2024-08-13T08:00Z,74,80,low
2024-08-13T08:00Z,2024-08-13T08:30Z,67,75,low
2024-08-13T08:30Z,2024-08-13T09:00Z,67,65,low
2024-08-13T09:00Z,2024-08-13T09:30Z,63,59,low
2024-08-13T09:30Z,2024-08-13T10:00Z,55,56,low
2024-08-13T10:00Z,2024-08-13T10:30Z,51,53,low
2024-08-13T10:30Z,2024-08-13T11:00Z,42,49,low
2024-08-13T11:00Z,2024-08-13T11:30Z,41,48,low
2024-08-13T11:30Z,2024-08-13T12:00Z,41,52,low
2024-08-13T12:00Z,2024-08-13T12:30Z,40,51,low
2024-08-13T12:30Z,2024-08-13T13:00Z,42,50,low
2024-08-13T13:00Z,2024-08-13T13:30Z,43,55,low
2024-08-13T13:30Z,2024-08-13T14:00Z,45,59,low
2024-08-13T14:00Z,2024-08-13T14:30Z,48,64,low
2024-08-13T14:30Z,2024-08-13T15:00Z,62,73,low
2024-08-13T15:00Z,2024-08-13T15:30Z,67,93,low
2024-08-13T15:30Z,2024-08-13T16:00Z,73,115,moderate
2024-08-13T16:00Z,2024-08-13T16:30Z,90,131,moderate
2024-08-13T16:30Z,2024-08-13T17:00Z,105,142,moderate
2024-08-13T17:00Z,2024-08-13T17:30Z,108,151,moderate
2024-08-13T17:30Z,2024-08-13T18:00Z,142,159,moderate
2024-08-13T18:00Z,2024-08-13T18:30Z,151,162,moderate
2024-08-13T18:30Z,2024-08-13T19:00Z,144,161,moderate
2024-08-13T19:00Z,2024-08-13T19:30Z,154,162,moderate
2024-08-13T19:30Z,2024-08-13T20:00Z,159,165,moderate
2024-08-13T20:00Z,2024-08-13T20:30Z,159,164,moderate
2024-08-13T20:30Z,2024-08-13T21:00Z,159,163,moderate
2024-08-13T21:00Z,2024-08-13T21:30Z,158,146,moderate
2024-08-13T21:30Z,2024-08-13T22:00Z,158,127,moderate
2024-08-13T22:00Z,2024-08-13T22:30Z,144,122,moderate
2024-08-13T22:30Z,2024-08-13T23:00Z,128,109,low
2024-08-13T23:00Z,2024-08-13T23:30Z,127,109,low
2024-08-13T23:30Z,2024-08-14T00:00Z,128,109,low
2024-08-14T00:00Z,2024-08-14T00:30Z,116,111,moderate
2024-08-14T00:30Z,2024-08-14T01:00Z,120,106,low
2024-08-14T01:00Z,2024-08-14T01:30Z,118,98,low
2024-08-14T01:30Z,2024-08-14T02:00Z,110,96,low
2024-08-14T02:00Z,2024-08-14T02:30Z,103,90,low
2024-08-14T02:30Z,2024-08-14T03:00Z,101,89,low
2024-08-14T03:00Z,2024-08-14T03:30Z,92,89,low
2024-08-14T03:30Z,2024-08-14T04:00Z,92,90,low
2024-08-14T04:00Z,2024-08-14T04:30Z,85,94,low
2024-08-14T04:30Z,2024-08-14T05:00Z,91,119,moderate
2024-08-14T05:00Z,2024-08-14T05:30Z,108,136,moderate
2024-08-14T05:30Z,2024-08-14T06:00Z,132,152,moderate
2024-08-14T06:00Z,2024-08-14T06:30Z,139,155,moderate
2024-08-14T06:30Z,2024-08-14T07:00Z,162,153,moderate
2024-08-14T07:00Z,2024-08-14T07:30Z,159,153,moderate
2024-08-14T07:30Z,2024-08-14T08:00Z,158,149,moderate
2024-08-14T08:00Z,2024-08-14T08:30Z,157,147,moderate
2024-08-14T08:30Z,2024-08-14T09:00Z,152,147,moderate
2024-08-14T09:00Z,2024-08-14T09:30Z,147,142,moderate
2024-08-14T09:30Z,2024-08-14T10:00Z,147,132,moderate
2024-08-14T10:00Z,2024-08-14T10:30Z,146,127,moderate
2024-08-14T10:30Z,2024-08-14T11:00Z,144,124,moderate
2024-08-14T11:00Z,2024-08-14T11:30Z,123,124,moderate
2024-08-14T11:30Z,2024-08-14T12:00Z,122,123,moderate
2024-08-14T12:00Z,2024-08-14T12:30Z,119,125,moderate
2024-08-14T12:30Z,2024-08-14T13:00Z,116,127,moderate
2024-08-14T13:00Z,2024-08-14T13:30Z,119,126,moderate
2024-08-14T13:30Z,2024-08-14T14:00Z,118,127,moderate
2024-08-14T14:00Z,2024-08-14T14:30Z,111,128,moderate
2024-08-14T14:30Z,2024-08-14T15:00Z,122,129,moderate
2024-08-14T15:00Z,2024-08-14T15:30Z,122,136,moderate
2024-08-14T15:30Z,2024-08-14T16:00Z,130,142,moderate
2024-08-14T16:00Z,2024-08-14T16:30Z,140,150,moderate
2024-08-14T16:30Z,2024-08-14T17:00Z,151,155,moderate
2024-08-14T17:00Z,2024-08-14T17:30Z,154,160,moderate
2024-08-14T17:30Z,2024-08-14T18:00Z,163,162,moderate
2024-08-14T18:00Z,2024-08-14T18:30Z,164,165,moderate
2024-08-14T18:30Z,2024-08-14T19:00Z,164,167,moderate
2024-08-14T19:00Z,2024-08-14T19:30Z,155,166,moderate
2024-08-14T19:30Z,2024-08-14T20:00Z,149,169,moderate
2024-08-14T20:00Z,2024-08-14T20:30Z,139,157,moderate
2024-08-14T20:30Z,2024-08-14T21:00Z,132,148,moderate
2024-08-14T21:00Z,2024-08-14T21:30Z,133,142,moderate
2024-08-14T21:30Z,2024-08-14T22:00Z,137,115,moderate
2024-08-14T22:00Z,2024-08-14T22:30Z,133,106,low
2024-08-14T22:30Z,2024-08-14T23:00Z,117,103,low
2024-08-14T23:00Z,2024-08-14T23:30Z,96,99,low
2024-08-14T23:30Z,2024-08-15T00:00Z,86,96,low
2024-08-15T00:00Z,2024-08-15T00:30Z,100,93,low
2024-08-15T00:30Z,2024-08-15T01:00Z,95,84,low
2024-08-15T01:00Z,2024-08-15T01:30Z,94,75,low
2024-08-15T01:30Z,2024-08-15T02:00Z,95,74,low
2024-08-15T02:00Z,2024-08-15T02:30Z,74,76,low
2024-08-15T02:30Z,2024-08-15T03:00Z,74,85,low
2024-08-15T03:00Z,2024-08-15T03:30Z,75,77,low
2024-08-15T03:30Z,2024-08-15T04:00Z,72,72,low
2024-08-15T04:00Z,2024-08-15T04:30Z,78,74,low
2024-08-15T04:30Z,2024-08-15T05:00Z,78,64,low
2024-08-15T05:00Z,2024-08-15T05:30Z,72,66,low
2024-08-15T05:30Z,2024-08-15T06:00Z,67,60,low
2024-08-15T06:00Z,2024-08-15T06:30Z,67,61,low
2024-08-15T06:30Z,2024-08-15T07:00Z,59,52,low
2024-08-15T07:00Z,2024-08-15T07:30Z,56,50,low
2024-08-15T07:30Z,2024-08-15T08:00Z,50,45,low
2024-08-15T08:00Z,2024-08-15T08:30Z,47,37,low
2024-08-15T08:30Z,2024-08-15T09:00Z,43,37,low
2024-08-15T09:00Z,2024-08-15T09:30Z,43,37,low
2024-08-15T09:30Z,2024-08-15T10:00Z,44,35,low
2024-08-15T10:00Z,2024-08-15T10:30Z,43,34,very low
2024-08-15T10:30Z,2024-08-15T11:00Z,51,34,very low
2024-08-15T11:00Z,2024-08-15T11:30Z,28,34,very low
2024-08-15T11:30Z,2024-08-15T12:00Z,38,34,very low
2024-08-15T12:00Z,2024-08-15T12:30Z,35,34,very low
2024-08-15T12:30Z,2024-08-15T13:00Z,28,30,very low
2024-08-15T13:00Z,2024-08-15T13:30Z,33,31,very low
2024-08-15T13:30Z,2024-08-15T14:00Z,27,33,very low
2024-08-15T14:00Z,2024-08-15T14:30Z,28,42,low
2024-08-15T14:30Z,2024-08-15T15:00Z,29,44,low
2024-08-15T15:00Z,2024-08-15T15:30Z,31,50,low
2024-08-15T15:30Z,2024-08-15T16:00Z,33,56,low
2024-08-15T16:00Z,2024-08-15T16:30Z,47,60,low
2024-08-15T16:30Z,2024-08-15T17:00Z,58,64,low
2024-08-15T17:00Z,2024-08-15T17:30Z,62,69,low
2024-08-15T17:30Z,2024-08-15T18:00Z,63,75,low
2024-08-15T18:00Z,2024-08-15T18:30Z,66,77,low
2024-08-15T18:30Z,2024-08-15T19:00Z,69,77,low
2024-08-15T19:00Z,2024-08-15T19:30Z,76,80,low
2024-08-15T19:30Z,2024-08-15T20:00Z,76,84,low
2024-08-15T20:00Z,2024-08-15T20:30Z,73,82,low
2024-08-15T20:30Z,2024-08-15T21:00Z,84,85,low
2024-08-15T21:00Z,2024-08-15T21:30Z,82,91,low
2024-08-15T21:30Z,2024-08-15T22:00Z,86,90,low
2024-08-15T22:00Z,2024-08-15T22:30Z,91,85,low
2024-08-15T22:30Z,2024-08-15T23:00Z,93,82,low
2024-08-15T23:00Z,2024-08-15T23:30Z,95,72,low
2024-08-15T23:30Z,2024-08-16T00:00Z,96,66,low
2024-08-16T00:00Z,2024-08-16T00:30Z,73,67,low
2024-08-16T00:30Z,2024-08-16T01:00Z,68,73,low
2024-08-16T01:00Z,2024-08-16T01:30Z,68,77,low
2024-08-16T01:30Z,2024-08-16T02:00Z,77,82,low
2024-08-16T02:00Z,2024-08-16T02:30Z,79,83,low
2024-08-16T02:30Z,2024-08-16T03:00Z,83,76,low
2024-08-16T03:00Z,2024-08-16T03:30Z,84,66,low
2024-08-16T03:30Z,2024-08-16T04:00Z,80,65,low
2024-08-16T04:00Z,2024-08-16T04:30Z,68,79,low
2024-08-16T04:30Z,2024-08-16T05:00Z,70,92,low
2024-08-16T05:00Z,2024-08-16T05:30Z,77,106,low
2024-08-16T05:30Z,2024-08-16T06:00Z,97,112,moderate
2024-08-16T06:00Z,2024-08-16T06:30Z,106,111,moderate
2024-08-16T06:30Z,2024-08-16T07:00Z,115,108,low
2024-08-16T07:00Z,2024-08-16T07:30Z,103,103,low
2024-08-16T07:30Z,2024-08-16T08:00Z,100,94,low
2024-08-16T08:00Z,2024-08-16T08:30Z,93,83,low
2024-08-16T08:30Z,2024-08-16T09:00Z,84,77,low
2024-08-16T09:00Z,2024-08-16T09:30Z,78,69,low
2024-08-16T09:30Z,2024-08-16T10:00Z,72,67,low
2024-08-16T10:00Z,2024-08-16T10:30Z,63,62,low
2024-08-16T10:30Z,2024-08-16T11:00Z,65,61,low
2024-08-16T11:00Z,2024-08-16T11:30Z,62,59,low
2024-08-16T11:30Z,2024-08-16T12:00Z,53,58,low
2024-08-16T12:00Z,2024-08-16T12:30Z,52,57,low
2024-08-16T12:30Z,2024-08-16T13:00Z,55,56,low
2024-08-16T13:00Z,2024-08-16T13:30Z,55,58,low
2024-08-16T13:30Z,2024-08-16T14:00Z,55,64,low
2024-08-16T14:00Z,2024-08-16T14:30Z,56,61,low
2024-08-16T14:30Z,2024-08-16T15:00Z,66,67,low
2024-08-16T15:00Z,2024-08-16T15:30Z,68,74,low
2024-08-16T15:30Z,2024-08-16T16:00Z,71,85,low
2024-08-16T16:00Z,2024-08-16T16:30Z,79,98,low
2024-08-16T16:30Z,2024-08-16T17:00Z,88,117,moderate
2024-08-16T17:00Z,2024-08-16T17:30Z,89,129,moderate
2024-08-16T17:30Z,2024-08-16T18:00Z,116,141,moderate
2024-08-16T18:00Z,2024-08-16T18:30Z,128,149,moderate
2024-08-16T18:30Z,2024-08-16T19:00Z,139,156,moderate
2024-08-16T19:00Z,2024-08-16T19:30Z,137,157,moderate
2024-08-16T19:30Z,2024-08-16T20:00Z,144,160,moderate
2024-08-16T20:00Z,2024-08-16T20:30Z,143,154,moderate
2024-08-16T20:30Z,2024-08-16T21:00Z,143,151,moderate
2024-08-16T21:00Z,2024-08-16T21:30Z,139,147,moderate
2024-08-16T21:30Z,2024-08-16T22:00Z,143,137,moderate
2024-08-16T22:00Z,2024-08-16T22:30Z,143,127,moderate
2024-08-16T22:30Z,2024-08-16T23:00Z,133,119,moderate
2024-08-16T23:00Z,2024-08-16T23:30Z,135,109,low
2024-08-16T23:30Z,2024-08-17T00:00Z,128,94,low
2024-08-17T00:00Z,2024-08-17T00:30Z,87,90,low
2024-08-17T00:30Z,2024-08-17T01:00Z,95,80,low
2024-08-17T01:00Z,2024-08-17T01:30Z,92,83,low
2024-08-17T01:30Z,2024-08-17T02:00Z,80,79,low
2024-08-17T02:00Z,2024-08-17T02:30Z,80,86,low
2024-08-17T02:30Z,2024-08-17T03:00Z,80,84,low
2024-08-17T03:00Z,2024-08-17T03:30Z,85,80,low
2024-08-17T03:30Z,2024-08-17T04:00Z,83,77,low
2024-08-17T04:00Z,2024-08-17T04:30Z,78,78,low
2024-08-17T04:30Z,2024-08-17T05:00Z,79,74,low
2024-08-17T05:00Z,2024-08-17T05:30Z,77,77,low
2024-08-17T05:30Z,2024-08-17T06:00Z,73,70,low
2024-08-17T06:00Z,2024-08-17T06:30Z,78,74,low
2024-08-17T06:30Z,2024-08-17T07:00Z,77,66,low
2024-08-17T07:00Z,2024-08-17T07:30Z,77,62,low
2024-08-17T07:30Z,2024-08-17T08:00Z,71,63,low
2024-08-17T08:00Z,2024-08-17T08:30Z,65,54,low
2024-08-17T08:30Z,2024-08-17T09:00Z,61,61,low
2024-08-17T09:00Z,2024-08-17T09:30Z,55,55,low
2024-08-17T09:30Z,2024-08-17T10:00Z,57,56,low
2024-08-17T10:00Z,2024-08-17T10:30Z,49,56,low
2024-08-17T10:30Z,2024-08-17T11:00Z,45,54,low
2024-08-17T11:00Z,2024-08-17T11:30Z,48,53,low
2024-08-17T11:30Z,2024-08-17T12:00Z,47,53,low
2024-08-17T12:00Z,2024-08-17T12:30Z,43,54,low
2024-08-17T12:30Z,2024-08-17T13:00Z,42,56,low
2024-08-17T13:00Z,2024-08-17T13:30Z,43,55,low
2024-08-17T13:30Z,2024-08-17T14:00Z,47,48,low
2024-08-17T14:00Z,2024-08-17T14:30Z,46,53,low
2024-08-17T14:30Z,2024-08-17T15:00Z,48,55,low
2024-08-17T15:00Z,2024-08-17T15:30Z,56,67,low
2024-08-17T15:30Z,2024-08-17T16:00Z,63,89,low
2024-08-17T16:00Z,2024-08-17T16:30Z,73,101,low
2024-08-17T16:30Z,2024-08-17T17:00Z,91,122,moderate
2024-08-17T17:00Z,2024-08-17T17:30Z,95,129,moderate
2024-08-17T17:30Z,2024-08-17T18:00Z,117,139,moderate
2024-08-17T18:00Z,2024-08-17T18:30Z,134,142,moderate
2024-08-17T18:30Z,2024-08-17T19:00Z,136,155,moderate
2024-08-17T19:00Z,2024-08-17T19:30Z,139,155,moderate
2024-08-17T19:30Z,2024-08-17T20:00Z,156,148,moderate
2024-08-17T20:00Z,2024-08-17T20:30Z,151,142,moderate
2024-08-17T20:30Z,2024-08-17T21:00Z,146,146,moderate
2024-08-17T21:00Z,2024-08-17T21:30Z,143,134,moderate
2024-08-17T21:30Z,2024-08-17T22:00Z,144,97,low
2024-08-17T22:00Z,2024-08-17T22:30Z,138,82,low
2024-08-17T22:30Z,2024-08-17T23:00Z,97,76,low
2024-08-17T23:00Z,2024-08-17T23:30Z,92,72,low
2024-08-17T23:30Z,2024-08-18T00:00Z,85,68,low
2024-08-18T00:00Z,2024-08-18T00:30Z,67,65,low
2024-08-18T00:30Z,2024-08-18T01:00Z,68,66,low
2024-08-18T01:00Z,2024-08-18T01:30Z,62,65,low
2024-08-18T01:30Z,2024-08-18T02:00Z,64,65,low
2024-08-18T02:00Z,2024-08-18T02:30Z,64,72,low
2024-08-18T02:30Z,2024-08-18T03:00Z,62,74,low
2024-08-18T03:00Z,2024-08-18T03:30Z,72,65,low
2024-08-18T03:30Z,2024-08-18T04:00Z,73,68,low
2024-08-18T04:00Z,2024-08-18T04:30Z,68,66,low
2024-08-18T04:30Z,2024-08-18T05:00Z,64,66,low
2024-08-18T05:00Z,2024-08-18T05:30Z,65,70,low
2024-08-18T05:30Z,2024-08-18T06:00Z,65,58,low
2024-08-18T06:00Z,2024-08-18T06:30Z,65,56,low
2024-08-18T06:30Z,2024-08-18T07:00Z,61,54,low
2024-08-18T07:00Z,2024-08-18T07:30Z,57,52,low
2024-08-18T07:30Z,2024-08-18T08:00Z,52,47,low
2024-08-18T08:00Z,2024-08-18T08:30Z,52,43,low
2024-08-18T08:30Z,2024-08-18T09:00Z,45,42,low
2024-08-18T09:00Z,2024-08-18T09:30Z,42,40,low
2024-08-18T09:30Z,2024-08-18T10:00Z,41,42,low
2024-08-18T10:00Z,2024-08-18T10:30Z,40,43,low
2024-08-18T10:30Z,2024-08-18T11:00Z,44,44,low
2024-08-18T11:00Z,2024-08-18T11:30Z,41,42,low
2024-08-18T11:30Z,2024-08-18T12:00Z,47,44,low
2024-08-18T12:00Z,2024-08-18T12:30Z,38,41,low
2024-08-18T12:30Z,2024-08-18T13:00Z,35,38,low
2024-08-18T13:00Z,2024-08-18T13:30Z,35,39,low
2024-08-18T13:30Z,2024-08-18T14:00Z,37,38,low
2024-08-18T14:00Z,2024-08-18T14:30Z,38,40,low
2024-08-18T14:30Z,2024-08-18T15:00Z,38,42,low
2024-08-18T15:00Z,2024-08-18T15:30Z,41,52,low
2024-08-18T15:30Z,2024-08-18T16:00Z,49,70,low
2024-08-18T16:00Z,2024-08-18T16:30Z,57,80,low
2024-08-18T16:30Z,2024-08-18T17:00Z,59,98,low
2024-08-18T17:00Z,2024-08-18T17:30Z,53,108,low
2024-08-18T17:30Z,2024-08-18T18:00Z,109,112,moderate
2024-08-18T18:00Z,2024-08-18T18:30Z,111,117,moderate
2024-08-18T18:30Z,2024-08-18T19:00Z,117,121,moderate
2024-08-18T19:00Z,2024-08-18T19:30Z,76,121,moderate
2024-08-18T19:30Z,2024-08-18T20:00Z,120,121,moderate
2024-08-18T20:00Z,2024-08-18T20:30Z,116,118,moderate
2024-08-18T20:30Z,2024-08-18T21:00Z,120,122,moderate
2024-08-18T21:00Z,2024-08-18T21:30Z,126,115,moderate
2024-08-18T21:30Z,2024-08-18T22:00Z,121,82,low
2024-08-18T22:00Z,2024-08-18T22:30Z,113,78,low
2024-08-18T22:30Z,2024-08-18T23:00Z,82,78,low
2024-08-18T23:00Z,2024-08-18T23:30Z,77,79,low
2024-08-18T23:30Z,2024-08-19T00:00Z,77,80,low
2024-08-19T00:00Z,2024-08-19T00:30Z,77,80,low
2024-08-19T00:30Z,2024-08-19T01:00Z,76,81,low
2024-08-19T01:00Z,2024-08-19T01:30Z,79,81,low
2024-08-19T01:30Z,2024-08-19T02:00Z,81,79,low
2024-08-19T02:00Z,2024-08-19T02:30Z,80,81,low
2024-08-19T02:30Z,2024-08-19T03:00Z,79,84,low
2024-08-19T03:00Z,2024-08-19T03:30Z,80,91,low
2024-08-19T03:30Z,2024-08-19T04:00Z,80,99,low
2024-08-19T04:00Z,2024-08-19T04:30Z,78,100,low
2024-08-19T04:30Z,2024-08-19T05:00Z,78,110,moderate
2024-08-19T05:00Z,2024-08-19T05:30Z,78,113,moderate
2024-08-19T05:30Z,2024-08-19T06:00Z,97,121,moderate
2024-08-19T06:00Z,2024-08-19T06:30Z,92,121,moderate
2024-08-19T06:30Z,2024-08-19T07:00Z,91,114,moderate
2024-08-19T07:00Z,2024-08-19T07:30Z,88,115,moderate
2024-08-19T07:30Z,2024-08-19T08:00Z,107,112,moderate
2024-08-19T08:00Z,2024-08-19T08:30Z,94,103,low
2024-08-19T08:30Z,2024-08-19T09:00Z,111,87,low
2024-08-19T09:00Z,2024-08-19T09:30Z,103,78,low
2024-08-19T09:30Z,2024-08-19T10:00Z,84,68,low
2024-08-19T10:00Z,2024-08-19T10:30Z,77,63,low
2024-08-19T10:30Z,2024-08-19T11:00Z,66,60,low
2024-08-19T11:00Z,2024-08-19T11:30Z,64,58,low
2024-08-19T11:30Z,2024-08-19T12:00Z,63,60,low
2024-08-19T12:00Z,2024-08-19T12:30Z,60,57,low
2024-08-19T12:30Z,2024-08-19T13:00Z,62,53,low
2024-08-19T13:00Z,2024-08-19T13:30Z,56,53,low
2024-08-19T13:30Z,2024-08-19T14:00Z,52,50,low
2024-08-19T14:00Z,2024-08-19T14:30Z,50,47,low
2024-08-19T14:30Z,2024-08-19T15:00Z,46,46,low
2024-08-19T15:00Z,2024-08-19T15:30Z,45,54,low
2024-08-19T15:30Z,2024-08-19T16:00Z,45,61,low
2024-08-19T16:00Z,2024-08-19T16:30Z,56,66,low
2024-08-19T16:30Z,2024-08-19T17:00Z,63,68,low
2024-08-19T17:00Z,2024-08-19T17:30Z,62,67,low
2024-08-19T17:30Z,2024-08-19T18:00Z,68,74,low
2024-08-19T18:00Z,2024-08-19T18:30Z,66,80,low
2024-08-19T18:30Z,2024-08-19T19:00Z,70,78,low
2024-08-19T19:00Z,2024-08-19T19:30Z,72,78,low
2024-08-19T19:30Z,2024-08-19T20:00Z,72,80,low
2024-08-19T20:00Z,2024-08-19T20:30Z,73,72,low
2024-08-19T20:30Z,2024-08-19T21:00Z,77,63,low
2024-08-19T21:00Z,2024-08-19T21:30Z,71,61,low
2024-08-19T21:30Z,2024-08-19T22:00Z,59,71,low
2024-08-19T22:00Z,2024-08-19T22:30Z,58,71,low
2024-08-19T22:30Z,2024-08-19T23:00Z,69,70,low
2024-08-19T23:00Z,2024-08-19T23:30Z,72,68,low
2024-08-19T23:30Z,2024-08-20T00:00Z,69,48,low
2024-08-20T00:00Z,2024-08-20T00:30Z,63,43,low
2024-08-20T00:30Z,2024-08-20T01:00Z,49,41,low
2024-08-20T01:00Z,2024-08-20T01:30Z,42,42,low
2024-08-20T01:30Z,2024-08-20T02:00Z,42,47,low
2024-08-20T02:00Z,2024-08-20T02:30Z,37,42,low
2024-08-20T02:30Z,2024-08-20T03:00Z,45,45,low
2024-08-20T03:00Z,2024-08-20T03:30Z,41,53,low
2024-08-20T03:30Z,2024-08-20T04:00Z,45,55,low
2024-08-20T04:00Z,2024-08-20T04:30Z,52,54,low
2024-08-20T04:30Z,2024-08-20T05:00Z,54,52,low
2024-08-20T05:00Z,2024-08-20T05:30Z,54,58,low
2024-08-20T05:30Z,2024-08-20T06:00Z,54,53,low
2024-08-20T06:00Z,2024-08-20T06:30Z,53,57,low
2024-08-20T06:30Z,2024-08-20T07:00Z,49,56,low
2024-08-20T07:00Z,2024-08-20T07:30Z,48,48,low
2024-08-20T07:30Z,2024-08-20T08:00Z,46,40,low
2024-08-20T08:00Z,2024-08-20T08:30Z,46,39,low
2024-08-20T08:30Z,2024-08-20T09:00Z,35,44,low
2024-08-20T09:00Z,2024-08-20T09:30Z,32,41,low
2024-08-20T09:30Z,2024-08-20T10:00Z,41,40,low
2024-08-20T10:00Z,2024-08-20T10:30Z,43,35,low
2024-08-20T10:30Z,2024-08-20T11:00Z,37,28,very low
2024-08-20T11:00Z,2024-08-20T11:30Z,32,27,very low
2024-08-20T11:30Z,2024-08-20T12:00Z,31,26,very low
2024-08-20T12:00Z,2024-08-20T12:30Z,25,26,very low
2024-08-20T12:30Z,2024-08-20T13:00Z,25,27,very low
2024-08-20T13:00Z,2024-08-20T13:30Z,25,28,very low
2024-08-20T13:30Z,2024-08-20T14:00Z,26,33,very low
2024-08-20T14:00Z,2024-08-20T14:30Z,26,42,low
2024-08-20T14:30Z,2024-08-20T15:00Z,26,46,low
2024-08-20T15:00Z,2024-08-20T15:30Z,38,55,low
2024-08-20T15:30Z,2024-08-20T16:00Z,45,60,low
2024-08-20T16:00Z,2024-08-20T16:30Z,53,64,low
2024-08-20T16:30Z,2024-08-20T17:00Z,65,68,low
2024-08-20T17:00Z,2024-08-20T17:30Z,70,73,low
2024-08-20T17:30Z,2024-08-20T18:00Z,70,78,low
2024-08-20T18:00Z,2024-08-20T18:30Z,78,80,low
2024-08-20T18:30Z,2024-08-20T19:00Z,77,72,low
2024-08-20T19:00Z,2024-08-20T19:30Z,79,71,low
2024-08-20T19:30Z,2024-08-20T20:00Z,71,71,low
2024-08-20T20:00Z,2024-08-20T20:30Z,65,55,low
2024-08-20T20:30Z,2024-08-20T21:00Z,67,54,low
2024-08-20T21:00Z,2024-08-20T21:30Z,56,51,low
2024-08-20T21:30Z,2024-08-20T22:00Z,52,52,low
2024-08-20T22:00Z,2024-08-20T22:30Z,47,50,low
2024-08-20T22:30Z,2024-08-20T23:00Z,44,54,low
2024-08-20T23:00Z,2024-08-20T23:30Z,42,59,low
2024-08-20T23:30Z,2024-08-21T00:00Z,41,67,low
2024-08-21T00:00Z,2024-08-21T00:30Z,57,68,low
2024-08-21T00:30Z,2024-08-21T01:00Z,58,59,low
2024-08-21T01:00Z,2024-08-21T01:30Z,64,59,low
2024-08-21T01:30Z,2024-08-21T02:00Z,58,59,low
2024-08-21T02:00Z,2024-08-21T02:30Z,58,55,low
2024-08-21T02:30Z,2024-08-21T03:00Z,57,56,low
2024-08-21T03:00Z,2024-08-21T03:30Z,56,57,low
2024-08-21T03:30Z,2024-08-21T04:00Z,54,50,low
2024-08-21T04:00Z,2024-08-21T04:30Z,56,58,low
2024-08-21T04:30Z,2024-08-21T05:00Z,51,52,low
2024-08-21T05:00Z,2024-08-21T05:30Z,51,53,low
2024-08-21T05:30Z,2024-08-21T06:00Z,48,56,low
2024-08-21T06:00Z,2024-08-21T06:30Z,45,53,low
2024-08-21T06:30Z,2024-08-21T07:00Z,40,43,low
2024-08-21T07:00Z,2024-08-21T07:30Z,40,38,low
2024-08-21T07:30Z,2024-08-21T08:00Z,38,33,very low
2024-08-21T08:00Z,2024-08-21T08:30Z,41,32,very low
2024-08-21T08:30Z,2024-08-21T09:00Z,37,30,very low
2024-08-21T09:00Z,2024-08-21T09:30Z,32,29,very low
2024-08-21T09:30Z,2024-08-21T10:00Z,32,30,very low
2024-08-21T10:00Z,2024-08-21T10:30Z,30,29,very low
2024-08-21T10:30Z,2024-08-21T11:00Z,31,32,very low
2024-08-21T11:00Z,2024-08-21T11:30Z,30,35,low
2024-08-21T11:30Z,2024-08-21T12:00Z,31,45,low
2024-08-21T12:00Z,2024-08-21T12:30Z,34,45,low
2024-08-21T12:30Z,2024-08-21T13:00Z,40,49,low
2024-08-21T13:00Z,2024-08-21T13:30Z,43,55,low
2024-08-21T13:30Z,2024-08-21T14:00Z,48,57,low
2024-08-21T14:00Z,2024-08-21T14:30Z,55,58,low
2024-08-21T14:30Z,2024-08-21T15:00Z,53,58,low
2024-08-21T15:00Z,2024-08-21T15:30Z,54,55,low
2024-08-21T15:30Z,2024-08-21T16:00Z,55,60,low
2024-08-21T16:00Z,2024-08-21T16:30Z,55,65,low
2024-08-21T16:30Z,2024-08-21T17:00Z,58,69,low
2024-08-21T17:00Z,2024-08-21T17:30Z,59,73,low
2024-08-21T17:30Z,2024-08-21T18:00Z,71,79,low
2024-08-21T18:00Z,2024-08-21T18:30Z,72,83,low
2024-08-21T18:30Z,2024-08-21T19:00Z,77,85,low
2024-08-21T19:00Z,2024-08-21T19:30Z,78,87,low
2024-08-21T19:30Z,2024-08-21T20:00Z,78,90,low
2024-08-21T20:00Z,2024-08-21T20:30Z,77,80,low
2024-08-21T20:30Z,2024-08-21T21:00Z,86,83,low
2024-08-21T21:00Z,2024-08-21T21:30Z,77,81,low
2024-08-21T21:30Z,2024-08-21T22:00Z,79,89,low
2024-08-21T22:00Z,2024-08-21T22:30Z,79,81,low
2024-08-21T22:30Z,2024-08-21T23:00Z,77,81,low
2024-08-21T23:00Z,2024-08-21T23:30Z,71,70,low
2024-08-21T23:30Z,2024-08-22T00:00Z,68,72,low
2024-08-22T00:00Z,2024-08-22T00:30Z,66,67,low
2024-08-22T00:30Z,2024-08-22T01:00Z,71,65,low
2024-08-22T01:00Z,2024-08-22T01:30Z,64,65,low
2024-08-22T01:30Z,2024-08-22T02:00Z,61,65,low
2024-08-22T02:00Z,2024-08-22T02:30Z,62,60,low
2024-08-22T02:30Z,2024-08-22T03:00Z,63,59,low
2024-08-22T03:00Z,2024-08-22T03:30Z,58,57,low
2024-08-22T03:30Z,2024-08-22T04:00Z,55,58,low
2024-08-22T04:00Z,2024-08-22T04:30Z,56,59,low
2024-08-22T04:30Z,2024-08-22T05:00Z,56,59,low
2024-08-22T05:00Z,2024-08-22T05:30Z,56,64,low
2024-08-22T05:30Z,2024-08-22T06:00Z,57,56,low
2024-08-22T06:00Z,2024-08-22T06:30Z,60,57,low
2024-08-22T06:30Z,2024-08-22T07:00Z,52,49,low
2024-08-22T07:00Z,2024-08-22T07:30Z,51,48,low
2024-08-22T07:30Z,2024-08-22T08:00Z,44,42,low
2024-08-22T08:00Z,2024-08-22T08:30Z,41,43,low
2024-08-22T08:30Z,2024-08-22T09:00Z,39,40,low
2024-08-22T09:00Z,2024-08-22T09:30Z,40,37,low
2024-08-22T09:30Z,2024-08-22T10:00Z,38,40,low
2024-08-22T10:00Z,2024-08-22T10:30Z,35,44,low
2024-08-22T10:30Z,2024-08-22T11:00Z,37,43,low
2024-08-22T11:00Z,2024-08-22T11:30Z,39,41,low
2024-08-22T11:30Z,2024-08-22T12:00Z,40,43,low
2024-08-22T12:00Z,2024-08-22T12:30Z,41,39,low
2024-08-22T12:30Z,2024-08-22T13:00Z,39,45,low
2024-08-22T13:00Z,2024-08-22T13:30Z,37,46,low
2024-08-22T13:30Z,2024-08-22T14:00Z,42,38,low
2024-08-22T14:00Z,2024-08-22T14:30Z,46,41,low
2024-08-22T14:30Z,2024-08-22T15:00Z,39,44,low
2024-08-22T15:00Z,2024-08-22T15:30Z,40,52,low
2024-08-22T15:30Z,2024-08-22T16:00Z,41,62,low
2024-08-22T16:00Z,2024-08-22T16:30Z,56,68,low
2024-08-22T16:30Z,2024-08-22T17:00Z,60,87,low
2024-08-22T17:00Z,2024-08-22T17:30Z,66,102,low
2024-08-22T17:30Z,2024-08-22T18:00Z,89,107,low
2024-08-22T18:00Z,2024-08-22T18:30Z,100,113,moderate
2024-08-22T18:30Z,2024-08-22T19:00Z,100,106,low
2024-08-22T19:00Z,2024-08-22T19:30Z,107,99,low
2024-08-22T19:30Z,2024-08-22T20:00Z,106,91,low
2024-08-22T20:00Z,2024-08-22T20:30Z,96,79,low
2024-08-22T20:30Z,2024-08-22T21:00Z,89,76,low
2024-08-22T21:00Z,2024-08-22T21:30Z,82,70,low
2024-08-22T21:30Z,2024-08-22T22:00Z,75,63,low
2024-08-22T22:00Z,2024-08-22T22:30Z,69,63,low
2024-08-22T22:30Z,2024-08-22T23:00Z,61,63,low
2024-08-22T23:00Z,2024-08-22T23:30Z,61,61,low
2024-08-22T23:30Z,2024-08-23T00:00Z,64,64,low
2024-08-23T00:00Z,2024-08-23T00:30Z,58,68,low
2024-08-23T00:30Z,2024-08-23T01:00Z,59,67,low
2024-08-23T01:00Z,2024-08-23T01:30Z,67,60,low
2024-08-23T01:30Z,2024-08-23T02:00Z,67,57,low
2024-08-23T02:00Z,2024-08-23T02:30Z,55,55,low
2024-08-23T02:30Z,2024-08-23T03:00Z,59,53,low
2024-08-23T03:00Z,2024-08-23T03:30Z,52,53,low
2024-08-23T03:30Z,2024-08-23T04:00Z,57,54,low
2024-08-23T04:00Z,2024-08-23T04:30Z,56,52,low
2024-08-23T04:30Z,2024-08-23T05:00Z,55,52,low
2024-08-23T05:00Z,2024-08-23T05:30Z,53,54,low
2024-08-23T05:30Z,2024-08-23T06:00Z,53,45,low
2024-08-23T06:00Z,2024-08-23T06:30Z,48,41,low
2024-08-23T06:30Z,2024-08-23T07:00Z,42,38,low
2024-08-23T07:00Z,2024-08-23T07:30Z,41,34,very low
2024-08-23T07:30Z,2024-08-23T08:00Z,35,36,low
2024-08-23T08:00Z,2024-08-23T08:30Z,31,38,low
2024-08-23T08:30Z,2024-08-23T09:00Z,28,37,low
2024-08-23T09:00Z,2024-08-23T09:30Z,26,34,very low
2024-08-23T09:30Z,2024-08-23T10:00Z,30,29,very low
2024-08-23T10:00Z,2024-08-23T10:30Z,27,30,very low
2024-08-23T10:30Z,2024-08-23T11:00Z,26,25,very low
2024-08-23T11:00Z,2024-08-23T11:30Z,24,25,very low
2024-08-23T11:30Z,2024-08-23T12:00Z,22,30,very low
2024-08-23T12:00Z,2024-08-23T12:30Z,23,31,very low
2024-08-23T12:30Z,2024-08-23T13:00Z,25,32,very low
2024-08-23T13:00Z,2024-08-23T13:30Z,25,33,very low
2024-08-23T13:30Z,2024-08-23T14:00Z,27,32,very low
2024-08-23T14:00Z,2024-08-23T14:30Z,28,32,very low
2024-08-23T14:30Z,2024-08-23T15:00Z,30,34,very low
2024-08-23T15:00Z,2024-08-23T15:30Z,32,41,low
2024-08-23T15:30Z,2024-08-23T16:00Z,32,45,low
2024-08-23T16:00Z,2024-08-23T16:30Z,40,58,low
2024-08-23T16:30Z,2024-08-23T17:00Z,49,76,low
2024-08-23T17:00Z,2024-08-23T17:30Z,58,91,low
2024-08-23T17:30Z,2024-08-23T18:00Z,74,95,low
2024-08-23T18:00Z,2024-08-23T18:30Z,87,100,low
2024-08-23T18:30Z,2024-08-23T19:00Z,93,102,low
2024-08-23T19:00Z,2024-08-23T19:30Z,92,101,low
2024-08-23T19:30Z,2024-08-23T20:00Z,95,101,low
2024-08-23T20:00Z,2024-08-23T20:30Z,95,90,low
2024-08-23T20:30Z,2024-08-23T21:00Z,99,82,low
2024-08-23T21:00Z,2024-08-23T21:30Z,87,72,low
2024-08-23T21:30Z,2024-08-23T22:00Z,79,66,low
2024-08-23T22:00Z,2024-08-23T22:30Z,73,59,low
2024-08-23T22:30Z,2024-08-23T23:00Z,68,59,low
2024-08-23T23:00Z,2024-08-23T23:30Z,66,56,low
2024-08-23T23:30Z,2024-08-24T00:00Z,64,60,low
2024-08-24T00:00Z,2024-08-24T00:30Z,57,58,low
2024-08-24T00:30Z,2024-08-24T01:00Z,57,55,low
2024-08-24T01:00Z,2024-08-24T01:30Z,58,55,low
2024-08-24T01:30Z,2024-08-24T02:00Z,53,56,low
2024-08-24T02:00Z,2024-08-24T02:30Z,56,56,low
2024-08-24T02:30Z,2024-08-24T03:00Z,57,54,low
2024-08-24T03:00Z,2024-08-24T03:30Z,59,55,low
2024-08-24T03:30Z,2024-08-24T04:00Z,57,56,low
2024-08-24T04:00Z,2024-08-24T04:30Z,58,55,low
2024-08-24T04:30Z,2024-08-24T05:00Z,59,57,low
2024-08-24T05:00Z,2024-08-24T05:30Z,63,61,low
2024-08-24T05:30Z,2024-08-24T06:00Z,57,56,low
2024-08-24T06:00Z,2024-08-24T06:30Z,57,55,low
2024-08-24T06:30Z,2024-08-24T07:00Z,57,54,low
2024-08-24T07:00Z,2024-08-24T07:30Z,57,58,low
2024-08-24T07:30Z,2024-08-24T08:00Z,51,64,low
2024-08-24T08:00Z,2024-08-24T08:30Z,62,67,low
2024-08-24T08:30Z,2024-08-24T09:00Z,56,70,low
2024-08-24T09:00Z,2024-08-24T09:30Z,57,66,low
2024-08-24T09:30Z,2024-08-24T10:00Z,67,56,low
2024-08-24T10:00Z,2024-08-24T10:30Z,61,54,low
2024-08-24T10:30Z,2024-08-24T11:00Z,58,54,low
2024-08-24T11:00Z,2024-08-24T11:30Z,57,49,low
2024-08-24T11:30Z,2024-08-24T12:00Z,54,45,low
2024-08-24T12:00Z,2024-08-24T12:30Z,51,42,low
2024-08-24T12:30Z,2024-08-24T13:00Z,48,40,low
2024-08-24T13:00Z,2024-08-24T13:30Z,43,38,low
2024-08-24T13:30Z,2024-08-24T14:00Z,40,39,low
2024-08-24T14:00Z,2024-08-24T14:30Z,37,37,low
2024-08-24T14:30Z,2024-08-24T15:00Z,36,38,low
2024-08-24T15:00Z,2024-08-24T15:30Z,37,40,low
2024-08-24T15:30Z,2024-08-24T16:00Z,39,49,low
2024-08-24T16:00Z,2024-08-24T16:30Z,41,49,low
2024-08-24T16:30Z,2024-08-24T17:00Z,44,57,low
2024-08-24T17:00Z,2024-08-24T17:30Z,45,60,low
2024-08-24T17:30Z,2024-08-24T18:00Z,48,61,low
2024-08-24T18:00Z,2024-08-24T18:30Z,43,61,low
2024-08-24T18:30Z,2024-08-24T19:00Z,58,64,low
2024-08-24T19:00Z,2024-08-24T19:30Z,56,57,low
2024-08-24T19:30Z,2024-08-24T20:00Z,60,50,low
2024-08-24T20:00Z,2024-08-24T20:30Z,57,46,low
2024-08-24T20:30Z,2024-08-24T21:00Z,50,52,low
2024-08-24T21:00Z,2024-08-24T21:30Z,44,48,low
2024-08-24T21:30Z,2024-08-24T22:00Z,50,56,low
2024-08-24T22:00Z,2024-08-24T22:30Z,46,52,low
2024-08-24T22:30Z,2024-08-24T23:00Z,54,55,low
2024-08-24T23:00Z,2024-08-24T23:30Z,54,56,low
2024-08-24T23:30Z,2024-08-25T00:00Z,53,54,low
2024-08-25T00:00Z,2024-08-25T00:30Z,53,51,low
2024-08-25T00:30Z,2024-08-25T01:00Z,54,52,low
2024-08-25T01:00Z,2024-08-25T01:30Z,48,50,low
2024-08-25T01:30Z,2024-08-25T02:00Z,49,51,low
2024-08-25T02:00Z,2024-08-25T02:30Z,48,53,low
2024-08-25T02:30Z,2024-08-25T03:00Z,50,54,low
2024-08-25T03:00Z,2024-08-25T03:30Z,49,54,low
2024-08-25T03:30Z,2024-08-25T04:00Z,49,54,low
2024-08-25T04:00Z,2024-08-25T04:30Z,50,56,low
2024-08-25T04:30Z,2024-08-25T05:00Z,53,59,low
2024-08-25T05:00Z,2024-08-25T05:30Z,51,58,low
2024-08-25T05:30Z,2024-08-25T06:00Z,55,54,low
2024-08-25T06:00Z,2024-08-25T06:30Z,57,56,low
2024-08-25T06:30Z,2024-08-25T07:00Z,52,53,low
2024-08-25T07:00Z,2024-08-25T07:30Z,49,50,low
2024-08-25T07:30Z,2024-08-25T08:00Z,47,46,low
2024-08-25T08:00Z,2024-08-25T08:30Z,42,44,low
2024-08-25T08:30Z,2024-08-25T09:00Z,43,44,low
2024-08-25T09:00Z,2024-08-25T09:30Z,41,40,low
2024-08-25T09:30Z,2024-08-25T10:00Z,40,40,low
2024-08-25T10:00Z,2024-08-25T10:30Z,36,40,low
2024-08-25T10:30Z,2024-08-25T11:00Z,38,38,low
2024-08-25T11:00Z,2024-08-25T11:30Z,39,38,low
2024-08-25T11:30Z,2024-08-25T12:00Z,37,39,low
2024-08-25T12:00Z,2024-08-25T12:30Z,36,39,low
2024-08-25T12:30Z,2024-08-25T13:00Z,38,39,low
2024-08-25T13:00Z,2024-08-25T13:30Z,37,45,low
2024-08-25T13:30Z,2024-08-25T14:00Z,36,49,low
2024-08-25T14:00Z,2024-08-25T14:30Z,39,36,low
2024-08-25T14:30Z,2024-08-25T15:00Z,38,43,low
2024-08-25T15:00Z,2024-08-25T15:30Z,38,47,low
2024-08-25T15:30Z,2024-08-25T16:00Z,40,36,low
2024-08-25T16:00Z,2024-08-25T16:30Z,48,45,low
2024-08-25T16:30Z,2024-08-25T17:00Z,38,44,low
2024-08-25T17:00Z,2024-08-25T17:30Z,47,40,low
2024-08-25T17:30Z,2024-08-25T18:00Z,49,42,low
2024-08-25T18:00Z,2024-08-25T18:30Z,39,49,low
2024-08-25T18:30Z,2024-08-25T19:00Z,40,54,low
2024-08-25T19:00Z,2024-08-25T19:30Z,45,57,low
2024-08-25T19:30Z,2024-08-25T20:00Z,45,59,low
2024-08-25T20:00Z,2024-08-25T20:30Z,47,57,low
2024-08-25T20:30Z,2024-08-25T21:00Z,48,55,low
2024-08-25T21:00Z,2024-08-25T21:30Z,51,56,low
2024-08-25T21:30Z,2024-08-25T22:00Z,50,53,low
2024-08-25T22:00Z,2024-08-25T22:30Z,49,58,low
2024-08-25T22:30Z,2024-08-25T23:00Z,47,62,low
2024-08-25T23:00Z,2024-08-25T23:30Z,47,61,low
2024-08-25T23:30Z,2024-08-26T00:00Z,46,69,low
2024-08-26T00:00Z,2024-08-26T00:30Z,58,67,low
2024-08-26T00:30Z,2024-08-26T01:00Z,62,60,low
2024-08-26T01:00Z,2024-08-26T01:30Z,62,59,low
2024-08-26T01:30Z,2024-08-26T02:00Z,59,61,low
2024-08-26T02:00Z,2024-08-26T02:30Z,60,62,low
2024-08-26T02:30Z,2024-08-26T03:00Z,59,63,low
2024-08-26T03:00Z,2024-08-26T03:30Z,60,62,low
2024-08-26T03:30Z,2024-08-26T04:00Z,60,66,low
2024-08-26T04:00Z,2024-08-26T04:30Z,61,62,low
2024-08-26T04:30Z,2024-08-26T05:00Z,60,55,low
2024-08-26T05:00Z,2024-08-26T05:30Z,39,59,low
2024-08-26T05:30Z,2024-08-26T06:00Z,56,61,low
2024-08-26T06:00Z,2024-08-26T06:30Z,54,61,low
2024-08-26T06:30Z,2024-08-26T07:00Z,51,55,low
2024-08-26T07:00Z,2024-08-26T07:30Z,51,52,low
2024-08-26T07:30Z,2024-08-26T08:00Z,47,46,low
2024-08-26T08:00Z,2024-08-26T08:30Z,45,43,low
2024-08-26T08:30Z,2024-08-26T09:00Z,41,50,low
2024-08-26T09:00Z,2024-08-26T09:30Z,38,53,low
2024-08-26T09:30Z,2024-08-26T10:00Z,37,52,low
2024-08-26T10:00Z,2024-08-26T10:30Z,34,51,low
2024-08-26T10:30Z,2024-08-26T11:00Z,40,46,low
2024-08-26T11:00Z,2024-08-26T11:30Z,37,46,low
2024-08-26T11:30Z,2024-08-26T12:00Z,36,46,low
2024-08-26T12:00Z,2024-08-26T12:30Z,36,48,low
2024-08-26T12:30Z,2024-08-26T13:00Z,34,48,low
2024-08-26T13:00Z,2024-08-26T13:30Z,35,47,low
2024-08-26T13:30Z,2024-08-26T14:00Z,35,41,low
2024-08-26T14:00Z,2024-08-26T14:30Z,36,50,low
2024-08-26T14:30Z,2024-08-26T15:00Z,41,63,low
2024-08-26T15:00Z,2024-08-26T15:30Z,51,77,low
2024-08-26T15:30Z,2024-08-26T16:00Z,66,100,low
2024-08-26T16:00Z,2024-08-26T16:30Z,79,114,moderate
2024-08-26T16:30Z,2024-08-26T17:00Z,102,135,moderate
2024-08-26T17:00Z,2024-08-26T17:30Z,110,142,moderate
2024-08-26T17:30Z,2024-08-26T18:00Z,138,146,moderate
2024-08-26T18:00Z,2024-08-26T18:30Z,135,152,moderate
2024-08-26T18:30Z,2024-08-26T19:00Z,137,151,moderate
2024-08-26T19:00Z,2024-08-26T19:30Z,145,149,moderate
2024-08-26T19:30Z,2024-08-26T20:00Z,143,155,moderate
2024-08-26T20:00Z,2024-08-26T20:30Z,146,150,moderate
2024-08-26T20:30Z,2024-08-26T21:00Z,147,149,moderate
2024-08-26T21:00Z,2024-08-26T21:30Z,141,132,moderate
2024-08-26T21:30Z,2024-08-26T22:00Z,144,101,low
2024-08-26T22:00Z,2024-08-26T22:30Z,127,89,low
2024-08-26T22:30Z,2024-08-26T23:00Z,98,88,low
2024-08-26T23:00Z,2024-08-26T23:30Z,93,84,low
2024-08-26T23:30Z,2024-08-27T00:00Z,86,84,low
2024-08-27T00:00Z,2024-08-27T00:30Z,79,90,low
2024-08-27T00:30Z,2024-08-27T01:00Z,80,94,low
2024-08-27T01:00Z,2024-08-27T01:30Z,81,89,low
2024-08-27T01:30Z,2024-08-27T02:00Z,89,88,low
2024-08-27T02:00Z,2024-08-27T02:30Z,85,91,low
2024-08-27T02:30Z,2024-08-27T03:00Z,82,97,low
2024-08-27T03:00Z,2024-08-27T03:30Z,84,98,low
2024-08-27T03:30Z,2024-08-27T04:00Z,92,95,low
2024-08-27T04:00Z,2024-08-27T04:30Z,96,96,low
2024-08-27T04:30Z,2024-08-27T05:00Z,96,94,low
2024-08-27T05:00Z,2024-08-27T05:30Z,80,92,low
2024-08-27T05:30Z,2024-08-27T06:00Z,90,93,low
2024-08-27T06:00Z,2024-08-27T06:30Z,85,94,low
2024-08-27T06:30Z,2024-08-27T07:00Z,88,93,low
2024-08-27T07:00Z,2024-08-27T07:30Z,84,94,low
2024-08-27T07:30Z,2024-08-27T08:00Z,81,94,low
2024-08-27T08:00Z,2024-08-27T08:30Z,84,87,low
2024-08-27T08:30Z,2024-08-27T09:00Z,83,78,low
2024-08-27T09:00Z,2024-08-27T09:30Z,81,72,low
2024-08-27T09:30Z,2024-08-27T10:00Z,73,61,low
2024-08-27T10:00Z,2024-08-27T10:30Z,69,58,low
2024-08-27T10:30Z,2024-08-27T11:00Z,57,54,low
2024-08-27T11:00Z,2024-08-27T11:30Z,55,51,low
2024-08-27T11:30Z,2024-08-27T12:00Z,50,52,low
2024-08-27T12:00Z,2024-08-27T12:30Z,48,54,low
2024-08-27T12:30Z,2024-08-27T13:00Z,47,61,low
2024-08-27T13:00Z,2024-08-27T13:30Z,49,61,low
2024-08-27T13:30Z,2024-08-27T14:00Z,57,54,low
2024-08-27T14:00Z,2024-08-27T14:30Z,61,61,low
2024-08-27T14:30Z,2024-08-27T15:00Z,54,75,low
2024-08-27T15:00Z,2024-08-27T15:30Z,60,93,low
2024-08-27T15:30Z,2024-08-27T16:00Z,78,112,moderate
2024-08-27T16:00Z,2024-08-27T16:30Z,90,128,moderate
2024-08-27T16:30Z,2024-08-27T17:00Z,110,137,moderate
2024-08-27T17:00Z,2024-08-27T17:30Z,123,142,moderate
2024-08-27T17:30Z,2024-08-27T18:00Z,139,148,moderate
2024-08-27T18:00Z,2024-08-27T18:30Z,135,152,moderate
2024-08-27T18:30Z,2024-08-27T19:00Z,144,150,moderate
2024-08-27T19:00Z,2024-08-27T19:30Z,142,148,moderate
2024-08-27T19:30Z,2024-08-27T20:00Z,143,138,moderate
2024-08-27T20:00Z,2024-08-27T20:30Z,142,130,moderate
2024-08-27T20:30Z,2024-08-27T21:00Z,133,121,moderate
2024-08-27T21:00Z,2024-08-27T21:30Z,126,106,low
2024-08-27T21:30Z,2024-08-27T22:00Z,115,79,low
2024-08-27T22:00Z,2024-08-27T22:30Z,99,67,low
2024-08-27T22:30Z,2024-08-27T23:00Z,79,66,low
2024-08-27T23:00Z,2024-08-27T23:30Z,79,66,low
2024-08-27T23:30Z,2024-08-28T00:00Z,76,67,low
2024-08-28T00:00Z,2024-08-28T00:30Z,64,73,low
2024-08-28T00:30Z,2024-08-28T01:00Z,63,79,low
2024-08-28T01:00Z,2024-08-28T01:30Z,70,82,low
2024-08-28T01:30Z,2024-08-28T02:00Z,75,78,low
2024-08-28T02:00Z,2024-08-28T02:30Z,80,82,low
2024-08-28T02:30Z,2024-08-28T03:00Z,84,84,low
2024-08-28T03:00Z,2024-08-28T03:30Z,81,86,low
2024-08-28T03:30Z,2024-08-28T04:00Z,85,97,low
2024-08-28T04:00Z,2024-08-28T04:30Z,85,109,low
2024-08-28T04:30Z,2024-08-28T05:00Z,96,126,moderate
2024-08-28T05:00Z,2024-08-28T05:30Z,92,135,moderate
2024-08-28T05:30Z,2024-08-28T06:00Z,123,139,moderate
2024-08-28T06:00Z,2024-08-28T06:30Z,125,142,moderate
2024-08-28T06:30Z,2024-08-28T07:00Z,124,134,moderate
2024-08-28T07:00Z,2024-08-28T07:30Z,129,137,moderate
2024-08-28T07:30Z,2024-08-28T08:00Z,121,145,moderate
2024-08-28T08:00Z,2024-08-28T08:30Z,124,144,moderate
2024-08-28T08:30Z,2024-08-28T09:00Z,123,135,moderate
2024-08-28T09:00Z,2024-08-28T09:30Z,119,129,moderate
2024-08-28T09:30Z,2024-08-28T10:00Z,113,122,moderate
2024-08-28T10:00Z,2024-08-28T10:30Z,113,114,moderate
2024-08-28T10:30Z,2024-08-28T11:00Z,105,107,low
2024-08-28T11:00Z,2024-08-28T11:30Z,98,102,low
2024-08-28T11:30Z,2024-08-28T12:00Z,93,92,low
2024-08-28T12:00Z,2024-08-28T12:30Z,88,93,low
2024-08-28T12:30Z,2024-08-28T13:00Z,85,99,low
2024-08-28T13:00Z,2024-08-28T13:30Z,86,100,low
2024-08-28T13:30Z,2024-08-28T14:00Z,92,92,low
2024-08-28T14:00Z,2024-08-28T14:30Z,90,102,low
2024-08-28T14:30Z,2024-08-28T15:00Z,79,122,moderate
2024-08-28T15:00Z,2024-08-28T15:30Z,89,139,moderate
2024-08-28T15:30Z,2024-08-28T16:00Z,118,157,moderate
2024-08-28T16:00Z,2024-08-28T16:30Z,138,171,moderate
2024-08-28T16:30Z,2024-08-28T17:00Z,163,175,moderate
2024-08-28T17:00Z,2024-08-28T17:30Z,172,183,moderate
2024-08-28T17:30Z,2024-08-28T18:00Z,177,188,moderate
2024-08-28T18:00Z,2024-08-28T18:30Z,177,194,high
2024-08-28T18:30Z,2024-08-28T19:00Z,199,198,high
2024-08-28T19:00Z,2024-08-28T19:30Z,206,200,high
2024-08-28T19:30Z,2024-08-28T20:00Z,196,206,high
2024-08-28T20:00Z,2024-08-28T20:30Z,178,203,high
2024-08-28T20:30Z,2024-08-28T21:00Z,184,185,moderate
2024-08-28T21:00Z,2024-08-28T21:30Z,170,169,moderate
2024-08-28T21:30Z,2024-08-28T22:00Z,168,134,moderate
2024-08-28T22:00Z,2024-08-28T22:30Z,148,115,moderate
2024-08-28T22:30Z,2024-08-28T23:00Z,121,115,moderate
2024-08-28T23:00Z,2024-08-28T23:30Z,113,115,moderate
2024-08-28T23:30Z,2024-08-29T00:00Z,109,105,low
2024-08-29T00:00Z,2024-08-29T00:30Z,101,97,low
2024-08-29T00:30Z,2024-08-29T01:00Z,91,100,low
2024-08-29T01:00Z,2024-08-29T01:30Z,85,103,low
2024-08-29T01:30Z,2024-08-29T02:00Z,98,111,moderate
2024-08-29T02:00Z,2024-08-29T02:30Z,96,112,moderate
2024-08-29T02:30Z,2024-08-29T03:00Z,97,115,moderate
2024-08-29T03:00Z,2024-08-29T03:30Z,96,121,moderate
2024-08-29T03:30Z,2024-08-29T04:00Z,109,135,moderate
2024-08-29T04:00Z,2024-08-29T04:30Z,103,143,moderate
2024-08-29T04:30Z,2024-08-29T05:00Z,119,152,moderate
2024-08-29T05:00Z,2024-08-29T05:30Z,21,158,moderate
2024-08-29T05:30Z,2024-08-29T06:00Z,131,158,moderate
2024-08-29T06:00Z,2024-08-29T06:30Z,137,160,moderate
2024-08-29T06:30Z,2024-08-29T07:00Z,137,142,moderate
2024-08-29T07:00Z,2024-08-29T07:30Z,138,138,moderate
2024-08-29T07:30Z,2024-08-29T08:00Z,123,124,moderate
2024-08-29T08:00Z,2024-08-29T08:30Z,117,107,low
2024-08-29T08:30Z,2024-08-29T09:00Z,110,98,low
2024-08-29T09:00Z,2024-08-29T09:30Z,93,92,low
2024-08-29T09:30Z,2024-08-29T10:00Z,85,87,low
2024-08-29T10:00Z,2024-08-29T10:30Z,79,83,low
2024-08-29T10:30Z,2024-08-29T11:00Z,78,78,low
2024-08-29T11:00Z,2024-08-29T11:30Z,74,74,low
2024-08-29T11:30Z,2024-08-29T12:00Z,69,70,low
2024-08-29T12:00Z,2024-08-29T12:30Z,66,66,low
2024-08-29T12:30Z,2024-08-29T13:00Z,66,79,low
2024-08-29T13:00Z,2024-08-29T13:30Z,64,79,low
2024-08-29T13:30Z,2024-08-29T14:00Z,82,88,low
2024-08-29T14:00Z,2024-08-29T14:30Z,80,100,low
2024-08-29T14:30Z,2024-08-29T15:00Z,88,128,moderate
2024-08-29T15:00Z,2024-08-29T15:30Z,103,143,moderate
2024-08-29T15:30Z,2024-08-29T16:00Z,130,167,moderate
2024-08-29T16:00Z,2024-08-29T16:30Z,144,176,moderate
2024-08-29T16:30Z,2024-08-29T17:00Z,152,179,moderate
2024-08-29T17:00Z,2024-08-29T17:30Z,174,185,moderate
2024-08-29T17:30Z,2024-08-29T18:00Z,181,192,high
2024-08-29T18:00Z,2024-08-29T18:30Z,180,198,high
2024-08-29T18:30Z,2024-08-29T19:00Z,186,207,high
2024-08-29T19:00Z,2024-08-29T19:30Z,186,212,high
2024-08-29T19:30Z,2024-08-29T20:00Z,188,218,high
2024-08-29T20:00Z,2024-08-29T20:30Z,194,220,high
2024-08-29T20:30Z,2024-08-29T21:00Z,192,214,high
2024-08-29T21:00Z,2024-08-29T21:30Z,188,203,high
2024-08-29T21:30Z,2024-08-29T22:00Z,189,177,moderate
2024-08-29T22:00Z,2024-08-29T22:30Z,187,169,moderate
2024-08-29T22:30Z,2024-08-29T23:00Z,169,164,moderate
2024-08-29T23:00Z,2024-08-29T23:30Z,166,161,moderate
2024-08-29T23:30Z,2024-08-30T00:00Z,161,160,moderate
2024-08-30T00:00Z,2024-08-30T00:30Z,157,156,moderate
2024-08-30T00:30Z,2024-08-30T01:00Z,155,149,moderate
2024-08-30T01:00Z,2024-08-30T01:30Z,157,148,moderate
2024-08-30T01:30Z,2024-08-30T02:00Z,147,143,moderate
2024-08-30T02:00Z,2024-08-30T02:30Z,149,142,moderate
2024-08-30T02:30Z,2024-08-30T03:00Z,142,146,moderate
2024-08-30T03:00Z,2024-08-30T03:30Z,147,149,moderate
2024-08-30T03:30Z,2024-08-30T04:00Z,144,161,moderate
2024-08-30T04:00Z,2024-08-30T04:30Z,147,165,moderate
2024-08-30T04:30Z,2024-08-30T05:00Z,157,173,moderate
2024-08-30T05:00Z,2024-08-30T05:30Z,164,180,moderate
2024-08-30T05:30Z,2024-08-30T06:00Z,179,182,moderate
2024-08-30T06:00Z,2024-08-30T06:30Z,179,179,moderate
2024-08-30T06:30Z,2024-08-30T07:00Z,198,170,moderate
2024-08-30T07:00Z,2024-08-30T07:30Z,181,167,moderate
2024-08-30T07:30Z,2024-08-30T08:00Z,175,150,moderate
2024-08-30T08:00Z,2024-08-30T08:30Z,159,138,moderate
2024-08-30T08:30Z,2024-08-30T09:00Z,151,136,moderate
2024-08-30T09:00Z,2024-08-30T09:30Z,137,125,moderate
2024-08-30T09:30Z,2024-08-30T10:00Z,133,117,moderate
2024-08-30T10:00Z,2024-08-30T10:30Z,126,116,moderate
2024-08-30T10:30Z,2024-08-30T11:00Z,120,110,moderate
2024-08-30T11:00Z,2024-08-30T11:30Z,125,110,moderate
2024-08-30T11:30Z,2024-08-30T12:00Z,116,105,low
2024-08-30T12:00Z,2024-08-30T12:30Z,112,107,low
2024-08-30T12:30Z,2024-08-30T13:00Z,110,111,moderate
2024-08-30T13:00Z,2024-08-30T13:30Z,116,115,moderate
2024-08-30T13:30Z,2024-08-30T14:00Z,122,124,moderate
2024-08-30T14:00Z,2024-08-30T14:30Z,121,127,moderate
2024-08-30T14:30Z,2024-08-30T15:00Z,125,136,moderate
2024-08-30T15:00Z,2024-08-30T15:30Z,138,151,moderate
2024-08-30T15:30Z,2024-08-30T16:00Z,144,167,moderate
2024-08-30T16:00Z,2024-08-30T16:30Z,156,177,moderate
2024-08-30T16:30Z,2024-08-30T17:00Z,173,181,moderate
2024-08-30T17:00Z,2024-08-30T17:30Z,182,187,moderate
2024-08-30T17:30Z,2024-08-30T18:00Z,187,192,high
2024-08-30T18:00Z,2024-08-30T18:30Z,191,198,high
2024-08-30T18:30Z,2024-08-30T19:00Z,194,197,high
2024-08-30T19:00Z,2024-08-30T19:30Z,203,199,high
2024-08-30T19:30Z,2024-08-30T20:00Z,200,190,high
2024-08-30T20:00Z,2024-08-30T20:30Z,197,178,moderate
2024-08-30T20:30Z,2024-08-30T21:00Z,194,173,moderate
2024-08-30T21:00Z,2024-08-30T21:30Z,175,161,moderate
2024-08-30T21:30Z,2024-08-30T22:00Z,170,132,moderate
2024-08-30T22:00Z,2024-08-30T22:30Z,156,124,moderate
2024-08-30T22:30Z,2024-08-30T23:00Z,124,112,moderate
2024-08-30T23:00Z,2024-08-30T23:30Z,120,101,low
2024-08-30T23:30Z,2024-08-31T00:00Z,111,95,low
2024-08-31T00:00Z,2024-08-31T00:30Z,112,90,low
2024-08-31T00:30Z,2024-08-31T01:00Z,97,79,low
2024-08-31T01:00Z,2024-08-31T01:30Z,90,73,low
2024-08-31T01:30Z,2024-08-31T02:00Z,81,73,low
2024-08-31T02:00Z,2024-08-31T02:30Z,75,71,low
2024-08-31T02:30Z,2024-08-31T03:00Z,75,74,low
2024-08-31T03:00Z,2024-08-31T03:30Z,75,77,low
2024-08-31T03:30Z,2024-08-31T04:00Z,75,81,low
2024-08-31T04:00Z,2024-08-31T04:30Z,78,83,low
2024-08-31T04:30Z,2024-08-31T05:00Z,85,84,low
2024-08-31T05:00Z,2024-08-31T05:30Z,86,85,low
2024-08-31T05:30Z,2024-08-31T06:00Z,87,89,low
2024-08-31T06:00Z,2024-08-31T06:30Z,86,84,low
2024-08-31T06:30Z,2024-08-31T07:00Z,94,79,low
2024-08-31T07:00Z,2024-08-31T07:30Z,86,72,low
2024-08-31T07:30Z,2024-08-31T08:00Z,82,69,low
2024-08-31T08:00Z,2024-08-31T08:30Z,76,65,low
2024-08-31T08:30Z,2024-08-31T09:00Z,70,66,low
2024-08-31T09:00Z,2024-08-31T09:30Z,58,62,low
2024-08-31T09:30Z,2024-08-31T10:00Z,68,60,low
2024-08-31T10:00Z,2024-08-31T10:30Z,65,50,low
2024-08-31T10:30Z,2024-08-31T11:00Z,67,49,low
2024-08-31T11:00Z,2024-08-31T11:30Z,54,49,low
2024-08-31T11:30Z,2024-08-31T12:00Z,52,47,low
2024-08-31T12:00Z,2024-08-31T12:30Z,52,47,low
2024-08-31T12:30Z,2024-08-31T13:00Z,52,45,low
2024-08-31T13:00Z,2024-08-31T13:30Z,50,47,low
2024-08-31T13:30Z,2024-08-31T14:00Z,49,46,low
2024-08-31T14:00Z,2024-08-31T14:30Z,51,48,low
2024-08-31T14:30Z,2024-08-31T15:00Z,49,47,low
2024-08-31T15:00Z,2024-08-31T15:30Z,50,60,low
2024-08-31T15:30Z,2024-08-31T16:00Z,48,75,low
2024-08-31T16:00Z,2024-08-31T16:30Z,47,82,low
2024-08-31T16:30Z,2024-08-31T17:00Z,49,91,low
2024-08-31T17:00Z,2024-08-31T17:30Z,50,91,low
2024-08-31T17:30Z,2024-08-31T18:00Z,55,90,low
2024-08-31T18:00Z,2024-08-31T18:30Z,59,89,low
2024-08-31T18:30Z,2024-08-31T19:00Z,83,87,low
2024-08-31T19:00Z,2024-08-31T19:30Z,78,81,low
2024-08-31T19:30Z,2024-08-31T20:00Z,80,73,low
2024-08-31T20:00Z,2024-08-31T20:30Z,82,65,low
2024-08-31T20:30Z,2024-08-31T21:00Z,71,62,low
2024-08-31T21:00Z,2024-08-31T21:30Z,62,63,low
2024-08-31T21:30Z,2024-08-31T22:00Z,56,68,low
2024-08-31T22:00Z,2024-08-31T22:30Z,59,64,low
2024-08-31T22:30Z,2024-08-31T23:00Z,57,67,low
2024-08-31T23:00Z,2024-08-31T23:30Z,61,64,low
2024-08-31T23:30Z,2024-09-01T00:00Z,60,66,low
2024-09-01T00:00Z,2024-09-01T00:30Z,60,69,low
2024-09-01T00:30Z,2024-09-01T01:00Z,65,74,low
2024-09-01T01:00Z,2024-09-01T01:30Z,67,75,low
2024-09-01T01:30Z,2024-09-01T02:00Z,76,73,low
2024-09-01T02:00Z,2024-09-01T02:30Z,74,73,low
2024-09-01T02:30Z,2024-09-01T03:00Z,75,74,low
2024-09-01T03:00Z,2024-09-01T03:30Z,72,66,low
2024-09-01T03:30Z,2024-09-01T04:00Z,72,64,low
2024-09-01T04:00Z,2024-09-01T04:30Z,66,62,low
2024-09-01T04:30Z,2024-09-01T05:00Z,64,60,low
2024-09-01T05:00Z,2024-09-01T05:30Z,61,61,low
2024-09-01T05:30Z,2024-09-01T06:00Z,59,61,low
2024-09-01T06:00Z,2024-09-01T06:30Z,58,59,low
2024-09-01T06:30Z,2024-09-01T07:00Z,60,54,low
2024-09-01T07:00Z,2024-09-01T07:30Z,56,51,low
2024-09-01T07:30Z,2024-09-01T08:00Z,50,45,low
2024-09-01T08:00Z,2024-09-01T08:30Z,47,44,low
2024-09-01T08:30Z,2024-09-01T09:00Z,42,46,low
2024-09-01T09:00Z,2024-09-01T09:30Z,40,45,low
2024-09-01T09:30Z,2024-09-01T10:00Z,40,50,low
2024-09-01T10:00Z,2024-09-01T10:30Z,39,48,low
2024-09-01T10:30Z,2024-09-01T11:00Z,40,47,low
2024-09-01T11:00Z,2024-09-01T11:30Z,38,45,low
2024-09-01T11:30Z,2024-09-01T12:00Z,37,46,low
2024-09-01T12:00Z,2024-09-01T12:30Z,35,47,low
2024-09-01T12:30Z,2024-09-01T13:00Z,39,51,low
2024-09-01T13:00Z,2024-09-01T13:30Z,36,52,low
2024-09-01T13:30Z,2024-09-01T14:00Z,39,56,low
2024-09-01T14:00Z,2024-09-01T14:30Z,41,64,low
2024-09-01T14:30Z,2024-09-01T15:00Z,43,77,low
2024-09-01T15:00Z,2024-09-01T15:30Z,54,95,low
2024-09-01T15:30Z,2024-09-01T16:00Z,68,109,low
2024-09-01T16:00Z,2024-09-01T16:30Z,84,119,moderate
2024-09-01T16:30Z,2024-09-01T17:00Z,105,127,moderate
2024-09-01T17:00Z,2024-09-01T17:30Z,118,139,moderate
2024-09-01T17:30Z,2024-09-01T18:00Z,131,140,moderate
2024-09-01T18:00Z,2024-09-01T18:30Z,135,143,moderate
2024-09-01T18:30Z,2024-09-01T19:00Z,140,142,moderate
2024-09-01T19:00Z,2024-09-01T19:30Z,133,142,moderate
2024-09-01T19:30Z,2024-09-01T20:00Z,139,147,moderate
2024-09-01T20:00Z,2024-09-01T20:30Z,129,151,moderate
2024-09-01T20:30Z,2024-09-01T21:00Z,137,147,moderate
2024-09-01T21:00Z,2024-09-01T21:30Z,146,134,moderate
2024-09-01T21:30Z,2024-09-01T22:00Z,146,129,moderate
2024-09-01T22:00Z,2024-09-01T22:30Z,136,130,moderate
2024-09-01T22:30Z,2024-09-01T23:00Z,120,126,moderate
2024-09-01T23:00Z,2024-09-01T23:30Z,116,125,moderate
2024-09-01T23:30Z,2024-09-02T00:00Z,122,125,moderate
2024-09-02T00:00Z,2024-09-02T00:30Z,126,120,moderate
2024-09-02T00:30Z,2024-09-02T01:00Z,129,118,moderate
2024-09-02T01:00Z,2024-09-02T01:30Z,116,121,moderate
2024-09-02T01:30Z,2024-09-02T02:00Z,114,117,moderate
2024-09-02T02:00Z,2024-09-02T02:30Z,119,121,moderate
2024-09-02T02:30Z,2024-09-02T03:00Z,114,136,moderate
2024-09-02T03:00Z,2024-09-02T03:30Z,118,142,moderate
2024-09-02T03:30Z,2024-09-02T04:00Z,132,167,moderate
2024-09-02T04:00Z,2024-09-02T04:30Z,138,182,moderate
2024-09-02T04:30Z,2024-09-02T05:00Z,160,206,high
2024-09-02T05:00Z,2024-09-02T05:30Z,173,211,high
2024-09-02T05:30Z,2024-09-02T06:00Z,195,212,high
2024-09-02T06:00Z,2024-09-02T06:30Z,209,217,high
2024-09-02T06:30Z,2024-09-02T07:00Z,203,196,high
2024-09-02T07:00Z,2024-09-02T07:30Z,206,197,high
2024-09-02T07:30Z,2024-09-02T08:00Z,186,198,high
2024-09-02T08:00Z,2024-09-02T08:30Z,187,195,high
2024-09-02T08:30Z,2024-09-02T09:00Z,192,194,high
2024-09-02T09:00Z,2024-09-02T09:30Z,194,193,high
2024-09-02T09:30Z,2024-09-02T10:00Z,188,192,high
2024-09-02T10:00Z,2024-09-02T10:30Z,185,192,high
2024-09-02T10:30Z,2024-09-02T11:00Z,181,187,moderate
2024-09-02T11:00Z,2024-09-02T11:30Z,188,183,moderate
2024-09-02T11:30Z,2024-09-02T12:00Z,181,179,moderate
2024-09-02T12:00Z,2024-09-02T12:30Z,177,173,moderate
2024-09-02T12:30Z,2024-09-02T13:00Z,169,169,moderate
2024-09-02T13:00Z,2024-09-02T13:30Z,179,164,moderate
2024-09-02T13:30Z,2024-09-02T14:00Z,157,158,moderate
2024-09-02T14:00Z,2024-09-02T14:30Z,155,157,moderate
2024-09-02T14:30Z,2024-09-02T15:00Z,144,169,moderate
2024-09-02T15:00Z,2024-09-02T15:30Z,155,166,moderate
2024-09-02T15:30Z,2024-09-02T16:00Z,167,171,moderate
2024-09-02T16:00Z,2024-09-02T16:30Z,165,175,moderate
2024-09-02T16:30Z,2024-09-02T17:00Z,170,184,moderate
2024-09-02T17:00Z,2024-09-02T17:30Z,169,182,moderate
2024-09-02T17:30Z,2024-09-02T18:00Z,176,180,moderate
2024-09-02T18:00Z,2024-09-02T18:30Z,182,181,moderate
2024-09-02T18:30Z,2024-09-02T19:00Z,172,183,moderate
2024-09-02T19:00Z,2024-09-02T19:30Z,173,183,moderate
2024-09-02T19:30Z,2024-09-02T20:00Z,174,177,moderate
2024-09-02T20:00Z,2024-09-02T20:30Z,171,172,moderate
2024-09-02T20:30Z,2024-09-02T21:00Z,168,173,moderate
2024-09-02T21:00Z,2024-09-02T21:30Z,160,174,moderate
2024-09-02T21:30Z,2024-09-02T22:00Z,162,171,moderate
2024-09-02T22:00Z,2024-09-02T22:30Z,175,170,moderate
2024-09-02T22:30Z,2024-09-02T23:00Z,159,170,moderate
2024-09-02T23:00Z,2024-09-02T23:30Z,159,167,moderate
2024-09-02T23:30Z,2024-09-03T00:00Z,158,161,moderate
2024-09-03T00:00Z,2024-09-03T00:30Z,164,163,moderate
2024-09-03T00:30Z,2024-09-03T01:00Z,163,158,moderate
2024-09-03T01:00Z,2024-09-03T01:30Z,164,161,moderate
2024-09-03T01:30Z,2024-09-03T02:00Z,160,158,moderate
2024-09-03T02:00Z,2024-09-03T02:30Z,161,158,moderate
2024-09-03T02:30Z,2024-09-03T03:00Z,158,160,moderate
2024-09-03T03:00Z,2024-09-03T03:30Z,158,160,moderate
2024-09-03T03:30Z,2024-09-03T04:00Z,166,163,moderate
2024-09-03T04:00Z,2024-09-03T04:30Z,165,171,moderate
2024-09-03T04:30Z,2024-09-03T05:00Z,166,189,moderate
2024-09-03T05:00Z,2024-09-03T05:30Z,180,199,high
2024-09-03T05:30Z,2024-09-03T06:00Z,188,200,high
2024-09-03T06:00Z,2024-09-03T06:30Z,199,201,high
2024-09-03T06:30Z,2024-09-03T07:00Z,194,197,high
2024-09-03T07:00Z,2024-09-03T07:30Z,191,200,high
2024-09-03T07:30Z,2024-09-03T08:00Z,188,194,high
2024-09-03T08:00Z,2024-09-03T08:30Z,185,187,moderate
2024-09-03T08:30Z,2024-09-03T09:00Z,185,187,moderate
2024-09-03T09:00Z,2024-09-03T09:30Z,182,180,moderate
2024-09-03T09:30Z,2024-09-03T10:00Z,182,170,moderate
2024-09-03T10:00Z,2024-09-03T10:30Z,180,168,moderate
2024-09-03T10:30Z,2024-09-03T11:00Z,166,163,moderate
2024-09-03T11:00Z,2024-09-03T11:30Z,161,155,moderate
2024-09-03T11:30Z,2024-09-03T12:00Z,145,152,moderate
2024-09-03T12:00Z,2024-09-03T12:30Z,148,152,moderate
2024-09-03T12:30Z,2024-09-03T13:00Z,140,162,moderate
2024-09-03T13:00Z,2024-09-03T13:30Z,147,162,moderate
2024-09-03T13:30Z,2024-09-03T14:00Z,156,168,moderate
2024-09-03T14:00Z,2024-09-03T14:30Z,156,176,moderate
2024-09-03T14:30Z,2024-09-03T15:00Z,170,181,moderate
2024-09-03T15:00Z,2024-09-03T15:30Z,188,192,high
2024-09-03T15:30Z,2024-09-03T16:00Z,182,202,high
2024-09-03T16:00Z,2024-09-03T16:30Z,193,208,high
2024-09-03T16:30Z,2024-09-03T17:00Z,207,214,high
2024-09-03T17:00Z,2024-09-03T17:30Z,212,221,high
2024-09-03T17:30Z,2024-09-03T18:00Z,222,224,high
2024-09-03T18:00Z,2024-09-03T18:30Z,229,227,high
2024-09-03T18:30Z,2024-09-03T19:00Z,228,229,high
2024-09-03T19:00Z,2024-09-03T19:30Z,233,230,high
2024-09-03T19:30Z,2024-09-03T20:00Z,232,237,high
2024-09-03T20:00Z,2024-09-03T20:30Z,231,235,high
2024-09-03T20:30Z,2024-09-03T21:00Z,234,242,high
2024-09-03T21:00Z,2024-09-03T21:30Z,229,232,high
2024-09-03T21:30Z,2024-09-03T22:00Z,230,205,high
2024-09-03T22:00Z,2024-09-03T22:30Z,226,193,high
2024-09-03T22:30Z,2024-09-03T23:00Z,196,195,high
2024-09-03T23:00Z,2024-09-03T23:30Z,190,198,high
2024-09-03T23:30Z,2024-09-04T00:00Z,189,199,high
2024-09-04T00:00Z,2024-09-04T00:30Z,191,196,high
2024-09-04T00:30Z,2024-09-04T01:00Z,199,190,high
2024-09-04T01:00Z,2024-09-04T01:30Z,194,187,moderate
2024-09-04T01:30Z,2024-09-04T02:00Z,191,186,moderate
2024-09-04T02:00Z,2024-09-04T02:30Z,188,186,moderate
2024-09-04T02:30Z,2024-09-04T03:00Z,188,192,high
2024-09-04T03:00Z,2024-09-04T03:30Z,193,191,high
2024-09-04T03:30Z,2024-09-04T04:00Z,190,200,high
2024-09-04T04:00Z,2024-09-04T04:30Z,193,211,high
2024-09-04T04:30Z,2024-09-04T05:00Z,203,225,high
2024-09-04T05:00Z,2024-09-04T05:30Z,212,230,high
2024-09-04T05:30Z,2024-09-04T06:00Z,226,233,high
2024-09-04T06:00Z,2024-09-04T06:30Z,216,226,high
2024-09-04T06:30Z,2024-09-04T07:00Z,220,224,high
2024-09-04T07:00Z,2024-09-04T07:30Z,210,216,high
2024-09-04T07:30Z,2024-09-04T08:00Z,209,208,high
2024-09-04T08:00Z,2024-09-04T08:30Z,204,200,high
2024-09-04T08:30Z,2024-09-04T09:00Z,193,193,high
2024-09-04T09:00Z,2024-09-04T09:30Z,183,186,moderate
2024-09-04T09:30Z,2024-09-04T10:00Z,184,188,moderate
2024-09-04T10:00Z,2024-09-04T10:30Z,179,190,high
2024-09-04T10:30Z,2024-09-04T11:00Z,176,186,moderate
2024-09-04T11:00Z,2024-09-04T11:30Z,189,187,moderate
2024-09-04T11:30Z,2024-09-04T12:00Z,184,189,moderate
2024-09-04T12:00Z,2024-09-04T12:30Z,182,185,moderate
2024-09-04T12:30Z,2024-09-04T13:00Z,185,184,moderate
2024-09-04T13:00Z,2024-09-04T13:30Z,185,190,high
2024-09-04T13:30Z,2024-09-04T14:00Z,188,196,high
2024-09-04T14:00Z,2024-09-04T14:30Z,189,203,high
2024-09-04T14:30Z,2024-09-04T15:00Z,194,206,high
2024-09-04T15:00Z,2024-09-04T15:30Z,200,214,high
2024-09-04T15:30Z,2024-09-04T16:00Z,202,220,high
2024-09-04T16:00Z,2024-09-04T16:30Z,210,222,high
2024-09-04T16:30Z,2024-09-04T17:00Z,220,213,high
2024-09-04T17:00Z,2024-09-04T17:30Z,220,219,high
2024-09-04T17:30Z,2024-09-04T18:00Z,217,217,high
2024-09-04T18:00Z,2024-09-04T18:30Z,220,220,high
2024-09-04T18:30Z,2024-09-04T19:00Z,219,235,high
2024-09-04T19:00Z,2024-09-04T19:30Z,223,236,high
2024-09-04T19:30Z,2024-09-04T20:00Z,224,225,high
2024-09-04T20:00Z,2024-09-04T20:30Z,226,206,high
2024-09-04T20:30Z,2024-09-04T21:00Z,219,191,high
2024-09-04T21:00Z,2024-09-04T21:30Z,197,175,moderate
2024-09-04T21:30Z,2024-09-04T22:00Z,182,128,moderate
2024-09-04T22:00Z,2024-09-04T22:30Z,164,108,low
2024-09-04T22:30Z,2024-09-04T23:00Z,127,95,low
2024-09-04T23:00Z,2024-09-04T23:30Z,122,90,low
2024-09-04T23:30Z,2024-09-05T00:00Z,116,88,low
2024-09-05T00:00Z,2024-09-05T00:30Z,98,81,low
2024-09-05T00:30Z,2024-09-05T01:00Z,90,80,low
2024-09-05T01:00Z,2024-09-05T01:30Z,87,76,low
2024-09-05T01:30Z,2024-09-05T02:00Z,81,80,low
2024-09-05T02:00Z,2024-09-05T02:30Z,79,77,low
2024-09-05T02:30Z,2024-09-05T03:00Z,83,75,low
2024-09-05T03:00Z,2024-09-05T03:30Z,79,70,low
2024-09-05T03:30Z,2024-09-05T04:00Z,76,69,low
2024-09-05T04:00Z,2024-09-05T04:30Z,72,66,low
2024-09-05T04:30Z,2024-09-05T05:00Z,72,72,low
2024-09-05T05:00Z,2024-09-05T05:30Z,66,83,low
2024-09-05T05:30Z,2024-09-05T06:00Z,70,93,low
2024-09-05T06:00Z,2024-09-05T06:30Z,69,91,low
2024-09-05T06:30Z,2024-09-05T07:00Z,91,78,low
2024-09-05T07:00Z,2024-09-05T07:30Z,88,73,low
2024-09-05T07:30Z,2024-09-05T08:00Z,83,71,low
2024-09-05T08:00Z,2024-09-05T08:30Z,78,71,low
2024-09-05T08:30Z,2024-09-05T09:00Z,77,70,low
2024-09-05T09:00Z,2024-09-05T09:30Z,78,67,low
2024-09-05T09:30Z,2024-09-05T10:00Z,77,68,low
2024-09-05T10:00Z,2024-09-05T10:30Z,73,65,low
2024-09-05T10:30Z,2024-09-05T11:00Z,72,62,low
2024-09-05T11:00Z,2024-09-05T11:30Z,73,62,low
2024-09-05T11:30Z,2024-09-05T12:00Z,67,66,low
2024-09-05T12:00Z,2024-09-05T12:30Z,66,61,low
2024-09-05T12:30Z,2024-09-05T13:00Z,66,57,low
2024-09-05T13:00Z,2024-09-05T13:30Z,63,56,low
2024-09-05T13:30Z,2024-09-05T14:00Z,61,56,low
2024-09-05T14:00Z,2024-09-05T14:30Z,62,58,low
2024-09-05T14:30Z,2024-09-05T15:00Z,60,64,low
2024-09-05T15:00Z,2024-09-05T15:30Z,59,74,low
2024-09-05T15:30Z,2024-09-05T16:00Z,64,84,low
2024-09-05T16:00Z,2024-09-05T16:30Z,74,86,low
2024-09-05T16:30Z,2024-09-05T17:00Z,80,100,low
2024-09-05T17:00Z,2024-09-05T17:30Z,88,103,low
2024-09-05T17:30Z,2024-09-05T18:00Z,96,106,low
2024-09-05T18:00Z,2024-09-05T18:30Z,105,108,low
2024-09-05T18:30Z,2024-09-05T19:00Z,100,96,low
2024-09-05T19:00Z,2024-09-05T19:30Z,102,92,low
2024-09-05T19:30Z,2024-09-05T20:00Z,95,92,low
2024-09-05T20:00Z,2024-09-05T20:30Z,94,83,low
2024-09-05T20:30Z,2024-09-05T21:00Z,96,70,low
2024-09-05T21:00Z,2024-09-05T21:30Z,84,67,low
2024-09-05T21:30Z,2024-09-05T22:00Z,70,66,low
2024-09-05T22:00Z,2024-09-05T22:30Z,67,66,low
2024-09-05T22:30Z,2024-09-05T23:00Z,63,64,low
2024-09-05T23:00Z,2024-09-05T23:30Z,59,64,low
2024-09-05T23:30Z,2024-09-06T00:00Z,58,67,low
2024-09-06T00:00Z,2024-09-06T00:30Z,61,68,low
2024-09-06T00:30Z,2024-09-06T01:00Z,61,65,low
2024-09-06T01:00Z,2024-09-06T01:30Z,63,64,low
2024-09-06T01:30Z,2024-09-06T02:00Z,62,66,low
2024-09-06T02:00Z,2024-09-06T02:30Z,60,66,low
2024-09-06T02:30Z,2024-09-06T03:00Z,59,65,low
2024-09-06T03:00Z,2024-09-06T03:30Z,60,71,low
2024-09-06T03:30Z,2024-09-06T04:00Z,60,82,low
2024-09-06T04:00Z,2024-09-06T04:30Z,70,88,low
2024-09-06T04:30Z,2024-09-06T05:00Z,80,99,low
2024-09-06T05:00Z,2024-09-06T05:30Z,86,104,low
2024-09-06T05:30Z,2024-09-06T06:00Z,99,115,moderate
2024-09-06T06:00Z,2024-09-06T06:30Z,99,119,moderate
2024-09-06T06:30Z,2024-09-06T07:00Z,109,114,moderate
2024-09-06T07:00Z,2024-09-06T07:30Z,108,113,moderate
2024-09-06T07:30Z,2024-09-06T08:00Z,104,115,moderate
2024-09-06T08:00Z,2024-09-06T08:30Z,103,113,moderate
2024-09-06T08:30Z,2024-09-06T09:00Z,103,112,moderate
2024-09-06T09:00Z,2024-09-06T09:30Z,101,108,low
2024-09-06T09:30Z,2024-09-06T10:00Z,104,106,low
2024-09-06T10:00Z,2024-09-06T10:30Z,95,103,low
2024-09-06T10:30Z,2024-09-06T11:00Z,95,101,low
2024-09-06T11:00Z,2024-09-06T11:30Z,88,101,low
2024-09-06T11:30Z,2024-09-06T12:00Z,93,93,low
2024-09-06T12:00Z,2024-09-06T12:30Z,99,92,low
2024-09-06T12:30Z,2024-09-06T13:00Z,91,97,low
2024-09-06T13:00Z,2024-09-06T13:30Z,94,101,low
2024-09-06T13:30Z,2024-09-06T14:00Z,98,112,moderate
2024-09-06T14:00Z,2024-09-06T14:30Z,105,116,moderate
2024-09-06T14:30Z,2024-09-06T15:00Z,118,119,moderate
2024-09-06T15:00Z,2024-09-06T15:30Z,123,134,moderate
2024-09-06T15:30Z,2024-09-06T16:00Z,126,142,moderate
2024-09-06T16:00Z,2024-09-06T16:30Z,148,145,moderate
2024-09-06T16:30Z,2024-09-06T17:00Z,152,147,moderate
2024-09-06T17:00Z,2024-09-06T17:30Z,153,154,moderate
2024-09-06T17:30Z,2024-09-06T18:00Z,150,159,moderate
2024-09-06T18:00Z,2024-09-06T18:30Z,156,157,moderate
2024-09-06T18:30Z,2024-09-06T19:00Z,161,154,moderate
2024-09-06T19:00Z,2024-09-06T19:30Z,160,156,moderate
2024-09-06T19:30Z,2024-09-06T20:00Z,149,162,moderate
2024-09-06T20:00Z,2024-09-06T20:30Z,155,162,moderate
2024-09-06T20:30Z,2024-09-06T21:00Z,161,160,moderate
2024-09-06T21:00Z,2024-09-06T21:30Z,154,156,moderate
2024-09-06T21:30Z,2024-09-06T22:00Z,156,136,moderate
2024-09-06T22:00Z,2024-09-06T22:30Z,157,134,moderate
2024-09-06T22:30Z,2024-09-06T23:00Z,146,131,moderate
2024-09-06T23:00Z,2024-09-06T23:30Z,150,125,moderate
2024-09-06T23:30Z,2024-09-07T00:00Z,155,127,moderate
2024-09-07T00:00Z,2024-09-07T00:30Z,125,122,moderate
2024-09-07T00:30Z,2024-09-07T01:00Z,133,112,moderate
2024-09-07T01:00Z,2024-09-07T01:30Z,124,116,moderate
2024-09-07T01:30Z,2024-09-07T02:00Z,117,118,moderate
2024-09-07T02:00Z,2024-09-07T02:30Z,118,126,moderate
2024-09-07T02:30Z,2024-09-07T03:00Z,126,122,moderate
2024-09-07T03:00Z,2024-09-07T03:30Z,136,123,moderate
2024-09-07T03:30Z,2024-09-07T04:00Z,133,130,moderate
2024-09-07T04:00Z,2024-09-07T04:30Z,129,131,moderate
2024-09-07T04:30Z,2024-09-07T05:00Z,140,137,moderate
2024-09-07T05:00Z,2024-09-07T05:30Z,139,141,moderate
2024-09-07T05:30Z,2024-09-07T06:00Z,146,151,moderate
2024-09-07T06:00Z,2024-09-07T06:30Z,154,156,moderate
2024-09-07T06:30Z,2024-09-07T07:00Z,161,155,moderate
2024-09-07T07:00Z,2024-09-07T07:30Z,165,153,moderate
2024-09-07T07:30Z,2024-09-07T08:00Z,166,158,moderate
2024-09-07T08:00Z,2024-09-07T08:30Z,164,158,moderate
2024-09-07T08:30Z,2024-09-07T09:00Z,162,156,moderate
2024-09-07T09:00Z,2024-09-07T09:30Z,160,154,moderate
2024-09-07T09:30Z,2024-09-07T10:00Z,160,154,moderate
2024-09-07T10:00Z,2024-09-07T10:30Z,158,156,moderate
2024-09-07T10:30Z,2024-09-07T11:00Z,160,157,moderate
2024-09-07T11:00Z,2024-09-07T11:30Z,160,154,moderate
2024-09-07T11:30Z,2024-09-07T12:00Z,165,154,moderate
2024-09-07T12:00Z,2024-09-07T12:30Z,160,155,moderate
2024-09-07T12:30Z,2024-09-07T13:00Z,158,158,moderate
2024-09-07T13:00Z,2024-09-07T13:30Z,166,159,moderate
2024-09-07T13:30Z,2024-09-07T14:00Z,170,158,moderate
2024-09-07T14:00Z,2024-09-07T14:30Z,170,163,moderate
2024-09-07T14:30Z,2024-09-07T15:00Z,179,170,moderate
2024-09-07T15:00Z,2024-09-07T15:30Z,180,175,moderate
2024-09-07T15:30Z,2024-09-07T16:00Z,179,176,moderate
2024-09-07T16:00Z,2024-09-07T16:30Z,183,185,moderate
2024-09-07T16:30Z,2024-09-07T17:00Z,186,192,high
2024-09-07T17:00Z,2024-09-07T17:30Z,186,197,high
2024-09-07T17:30Z,2024-09-07T18:00Z,193,194,high
2024-09-07T18:00Z,2024-09-07T18:30Z,195,196,high
2024-09-07T18:30Z,2024-09-07T19:00Z,195,191,high
2024-09-07T19:00Z,2024-09-07T19:30Z,199,192,high
2024-09-07T19:30Z,2024-09-07T20:00Z,193,190,high
2024-09-07T20:00Z,2024-09-07T20:30Z,198,187,moderate
2024-09-07T20:30Z,2024-09-07T21:00Z,190,171,moderate
2024-09-07T21:00Z,2024-09-07T21:30Z,183,161,moderate
2024-09-07T21:30Z,2024-09-07T22:00Z,179,148,moderate
2024-09-07T22:00Z,2024-09-07T22:30Z,105,141,moderate
2024-09-07T22:30Z,2024-09-07T23:00Z,150,131,moderate
2024-09-07T23:00Z,2024-09-07T23:30Z,150,125,moderate
2024-09-07T23:30Z,2024-09-08T00:00Z,148,117,moderate
2024-09-08T00:00Z,2024-09-08T00:30Z,121,113,moderate
2024-09-08T00:30Z,2024-09-08T01:00Z,121,106,low
2024-09-08T01:00Z,2024-09-08T01:30Z,113,96,low
2024-09-08T01:30Z,2024-09-08T02:00Z,110,92,low
2024-09-08T02:00Z,2024-09-08T02:30Z,101,91,low
2024-09-08T02:30Z,2024-09-08T03:00Z,98,94,low
2024-09-08T03:00Z,2024-09-08T03:30Z,99,92,low
2024-09-08T03:30Z,2024-09-08T04:00Z,99,88,low
2024-09-08T04:00Z,2024-09-08T04:30Z,101,91,low
2024-09-08T04:30Z,2024-09-08T05:00Z,95,90,low
2024-09-08T05:00Z,2024-09-08T05:30Z,99,93,low
2024-09-08T05:30Z,2024-09-08T06:00Z,97,99,low
2024-09-08T06:00Z,2024-09-08T06:30Z,101,108,low
2024-09-08T06:30Z,2024-09-08T07:00Z,106,116,moderate
2024-09-08T07:00Z,2024-09-08T07:30Z,114,115,moderate
2024-09-08T07:30Z,2024-09-08T08:00Z,124,114,moderate
2024-09-08T08:00Z,2024-09-08T08:30Z,115,116,moderate
2024-09-08T08:30Z,2024-09-08T09:00Z,115,115,moderate
2024-09-08T09:00Z,2024-09-08T09:30Z,114,107,low
2024-09-08T09:30Z,2024-09-08T10:00Z,113,108,low
2024-09-08T10:00Z,2024-09-08T10:30Z,99,106,low
2024-09-08T10:30Z,2024-09-08T11:00Z,109,103,low
2024-09-08T11:00Z,2024-09-08T11:30Z,102,95,low
2024-09-08T11:30Z,2024-09-08T12:00Z,103,91,low
2024-09-08T12:00Z,2024-09-08T12:30Z,94,87,low
2024-09-08T12:30Z,2024-09-08T13:00Z,95,83,low
2024-09-08T13:00Z,2024-09-08T13:30Z,83,82,low
2024-09-08T13:30Z,2024-09-08T14:00Z,86,83,low
2024-09-08T14:00Z,2024-09-08T14:30Z,83,81,low
2024-09-08T14:30Z,2024-09-08T15:00Z,84,90,low
2024-09-08T15:00Z,2024-09-08T15:30Z,82,100,low
2024-09-08T15:30Z,2024-09-08T16:00Z,88,110,moderate
2024-09-08T16:00Z,2024-09-08T16:30Z,98,111,moderate
2024-09-08T16:30Z,2024-09-08T17:00Z,119,116,moderate
2024-09-08T17:00Z,2024-09-08T17:30Z,116,117,moderate
2024-09-08T17:30Z,2024-09-08T18:00Z,118,118,moderate
2024-09-08T18:00Z,2024-09-08T18:30Z,119,120,moderate
2024-09-08T18:30Z,2024-09-08T19:00Z,120,122,moderate
2024-09-08T19:00Z,2024-09-08T19:30Z,121,121,moderate
2024-09-08T19:30Z,2024-09-08T20:00Z,122,113,moderate
2024-09-08T20:00Z,2024-09-08T20:30Z,123,107,low
2024-09-08T20:30Z,2024-09-08T21:00Z,109,97,low
2024-09-08T21:00Z,2024-09-08T21:30Z,101,84,low
2024-09-08T21:30Z,2024-09-08T22:00Z,100,72,low
2024-09-08T22:00Z,2024-09-08T22:30Z,82,68,low
2024-09-08T22:30Z,2024-09-08T23:00Z,72,65,low
2024-09-08T23:00Z,2024-09-08T23:30Z,72,65,low
2024-09-08T23:30Z,2024-09-09T00:00Z,73,66,low
2024-09-09T00:00Z,2024-09-09T00:30Z,66,65,low
2024-09-09T00:30Z,2024-09-09T01:00Z,65,64,low
2024-09-09T01:00Z,2024-09-09T01:30Z,64,64,low
2024-09-09T01:30Z,2024-09-09T02:00Z,64,63,low
2024-09-09T02:00Z,2024-09-09T02:30Z,63,62,low
2024-09-09T02:30Z,2024-09-09T03:00Z,67,62,low
2024-09-09T03:00Z,2024-09-09T03:30Z,62,62,low
2024-09-09T03:30Z,2024-09-09T04:00Z,62,66,low
2024-09-09T04:00Z,2024-09-09T04:30Z,62,69,low
2024-09-09T04:30Z,2024-09-09T05:00Z,62,95,low
2024-09-09T05:00Z,2024-09-09T05:30Z,70,101,low
2024-09-09T05:30Z,2024-09-09T06:00Z,94,111,moderate
2024-09-09T06:00Z,2024-09-09T06:30Z,97,115,moderate
2024-09-09T06:30Z,2024-09-09T07:00Z,104,108,low
2024-09-09T07:00Z,2024-09-09T07:30Z,100,99,low
2024-09-09T07:30Z,2024-09-09T08:00Z,101,91,low
2024-09-09T08:00Z,2024-09-09T08:30Z,90,91,low
2024-09-09T08:30Z,2024-09-09T09:00Z,86,95,low
2024-09-09T09:00Z,2024-09-09T09:30Z,89,86,low
2024-09-09T09:30Z,2024-09-09T10:00Z,94,73,low
2024-09-09T10:00Z,2024-09-09T10:30Z,91,70,low
2024-09-09T10:30Z,2024-09-09T11:00Z,71,63,low
2024-09-09T11:00Z,2024-09-09T11:30Z,69,58,low
2024-09-09T11:30Z,2024-09-09T12:00Z,64,62,low
2024-09-09T12:00Z,2024-09-09T12:30Z,57,62,low
2024-09-09T12:30Z,2024-09-09T13:00Z,60,65,low
2024-09-09T13:00Z,2024-09-09T13:30Z,62,64,low
2024-09-09T13:30Z,2024-09-09T14:00Z,64,65,low
2024-09-09T14:00Z,2024-09-09T14:30Z,68,76,low
2024-09-09T14:30Z,2024-09-09T15:00Z,68,92,low
2024-09-09T15:00Z,2024-09-09T15:30Z,77,105,low
2024-09-09T15:30Z,2024-09-09T16:00Z,101,105,low
2024-09-09T16:00Z,2024-09-09T16:30Z,116,107,low
2024-09-09T16:30Z,2024-09-09T17:00Z,112,112,moderate
2024-09-09T17:00Z,2024-09-09T17:30Z,116,114,moderate
2024-09-09T17:30Z,2024-09-09T18:00Z,130,115,moderate
2024-09-09T18:00Z,2024-09-09T18:30Z,135,117,moderate
2024-09-09T18:30Z,2024-09-09T19:00Z,119,116,moderate
2024-09-09T19:00Z,2024-09-09T19:30Z,117,109,low
2024-09-09T19:30Z,2024-09-09T20:00Z,99,93,low
2024-09-09T20:00Z,2024-09-09T20:30Z,101,70,low
2024-09-09T20:30Z,2024-09-09T21:00Z,91,65,low
2024-09-09T21:00Z,2024-09-09T21:30Z,75,60,low
2024-09-09T21:30Z,2024-09-09T22:00Z,61,73,low
2024-09-09T22:00Z,2024-09-09T22:30Z,56,69,low
2024-09-09T22:30Z,2024-09-09T23:00Z,68,71,low
2024-09-09T23:00Z,2024-09-09T23:30Z,66,70,low
2024-09-09T23:30Z,2024-09-10T00:00Z,64,65,low
2024-09-10T00:00Z,2024-09-10T00:30Z,68,62,low
2024-09-10T00:30Z,2024-09-10T01:00Z,60,63,low
2024-09-10T01:00Z,2024-09-10T01:30Z,58,60,low
2024-09-10T01:30Z,2024-09-10T02:00Z,58,65,low
2024-09-10T02:00Z,2024-09-10T02:30Z,56,66,low
2024-09-10T02:30Z,2024-09-10T03:00Z,57,69,low
2024-09-10T03:00Z,2024-09-10T03:30Z,59,73,low
2024-09-10T03:30Z,2024-09-10T04:00Z,60,74,low
2024-09-10T04:00Z,2024-09-10T04:30Z,67,80,low
2024-09-10T04:30Z,2024-09-10T05:00Z,67,77,low
2024-09-10T05:00Z,2024-09-10T05:30Z,73,86,low
2024-09-10T05:30Z,2024-09-10T06:00Z,71,89,low
2024-09-10T06:00Z,2024-09-10T06:30Z,76,91,low
2024-09-10T06:30Z,2024-09-10T07:00Z,79,77,low
2024-09-10T07:00Z,2024-09-10T07:30Z,76,83,low
2024-09-10T07:30Z,2024-09-10T08:00Z,69,80,low
2024-09-10T08:00Z,2024-09-10T08:30Z,79,78,low
2024-09-10T08:30Z,2024-09-10T09:00Z,69,71,low
2024-09-10T09:00Z,2024-09-10T09:30Z,71,68,low
2024-09-10T09:30Z,2024-09-10T10:00Z,70,66,low
2024-09-10T10:00Z,2024-09-10T10:30Z,64,65,low
2024-09-10T10:30Z,2024-09-10T11:00Z,65,65,low
2024-09-10T11:00Z,2024-09-10T11:30Z,60,65,low
2024-09-10T11:30Z,2024-09-10T12:00Z,56,67,low
2024-09-10T12:00Z,2024-09-10T12:30Z,63,69,low
2024-09-10T12:30Z,2024-09-10T13:00Z,64,69,low
2024-09-10T13:00Z,2024-09-10T13:30Z,69,68,low
2024-09-10T13:30Z,2024-09-10T14:00Z,66,69,low
2024-09-10T14:00Z,2024-09-10T14:30Z,66,74,low
2024-09-10T14:30Z,2024-09-10T15:00Z,65,74,low
2024-09-10T15:00Z,2024-09-10T15:30Z,68,74,low
2024-09-10T15:30Z,2024-09-10T16:00Z,73,71,low
2024-09-10T16:00Z,2024-09-10T16:30Z,72,77,low
2024-09-10T16:30Z,2024-09-10T17:00Z,66,77,low
2024-09-10T17:00Z,2024-09-10T17:30Z,77,77,low
2024-09-10T17:30Z,2024-09-10T18:00Z,77,75,low
2024-09-10T18:00Z,2024-09-10T18:30Z,79,78,low
2024-09-10T18:30Z,2024-09-10T19:00Z,78,74,low
2024-09-10T19:00Z,2024-09-10T19:30Z,75,57,low
2024-09-10T19:30Z,2024-09-10T20:00Z,74,52,low
2024-09-10T20:00Z,2024-09-10T20:30Z,59,49,low
2024-09-10T20:30Z,2024-09-10T21:00Z,53,54,low
2024-09-10T21:00Z,2024-09-10T21:30Z,48,52,low
2024-09-10T21:30Z,2024-09-10T22:00Z,54,51,low
2024-09-10T22:00Z,2024-09-10T22:30Z,54,44,low
2024-09-10T22:30Z,2024-09-10T23:00Z,51,48,low
2024-09-10T23:00Z,2024-09-10T23:30Z,52,50,low
2024-09-10T23:30Z,2024-09-11T00:00Z,54,49,low
2024-09-11T00:00Z,2024-09-11T00:30Z,50,45,low
2024-09-11T00:30Z,2024-09-11T01:00Z,50,44,low
2024-09-11T01:00Z,2024-09-11T01:30Z,45,43,low
2024-09-11T01:30Z,2024-09-11T02:00Z,45,46,low
2024-09-11T02:00Z,2024-09-11T02:30Z,45,45,low
2024-09-11T02:30Z,2024-09-11T03:00Z,48,45,low
2024-09-11T03:00Z,2024-09-11T03:30Z,48,46,low
2024-09-11T03:30Z,2024-09-11T04:00Z,46,46,low
2024-09-11T04:00Z,2024-09-11T04:30Z,48,49,low
2024-09-11T04:30Z,2024-09-11T05:00Z,48,55,low
2024-09-11T05:00Z,2024-09-11T05:30Z,50,64,low
2024-09-11T05:30Z,2024-09-11T06:00Z,57,62,low
2024-09-11T06:00Z,2024-09-11T06:30Z,55,69,low
2024-09-11T06:30Z,2024-09-11T07:00Z,60,64,low
2024-09-11T07:00Z,2024-09-11T07:30Z,57,55,low
2024-09-11T07:30Z,2024-09-11T08:00Z,58,57,low
2024-09-11T08:00Z,2024-09-11T08:30Z,56,51,low
2024-09-11T08:30Z,2024-09-11T09:00Z,49,57,low
2024-09-11T09:00Z,2024-09-11T09:30Z,48,54,low
2024-09-11T09:30Z,2024-09-11T10:00Z,50,52,low
2024-09-11T10:00Z,2024-09-11T10:30Z,49,51,low
2024-09-11T10:30Z,2024-09-11T11:00Z,45,45,low
2024-09-11T11:00Z,2024-09-11T11:30Z,44,46,low
2024-09-11T11:30Z,2024-09-11T12:00Z,39,48,low
2024-09-11T12:00Z,2024-09-11T12:30Z,39,48,low
2024-09-11T12:30Z,2024-09-11T13:00Z,40,40,low
2024-09-11T13:00Z,2024-09-11T13:30Z,41,40,low
2024-09-11T13:30Z,2024-09-11T14:00Z,43,46,low
2024-09-11T14:00Z,2024-09-11T14:30Z,45,53,low
2024-09-11T14:30Z,2024-09-11T15:00Z,41,60,low
2024-09-11T15:00Z,2024-09-11T15:30Z,44,71,low
2024-09-11T15:30Z,2024-09-11T16:00Z,57,85,low
2024-09-11T16:00Z,2024-09-11T16:30Z,59,103,low
2024-09-11T16:30Z,2024-09-11T17:00Z,88,114,moderate
2024-09-11T17:00Z,2024-09-11T17:30Z,99,122,moderate
2024-09-11T17:30Z,2024-09-11T18:00Z,123,120,moderate
2024-09-11T18:00Z,2024-09-11T18:30Z,122,127,moderate
2024-09-11T18:30Z,2024-09-11T19:00Z,120,131,moderate
2024-09-11T19:00Z,2024-09-11T19:30Z,122,132,moderate
2024-09-11T19:30Z,2024-09-11T20:00Z,136,132,moderate
2024-09-11T20:00Z,2024-09-11T20:30Z,132,121,moderate
2024-09-11T20:30Z,2024-09-11T21:00Z,137,103,low
2024-09-11T21:00Z,2024-09-11T21:30Z,138,88,low
2024-09-11T21:30Z,2024-09-11T22:00Z,109,71,low
2024-09-11T22:00Z,2024-09-11T22:30Z,108,60,low
2024-09-11T22:30Z,2024-09-11T23:00Z,72,66,low
2024-09-11T23:00Z,2024-09-11T23:30Z,75,68,low
2024-09-11T23:30Z,2024-09-12T00:00Z,74,64,low
2024-09-12T00:00Z,2024-09-12T00:30Z,79,64,low
2024-09-12T00:30Z,2024-09-12T01:00Z,65,67,low
2024-09-12T01:00Z,2024-09-12T01:30Z,66,65,low
2024-09-12T01:30Z,2024-09-12T02:00Z,70,65,low
2024-09-12T02:00Z,2024-09-12T02:30Z,73,67,low
2024-09-12T02:30Z,2024-09-12T03:00Z,69,74,low
2024-09-12T03:00Z,2024-09-12T03:30Z,70,74,low
2024-09-12T03:30Z,2024-09-12T04:00Z,76,90,low
2024-09-12T04:00Z,2024-09-12T04:30Z,78,108,low
2024-09-12T04:30Z,2024-09-12T05:00Z,95,123,moderate
2024-09-12T05:00Z,2024-09-12T05:30Z,96,128,moderate
2024-09-12T05:30Z,2024-09-12T06:00Z,125,132,moderate
2024-09-12T06:00Z,2024-09-12T06:30Z,125,131,moderate
2024-09-12T06:30Z,2024-09-12T07:00Z,126,123,moderate
2024-09-12T07:00Z,2024-09-12T07:30Z,121,122,moderate
2024-09-12T07:30Z,2024-09-12T08:00Z,116,117,moderate
2024-09-12T08:00Z,2024-09-12T08:30Z,113,108,low
2024-09-12T08:30Z,2024-09-12T09:00Z,112,98,low
2024-09-12T09:00Z,2024-09-12T09:30Z,110,93,low
2024-09-12T09:30Z,2024-09-12T10:00Z,98,89,low
2024-09-12T10:00Z,2024-09-12T10:30Z,93,87,low
2024-09-12T10:30Z,2024-09-12T11:00Z,91,89,low
2024-09-12T11:00Z,2024-09-12T11:30Z,87,91,low
2024-09-12T11:30Z,2024-09-12T12:00Z,87,92,low
2024-09-12T12:00Z,2024-09-12T12:30Z,94,90,low
2024-09-12T12:30Z,2024-09-12T13:00Z,84,90,low
2024-09-12T13:00Z,2024-09-12T13:30Z,84,91,low
2024-09-12T13:30Z,2024-09-12T14:00Z,87,98,low
2024-09-12T14:00Z,2024-09-12T14:30Z,95,104,low
2024-09-12T14:30Z,2024-09-12T15:00Z,97,109,low
2024-09-12T15:00Z,2024-09-12T15:30Z,102,123,moderate
2024-09-12T15:30Z,2024-09-12T16:00Z,110,142,moderate
2024-09-12T16:00Z,2024-09-12T16:30Z,131,153,moderate
2024-09-12T16:30Z,2024-09-12T17:00Z,154,162,moderate
2024-09-12T17:00Z,2024-09-12T17:30Z,177,172,moderate
2024-09-12T17:30Z,2024-09-12T18:00Z,175,178,moderate
2024-09-12T18:00Z,2024-09-12T18:30Z,194,177,moderate
2024-09-12T18:30Z,2024-09-12T19:00Z,171,168,moderate
2024-09-12T19:00Z,2024-09-12T19:30Z,166,164,moderate
2024-09-12T19:30Z,2024-09-12T20:00Z,168,165,moderate
2024-09-12T20:00Z,2024-09-12T20:30Z,162,158,moderate
2024-09-12T20:30Z,2024-09-12T21:00Z,161,142,moderate
2024-09-12T21:00Z,2024-09-12T21:30Z,156,134,moderate
2024-09-12T21:30Z,2024-09-12T22:00Z,160,108,low
2024-09-12T22:00Z,2024-09-12T22:30Z,138,102,low
2024-09-12T22:30Z,2024-09-12T23:00Z,129,98,low
2024-09-12T23:00Z,2024-09-12T23:30Z,121,98,low
2024-09-12T23:30Z,2024-09-13T00:00Z,121,93,low
2024-09-13T00:00Z,2024-09-13T00:30Z,99,92,low
2024-09-13T00:30Z,2024-09-13T01:00Z,97,92,low
2024-09-13T01:00Z,2024-09-13T01:30Z,96,95,low
2024-09-13T01:30Z,2024-09-13T02:00Z,91,95,low
2024-09-13T02:00Z,2024-09-13T02:30Z,100,96,low
2024-09-13T02:30Z,2024-09-13T03:00Z,99,98,low
2024-09-13T03:00Z,2024-09-13T03:30Z,103,101,low
2024-09-13T03:30Z,2024-09-13T04:00Z,104,124,moderate
2024-09-13T04:00Z,2024-09-13T04:30Z,108,139,moderate
2024-09-13T04:30Z,2024-09-13T05:00Z,125,156,moderate
2024-09-13T05:00Z,2024-09-13T05:30Z,135,158,moderate
2024-09-13T05:30Z,2024-09-13T06:00Z,152,163,moderate
2024-09-13T06:00Z,2024-09-13T06:30Z,155,166,moderate
2024-09-13T06:30Z,2024-09-13T07:00Z,170,162,moderate
2024-09-13T07:00Z,2024-09-13T07:30Z,179,152,moderate
2024-09-13T07:30Z,2024-09-13T08:00Z,164,148,moderate
2024-09-13T08:00Z,2024-09-13T08:30Z,151,140,moderate
2024-09-13T08:30Z,2024-09-13T09:00Z,150,129,moderate
2024-09-13T09:00Z,2024-09-13T09:30Z,142,121,moderate
2024-09-13T09:30Z,2024-09-13T10:00Z,133,116,moderate
2024-09-13T10:00Z,2024-09-13T10:30Z,127,115,moderate
2024-09-13T10:30Z,2024-09-13T11:00Z,123,113,moderate
2024-09-13T11:00Z,2024-09-13T11:30Z,128,113,moderate
2024-09-13T11:30Z,2024-09-13T12:00Z,124,113,moderate
2024-09-13T12:00Z,2024-09-13T12:30Z,126,113,moderate
2024-09-13T12:30Z,2024-09-13T13:00Z,125,116,moderate
2024-09-13T13:00Z,2024-09-13T13:30Z,126,113,moderate
2024-09-13T13:30Z,2024-09-13T14:00Z,128,114,moderate
2024-09-13T14:00Z,2024-09-13T14:30Z,126,120,moderate
2024-09-13T14:30Z,2024-09-13T15:00Z,127,133,moderate
2024-09-13T15:00Z,2024-09-13T15:30Z,136,150,moderate
2024-09-13T15:30Z,2024-09-13T16:00Z,147,161,moderate
2024-09-13T16:00Z,2024-09-13T16:30Z,168,170,moderate
2024-09-13T16:30Z,2024-09-13T17:00Z,176,181,moderate
2024-09-13T17:00Z,2024-09-13T17:30Z,179,182,moderate
2024-09-13T17:30Z,2024-09-13T18:00Z,184,181,moderate
2024-09-13T18:00Z,2024-09-13T18:30Z,182,177,moderate
2024-09-13T18:30Z,2024-09-13T19:00Z,179,171,moderate
2024-09-13T19:00Z,2024-09-13T19:30Z,177,162,moderate
2024-09-13T19:30Z,2024-09-13T20:00Z,174,153,moderate
2024-09-13T20:00Z,2024-09-13T20:30Z,162,143,moderate
2024-09-13T20:30Z,2024-09-13T21:00Z,151,134,moderate
2024-09-13T21:00Z,2024-09-13T21:30Z,141,130,moderate
2024-09-13T21:30Z,2024-09-13T22:00Z,127,113,moderate
2024-09-13T22:00Z,2024-09-13T22:30Z,121,108,low
2024-09-13T22:30Z,2024-09-13T23:00Z,112,97,low
2024-09-13T23:00Z,2024-09-13T23:30Z,107,86,low
2024-09-13T23:30Z,2024-09-14T00:00Z,103,85,low
2024-09-14T00:00Z,2024-09-14T00:30Z,85,86,low
2024-09-14T00:30Z,2024-09-14T01:00Z,88,89,low
2024-09-14T01:00Z,2024-09-14T01:30Z,89,84,low
2024-09-14T01:30Z,2024-09-14T02:00Z,91,80,low
2024-09-14T02:00Z,2024-09-14T02:30Z,88,80,low
2024-09-14T02:30Z,2024-09-14T03:00Z,80,83,low
2024-09-14T03:00Z,2024-09-14T03:30Z,81,81,low
2024-09-14T03:30Z,2024-09-14T04:00Z,87,73,low
2024-09-14T04:00Z,2024-09-14T04:30Z,84,70,low
2024-09-14T04:30Z,2024-09-14T05:00Z,78,74,low
2024-09-14T05:00Z,2024-09-14T05:30Z,71,84,low
2024-09-14T05:30Z,2024-09-14T06:00Z,75,90,low
2024-09-14T06:00Z,2024-09-14T06:30Z,79,89,low
2024-09-14T06:30Z,2024-09-14T07:00Z,84,86,low
2024-09-14T07:00Z,2024-09-14T07:30Z,82,79,low
2024-09-14T07:30Z,2024-09-14T08:00Z,76,64,low
2024-09-14T08:00Z,2024-09-14T08:30Z,62,48,low
2024-09-14T08:30Z,2024-09-14T09:00Z,63,45,low
2024-09-14T09:00Z,2024-09-14T09:30Z,45,41,low
2024-09-14T09:30Z,2024-09-14T10:00Z,43,38,low
2024-09-14T10:00Z,2024-09-14T10:30Z,44,39,low
2024-09-14T10:30Z,2024-09-14T11:00Z,38,40,low
2024-09-14T11:00Z,2024-09-14T11:30Z,37,38,low
2024-09-14T11:30Z,2024-09-14T12:00Z,38,46,low
2024-09-14T12:00Z,2024-09-14T12:30Z,35,43,low
2024-09-14T12:30Z,2024-09-14T13:00Z,48,36,low
2024-09-14T13:00Z,2024-09-14T13:30Z,45,36,low
2024-09-14T13:30Z,2024-09-14T14:00Z,39,40,low
2024-09-14T14:00Z,2024-09-14T14:30Z,40,52,low
2024-09-14T14:30Z,2024-09-14T15:00Z,42,57,low
2024-09-14T15:00Z,2024-09-14T15:30Z,55,68,low
2024-09-14T15:30Z,2024-09-14T16:00Z,59,75,low
2024-09-14T16:00Z,2024-09-14T16:30Z,69,89,low
2024-09-14T16:30Z,2024-09-14T17:00Z,79,92,low
2024-09-14T17:00Z,2024-09-14T17:30Z,93,106,low
2024-09-14T17:30Z,2024-09-14T18:00Z,93,109,low
2024-09-14T18:00Z,2024-09-14T18:30Z,106,112,moderate
2024-09-14T18:30Z,2024-09-14T19:00Z,107,104,low
2024-09-14T19:00Z,2024-09-14T19:30Z,107,100,low
2024-09-14T19:30Z,2024-09-14T20:00Z,104,101,low
2024-09-14T20:00Z,2024-09-14T20:30Z,104,98,low
2024-09-14T20:30Z,2024-09-14T21:00Z,101,100,low
2024-09-14T21:00Z,2024-09-14T21:30Z,99,93,low
2024-09-14T21:30Z,2024-09-14T22:00Z,104,95,low
2024-09-14T22:00Z,2024-09-14T22:30Z,91,95,low
2024-09-14T22:30Z,2024-09-14T23:00Z,85,91,low
2024-09-14T23:00Z,2024-09-14T23:30Z,85,89,low
2024-09-14T23:30Z,2024-09-15T00:00Z,85,89,low
2024-09-15T00:00Z,2024-09-15T00:30Z,87,84,low
2024-09-15T00:30Z,2024-09-15T01:00Z,97,79,low
2024-09-15T01:00Z,2024-09-15T01:30Z,89,75,low
2024-09-15T01:30Z,2024-09-15T02:00Z,80,68,low
2024-09-15T02:00Z,2024-09-15T02:30Z,85,67,low
2024-09-15T02:30Z,2024-09-15T03:00Z,75,66,low
2024-09-15T03:00Z,2024-09-15T03:30Z,70,62,low
2024-09-15T03:30Z,2024-09-15T04:00Z,71,59,low
2024-09-15T04:00Z,2024-09-15T04:30Z,67,59,low
2024-09-15T04:30Z,2024-09-15T05:00Z,64,63,low
2024-09-15T05:00Z,2024-09-15T05:30Z,63,66,low
2024-09-15T05:30Z,2024-09-15T06:00Z,67,67,low
2024-09-15T06:00Z,2024-09-15T06:30Z,67,71,low
2024-09-15T06:30Z,2024-09-15T07:00Z,69,79,low
2024-09-15T07:00Z,2024-09-15T07:30Z,67,77,low
2024-09-15T07:30Z,2024-09-15T08:00Z,72,80,low
2024-09-15T08:00Z,2024-09-15T08:30Z,69,70,low
2024-09-15T08:30Z,2024-09-15T09:00Z,78,70,low
2024-09-15T09:00Z,2024-09-15T09:30Z,63,66,low
2024-09-15T09:30Z,2024-09-15T10:00Z,65,69,low
2024-09-15T10:00Z,2024-09-15T10:30Z,58,70,low
2024-09-15T10:30Z,2024-09-15T11:00Z,61,70,low
2024-09-15T11:00Z,2024-09-15T11:30Z,63,74,low
2024-09-15T11:30Z,2024-09-15T12:00Z,64,76,low
2024-09-15T12:00Z,2024-09-15T12:30Z,68,80,low
2024-09-15T12:30Z,2024-09-15T13:00Z,70,86,low
2024-09-15T13:00Z,2024-09-15T13:30Z,76,88,low
2024-09-15T13:30Z,2024-09-15T14:00Z,81,100,low
2024-09-15T14:00Z,2024-09-15T14:30Z,83,106,low
2024-09-15T14:30Z,2024-09-15T15:00Z,96,119,moderate
2024-09-15T15:00Z,2024-09-15T15:30Z,111,132,moderate
2024-09-15T15:30Z,2024-09-15T16:00Z,121,140,moderate
2024-09-15T16:00Z,2024-09-15T16:30Z,157,141,moderate
2024-09-15T16:30Z,2024-09-15T17:00Z,159,137,moderate
2024-09-15T17:00Z,2024-09-15T17:30Z,147,147,moderate
2024-09-15T17:30Z,2024-09-15T18:00Z,166,155,moderate
2024-09-15T18:00Z,2024-09-15T18:30Z,151,159,moderate
2024-09-15T18:30Z,2024-09-15T19:00Z,159,157,moderate
2024-09-15T19:00Z,2024-09-15T19:30Z,149,157,moderate
2024-09-15T19:30Z,2024-09-15T20:00Z,154,153,moderate
2024-09-15T20:00Z,2024-09-15T20:30Z,148,143,moderate
2024-09-15T20:30Z,2024-09-15T21:00Z,142,124,moderate
2024-09-15T21:00Z,2024-09-15T21:30Z,132,119,moderate
2024-09-15T21:30Z,2024-09-15T22:00Z,131,108,low
2024-09-15T22:00Z,2024-09-15T22:30Z,130,107,low
2024-09-15T22:30Z,2024-09-15T23:00Z,132,110,moderate
2024-09-15T23:00Z,2024-09-15T23:30Z,129,117,moderate
2024-09-15T23:30Z,2024-09-16T00:00Z,140,116,moderate
2024-09-16T00:00Z,2024-09-16T00:30Z,143,119,moderate
2024-09-16T00:30Z,2024-09-16T01:00Z,144,118,moderate
2024-09-16T01:00Z,2024-09-16T01:30Z,146,115,moderate
2024-09-16T01:30Z,2024-09-16T02:00Z,145,115,moderate
2024-09-16T02:00Z,2024-09-16T02:30Z,149,112,moderate
2024-09-16T02:30Z,2024-09-16T03:00Z,150,117,moderate
2024-09-16T03:00Z,2024-09-16T03:30Z,151,125,moderate
2024-09-16T03:30Z,2024-09-16T04:00Z,155,148,moderate
2024-09-16T04:00Z,2024-09-16T04:30Z,155,163,moderate
2024-09-16T04:30Z,2024-09-16T05:00Z,163,186,moderate
2024-09-16T05:00Z,2024-09-16T05:30Z,178,195,high
2024-09-16T05:30Z,2024-09-16T06:00Z,194,202,high
2024-09-16T06:00Z,2024-09-16T06:30Z,196,208,high
2024-09-16T06:30Z,2024-09-16T07:00Z,186,201,high
2024-09-16T07:00Z,2024-09-16T07:30Z,176,193,high
2024-09-16T07:30Z,2024-09-16T08:00Z,170,181,moderate
2024-09-16T08:00Z,2024-09-16T08:30Z,163,171,moderate
2024-09-16T08:30Z,2024-09-16T09:00Z,156,164,moderate
2024-09-16T09:00Z,2024-09-16T09:30Z,171,154,moderate
2024-09-16T09:30Z,2024-09-16T10:00Z,163,146,moderate
2024-09-16T10:00Z,2024-09-16T10:30Z,155,141,moderate
2024-09-16T10:30Z,2024-09-16T11:00Z,147,137,moderate
2024-09-16T11:00Z,2024-09-16T11:30Z,145,128,moderate
2024-09-16T11:30Z,2024-09-16T12:00Z,140,129,moderate
2024-09-16T12:00Z,2024-09-16T12:30Z,137,125,moderate
2024-09-16T12:30Z,2024-09-16T13:00Z,136,126,moderate
2024-09-16T13:00Z,2024-09-16T13:30Z,131,126,moderate
2024-09-16T13:30Z,2024-09-16T14:00Z,137,129,moderate
2024-09-16T14:00Z,2024-09-16T14:30Z,141,135,moderate
2024-09-16T14:30Z,2024-09-16T15:00Z,143,158,moderate
2024-09-16T15:00Z,2024-09-16T15:30Z,156,158,moderate
2024-09-16T15:30Z,2024-09-16T16:00Z,167,162,moderate
2024-09-16T16:00Z,2024-09-16T16:30Z,176,167,moderate
2024-09-16T16:30Z,2024-09-16T17:00Z,177,178,moderate
2024-09-16T17:00Z,2024-09-16T17:30Z,178,185,moderate
2024-09-16T17:30Z,2024-09-16T18:00Z,179,193,high
2024-09-16T18:00Z,2024-09-16T18:30Z,185,196,high
2024-09-16T18:30Z,2024-09-16T19:00Z,193,188,moderate
2024-09-16T19:00Z,2024-09-16T19:30Z,192,188,moderate
2024-09-16T19:30Z,2024-09-16T20:00Z,196,187,moderate
2024-09-16T20:00Z,2024-09-16T20:30Z,186,176,moderate
2024-09-16T20:30Z,2024-09-16T21:00Z,183,166,moderate
2024-09-16T21:00Z,2024-09-16T21:30Z,176,152,moderate
2024-09-16T21:30Z,2024-09-16T22:00Z,163,125,moderate
2024-09-16T22:00Z,2024-09-16T22:30Z,155,116,moderate
2024-09-16T22:30Z,2024-09-16T23:00Z,136,113,moderate
2024-09-16T23:00Z,2024-09-16T23:30Z,134,111,moderate
2024-09-16T23:30Z,2024-09-17T00:00Z,135,112,moderate
2024-09-17T00:00Z,2024-09-17T00:30Z,119,110,moderate
2024-09-17T00:30Z,2024-09-17T01:00Z,116,105,low
2024-09-17T01:00Z,2024-09-17T01:30Z,111,103,low
2024-09-17T01:30Z,2024-09-17T02:00Z,122,102,low
2024-09-17T02:00Z,2024-09-17T02:30Z,111,108,low
2024-09-17T02:30Z,2024-09-17T03:00Z,103,105,low
2024-09-17T03:00Z,2024-09-17T03:30Z,111,107,low
2024-09-17T03:30Z,2024-09-17T04:00Z,113,131,moderate
2024-09-17T04:00Z,2024-09-17T04:30Z,115,141,moderate
2024-09-17T04:30Z,2024-09-17T05:00Z,139,164,moderate
2024-09-17T05:00Z,2024-09-17T05:30Z,155,173,moderate
2024-09-17T05:30Z,2024-09-17T06:00Z,178,180,moderate
2024-09-17T06:00Z,2024-09-17T06:30Z,166,179,moderate
2024-09-17T06:30Z,2024-09-17T07:00Z,171,170,moderate
2024-09-17T07:00Z,2024-09-17T07:30Z,168,165,moderate
2024-09-17T07:30Z,2024-09-17T08:00Z,171,156,moderate
2024-09-17T08:00Z,2024-09-17T08:30Z,164,142,moderate
2024-09-17T08:30Z,2024-09-17T09:00Z,152,127,moderate
2024-09-17T09:00Z,2024-09-17T09:30Z,140,117,moderate
2024-09-17T09:30Z,2024-09-17T10:00Z,127,110,moderate
2024-09-17T10:00Z,2024-09-17T10:30Z,115,103,low
2024-09-17T10:30Z,2024-09-17T11:00Z,110,97,low
2024-09-17T11:00Z,2024-09-17T11:30Z,106,97,low
2024-09-17T11:30Z,2024-09-17T12:00Z,95,95,low
2024-09-17T12:00Z,2024-09-17T12:30Z,93,94,low
2024-09-17T12:30Z,2024-09-17T13:00Z,97,94,low
2024-09-17T13:00Z,2024-09-17T13:30Z,95,96,low
2024-09-17T13:30Z,2024-09-17T14:00Z,97,104,low
2024-09-17T14:00Z,2024-09-17T14:30Z,104,115,moderate
2024-09-17T14:30Z,2024-09-17T15:00Z,114,131,moderate
2024-09-17T15:00Z,2024-09-17T15:30Z,138,154,moderate
2024-09-17T15:30Z,2024-09-17T16:00Z,158,169,moderate
2024-09-17T16:00Z,2024-09-17T16:30Z,165,173,moderate
2024-09-17T16:30Z,2024-09-17T17:00Z,186,179,moderate
2024-09-17T17:00Z,2024-09-17T17:30Z,181,188,moderate
2024-09-17T17:30Z,2024-09-17T18:00Z,187,194,high
2024-09-17T18:00Z,2024-09-17T18:30Z,190,193,high
2024-09-17T18:30Z,2024-09-17T19:00Z,194,194,high
2024-09-17T19:00Z,2024-09-17T19:30Z,193,190,high
2024-09-17T19:30Z,2024-09-17T20:00Z,188,180,moderate
2024-09-17T20:00Z,2024-09-17T20:30Z,189,167,moderate
2024-09-17T20:30Z,2024-09-17T21:00Z,168,151,moderate
2024-09-17T21:00Z,2024-09-17T21:30Z,163,128,moderate
2024-09-17T21:30Z,2024-09-17T22:00Z,133,110,moderate
2024-09-17T22:00Z,2024-09-17T22:30Z,127,100,low
2024-09-17T22:30Z,2024-09-17T23:00Z,114,99,low
2024-09-17T23:00Z,2024-09-17T23:30Z,109,98,low
2024-09-17T23:30Z,2024-09-18T00:00Z,103,99,low
2024-09-18T00:00Z,2024-09-18T00:30Z,103,105,low
2024-09-18T00:30Z,2024-09-18T01:00Z,100,103,low
2024-09-18T01:00Z,2024-09-18T01:30Z,105,101,low
2024-09-18T01:30Z,2024-09-18T02:00Z,108,96,low
2024-09-18T02:00Z,2024-09-18T02:30Z,104,93,low
2024-09-18T02:30Z,2024-09-18T03:00Z,95,87,low
2024-09-18T03:00Z,2024-09-18T03:30Z,96,93,low
2024-09-18T03:30Z,2024-09-18T04:00Z,91,121,moderate
2024-09-18T04:00Z,2024-09-18T04:30Z,96,138,moderate
2024-09-18T04:30Z,2024-09-18T05:00Z,126,163,moderate
2024-09-18T05:00Z,2024-09-18T05:30Z,138,166,moderate
2024-09-18T05:30Z,2024-09-18T06:00Z,178,164,moderate
2024-09-18T06:00Z,2024-09-18T06:30Z,164,169,moderate
2024-09-18T06:30Z,2024-09-18T07:00Z,154,167,moderate
2024-09-18T07:00Z,2024-09-18T07:30Z,159,166,moderate
2024-09-18T07:30Z,2024-09-18T08:00Z,156,161,moderate
2024-09-18T08:00Z,2024-09-18T08:30Z,152,155,moderate
2024-09-18T08:30Z,2024-09-18T09:00Z,144,144,moderate
2024-09-18T09:00Z,2024-09-18T09:30Z,144,136,moderate
2024-09-18T09:30Z,2024-09-18T10:00Z,152,128,moderate
2024-09-18T10:00Z,2024-09-18T10:30Z,136,114,moderate
2024-09-18T10:30Z,2024-09-18T11:00Z,125,108,low
2024-09-18T11:00Z,2024-09-18T11:30Z,112,103,low
2024-09-18T11:30Z,2024-09-18T12:00Z,105,99,low
2024-09-18T12:00Z,2024-09-18T12:30Z,95,94,low
2024-09-18T12:30Z,2024-09-18T13:00Z,94,89,low
2024-09-18T13:00Z,2024-09-18T13:30Z,89,91,low
2024-09-18T13:30Z,2024-09-18T14:00Z,85,94,low
2024-09-18T14:00Z,2024-09-18T14:30Z,87,99,low
2024-09-18T14:30Z,2024-09-18T15:00Z,92,115,moderate
2024-09-18T15:00Z,2024-09-18T15:30Z,107,129,moderate
2024-09-18T15:30Z,2024-09-18T16:00Z,124,142,moderate
2024-09-18T16:00Z,2024-09-18T16:30Z,134,157,moderate
2024-09-18T16:30Z,2024-09-18T17:00Z,158,167,moderate
2024-09-18T17:00Z,2024-09-18T17:30Z,158,175,moderate
2024-09-18T17:30Z,2024-09-18T18:00Z,165,178,moderate
2024-09-18T18:00Z,2024-09-18T18:30Z,180,176,moderate
2024-09-18T18:30Z,2024-09-18T19:00Z,169,175,moderate
2024-09-18T19:00Z,2024-09-18T19:30Z,164,171,moderate
2024-09-18T19:30Z,2024-09-18T20:00Z,147,163,moderate
2024-09-18T20:00Z,2024-09-18T20:30Z,163,147,moderate
2024-09-18T20:30Z,2024-09-18T21:00Z,137,131,moderate
2024-09-18T21:00Z,2024-09-18T21:30Z,153,115,moderate
2024-09-18T21:30Z,2024-09-18T22:00Z,140,105,low
2024-09-18T22:00Z,2024-09-18T22:30Z,118,103,low
2024-09-18T22:30Z,2024-09-18T23:00Z,107,98,low
2024-09-18T23:00Z,2024-09-18T23:30Z,105,99,low
2024-09-18T23:30Z,2024-09-19T00:00Z,104,103,low
2024-09-19T00:00Z,2024-09-19T00:30Z,103,107,low
2024-09-19T00:30Z,2024-09-19T01:00Z,105,107,low
2024-09-19T01:00Z,2024-09-19T01:30Z,109,108,low
2024-09-19T01:30Z,2024-09-19T02:00Z,107,111,moderate
2024-09-19T02:00Z,2024-09-19T02:30Z,109,110,moderate
2024-09-19T02:30Z,2024-09-19T03:00Z,113,115,moderate
2024-09-19T03:00Z,2024-09-19T03:30Z,114,121,moderate
2024-09-19T03:30Z,2024-09-19T04:00Z,121,151,moderate
2024-09-19T04:00Z,2024-09-19T04:30Z,127,168,moderate
2024-09-19T04:30Z,2024-09-19T05:00Z,154,191,high
2024-09-19T05:00Z,2024-09-19T05:30Z,149,196,high
2024-09-19T05:30Z,2024-09-19T06:00Z,197,192,high
2024-09-19T06:00Z,2024-09-19T06:30Z,192,192,high
2024-09-19T06:30Z,2024-09-19T07:00Z,195,187,moderate
2024-09-19T07:00Z,2024-09-19T07:30Z,179,184,moderate
2024-09-19T07:30Z,2024-09-19T08:00Z,178,181,moderate
2024-09-19T08:00Z,2024-09-19T08:30Z,169,176,moderate
2024-09-19T08:30Z,2024-09-19T09:00Z,167,171,moderate
2024-09-19T09:00Z,2024-09-19T09:30Z,156,161,moderate
2024-09-19T09:30Z,2024-09-19T10:00Z,155,151,moderate
2024-09-19T10:00Z,2024-09-19T10:30Z,151,138,moderate
2024-09-19T10:30Z,2024-09-19T11:00Z,143,135,moderate
2024-09-19T11:00Z,2024-09-19T11:30Z,130,128,moderate
2024-09-19T11:30Z,2024-09-19T12:00Z,126,121,moderate
2024-09-19T12:00Z,2024-09-19T12:30Z,111,116,moderate
2024-09-19T12:30Z,2024-09-19T13:00Z,114,118,moderate
2024-09-19T13:00Z,2024-09-19T13:30Z,113,121,moderate
2024-09-19T13:30Z,2024-09-19T14:00Z,113,125,moderate
2024-09-19T14:00Z,2024-09-19T14:30Z,130,138,moderate
2024-09-19T14:30Z,2024-09-19T15:00Z,129,150,moderate
2024-09-19T15:00Z,2024-09-19T15:30Z,140,162,moderate
2024-09-19T15:30Z,2024-09-19T16:00Z,148,172,moderate
2024-09-19T16:00Z,2024-09-19T16:30Z,170,180,moderate
2024-09-19T16:30Z,2024-09-19T17:00Z,174,185,moderate
2024-09-19T17:00Z,2024-09-19T17:30Z,188,189,moderate
2024-09-19T17:30Z,2024-09-19T18:00Z,195,193,high
2024-09-19T18:00Z,2024-09-19T18:30Z,200,190,high
2024-09-19T18:30Z,2024-09-19T19:00Z,187,182,moderate
2024-09-19T19:00Z,2024-09-19T19:30Z,181,172,moderate
2024-09-19T19:30Z,2024-09-19T20:00Z,179,163,moderate
2024-09-19T20:00Z,2024-09-19T20:30Z,176,151,moderate
2024-09-19T20:30Z,2024-09-19T21:00Z,158,136,moderate
2024-09-19T21:00Z,2024-09-19T21:30Z,142,124,moderate
2024-09-19T21:30Z,2024-09-19T22:00Z,138,106,low
2024-09-19T22:00Z,2024-09-19T22:30Z,142,101,low
2024-09-19T22:30Z,2024-09-19T23:00Z,117,101,low
2024-09-19T23:00Z,2024-09-19T23:30Z,116,103,low
2024-09-19T23:30Z,2024-09-20T00:00Z,110,105,low
2024-09-20T00:00Z,2024-09-20T00:30Z,109,107,low
2024-09-20T00:30Z,2024-09-20T01:00Z,107,113,moderate
2024-09-20T01:00Z,2024-09-20T01:30Z,108,112,moderate
2024-09-20T01:30Z,2024-09-20T02:00Z,116,112,moderate
2024-09-20T02:00Z,2024-09-20T02:30Z,114,107,low
2024-09-20T02:30Z,2024-09-20T03:00Z,116,101,low
2024-09-20T03:00Z,2024-09-20T03:30Z,113,93,low
2024-09-20T03:30Z,2024-09-20T04:00Z,99,102,low
2024-09-20T04:00Z,2024-09-20T04:30Z,96,116,moderate
2024-09-20T04:30Z,2024-09-20T05:00Z,108,146,moderate
2024-09-20T05:00Z,2024-09-20T05:30Z,111,156,moderate
2024-09-20T05:30Z,2024-09-20T06:00Z,147,153,moderate
2024-09-20T06:00Z,2024-09-20T06:30Z,158,158,moderate
2024-09-20T06:30Z,2024-09-20T07:00Z,150,157,moderate
2024-09-20T07:00Z,2024-09-20T07:30Z,144,154,moderate
2024-09-20T07:30Z,2024-09-20T08:00Z,152,152,moderate
2024-09-20T08:00Z,2024-09-20T08:30Z,155,146,moderate
2024-09-20T08:30Z,2024-09-20T09:00Z,151,138,moderate
2024-09-20T09:00Z,2024-09-20T09:30Z,141,133,moderate
2024-09-20T09:30Z,2024-09-20T10:00Z,140,125,moderate
2024-09-20T10:00Z,2024-09-20T10:30Z,131,121,moderate
2024-09-20T10:30Z,2024-09-20T11:00Z,120,115,moderate
2024-09-20T11:00Z,2024-09-20T11:30Z,114,114,moderate
2024-09-20T11:30Z,2024-09-20T12:00Z,95,113,moderate
2024-09-20T12:00Z,2024-09-20T12:30Z,98,112,moderate
2024-09-20T12:30Z,2024-09-20T13:00Z,112,108,low
2024-09-20T13:00Z,2024-09-20T13:30Z,108,107,low
2024-09-20T13:30Z,2024-09-20T14:00Z,110,103,low
2024-09-20T14:00Z,2024-09-20T14:30Z,111,100,low
2024-09-20T14:30Z,2024-09-20T15:00Z,110,101,low
2024-09-20T15:00Z,2024-09-20T15:30Z,101,107,low
2024-09-20T15:30Z,2024-09-20T16:00Z,114,118,moderate
2024-09-20T16:00Z,2024-09-20T16:30Z,123,122,moderate
2024-09-20T16:30Z,2024-09-20T17:00Z,124,130,moderate
2024-09-20T17:00Z,2024-09-20T17:30Z,119,135,moderate
2024-09-20T17:30Z,2024-09-20T18:00Z,130,135,moderate
2024-09-20T18:00Z,2024-09-20T18:30Z,130,133,moderate
2024-09-20T18:30Z,2024-09-20T19:00Z,137,133,moderate
2024-09-20T19:00Z,2024-09-20T19:30Z,136,127,moderate
2024-09-20T19:30Z,2024-09-20T20:00Z,130,119,moderate
2024-09-20T20:00Z,2024-09-20T20:30Z,118,121,moderate
2024-09-20T20:30Z,2024-09-20T21:00Z,113,102,low
2024-09-20T21:00Z,2024-09-20T21:30Z,129,93,low
2024-09-20T21:30Z,2024-09-20T22:00Z,108,80,low
2024-09-20T22:00Z,2024-09-20T22:30Z,97,82,low
2024-09-20T22:30Z,2024-09-20T23:00Z,83,81,low
2024-09-20T23:00Z,2024-09-20T23:30Z,85,83,low
2024-09-20T23:30Z,2024-09-21T00:00Z,87,86,low
2024-09-21T00:00Z,2024-09-21T00:30Z,81,88,low
2024-09-21T00:30Z,2024-09-21T01:00Z,81,85,low
2024-09-21T01:00Z,2024-09-21T01:30Z,81,87,low
2024-09-21T01:30Z,2024-09-21T02:00Z,81,87,low
2024-09-21T02:00Z,2024-09-21T02:30Z,81,85,low
2024-09-21T02:30Z,2024-09-21T03:00Z,83,83,low
2024-09-21T03:00Z,2024-09-21T03:30Z,83,83,low
2024-09-21T03:30Z,2024-09-21T04:00Z,86,85,low
2024-09-21T04:00Z,2024-09-21T04:30Z,84,90,low
2024-09-21T04:30Z,2024-09-21T05:00Z,83,106,low
2024-09-21T05:00Z,2024-09-21T05:30Z,91,118,moderate
2024-09-21T05:30Z,2024-09-21T06:00Z,104,120,moderate
2024-09-21T06:00Z,2024-09-21T06:30Z,112,132,moderate
2024-09-21T06:30Z,2024-09-21T07:00Z,115,144,moderate
2024-09-21T07:00Z,2024-09-21T07:30Z,125,140,moderate
2024-09-21T07:30Z,2024-09-21T08:00Z,122,136,moderate
2024-09-21T08:00Z,2024-09-21T08:30Z,126,134,moderate
2024-09-21T08:30Z,2024-09-21T09:00Z,121,135,moderate
2024-09-21T09:00Z,2024-09-21T09:30Z,122,131,moderate
2024-09-21T09:30Z,2024-09-21T10:00Z,124,126,moderate
2024-09-21T10:00Z,2024-09-21T10:30Z,118,122,moderate
2024-09-21T10:30Z,2024-09-21T11:00Z,119,120,moderate
2024-09-21T11:00Z,2024-09-21T11:30Z,116,117,moderate
2024-09-21T11:30Z,2024-09-21T12:00Z,111,114,moderate
2024-09-21T12:00Z,2024-09-21T12:30Z,113,113,moderate
2024-09-21T12:30Z,2024-09-21T13:00Z,114,112,moderate
2024-09-21T13:00Z,2024-09-21T13:30Z,113,112,moderate
2024-09-21T13:30Z,2024-09-21T14:00Z,112,110,moderate
2024-09-21T14:00Z,2024-09-21T14:30Z,113,115,moderate
2024-09-21T14:30Z,2024-09-21T15:00Z,108,124,moderate
2024-09-21T15:00Z,2024-09-21T15:30Z,109,141,moderate
2024-09-21T15:30Z,2024-09-21T16:00Z,137,153,moderate
2024-09-21T16:00Z,2024-09-21T16:30Z,152,156,moderate
2024-09-21T16:30Z,2024-09-21T17:00Z,172,163,moderate
2024-09-21T17:00Z,2024-09-21T17:30Z,177,168,moderate
2024-09-21T17:30Z,2024-09-21T18:00Z,160,169,moderate
2024-09-21T18:00Z,2024-09-21T18:30Z,161,170,moderate
2024-09-21T18:30Z,2024-09-21T19:00Z,167,173,moderate
2024-09-21T19:00Z,2024-09-21T19:30Z,169,166,moderate
2024-09-21T19:30Z,2024-09-21T20:00Z,166,156,moderate
2024-09-21T20:00Z,2024-09-21T20:30Z,185,148,moderate
2024-09-21T20:30Z,2024-09-21T21:00Z,154,135,moderate
2024-09-21T21:00Z,2024-09-21T21:30Z,150,119,moderate
2024-09-21T21:30Z,2024-09-21T22:00Z,141,105,low
2024-09-21T22:00Z,2024-09-21T22:30Z,125,102,low
2024-09-21T22:30Z,2024-09-21T23:00Z,109,104,low
2024-09-21T23:00Z,2024-09-21T23:30Z,106,102,low
2024-09-21T23:30Z,2024-09-22T00:00Z,107,101,low
2024-09-22T00:00Z,2024-09-22T00:30Z,101,101,low
2024-09-22T00:30Z,2024-09-22T01:00Z,105,99,low
2024-09-22T01:00Z,2024-09-22T01:30Z,98,100,low
2024-09-22T01:30Z,2024-09-22T02:00Z,97,100,low
2024-09-22T02:00Z,2024-09-22T02:30Z,105,101,low
2024-09-22T02:30Z,2024-09-22T03:00Z,99,104,low
2024-09-22T03:00Z,2024-09-22T03:30Z,97,103,low
2024-09-22T03:30Z,2024-09-22T04:00Z,100,106,low
2024-09-22T04:00Z,2024-09-22T04:30Z,104,103,low
2024-09-22T04:30Z,2024-09-22T05:00Z,111,103,low
2024-09-22T05:00Z,2024-09-22T05:30Z,113,112,moderate
2024-09-22T05:30Z,2024-09-22T06:00Z,105,122,moderate
2024-09-22T06:00Z,2024-09-22T06:30Z,104,130,moderate
2024-09-22T06:30Z,2024-09-22T07:00Z,126,138,moderate
2024-09-22T07:00Z,2024-09-22T07:30Z,132,140,moderate
2024-09-22T07:30Z,2024-09-22T08:00Z,131,150,moderate
2024-09-22T08:00Z,2024-09-22T08:30Z,139,158,moderate
2024-09-22T08:30Z,2024-09-22T09:00Z,151,161,moderate
2024-09-22T09:00Z,2024-09-22T09:30Z,176,160,moderate
2024-09-22T09:30Z,2024-09-22T10:00Z,166,162,moderate
2024-09-22T10:00Z,2024-09-22T10:30Z,167,162,moderate
2024-09-22T10:30Z,2024-09-22T11:00Z,165,165,moderate
2024-09-22T11:00Z,2024-09-22T11:30Z,163,163,moderate
2024-09-22T11:30Z,2024-09-22T12:00Z,165,164,moderate
2024-09-22T12:00Z,2024-09-22T12:30Z,163,167,moderate
2024-09-22T12:30Z,2024-09-22T13:00Z,169,169,moderate
2024-09-22T13:00Z,2024-09-22T13:30Z,167,173,moderate
2024-09-22T13:30Z,2024-09-22T14:00Z,170,177,moderate
2024-09-22T14:00Z,2024-09-22T14:30Z,173,182,moderate
2024-09-22T14:30Z,2024-09-22T15:00Z,177,187,moderate
2024-09-22T15:00Z,2024-09-22T15:30Z,201,198,high
2024-09-22T15:30Z,2024-09-22T16:00Z,196,198,high
2024-09-22T16:00Z,2024-09-22T16:30Z,200,199,high
2024-09-22T16:30Z,2024-09-22T17:00Z,200,202,high
2024-09-22T17:00Z,2024-09-22T17:30Z,204,206,high
2024-09-22T17:30Z,2024-09-22T18:00Z,202,206,high
2024-09-22T18:00Z,2024-09-22T18:30Z,205,206,high
2024-09-22T18:30Z,2024-09-22T19:00Z,207,206,high
2024-09-22T19:00Z,2024-09-22T19:30Z,203,204,high
2024-09-22T19:30Z,2024-09-22T20:00Z,208,194,high
2024-09-22T20:00Z,2024-09-22T20:30Z,190,188,moderate
2024-09-22T20:30Z,2024-09-22T21:00Z,188,186,moderate
2024-09-22T21:00Z,2024-09-22T21:30Z,186,176,moderate
2024-09-22T21:30Z,2024-09-22T22:00Z,181,157,moderate
2024-09-22T22:00Z,2024-09-22T22:30Z,186,148,moderate
2024-09-22T22:30Z,2024-09-22T23:00Z,166,145,moderate
2024-09-22T23:00Z,2024-09-22T23:30Z,163,144,moderate
2024-09-22T23:30Z,2024-09-23T00:00Z,158,143,moderate
2024-09-23T00:00Z,2024-09-23T00:30Z,146,143,moderate
2024-09-23T00:30Z,2024-09-23T01:00Z,143,142,moderate
2024-09-23T01:00Z,2024-09-23T01:30Z,150,140,moderate
2024-09-23T01:30Z,2024-09-23T02:00Z,145,143,moderate
2024-09-23T02:00Z,2024-09-23T02:30Z,146,142,moderate
2024-09-23T02:30Z,2024-09-23T03:00Z,148,141,moderate
2024-09-23T03:00Z,2024-09-23T03:30Z,146,143,moderate
2024-09-23T03:30Z,2024-09-23T04:00Z,145,149,moderate
2024-09-23T04:00Z,2024-09-23T04:30Z,152,161,moderate
2024-09-23T04:30Z,2024-09-23T05:00Z,167,177,moderate
2024-09-23T05:00Z,2024-09-23T05:30Z,174,184,moderate
2024-09-23T05:30Z,2024-09-23T06:00Z,193,197,high
2024-09-23T06:00Z,2024-09-23T06:30Z,188,200,high
2024-09-23T06:30Z,2024-09-23T07:00Z,207,204,high
2024-09-23T07:00Z,2024-09-23T07:30Z,202,204,high
2024-09-23T07:30Z,2024-09-23T08:00Z,205,203,high
2024-09-23T08:00Z,2024-09-23T08:30Z,207,201,high
2024-09-23T08:30Z,2024-09-23T09:00Z,204,201,high
2024-09-23T09:00Z,2024-09-23T09:30Z,200,202,high
2024-09-23T09:30Z,2024-09-23T10:00Z,201,201,high
2024-09-23T10:00Z,2024-09-23T10:30Z,203,202,high
2024-09-23T10:30Z,2024-09-23T11:00Z,201,201,high
2024-09-23T11:00Z,2024-09-23T11:30Z,205,198,high
2024-09-23T11:30Z,2024-09-23T12:00Z,203,197,high
2024-09-23T12:00Z,2024-09-23T12:30Z,202,198,high
2024-09-23T12:30Z,2024-09-23T13:00Z,199,196,high
2024-09-23T13:00Z,2024-09-23T13:30Z,202,197,high
2024-09-23T13:30Z,2024-09-23T14:00Z,199,200,high
2024-09-23T14:00Z,2024-09-23T14:30Z,196,204,high
2024-09-23T14:30Z,2024-09-23T15:00Z,201,204,high
2024-09-23T15:00Z,2024-09-23T15:30Z,207,202,high
2024-09-23T15:30Z,2024-09-23T16:00Z,215,195,high
2024-09-23T16:00Z,2024-09-23T16:30Z,208,196,high
2024-09-23T16:30Z,2024-09-23T17:00Z,199,202,high
2024-09-23T17:00Z,2024-09-23T17:30Z,202,208,high
2024-09-23T17:30Z,2024-09-23T18:00Z,207,211,high
2024-09-23T18:00Z,2024-09-23T18:30Z,210,206,high
2024-09-23T18:30Z,2024-09-23T19:00Z,212,204,high
2024-09-23T19:00Z,2024-09-23T19:30Z,207,194,high
2024-09-23T19:30Z,2024-09-23T20:00Z,207,186,moderate
2024-09-23T20:00Z,2024-09-23T20:30Z,195,178,moderate
2024-09-23T20:30Z,2024-09-23T21:00Z,176,167,moderate
2024-09-23T21:00Z,2024-09-23T21:30Z,173,149,moderate
2024-09-23T21:30Z,2024-09-23T22:00Z,163,128,moderate
2024-09-23T22:00Z,2024-09-23T22:30Z,146,120,moderate
2024-09-23T22:30Z,2024-09-23T23:00Z,136,120,moderate
2024-09-23T23:00Z,2024-09-23T23:30Z,137,125,moderate
2024-09-23T23:30Z,2024-09-24T00:00Z,134,128,moderate
2024-09-24T00:00Z,2024-09-24T00:30Z,127,129,moderate
2024-09-24T00:30Z,2024-09-24T01:00Z,129,122,moderate
2024-09-24T01:00Z,2024-09-24T01:30Z,133,123,moderate
2024-09-24T01:30Z,2024-09-24T02:00Z,125,125,moderate
2024-09-24T02:00Z,2024-09-24T02:30Z,123,119,moderate
2024-09-24T02:30Z,2024-09-24T03:00Z,124,118,moderate
2024-09-24T03:00Z,2024-09-24T03:30Z,118,111,moderate
2024-09-24T03:30Z,2024-09-24T04:00Z,120,112,moderate
2024-09-24T04:00Z,2024-09-24T04:30Z,116,128,moderate
2024-09-24T04:30Z,2024-09-24T05:00Z,114,148,moderate
2024-09-24T05:00Z,2024-09-24T05:30Z,133,163,moderate
2024-09-24T05:30Z,2024-09-24T06:00Z,154,175,moderate
2024-09-24T06:00Z,2024-09-24T06:30Z,174,178,moderate
2024-09-24T06:30Z,2024-09-24T07:00Z,176,180,moderate
2024-09-24T07:00Z,2024-09-24T07:30Z,169,177,moderate
2024-09-24T07:30Z,2024-09-24T08:00Z,182,174,moderate
2024-09-24T08:00Z,2024-09-24T08:30Z,176,169,moderate
2024-09-24T08:30Z,2024-09-24T09:00Z,174,158,moderate
2024-09-24T09:00Z,2024-09-24T09:30Z,166,152,moderate
2024-09-24T09:30Z,2024-09-24T10:00Z,163,150,moderate
2024-09-24T10:00Z,2024-09-24T10:30Z,156,145,moderate
2024-09-24T10:30Z,2024-09-24T11:00Z,151,144,moderate
2024-09-24T11:00Z,2024-09-24T11:30Z,146,143,moderate
2024-09-24T11:30Z,2024-09-24T12:00Z,146,141,moderate
2024-09-24T12:00Z,2024-09-24T12:30Z,137,142,moderate
2024-09-24T12:30Z,2024-09-24T13:00Z,142,141,moderate
2024-09-24T13:00Z,2024-09-24T13:30Z,144,143,moderate
2024-09-24T13:30Z,2024-09-24T14:00Z,140,150,moderate
2024-09-24T14:00Z,2024-09-24T14:30Z,148,155,moderate
2024-09-24T14:30Z,2024-09-24T15:00Z,159,160,moderate
2024-09-24T15:00Z,2024-09-24T15:30Z,165,165,moderate
2024-09-24T15:30Z,2024-09-24T16:00Z,164,168,moderate
2024-09-24T16:00Z,2024-09-24T16:30Z,167,166,moderate
2024-09-24T16:30Z,2024-09-24T17:00Z,179,166,moderate
2024-09-24T17:00Z,2024-09-24T17:30Z,180,168,moderate
2024-09-24T17:30Z,2024-09-24T18:00Z,172,172,moderate
2024-09-24T18:00Z,2024-09-24T18:30Z,169,172,moderate
2024-09-24T18:30Z,2024-09-24T19:00Z,169,170,moderate
2024-09-24T19:00Z,2024-09-24T19:30Z,161,158,moderate
2024-09-24T19:30Z,2024-09-24T20:00Z,172,145,moderate
2024-09-24T20:00Z,2024-09-24T20:30Z,148,136,moderate
2024-09-24T20:30Z,2024-09-24T21:00Z,144,122,moderate
2024-09-24T21:00Z,2024-09-24T21:30Z,131,110,moderate
2024-09-24T21:30Z,2024-09-24T22:00Z,138,103,low
2024-09-24T22:00Z,2024-09-24T22:30Z,114,102,low
2024-09-24T22:30Z,2024-09-24T23:00Z,104,102,low
2024-09-24T23:00Z,2024-09-24T23:30Z,106,100,low
2024-09-24T23:30Z,2024-09-25T00:00Z,112,97,low
2024-09-25T00:00Z,2024-09-25T00:30Z,98,95,low
2024-09-25T00:30Z,2024-09-25T01:00Z,95,99,low
2024-09-25T01:00Z,2024-09-25T01:30Z,95,105,low
2024-09-25T01:30Z,2024-09-25T02:00Z,93,110,moderate
2024-09-25T02:00Z,2024-09-25T02:30Z,100,116,moderate
2024-09-25T02:30Z,2024-09-25T03:00Z,102,116,moderate
2024-09-25T03:00Z,2024-09-25T03:30Z,109,125,moderate
2024-09-25T03:30Z,2024-09-25T04:00Z,127,131,moderate
2024-09-25T04:00Z,2024-09-25T04:30Z,132,152,moderate
2024-09-25T04:30Z,2024-09-25T05:00Z,150,182,moderate
2024-09-25T05:00Z,2024-09-25T05:30Z,178,205,high
2024-09-25T05:30Z,2024-09-25T06:00Z,202,226,high
2024-09-25T06:00Z,2024-09-25T06:30Z,193,230,high
2024-09-25T06:30Z,2024-09-25T07:00Z,232,232,high
2024-09-25T07:00Z,2024-09-25T07:30Z,233,231,high
2024-09-25T07:30Z,2024-09-25T08:00Z,234,232,high
2024-09-25T08:00Z,2024-09-25T08:30Z,237,229,high
2024-09-25T08:30Z,2024-09-25T09:00Z,237,213,high
2024-09-25T09:00Z,2024-09-25T09:30Z,232,218,high
2024-09-25T09:30Z,2024-09-25T10:00Z,218,216,high
2024-09-25T10:00Z,2024-09-25T10:30Z,222,218,high
2024-09-25T10:30Z,2024-09-25T11:00Z,217,215,high
2024-09-25T11:00Z,2024-09-25T11:30Z,215,215,high
2024-09-25T11:30Z,2024-09-25T12:00Z,213,214,high
2024-09-25T12:00Z,2024-09-25T12:30Z,211,213,high
2024-09-25T12:30Z,2024-09-25T13:00Z,212,214,high
2024-09-25T13:00Z,2024-09-25T13:30Z,207,208,high
2024-09-25T13:30Z,2024-09-25T14:00Z,212,210,high
2024-09-25T14:00Z,2024-09-25T14:30Z,210,210,high
2024-09-25T14:30Z,2024-09-25T15:00Z,210,210,high
2024-09-25T15:00Z,2024-09-25T15:30Z,210,207,high
2024-09-25T15:30Z,2024-09-25T16:00Z,205,205,high
2024-09-25T16:00Z,2024-09-25T16:30Z,204,209,high
2024-09-25T16:30Z,2024-09-25T17:00Z,201,205,high
2024-09-25T17:00Z,2024-09-25T17:30Z,200,200,high
2024-09-25T17:30Z,2024-09-25T18:00Z,195,192,high
2024-09-25T18:00Z,2024-09-25T18:30Z,193,185,moderate
2024-09-25T18:30Z,2024-09-25T19:00Z,179,172,moderate
2024-09-25T19:00Z,2024-09-25T19:30Z,170,162,moderate
2024-09-25T19:30Z,2024-09-25T20:00Z,149,142,moderate
2024-09-25T20:00Z,2024-09-25T20:30Z,154,120,moderate
2024-09-25T20:30Z,2024-09-25T21:00Z,147,104,low
2024-09-25T21:00Z,2024-09-25T21:30Z,128,94,low
2024-09-25T21:30Z,2024-09-25T22:00Z,117,81,low
2024-09-25T22:00Z,2024-09-25T22:30Z,99,76,low
2024-09-25T22:30Z,2024-09-25T23:00Z,91,73,low
2024-09-25T23:00Z,2024-09-25T23:30Z,90,72,low
2024-09-25T23:30Z,2024-09-26T00:00Z,93,72,low
2024-09-26T00:00Z,2024-09-26T00:30Z,96,78,low
2024-09-26T00:30Z,2024-09-26T01:00Z,75,88,low
2024-09-26T01:00Z,2024-09-26T01:30Z,83,88,low
2024-09-26T01:30Z,2024-09-26T02:00Z,88,82,low
2024-09-26T02:00Z,2024-09-26T02:30Z,95,83,low
2024-09-26T02:30Z,2024-09-26T03:00Z,84,84,low
2024-09-26T03:00Z,2024-09-26T03:30Z,86,86,low
2024-09-26T03:30Z,2024-09-26T04:00Z,84,89,low
2024-09-26T04:00Z,2024-09-26T04:30Z,90,93,low
2024-09-26T04:30Z,2024-09-26T05:00Z,94,116,moderate
2024-09-26T05:00Z,2024-09-26T05:30Z,100,127,moderate
2024-09-26T05:30Z,2024-09-26T06:00Z,111,132,moderate
2024-09-26T06:00Z,2024-09-26T06:30Z,127,134,moderate
2024-09-26T06:30Z,2024-09-26T07:00Z,130,130,moderate
2024-09-26T07:00Z,2024-09-26T07:30Z,127,121,moderate
2024-09-26T07:30Z,2024-09-26T08:00Z,134,115,moderate
2024-09-26T08:00Z,2024-09-26T08:30Z,126,102,low
2024-09-26T08:30Z,2024-09-26T09:00Z,119,99,low
2024-09-26T09:00Z,2024-09-26T09:30Z,115,94,low
2024-09-26T09:30Z,2024-09-26T10:00Z,108,94,low
2024-09-26T10:00Z,2024-09-26T10:30Z,103,93,low
2024-09-26T10:30Z,2024-09-26T11:00Z,105,94,low
2024-09-26T11:00Z,2024-09-26T11:30Z,100,95,low
2024-09-26T11:30Z,2024-09-26T12:00Z,106,91,low
2024-09-26T12:00Z,2024-09-26T12:30Z,109,86,low
2024-09-26T12:30Z,2024-09-26T13:00Z,104,86,low
2024-09-26T13:00Z,2024-09-26T13:30Z,105,90,low
2024-09-26T13:30Z,2024-09-26T14:00Z,99,93,low
2024-09-26T14:00Z,2024-09-26T14:30Z,99,97,low
2024-09-26T14:30Z,2024-09-26T15:00Z,101,99,low
2024-09-26T15:00Z,2024-09-26T15:30Z,108,105,low
2024-09-26T15:30Z,2024-09-26T16:00Z,108,115,moderate
2024-09-26T16:00Z,2024-09-26T16:30Z,109,119,moderate
2024-09-26T16:30Z,2024-09-26T17:00Z,114,124,moderate
2024-09-26T17:00Z,2024-09-26T17:30Z,118,125,moderate
2024-09-26T17:30Z,2024-09-26T18:00Z,119,123,moderate
2024-09-26T18:00Z,2024-09-26T18:30Z,115,119,moderate
2024-09-26T18:30Z,2024-09-26T19:00Z,116,109,low
2024-09-26T19:00Z,2024-09-26T19:30Z,123,97,low
2024-09-26T19:30Z,2024-09-26T20:00Z,114,84,low
2024-09-26T20:00Z,2024-09-26T20:30Z,103,77,low
2024-09-26T20:30Z,2024-09-26T21:00Z,87,70,low
2024-09-26T21:00Z,2024-09-26T21:30Z,79,58,low
2024-09-26T21:30Z,2024-09-26T22:00Z,73,52,low
2024-09-26T22:00Z,2024-09-26T22:30Z,61,49,low
2024-09-26T22:30Z,2024-09-26T23:00Z,58,51,low
2024-09-26T23:00Z,2024-09-26T23:30Z,58,50,low
2024-09-26T23:30Z,2024-09-27T00:00Z,57,52,low
2024-09-27T00:00Z,2024-09-27T00:30Z,52,51,low
2024-09-27T00:30Z,2024-09-27T01:00Z,55,63,low
2024-09-27T01:00Z,2024-09-27T01:30Z,58,60,low
2024-09-27T01:30Z,2024-09-27T02:00Z,63,64,low
2024-09-27T02:00Z,2024-09-27T02:30Z,61,56,low
2024-09-27T02:30Z,2024-09-27T03:00Z,67,44,low
2024-09-27T03:00Z,2024-09-27T03:30Z,60,44,low
2024-09-27T03:30Z,2024-09-27T04:00Z,48,45,low
2024-09-27T04:00Z,2024-09-27T04:30Z,47,49,low
2024-09-27T04:30Z,2024-09-27T05:00Z,52,49,low
2024-09-27T05:00Z,2024-09-27T05:30Z,55,58,low
2024-09-27T05:30Z,2024-09-27T06:00Z,58,56,low
2024-09-27T06:00Z,2024-09-27T06:30Z,58,65,low
2024-09-27T06:30Z,2024-09-27T07:00Z,59,68,low
2024-09-27T07:00Z,2024-09-27T07:30Z,60,69,low
2024-09-27T07:30Z,2024-09-27T08:00Z,66,68,low
2024-09-27T08:00Z,2024-09-27T08:30Z,66,67,low
2024-09-27T08:30Z,2024-09-27T09:00Z,59,63,low
2024-09-27T09:00Z,2024-09-27T09:30Z,70,58,low
2024-09-27T09:30Z,2024-09-27T10:00Z,165,53,low
2024-09-27T10:00Z,2024-09-27T10:30Z,55,50,low
2024-09-27T10:30Z,2024-09-27T11:00Z,54,50,low
2024-09-27T11:00Z,2024-09-27T11:30Z,55,45,low
2024-09-27T11:30Z,2024-09-27T12:00Z,50,42,low
2024-09-27T12:00Z,2024-09-27T12:30Z,46,41,low
2024-09-27T12:30Z,2024-09-27T13:00Z,43,43,low
2024-09-27T13:00Z,2024-09-27T13:30Z,40,42,low
2024-09-27T13:30Z,2024-09-27T14:00Z,44,41,low
2024-09-27T14:00Z,2024-09-27T14:30Z,44,47,low
2024-09-27T14:30Z,2024-09-27T15:00Z,43,53,low
2024-09-27T15:00Z,2024-09-27T15:30Z,47,65,low
2024-09-27T15:30Z,2024-09-27T16:00Z,53,80,low
2024-09-27T16:00Z,2024-09-27T16:30Z,62,94,low
2024-09-27T16:30Z,2024-09-27T17:00Z,79,102,low
2024-09-27T17:00Z,2024-09-27T17:30Z,92,109,low
2024-09-27T17:30Z,2024-09-27T18:00Z,98,112,moderate
2024-09-27T18:00Z,2024-09-27T18:30Z,102,111,moderate
2024-09-27T18:30Z,2024-09-27T19:00Z,100,108,low
2024-09-27T19:00Z,2024-09-27T19:30Z,101,107,low
2024-09-27T19:30Z,2024-09-27T20:00Z,106,102,low
2024-09-27T20:00Z,2024-09-27T20:30Z,104,89,low
2024-09-27T20:30Z,2024-09-27T21:00Z,105,73,low
2024-09-27T21:00Z,2024-09-27T21:30Z,89,68,low
2024-09-27T21:30Z,2024-09-27T22:00Z,73,56,low
2024-09-27T22:00Z,2024-09-27T22:30Z,66,53,low
2024-09-27T22:30Z,2024-09-27T23:00Z,59,52,low
2024-09-27T23:00Z,2024-09-27T23:30Z,59,51,low
2024-09-27T23:30Z,2024-09-28T00:00Z,60,54,low
2024-09-28T00:00Z,2024-09-28T00:30Z,49,55,low
2024-09-28T00:30Z,2024-09-28T01:00Z,49,59,low
2024-09-28T01:00Z,2024-09-28T01:30Z,50,59,low
2024-09-28T01:30Z,2024-09-28T02:00Z,54,61,low
2024-09-28T02:00Z,2024-09-28T02:30Z,56,62,low
2024-09-28T02:30Z,2024-09-28T03:00Z,62,62,low
2024-09-28T03:00Z,2024-09-28T03:30Z,65,64,low
2024-09-28T03:30Z,2024-09-28T04:00Z,64,68,low
2024-09-28T04:00Z,2024-09-28T04:30Z,60,74,low
2024-09-28T04:30Z,2024-09-28T05:00Z,69,86,low
2024-09-28T05:00Z,2024-09-28T05:30Z,73,105,low
2024-09-28T05:30Z,2024-09-28T06:00Z,91,122,moderate
2024-09-28T06:00Z,2024-09-28T06:30Z,52,133,moderate
2024-09-28T06:30Z,2024-09-28T07:00Z,104,140,moderate
2024-09-28T07:00Z,2024-09-28T07:30Z,122,138,moderate
2024-09-28T07:30Z,2024-09-28T08:00Z,127,137,moderate
2024-09-28T08:00Z,2024-09-28T08:30Z,124,132,moderate
2024-09-28T08:30Z,2024-09-28T09:00Z,117,128,moderate
2024-09-28T09:00Z,2024-09-28T09:30Z,121,130,moderate
2024-09-28T09:30Z,2024-09-28T10:00Z,109,128,moderate
2024-09-28T10:00Z,2024-09-28T10:30Z,115,127,moderate
2024-09-28T10:30Z,2024-09-28T11:00Z,114,125,moderate
2024-09-28T11:00Z,2024-09-28T11:30Z,113,121,moderate
2024-09-28T11:30Z,2024-09-28T12:00Z,115,120,moderate
2024-09-28T12:00Z,2024-09-28T12:30Z,117,120,moderate
2024-09-28T12:30Z,2024-09-28T13:00Z,111,124,moderate
2024-09-28T13:00Z,2024-09-28T13:30Z,110,128,moderate
2024-09-28T13:30Z,2024-09-28T14:00Z,117,136,moderate
2024-09-28T14:00Z,2024-09-28T14:30Z,120,150,moderate
2024-09-28T14:30Z,2024-09-28T15:00Z,130,162,moderate
2024-09-28T15:00Z,2024-09-28T15:30Z,165,184,moderate
2024-09-28T15:30Z,2024-09-28T16:00Z,164,200,high
2024-09-28T16:00Z,2024-09-28T16:30Z,188,212,high
2024-09-28T16:30Z,2024-09-28T17:00Z,207,217,high
2024-09-28T17:00Z,2024-09-28T17:30Z,214,220,high
2024-09-28T17:30Z,2024-09-28T18:00Z,216,217,high
2024-09-28T18:00Z,2024-09-28T18:30Z,211,216,high
2024-09-28T18:30Z,2024-09-28T19:00Z,208,214,high
2024-09-28T19:00Z,2024-09-28T19:30Z,211,212,high
2024-09-28T19:30Z,2024-09-28T20:00Z,206,207,high
2024-09-28T20:00Z,2024-09-28T20:30Z,197,201,high
2024-09-28T20:30Z,2024-09-28T21:00Z,195,192,high
2024-09-28T21:00Z,2024-09-28T21:30Z,180,180,moderate
2024-09-28T21:30Z,2024-09-28T22:00Z,169,164,moderate
2024-09-28T22:00Z,2024-09-28T22:30Z,151,154,moderate
2024-09-28T22:30Z,2024-09-28T23:00Z,145,147,moderate
2024-09-28T23:00Z,2024-09-28T23:30Z,136,141,moderate
2024-09-28T23:30Z,2024-09-29T00:00Z,132,133,moderate
2024-09-29T00:00Z,2024-09-29T00:30Z,130,123,moderate
2024-09-29T00:30Z,2024-09-29T01:00Z,128,118,moderate
2024-09-29T01:00Z,2024-09-29T01:30Z,124,113,moderate
2024-09-29T01:30Z,2024-09-29T02:00Z,117,107,low
2024-09-29T02:00Z,2024-09-29T02:30Z,114,106,low
2024-09-29T02:30Z,2024-09-29T03:00Z,102,103,low
2024-09-29T03:00Z,2024-09-29T03:30Z,102,103,low
2024-09-29T03:30Z,2024-09-29T04:00Z,102,106,low
2024-09-29T04:00Z,2024-09-29T04:30Z,104,99,low
2024-09-29T04:30Z,2024-09-29T05:00Z,115,102,low
2024-09-29T05:00Z,2024-09-29T05:30Z,119,103,low
2024-09-29T05:30Z,2024-09-29T06:00Z,109,102,low
2024-09-29T06:00Z,2024-09-29T06:30Z,110,110,moderate
2024-09-29T06:30Z,2024-09-29T07:00Z,113,113,moderate
2024-09-29T07:00Z,2024-09-29T07:30Z,111,114,moderate
2024-09-29T07:30Z,2024-09-29T08:00Z,112,112,moderate
2024-09-29T08:00Z,2024-09-29T08:30Z,111,105,low
2024-09-29T08:30Z,2024-09-29T09:00Z,109,99,low
2024-09-29T09:00Z,2024-09-29T09:30Z,102,95,low
2024-09-29T09:30Z,2024-09-29T10:00Z,94,93,low
2024-09-29T10:00Z,2024-09-29T10:30Z,91,88,low
2024-09-29T10:30Z,2024-09-29T11:00Z,92,86,low
2024-09-29T11:00Z,2024-09-29T11:30Z,88,82,low
2024-09-29T11:30Z,2024-09-29T12:00Z,82,81,low
2024-09-29T12:00Z,2024-09-29T12:30Z,73,79,low
2024-09-29T12:30Z,2024-09-29T13:00Z,80,75,low
2024-09-29T13:00Z,2024-09-29T13:30Z,79,71,low
2024-09-29T13:30Z,2024-09-29T14:00Z,75,73,low
2024-09-29T14:00Z,2024-09-29T14:30Z,74,69,low
2024-09-29T14:30Z,2024-09-29T15:00Z,71,77,low
2024-09-29T15:00Z,2024-09-29T15:30Z,72,83,low
2024-09-29T15:30Z,2024-09-29T16:00Z,70,87,low
2024-09-29T16:00Z,2024-09-29T16:30Z,71,92,low
2024-09-29T16:30Z,2024-09-29T17:00Z,77,101,low
2024-09-29T17:00Z,2024-09-29T17:30Z,76,101,low
2024-09-29T17:30Z,2024-09-29T18:00Z,81,90,low
2024-09-29T18:00Z,2024-09-29T18:30Z,77,81,low
2024-09-29T18:30Z,2024-09-29T19:00Z,80,63,low
2024-09-29T19:00Z,2024-09-29T19:30Z,74,55,low
2024-09-29T19:30Z,2024-09-29T20:00Z,60,54,low
2024-09-29T20:00Z,2024-09-29T20:30Z,57,56,low
2024-09-29T20:30Z,2024-09-29T21:00Z,47,57,low
2024-09-29T21:00Z,2024-09-29T21:30Z,46,54,low
2024-09-29T21:30Z,2024-09-29T22:00Z,51,57,low
2024-09-29T22:00Z,2024-09-29T22:30Z,52,52,low
2024-09-29T22:30Z,2024-09-29T23:00Z,49,51,low
2024-09-29T23:00Z,2024-09-29T23:30Z,51,53,low
2024-09-29T23:30Z,2024-09-30T00:00Z,53,51,low
2024-09-30T00:00Z,2024-09-30T00:30Z,55,55,low
2024-09-30T00:30Z,2024-09-30T01:00Z,44,60,low
2024-09-30T01:00Z,2024-09-30T01:30Z,46,58,low
2024-09-30T01:30Z,2024-09-30T02:00Z,49,59,low
2024-09-30T02:00Z,2024-09-30T02:30Z,51,58,low
2024-09-30T02:30Z,2024-09-30T03:00Z,49,58,low
2024-09-30T03:00Z,2024-09-30T03:30Z,49,59,low
2024-09-30T03:30Z,2024-09-30T04:00Z,49,57,low
2024-09-30T04:00Z,2024-09-30T04:30Z,50,60,low
2024-09-30T04:30Z,2024-09-30T05:00Z,51,63,low
2024-09-30T05:00Z,2024-09-30T05:30Z,58,71,low
2024-09-30T05:30Z,2024-09-30T06:00Z,57,78,low
2024-09-30T06:00Z,2024-09-30T06:30Z,59,94,low
2024-09-30T06:30Z,2024-09-30T07:00Z,72,101,low
2024-09-30T07:00Z,2024-09-30T07:30Z,70,107,low
2024-09-30T07:30Z,2024-09-30T08:00Z,95,113,moderate
2024-09-30T08:00Z,2024-09-30T08:30Z,94,116,moderate
2024-09-30T08:30Z,2024-09-30T09:00Z,101,117,moderate
2024-09-30T09:00Z,2024-09-30T09:30Z,100,121,moderate
2024-09-30T09:30Z,2024-09-30T10:00Z,107,122,moderate
2024-09-30T10:00Z,2024-09-30T10:30Z,110,124,moderate
2024-09-30T10:30Z,2024-09-30T11:00Z,118,126,moderate
2024-09-30T11:00Z,2024-09-30T11:30Z,114,126,moderate
2024-09-30T11:30Z,2024-09-30T12:00Z,116,126,moderate
2024-09-30T12:00Z,2024-09-30T12:30Z,112,125,moderate
2024-09-30T12:30Z,2024-09-30T13:00Z,114,125,moderate
2024-09-30T13:00Z,2024-09-30T13:30Z,112,120,moderate
2024-09-30T13:30Z,2024-09-30T14:00Z,108,117,moderate
2024-09-30T14:00Z,2024-09-30T14:30Z,106,114,moderate
2024-09-30T14:30Z,2024-09-30T15:00Z,105,118,moderate
2024-09-30T15:00Z,2024-09-30T15:30Z,117,120,moderate
2024-09-30T15:30Z,2024-09-30T16:00Z,120,123,moderate
2024-09-30T16:00Z,2024-09-30T16:30Z,116,129,moderate
2024-09-30T16:30Z,2024-09-30T17:00Z,125,134,moderate
2024-09-30T17:00Z,2024-09-30T17:30Z,125,133,moderate
2024-09-30T17:30Z,2024-09-30T18:00Z,129,130,moderate
2024-09-30T18:00Z,2024-09-30T18:30Z,127,127,moderate
2024-09-30T18:30Z,2024-09-30T19:00Z,119,121,moderate
2024-09-30T19:00Z,2024-09-30T19:30Z,115,112,moderate
2024-09-30T19:30Z,2024-09-30T20:00Z,96,100,low
2024-09-30T20:00Z,2024-09-30T20:30Z,103,82,low
2024-09-30T20:30Z,2024-09-30T21:00Z,96,70,low
2024-09-30T21:00Z,2024-09-30T21:30Z,77,64,low
2024-09-30T21:30Z,2024-09-30T22:00Z,61,63,low
2024-09-30T22:00Z,2024-09-30T22:30Z,56,61,low
2024-09-30T22:30Z,2024-09-30T23:00Z,54,59,low
2024-09-30T23:00Z,2024-09-30T23:30Z,54,59,low
2024-09-30T23:30Z,2024-10-01T00:00Z,55,59,low
2024-10-01T00:00Z,2024-10-01T00:30Z,52,60,low
2024-10-01T00:30Z,2024-10-01T01:00Z,53,57,low
2024-10-01T01:00Z,2024-10-01T01:30Z,54,58,low
2024-10-01T01:30Z,2024-10-01T02:00Z,53,56,low
2024-10-01T02:00Z,2024-10-01T02:30Z,52,55,low
2024-10-01T02:30Z,2024-10-01T03:00Z,51,53,low
2024-10-01T03:00Z,2024-10-01T03:30Z,53,52,low
2024-10-01T03:30Z,2024-10-01T04:00Z,52,59,low
2024-10-01T04:00Z,2024-10-01T04:30Z,51,66,low
2024-10-01T04:30Z,2024-10-01T05:00Z,56,86,low
2024-10-01T05:00Z,2024-10-01T05:30Z,59,103,low
2024-10-01T05:30Z,2024-10-01T06:00Z,79,118,moderate
2024-10-01T06:00Z,2024-10-01T06:30Z,100,119,moderate
2024-10-01T06:30Z,2024-10-01T07:00Z,113,116,moderate
2024-10-01T07:00Z,2024-10-01T07:30Z,108,119,moderate
2024-10-01T07:30Z,2024-10-01T08:00Z,96,123,moderate
2024-10-01T08:00Z,2024-10-01T08:30Z,108,121,moderate
2024-10-01T08:30Z,2024-10-01T09:00Z,102,118,moderate
2024-10-01T09:00Z,2024-10-01T09:30Z,96,115,moderate
2024-10-01T09:30Z,2024-10-01T10:00Z,108,108,low
2024-10-01T10:00Z,2024-10-01T10:30Z,98,106,low
2024-10-01T10:30Z,2024-10-01T11:00Z,98,100,low
2024-10-01T11:00Z,2024-10-01T11:30Z,90,102,low
2024-10-01T11:30Z,2024-10-01T12:00Z,95,101,low
2024-10-01T12:00Z,2024-10-01T12:30Z,89,99,low
2024-10-01T12:30Z,2024-10-01T13:00Z,88,97,low
2024-10-01T13:00Z,2024-10-01T13:30Z,89,98,low
2024-10-01T13:30Z,2024-10-01T14:00Z,89,101,low
2024-10-01T14:00Z,2024-10-01T14:30Z,92,99,low
2024-10-01T14:30Z,2024-10-01T15:00Z,94,105,low
2024-10-01T15:00Z,2024-10-01T15:30Z,99,109,low
2024-10-01T15:30Z,2024-10-01T16:00Z,108,116,moderate
2024-10-01T16:00Z,2024-10-01T16:30Z,112,118,moderate
2024-10-01T16:30Z,2024-10-01T17:00Z,116,125,moderate
2024-10-01T17:00Z,2024-10-01T17:30Z,121,130,moderate
2024-10-01T17:30Z,2024-10-01T18:00Z,122,129,moderate
2024-10-01T18:00Z,2024-10-01T18:30Z,126,127,moderate
2024-10-01T18:30Z,2024-10-01T19:00Z,114,126,moderate
2024-10-01T19:00Z,2024-10-01T19:30Z,122,120,moderate
2024-10-01T19:30Z,2024-10-01T20:00Z,121,109,low
2024-10-01T20:00Z,2024-10-01T20:30Z,110,95,low
2024-10-01T20:30Z,2024-10-01T21:00Z,107,74,low
2024-10-01T21:00Z,2024-10-01T21:30Z,63,68,low
2024-10-01T21:30Z,2024-10-01T22:00Z,71,58,low
2024-10-01T22:00Z,2024-10-01T22:30Z,63,52,low
2024-10-01T22:30Z,2024-10-01T23:00Z,60,54,low
2024-10-01T23:00Z,2024-10-01T23:30Z,62,52,low
2024-10-01T23:30Z,2024-10-02T00:00Z,64,52,low
2024-10-02T00:00Z,2024-10-02T00:30Z,53,54,low
2024-10-02T00:30Z,2024-10-02T01:00Z,55,55,low
2024-10-02T01:00Z,2024-10-02T01:30Z,55,56,low
2024-10-02T01:30Z,2024-10-02T02:00Z,55,56,low
2024-10-02T02:00Z,2024-10-02T02:30Z,57,57,low
2024-10-02T02:30Z,2024-10-02T03:00Z,58,59,low
2024-10-02T03:00Z,2024-10-02T03:30Z,60,62,low
2024-10-02T03:30Z,2024-10-02T04:00Z,62,72,low
2024-10-02T04:00Z,2024-10-02T04:30Z,65,89,low
2024-10-02T04:30Z,2024-10-02T05:00Z,72,110,moderate
2024-10-02T05:00Z,2024-10-02T05:30Z,96,127,moderate
2024-10-02T05:30Z,2024-10-02T06:00Z,105,132,moderate
2024-10-02T06:00Z,2024-10-02T06:30Z,148,135,moderate
2024-10-02T06:30Z,2024-10-02T07:00Z,140,133,moderate
2024-10-02T07:00Z,2024-10-02T07:30Z,136,135,moderate
2024-10-02T07:30Z,2024-10-02T08:00Z,135,132,moderate
2024-10-02T08:00Z,2024-10-02T08:30Z,134,128,moderate
2024-10-02T08:30Z,2024-10-02T09:00Z,125,125,moderate
2024-10-02T09:00Z,2024-10-02T09:30Z,115,120,moderate
2024-10-02T09:30Z,2024-10-02T10:00Z,129,121,moderate
2024-10-02T10:00Z,2024-10-02T10:30Z,125,118,moderate
2024-10-02T10:30Z,2024-10-02T11:00Z,126,117,moderate
2024-10-02T11:00Z,2024-10-02T11:30Z,122,116,moderate
2024-10-02T11:30Z,2024-10-02T12:00Z,115,118,moderate
2024-10-02T12:00Z,2024-10-02T12:30Z,113,117,moderate
2024-10-02T12:30Z,2024-10-02T13:00Z,119,118,moderate
2024-10-02T13:00Z,2024-10-02T13:30Z,121,121,moderate
2024-10-02T13:30Z,2024-10-02T14:00Z,122,127,moderate
2024-10-02T14:00Z,2024-10-02T14:30Z,130,139,moderate
2024-10-02T14:30Z,2024-10-02T15:00Z,134,145,moderate
2024-10-02T15:00Z,2024-10-02T15:30Z,142,156,moderate
2024-10-02T15:30Z,2024-10-02T16:00Z,146,162,moderate
2024-10-02T16:00Z,2024-10-02T16:30Z,151,164,moderate
2024-10-02T16:30Z,2024-10-02T17:00Z,170,171,moderate
2024-10-02T17:00Z,2024-10-02T17:30Z,174,174,moderate
2024-10-02T17:30Z,2024-10-02T18:00Z,172,171,moderate
2024-10-02T18:00Z,2024-10-02T18:30Z,172,173,moderate
2024-10-02T18:30Z,2024-10-02T19:00Z,162,169,moderate
2024-10-02T19:00Z,2024-10-02T19:30Z,163,164,moderate
2024-10-02T19:30Z,2024-10-02T20:00Z,161,153,moderate
2024-10-02T20:00Z,2024-10-02T20:30Z,159,144,moderate
2024-10-02T20:30Z,2024-10-02T21:00Z,148,127,moderate
2024-10-02T21:00Z,2024-10-02T21:30Z,156,119,moderate
2024-10-02T21:30Z,2024-10-02T22:00Z,121,104,low
2024-10-02T22:00Z,2024-10-02T22:30Z,116,102,low
2024-10-02T22:30Z,2024-10-02T23:00Z,109,106,low
2024-10-02T23:00Z,2024-10-02T23:30Z,109,109,low
2024-10-02T23:30Z,2024-10-03T00:00Z,116,121,moderate
2024-10-03T00:00Z,2024-10-03T00:30Z,114,125,moderate
2024-10-03T00:30Z,2024-10-03T01:00Z,117,123,moderate
2024-10-03T01:00Z,2024-10-03T01:30Z,127,124,moderate
2024-10-03T01:30Z,2024-10-03T02:00Z,117,122,moderate
2024-10-03T02:00Z,2024-10-03T02:30Z,121,122,moderate
2024-10-03T02:30Z,2024-10-03T03:00Z,121,134,moderate
2024-10-03T03:00Z,2024-10-03T03:30Z,119,126,moderate
2024-10-03T03:30Z,2024-10-03T04:00Z,120,126,moderate
2024-10-03T04:00Z,2024-10-03T04:30Z,125,146,moderate
2024-10-03T04:30Z,2024-10-03T05:00Z,118,170,moderate
2024-10-03T05:00Z,2024-10-03T05:30Z,150,189,moderate
2024-10-03T05:30Z,2024-10-03T06:00Z,173,200,high
2024-10-03T06:00Z,2024-10-03T06:30Z,60,204,high
2024-10-03T06:30Z,2024-10-03T07:00Z,190,209,high
2024-10-03T07:00Z,2024-10-03T07:30Z,200,203,high
2024-10-03T07:30Z,2024-10-03T08:00Z,198,194,high
2024-10-03T08:00Z,2024-10-03T08:30Z,194,183,moderate
2024-10-03T08:30Z,2024-10-03T09:00Z,183,169,moderate
2024-10-03T09:00Z,2024-10-03T09:30Z,172,159,moderate
2024-10-03T09:30Z,2024-10-03T10:00Z,157,148,moderate
2024-10-03T10:00Z,2024-10-03T10:30Z,151,142,moderate
2024-10-03T10:30Z,2024-10-03T11:00Z,136,140,moderate
2024-10-03T11:00Z,2024-10-03T11:30Z,121,143,moderate
2024-10-03T11:30Z,2024-10-03T12:00Z,136,143,moderate
2024-10-03T12:00Z,2024-10-03T12:30Z,138,147,moderate
2024-10-03T12:30Z,2024-10-03T13:00Z,147,151,moderate
2024-10-03T13:00Z,2024-10-03T13:30Z,147,155,moderate
2024-10-03T13:30Z,2024-10-03T14:00Z,150,160,moderate
2024-10-03T14:00Z,2024-10-03T14:30Z,171,171,moderate
2024-10-03T14:30Z,2024-10-03T15:00Z,166,181,moderate
2024-10-03T15:00Z,2024-10-03T15:30Z,176,190,high
2024-10-03T15:30Z,2024-10-03T16:00Z,190,201,high
2024-10-03T16:00Z,2024-10-03T16:30Z,196,208,high
2024-10-03T16:30Z,2024-10-03T17:00Z,202,212,high
2024-10-03T17:00Z,2024-10-03T17:30Z,207,219,high
2024-10-03T17:30Z,2024-10-03T18:00Z,207,219,high
2024-10-03T18:00Z,2024-10-03T18:30Z,206,220,high
2024-10-03T18:30Z,2024-10-03T19:00Z,208,214,high
2024-10-03T19:00Z,2024-10-03T19:30Z,200,206,high
2024-10-03T19:30Z,2024-10-03T20:00Z,203,193,high
2024-10-03T20:00Z,2024-10-03T20:30Z,196,180,moderate
2024-10-03T20:30Z,2024-10-03T21:00Z,172,158,moderate
2024-10-03T21:00Z,2024-10-03T21:30Z,166,140,moderate
2024-10-03T21:30Z,2024-10-03T22:00Z,153,123,moderate
2024-10-03T22:00Z,2024-10-03T22:30Z,130,106,low
2024-10-03T22:30Z,2024-10-03T23:00Z,117,100,low
2024-10-03T23:00Z,2024-10-03T23:30Z,118,101,low
2024-10-03T23:30Z,2024-10-04T00:00Z,115,98,low
2024-10-04T00:00Z,2024-10-04T00:30Z,93,100,low
2024-10-04T00:30Z,2024-10-04T01:00Z,91,101,low
2024-10-04T01:00Z,2024-10-04T01:30Z,91,98,low
2024-10-04T01:30Z,2024-10-04T02:00Z,92,96,low
2024-10-04T02:00Z,2024-10-04T02:30Z,90,98,low
2024-10-04T02:30Z,2024-10-04T03:00Z,86,106,low
2024-10-04T03:00Z,2024-10-04T03:30Z,105,107,low
2024-10-04T03:30Z,2024-10-04T04:00Z,102,125,moderate
2024-10-04T04:00Z,2024-10-04T04:30Z,102,136,moderate
2024-10-04T04:30Z,2024-10-04T05:00Z,121,164,moderate
2024-10-04T05:00Z,2024-10-04T05:30Z,132,174,moderate
2024-10-04T05:30Z,2024-10-04T06:00Z,154,175,moderate
2024-10-04T06:00Z,2024-10-04T06:30Z,145,177,moderate
2024-10-04T06:30Z,2024-10-04T07:00Z,170,178,moderate
2024-10-04T07:00Z,2024-10-04T07:30Z,168,177,moderate
2024-10-04T07:30Z,2024-10-04T08:00Z,163,169,moderate
2024-10-04T08:00Z,2024-10-04T08:30Z,162,151,moderate
2024-10-04T08:30Z,2024-10-04T09:00Z,152,133,moderate
2024-10-04T09:00Z,2024-10-04T09:30Z,132,123,moderate
2024-10-04T09:30Z,2024-10-04T10:00Z,121,111,moderate
2024-10-04T10:00Z,2024-10-04T10:30Z,114,101,low
2024-10-04T10:30Z,2024-10-04T11:00Z,105,102,low
2024-10-04T11:00Z,2024-10-04T11:30Z,113,104,low
2024-10-04T11:30Z,2024-10-04T12:00Z,105,101,low
2024-10-04T12:00Z,2024-10-04T12:30Z,103,101,low
2024-10-04T12:30Z,2024-10-04T13:00Z,97,104,low
2024-10-04T13:00Z,2024-10-04T13:30Z,97,108,low
2024-10-04T13:30Z,2024-10-04T14:00Z,95,109,low
2024-10-04T14:00Z,2024-10-04T14:30Z,102,117,moderate
2024-10-04T14:30Z,2024-10-04T15:00Z,111,127,moderate
2024-10-04T15:00Z,2024-10-04T15:30Z,115,143,moderate
2024-10-04T15:30Z,2024-10-04T16:00Z,127,154,moderate
2024-10-04T16:00Z,2024-10-04T16:30Z,139,161,moderate
2024-10-04T16:30Z,2024-10-04T17:00Z,150,161,moderate
2024-10-04T17:00Z,2024-10-04T17:30Z,158,163,moderate
2024-10-04T17:30Z,2024-10-04T18:00Z,159,164,moderate
2024-10-04T18:00Z,2024-10-04T18:30Z,154,161,moderate
2024-10-04T18:30Z,2024-10-04T19:00Z,151,152,moderate
2024-10-04T19:00Z,2024-10-04T19:30Z,151,143,moderate
2024-10-04T19:30Z,2024-10-04T20:00Z,138,142,moderate
2024-10-04T20:00Z,2024-10-04T20:30Z,128,131,moderate
2024-10-04T20:30Z,2024-10-04T21:00Z,135,117,moderate
2024-10-04T21:00Z,2024-10-04T21:30Z,118,107,low
2024-10-04T21:30Z,2024-10-04T22:00Z,100,81,low
2024-10-04T22:00Z,2024-10-04T22:30Z,96,74,low
2024-10-04T22:30Z,2024-10-04T23:00Z,76,72,low
2024-10-04T23:00Z,2024-10-04T23:30Z,74,69,low
2024-10-04T23:30Z,2024-10-05T00:00Z,74,65,low
2024-10-05T00:00Z,2024-10-05T00:30Z,62,67,low
2024-10-05T00:30Z,2024-10-05T01:00Z,64,66,low
2024-10-05T01:00Z,2024-10-05T01:30Z,62,66,low
2024-10-05T01:30Z,2024-10-05T02:00Z,62,64,low
2024-10-05T02:00Z,2024-10-05T02:30Z,65,66,low
2024-10-05T02:30Z,2024-10-05T03:00Z,62,68,low
2024-10-05T03:00Z,2024-10-05T03:30Z,65,65,low
2024-10-05T03:30Z,2024-10-05T04:00Z,66,66,low
2024-10-05T04:00Z,2024-10-05T04:30Z,64,67,low
2024-10-05T04:30Z,2024-10-05T05:00Z,67,68,low
2024-10-05T05:00Z,2024-10-05T05:30Z,66,72,low
2024-10-05T05:30Z,2024-10-05T06:00Z,66,76,low
2024-10-05T06:00Z,2024-10-05T06:30Z,74,82,low
2024-10-05T06:30Z,2024-10-05T07:00Z,73,92,low
2024-10-05T07:00Z,2024-10-05T07:30Z,73,89,low
2024-10-05T07:30Z,2024-10-05T08:00Z,86,86,low
2024-10-05T08:00Z,2024-10-05T08:30Z,83,79,low
2024-10-05T08:30Z,2024-10-05T09:00Z,77,69,low
2024-10-05T09:00Z,2024-10-05T09:30Z,71,60,low
2024-10-05T09:30Z,2024-10-05T10:00Z,66,51,low
2024-10-05T10:00Z,2024-10-05T10:30Z,59,45,low
2024-10-05T10:30Z,2024-10-05T11:00Z,54,44,low
2024-10-05T11:00Z,2024-10-05T11:30Z,48,43,low
2024-10-05T11:30Z,2024-10-05T12:00Z,47,40,low
2024-10-05T12:00Z,2024-10-05T12:30Z,47,37,low
2024-10-05T12:30Z,2024-10-05T13:00Z,47,35,low
2024-10-05T13:00Z,2024-10-05T13:30Z,41,35,low
2024-10-05T13:30Z,2024-10-05T14:00Z,38,34,very low
2024-10-05T14:00Z,2024-10-05T14:30Z,34,43,low
2024-10-05T14:30Z,2024-10-05T15:00Z,30,59,low
2024-10-05T15:00Z,2024-10-05T15:30Z,40,71,low
2024-10-05T15:30Z,2024-10-05T16:00Z,60,91,low
2024-10-05T16:00Z,2024-10-05T16:30Z,75,100,low
2024-10-05T16:30Z,2024-10-05T17:00Z,96,98,low
2024-10-05T17:00Z,2024-10-05T17:30Z,94,99,low
2024-10-05T17:30Z,2024-10-05T18:00Z,91,90,low
2024-10-05T18:00Z,2024-10-05T18:30Z,88,82,low
2024-10-05T18:30Z,2024-10-05T19:00Z,83,82,low
2024-10-05T19:00Z,2024-10-05T19:30Z,72,72,low
2024-10-05T19:30Z,2024-10-05T20:00Z,70,57,low
2024-10-05T20:00Z,2024-10-05T20:30Z,63,51,low
2024-10-05T20:30Z,2024-10-05T21:00Z,58,49,low
2024-10-05T21:00Z,2024-10-05T21:30Z,47,46,low
2024-10-05T21:30Z,2024-10-05T22:00Z,45,47,low
2024-10-05T22:00Z,2024-10-05T22:30Z,43,45,low
2024-10-05T22:30Z,2024-10-05T23:00Z,44,50,low
2024-10-05T23:00Z,2024-10-05T23:30Z,42,49,low
2024-10-05T23:30Z,2024-10-06T00:00Z,39,46,low
2024-10-06T00:00Z,2024-10-06T00:30Z,48,51,low
2024-10-06T00:30Z,2024-10-06T01:00Z,46,48,low
2024-10-06T01:00Z,2024-10-06T01:30Z,50,47,low
2024-10-06T01:30Z,2024-10-06T02:00Z,49,48,low
2024-10-06T02:00Z,2024-10-06T02:30Z,49,50,low
2024-10-06T02:30Z,2024-10-06T03:00Z,49,51,low
2024-10-06T03:00Z,2024-10-06T03:30Z,50,50,low
2024-10-06T03:30Z,2024-10-06T04:00Z,51,50,low
2024-10-06T04:00Z,2024-10-06T04:30Z,50,52,low
2024-10-06T04:30Z,2024-10-06T05:00Z,49,50,low
2024-10-06T05:00Z,2024-10-06T05:30Z,52,53,low
2024-10-06T05:30Z,2024-10-06T06:00Z,54,52,low
2024-10-06T06:00Z,2024-10-06T06:30Z,59,54,low
2024-10-06T06:30Z,2024-10-06T07:00Z,61,57,low
2024-10-06T07:00Z,2024-10-06T07:30Z,57,59,low
2024-10-06T07:30Z,2024-10-06T08:00Z,62,65,low
2024-10-06T08:00Z,2024-10-06T08:30Z,59,66,low
2024-10-06T08:30Z,2024-10-06T09:00Z,58,68,low
2024-10-06T09:00Z,2024-10-06T09:30Z,61,67,low
2024-10-06T09:30Z,2024-10-06T10:00Z,64,68,low
2024-10-06T10:00Z,2024-10-06T10:30Z,65,68,low
2024-10-06T10:30Z,2024-10-06T11:00Z,65,70,low
2024-10-06T11:00Z,2024-10-06T11:30Z,68,76,low
2024-10-06T11:30Z,2024-10-06T12:00Z,72,79,low
2024-10-06T12:00Z,2024-10-06T12:30Z,79,83,low
2024-10-06T12:30Z,2024-10-06T13:00Z,79,87,low
2024-10-06T13:00Z,2024-10-06T13:30Z,86,92,low
2024-10-06T13:30Z,2024-10-06T14:00Z,86,100,low
2024-10-06T14:00Z,2024-10-06T14:30Z,95,108,low
2024-10-06T14:30Z,2024-10-06T15:00Z,99,122,moderate
2024-10-06T15:00Z,2024-10-06T15:30Z,109,126,moderate
2024-10-06T15:30Z,2024-10-06T16:00Z,113,128,moderate
2024-10-06T16:00Z,2024-10-06T16:30Z,130,131,moderate
2024-10-06T16:30Z,2024-10-06T17:00Z,140,134,moderate
2024-10-06T17:00Z,2024-10-06T17:30Z,133,139,moderate
2024-10-06T17:30Z,2024-10-06T18:00Z,136,143,moderate
2024-10-06T18:00Z,2024-10-06T18:30Z,137,142,moderate
2024-10-06T18:30Z,2024-10-06T19:00Z,136,141,moderate
2024-10-06T19:00Z,2024-10-06T19:30Z,130,137,moderate
2024-10-06T19:30Z,2024-10-06T20:00Z,123,129,moderate
2024-10-06T20:00Z,2024-10-06T20:30Z,122,116,moderate
2024-10-06T20:30Z,2024-10-06T21:00Z,116,99,low
2024-10-06T21:00Z,2024-10-06T21:30Z,108,88,low
2024-10-06T21:30Z,2024-10-06T22:00Z,100,77,low
2024-10-06T22:00Z,2024-10-06T22:30Z,70,71,low
2024-10-06T22:30Z,2024-10-06T23:00Z,69,68,low
2024-10-06T23:00Z,2024-10-06T23:30Z,65,69,low
2024-10-06T23:30Z,2024-10-07T00:00Z,66,70,low
2024-10-07T00:00Z,2024-10-07T00:30Z,63,70,low
2024-10-07T00:30Z,2024-10-07T01:00Z,64,70,low
2024-10-07T01:00Z,2024-10-07T01:30Z,61,73,low
2024-10-07T01:30Z,2024-10-07T02:00Z,61,72,low
2024-10-07T02:00Z,2024-10-07T02:30Z,62,73,low
2024-10-07T02:30Z,2024-10-07T03:00Z,64,70,low
2024-10-07T03:00Z,2024-10-07T03:30Z,68,70,low
2024-10-07T03:30Z,2024-10-07T04:00Z,68,74,low
2024-10-07T04:00Z,2024-10-07T04:30Z,69,75,low
2024-10-07T04:30Z,2024-10-07T05:00Z,78,98,low
2024-10-07T05:00Z,2024-10-07T05:30Z,76,113,moderate
2024-10-07T05:30Z,2024-10-07T06:00Z,80,142,moderate
2024-10-07T06:00Z,2024-10-07T06:30Z,119,152,moderate
2024-10-07T06:30Z,2024-10-07T07:00Z,115,154,moderate
2024-10-07T07:00Z,2024-10-07T07:30Z,145,150,moderate
2024-10-07T07:30Z,2024-10-07T08:00Z,141,148,moderate
2024-10-07T08:00Z,2024-10-07T08:30Z,142,142,moderate
2024-10-07T08:30Z,2024-10-07T09:00Z,135,138,moderate
2024-10-07T09:00Z,2024-10-07T09:30Z,130,131,moderate
2024-10-07T09:30Z,2024-10-07T10:00Z,131,121,moderate
2024-10-07T10:00Z,2024-10-07T10:30Z,126,117,moderate
2024-10-07T10:30Z,2024-10-07T11:00Z,124,117,moderate
2024-10-07T11:00Z,2024-10-07T11:30Z,106,116,moderate
2024-10-07T11:30Z,2024-10-07T12:00Z,104,114,moderate
2024-10-07T12:00Z,2024-10-07T12:30Z,114,117,moderate
2024-10-07T12:30Z,2024-10-07T13:00Z,116,121,moderate
2024-10-07T13:00Z,2024-10-07T13:30Z,118,125,moderate
2024-10-07T13:30Z,2024-10-07T14:00Z,123,148,moderate
2024-10-07T14:00Z,2024-10-07T14:30Z,131,166,moderate
2024-10-07T14:30Z,2024-10-07T15:00Z,143,190,high
2024-10-07T15:00Z,2024-10-07T15:30Z,176,200,high
2024-10-07T15:30Z,2024-10-07T16:00Z,189,210,high
2024-10-07T16:00Z,2024-10-07T16:30Z,209,216,high
2024-10-07T16:30Z,2024-10-07T17:00Z,214,220,high
2024-10-07T17:00Z,2024-10-07T17:30Z,210,220,high
2024-10-07T17:30Z,2024-10-07T18:00Z,208,213,high
2024-10-07T18:00Z,2024-10-07T18:30Z,212,211,high
2024-10-07T18:30Z,2024-10-07T19:00Z,209,203,high
2024-10-07T19:00Z,2024-10-07T19:30Z,204,197,high
2024-10-07T19:30Z,2024-10-07T20:00Z,193,190,high
2024-10-07T20:00Z,2024-10-07T20:30Z,188,184,moderate
2024-10-07T20:30Z,2024-10-07T21:00Z,177,167,moderate
2024-10-07T21:00Z,2024-10-07T21:30Z,173,159,moderate
2024-10-07T21:30Z,2024-10-07T22:00Z,163,138,moderate
2024-10-07T22:00Z,2024-10-07T22:30Z,155,128,moderate
2024-10-07T22:30Z,2024-10-07T23:00Z,154,117,moderate
2024-10-07T23:00Z,2024-10-07T23:30Z,141,114,moderate
2024-10-07T23:30Z,2024-10-08T00:00Z,142,110,moderate
2024-10-08T00:00Z,2024-10-08T00:30Z,115,109,low
2024-10-08T00:30Z,2024-10-08T01:00Z,117,111,moderate
2024-10-08T01:00Z,2024-10-08T01:30Z,109,111,moderate
2024-10-08T01:30Z,2024-10-08T02:00Z,110,102,low
2024-10-08T02:00Z,2024-10-08T02:30Z,110,103,low
2024-10-08T02:30Z,2024-10-08T03:00Z,108,104,low
2024-10-08T03:00Z,2024-10-08T03:30Z,100,105,low
2024-10-08T03:30Z,2024-10-08T04:00Z,99,102,low
2024-10-08T04:00Z,2024-10-08T04:30Z,105,105,low
2024-10-08T04:30Z,2024-10-08T05:00Z,113,119,moderate
2024-10-08T05:00Z,2024-10-08T05:30Z,111,144,moderate
2024-10-08T05:30Z,2024-10-08T06:00Z,123,158,moderate
2024-10-08T06:00Z,2024-10-08T06:30Z,144,164,moderate
2024-10-08T06:30Z,2024-10-08T07:00Z,149,161,moderate
2024-10-08T07:00Z,2024-10-08T07:30Z,147,157,moderate
2024-10-08T07:30Z,2024-10-08T08:00Z,145,159,moderate
2024-10-08T08:00Z,2024-10-08T08:30Z,156,161,moderate
2024-10-08T08:30Z,2024-10-08T09:00Z,150,153,moderate
2024-10-08T09:00Z,2024-10-08T09:30Z,154,146,moderate
2024-10-08T09:30Z,2024-10-08T10:00Z,150,146,moderate
2024-10-08T10:00Z,2024-10-08T10:30Z,148,141,moderate
2024-10-08T10:30Z,2024-10-08T11:00Z,142,130,moderate
2024-10-08T11:00Z,2024-10-08T11:30Z,138,131,moderate
2024-10-08T11:30Z,2024-10-08T12:00Z,135,132,moderate
2024-10-08T12:00Z,2024-10-08T12:30Z,132,129,moderate
2024-10-08T12:30Z,2024-10-08T13:00Z,129,133,moderate
2024-10-08T13:00Z,2024-10-08T13:30Z,128,131,moderate
2024-10-08T13:30Z,2024-10-08T14:00Z,124,137,moderate
2024-10-08T14:00Z,2024-10-08T14:30Z,130,145,moderate
2024-10-08T14:30Z,2024-10-08T15:00Z,140,156,moderate
2024-10-08T15:00Z,2024-10-08T15:30Z,150,164,moderate
2024-10-08T15:30Z,2024-10-08T16:00Z,151,170,moderate
2024-10-08T16:00Z,2024-10-08T16:30Z,165,171,moderate
2024-10-08T16:30Z,2024-10-08T17:00Z,165,172,moderate
2024-10-08T17:00Z,2024-10-08T17:30Z,166,174,moderate
2024-10-08T17:30Z,2024-10-08T18:00Z,166,164,moderate
2024-10-08T18:00Z,2024-10-08T18:30Z,161,153,moderate
2024-10-08T18:30Z,2024-10-08T19:00Z,153,138,moderate
2024-10-08T19:00Z,2024-10-08T19:30Z,142,125,moderate
2024-10-08T19:30Z,2024-10-08T20:00Z,142,110,moderate
2024-10-08T20:00Z,2024-10-08T20:30Z,131,97,low
2024-10-08T20:30Z,2024-10-08T21:00Z,123,91,low
2024-10-08T21:00Z,2024-10-08T21:30Z,97,89,low
2024-10-08T21:30Z,2024-10-08T22:00Z,101,78,low
2024-10-08T22:00Z,2024-10-08T22:30Z,90,81,low
2024-10-08T22:30Z,2024-10-08T23:00Z,89,75,low
2024-10-08T23:00Z,2024-10-08T23:30Z,81,71,low
2024-10-08T23:30Z,2024-10-09T00:00Z,85,80,low
2024-10-09T00:00Z,2024-10-09T00:30Z,72,80,low
2024-10-09T00:30Z,2024-10-09T01:00Z,72,81,low
2024-10-09T01:00Z,2024-10-09T01:30Z,82,83,low
2024-10-09T01:30Z,2024-10-09T02:00Z,84,82,low
2024-10-09T02:00Z,2024-10-09T02:30Z,82,84,low
2024-10-09T02:30Z,2024-10-09T03:00Z,83,84,low
2024-10-09T03:00Z,2024-10-09T03:30Z,78,83,low
2024-10-09T03:30Z,2024-10-09T04:00Z,74,85,low
2024-10-09T04:00Z,2024-10-09T04:30Z,78,90,low
2024-10-09T04:30Z,2024-10-09T05:00Z,84,109,low
2024-10-09T05:00Z,2024-10-09T05:30Z,90,127,moderate
2024-10-09T05:30Z,2024-10-09T06:00Z,100,142,moderate
2024-10-09T06:00Z,2024-10-09T06:30Z,117,141,moderate
2024-10-09T06:30Z,2024-10-09T07:00Z,151,143,moderate
2024-10-09T07:00Z,2024-10-09T07:30Z,150,143,moderate
2024-10-09T07:30Z,2024-10-09T08:00Z,156,143,moderate
2024-10-09T08:00Z,2024-10-09T08:30Z,149,140,moderate
2024-10-09T08:30Z,2024-10-09T09:00Z,142,137,moderate
2024-10-09T09:00Z,2024-10-09T09:30Z,145,135,moderate
2024-10-09T09:30Z,2024-10-09T10:00Z,148,133,moderate
2024-10-09T10:00Z,2024-10-09T10:30Z,144,134,moderate
2024-10-09T10:30Z,2024-10-09T11:00Z,141,130,moderate
2024-10-09T11:00Z,2024-10-09T11:30Z,136,128,moderate
2024-10-09T11:30Z,2024-10-09T12:00Z,133,128,moderate
2024-10-09T12:00Z,2024-10-09T12:30Z,136,128,moderate
2024-10-09T12:30Z,2024-10-09T13:00Z,133,128,moderate
2024-10-09T13:00Z,2024-10-09T13:30Z,140,132,moderate
2024-10-09T13:30Z,2024-10-09T14:00Z,139,132,moderate
2024-10-09T14:00Z,2024-10-09T14:30Z,144,135,moderate
2024-10-09T14:30Z,2024-10-09T15:00Z,146,137,moderate
2024-10-09T15:00Z,2024-10-09T15:30Z,148,135,moderate
2024-10-09T15:30Z,2024-10-09T16:00Z,145,141,moderate
2024-10-09T16:00Z,2024-10-09T16:30Z,136,138,moderate
2024-10-09T16:30Z,2024-10-09T17:00Z,136,129,moderate
2024-10-09T17:00Z,2024-10-09T17:30Z,132,122,moderate
2024-10-09T17:30Z,2024-10-09T18:00Z,124,113,moderate
2024-10-09T18:00Z,2024-10-09T18:30Z,122,104,low
2024-10-09T18:30Z,2024-10-09T19:00Z,107,88,low
2024-10-09T19:00Z,2024-10-09T19:30Z,110,73,low
2024-10-09T19:30Z,2024-10-09T20:00Z,92,61,low
2024-10-09T20:00Z,2024-10-09T20:30Z,77,51,low
2024-10-09T20:30Z,2024-10-09T21:00Z,66,52,low
2024-10-09T21:00Z,2024-10-09T21:30Z,57,55,low
2024-10-09T21:30Z,2024-10-09T22:00Z,53,64,low
2024-10-09T22:00Z,2024-10-09T22:30Z,54,56,low
2024-10-09T22:30Z,2024-10-09T23:00Z,62,48,low
2024-10-09T23:00Z,2024-10-09T23:30Z,58,49,low
2024-10-09T23:30Z,2024-10-10T00:00Z,60,50,low
2024-10-10T00:00Z,2024-10-10T00:30Z,49,51,low
2024-10-10T00:30Z,2024-10-10T01:00Z,50,51,low
2024-10-10T01:00Z,2024-10-10T01:30Z,52,56,low
2024-10-10T01:30Z,2024-10-10T02:00Z,50,67,low
2024-10-10T02:00Z,2024-10-10T02:30Z,50,68,low
2024-10-10T02:30Z,2024-10-10T03:00Z,55,61,low
2024-10-10T03:00Z,2024-10-10T03:30Z,92,56,low
2024-10-10T03:30Z,2024-10-10T04:00Z,56,65,low
2024-10-10T04:00Z,2024-10-10T04:30Z,52,64,low
2024-10-10T04:30Z,2024-10-10T05:00Z,61,74,low
2024-10-10T05:00Z,2024-10-10T05:30Z,67,91,low
2024-10-10T05:30Z,2024-10-10T06:00Z,73,111,moderate
2024-10-10T06:00Z,2024-10-10T06:30Z,90,120,moderate
2024-10-10T06:30Z,2024-10-10T07:00Z,96,126,moderate
2024-10-10T07:00Z,2024-10-10T07:30Z,96,126,moderate
2024-10-10T07:30Z,2024-10-10T08:00Z,101,125,moderate
2024-10-10T08:00Z,2024-10-10T08:30Z,102,125,moderate
2024-10-10T08:30Z,2024-10-10T09:00Z,109,126,moderate
2024-10-10T09:00Z,2024-10-10T09:30Z,112,129,moderate
2024-10-10T09:30Z,2024-10-10T10:00Z,129,129,moderate
2024-10-10T10:00Z,2024-10-10T10:30Z,129,127,moderate
2024-10-10T10:30Z,2024-10-10T11:00Z,120,122,moderate
2024-10-10T11:00Z,2024-10-10T11:30Z,121,118,moderate
2024-10-10T11:30Z,2024-10-10T12:00Z,119,121,moderate
2024-10-10T12:00Z,2024-10-10T12:30Z,117,122,moderate
2024-10-10T12:30Z,2024-10-10T13:00Z,117,122,moderate
2024-10-10T13:00Z,2024-10-10T13:30Z,120,131,moderate
2024-10-10T13:30Z,2024-10-10T14:00Z,123,139,moderate
2024-10-10T14:00Z,2024-10-10T14:30Z,132,151,moderate
2024-10-10T14:30Z,2024-10-10T15:00Z,142,160,moderate
2024-10-10T15:00Z,2024-10-10T15:30Z,154,167,moderate
2024-10-10T15:30Z,2024-10-10T16:00Z,170,172,moderate
2024-10-10T16:00Z,2024-10-10T16:30Z,174,174,moderate
2024-10-10T16:30Z,2024-10-10T17:00Z,173,180,moderate
2024-10-10T17:00Z,2024-10-10T17:30Z,176,186,moderate
2024-10-10T17:30Z,2024-10-10T18:00Z,176,185,moderate
2024-10-10T18:00Z,2024-10-10T18:30Z,181,181,moderate
2024-10-10T18:30Z,2024-10-10T19:00Z,180,184,moderate
2024-10-10T19:00Z,2024-10-10T19:30Z,167,184,moderate
2024-10-10T19:30Z,2024-10-10T20:00Z,178,172,moderate
2024-10-10T20:00Z,2024-10-10T20:30Z,167,164,moderate
2024-10-10T20:30Z,2024-10-10T21:00Z,156,154,moderate
2024-10-10T21:00Z,2024-10-10T21:30Z,140,148,moderate
2024-10-10T21:30Z,2024-10-10T22:00Z,138,133,moderate
2024-10-10T22:00Z,2024-10-10T22:30Z,130,119,moderate
2024-10-10T22:30Z,2024-10-10T23:00Z,122,113,moderate
2024-10-10T23:00Z,2024-10-10T23:30Z,121,113,moderate
2024-10-10T23:30Z,2024-10-11T00:00Z,119,113,moderate
2024-10-11T00:00Z,2024-10-11T00:30Z,105,109,low
2024-10-11T00:30Z,2024-10-11T01:00Z,107,113,moderate
2024-10-11T01:00Z,2024-10-11T01:30Z,103,107,low
2024-10-11T01:30Z,2024-10-11T02:00Z,105,102,low
2024-10-11T02:00Z,2024-10-11T02:30Z,105,102,low
2024-10-11T02:30Z,2024-10-11T03:00Z,104,102,low
2024-10-11T03:00Z,2024-10-11T03:30Z,103,105,low
2024-10-11T03:30Z,2024-10-11T04:00Z,104,117,moderate
2024-10-11T04:00Z,2024-10-11T04:30Z,108,130,moderate
2024-10-11T04:30Z,2024-10-11T05:00Z,118,148,moderate
2024-10-11T05:00Z,2024-10-11T05:30Z,130,175,moderate
2024-10-11T05:30Z,2024-10-11T06:00Z,146,181,moderate
2024-10-11T06:00Z,2024-10-11T06:30Z,176,184,moderate
2024-10-11T06:30Z,2024-10-11T07:00Z,190,183,moderate
2024-10-11T07:00Z,2024-10-11T07:30Z,190,180,moderate
2024-10-11T07:30Z,2024-10-11T08:00Z,187,175,moderate
2024-10-11T08:00Z,2024-10-11T08:30Z,171,165,moderate
2024-10-11T08:30Z,2024-10-11T09:00Z,161,153,moderate
2024-10-11T09:00Z,2024-10-11T09:30Z,155,143,moderate
2024-10-11T09:30Z,2024-10-11T10:00Z,146,136,moderate
2024-10-11T10:00Z,2024-10-11T10:30Z,137,129,moderate
2024-10-11T10:30Z,2024-10-11T11:00Z,135,122,moderate
2024-10-11T11:00Z,2024-10-11T11:30Z,128,118,moderate
2024-10-11T11:30Z,2024-10-11T12:00Z,126,121,moderate
2024-10-11T12:00Z,2024-10-11T12:30Z,118,124,moderate
2024-10-11T12:30Z,2024-10-11T13:00Z,120,129,moderate
2024-10-11T13:00Z,2024-10-11T13:30Z,130,136,moderate
2024-10-11T13:30Z,2024-10-11T14:00Z,130,151,moderate
2024-10-11T14:00Z,2024-10-11T14:30Z,135,167,moderate
2024-10-11T14:30Z,2024-10-11T15:00Z,152,177,moderate
2024-10-11T15:00Z,2024-10-11T15:30Z,172,190,high
2024-10-11T15:30Z,2024-10-11T16:00Z,186,203,high
2024-10-11T16:00Z,2024-10-11T16:30Z,198,208,high
2024-10-11T16:30Z,2024-10-11T17:00Z,209,214,high
2024-10-11T17:00Z,2024-10-11T17:30Z,204,216,high
2024-10-11T17:30Z,2024-10-11T18:00Z,211,215,high
2024-10-11T18:00Z,2024-10-11T18:30Z,205,211,high
2024-10-11T18:30Z,2024-10-11T19:00Z,201,206,high
2024-10-11T19:00Z,2024-10-11T19:30Z,196,196,high
2024-10-11T19:30Z,2024-10-11T20:00Z,187,180,moderate
2024-10-11T20:00Z,2024-10-11T20:30Z,178,168,moderate
2024-10-11T20:30Z,2024-10-11T21:00Z,175,155,moderate
2024-10-11T21:00Z,2024-10-11T21:30Z,170,146,moderate
2024-10-11T21:30Z,2024-10-11T22:00Z,160,124,moderate
2024-10-11T22:00Z,2024-10-11T22:30Z,147,119,moderate
2024-10-11T22:30Z,2024-10-11T23:00Z,121,119,moderate
2024-10-11T23:00Z,2024-10-11T23:30Z,122,116,moderate
2024-10-11T23:30Z,2024-10-12T00:00Z,123,116,moderate
2024-10-12T00:00Z,2024-10-12T00:30Z,109,110,moderate
2024-10-12T00:30Z,2024-10-12T01:00Z,109,111,moderate
2024-10-12T01:00Z,2024-10-12T01:30Z,102,105,low
2024-10-12T01:30Z,2024-10-12T02:00Z,102,101,low
2024-10-12T02:00Z,2024-10-12T02:30Z,97,95,low
2024-10-12T02:30Z,2024-10-12T03:00Z,94,90,low
2024-10-12T03:00Z,2024-10-12T03:30Z,86,85,low
2024-10-12T03:30Z,2024-10-12T04:00Z,79,75,low
2024-10-12T04:00Z,2024-10-12T04:30Z,77,74,low
2024-10-12T04:30Z,2024-10-12T05:00Z,70,77,low
2024-10-12T05:00Z,2024-10-12T05:30Z,71,84,low
2024-10-12T05:30Z,2024-10-12T06:00Z,73,98,low
2024-10-12T06:00Z,2024-10-12T06:30Z,78,107,low
2024-10-12T06:30Z,2024-10-12T07:00Z,90,118,moderate
2024-10-12T07:00Z,2024-10-12T07:30Z,102,120,moderate
2024-10-12T07:30Z,2024-10-12T08:00Z,107,121,moderate
2024-10-12T08:00Z,2024-10-12T08:30Z,115,116,moderate
2024-10-12T08:30Z,2024-10-12T09:00Z,113,115,moderate
2024-10-12T09:00Z,2024-10-12T09:30Z,110,104,low
2024-10-12T09:30Z,2024-10-12T10:00Z,110,86,low
2024-10-12T10:00Z,2024-10-12T10:30Z,108,75,low
2024-10-12T10:30Z,2024-10-12T11:00Z,90,73,low
2024-10-12T11:00Z,2024-10-12T11:30Z,77,65,low
2024-10-12T11:30Z,2024-10-12T12:00Z,73,65,low
2024-10-12T12:00Z,2024-10-12T12:30Z,74,61,low
2024-10-12T12:30Z,2024-10-12T13:00Z,74,56,low
2024-10-12T13:00Z,2024-10-12T13:30Z,61,55,low
2024-10-12T13:30Z,2024-10-12T14:00Z,53,51,low
2024-10-12T14:00Z,2024-10-12T14:30Z,61,54,low
2024-10-12T14:30Z,2024-10-12T15:00Z,54,61,low
2024-10-12T15:00Z,2024-10-12T15:30Z,56,66,low
2024-10-12T15:30Z,2024-10-12T16:00Z,64,73,low
2024-10-12T16:00Z,2024-10-12T16:30Z,66,73,low
2024-10-12T16:30Z,2024-10-12T17:00Z,83,89,low
2024-10-12T17:00Z,2024-10-12T17:30Z,82,92,low
2024-10-12T17:30Z,2024-10-12T18:00Z,91,92,low
2024-10-12T18:00Z,2024-10-12T18:30Z,94,89,low
2024-10-12T18:30Z,2024-10-12T19:00Z,100,76,low
2024-10-12T19:00Z,2024-10-12T19:30Z,93,68,low
2024-10-12T19:30Z,2024-10-12T20:00Z,84,69,low
2024-10-12T20:00Z,2024-10-12T20:30Z,74,63,low
2024-10-12T20:30Z,2024-10-12T21:00Z,67,61,low
2024-10-12T21:00Z,2024-10-12T21:30Z,44,59,low
2024-10-12T21:30Z,2024-10-12T22:00Z,51,59,low
2024-10-12T22:00Z,2024-10-12T22:30Z,53,54,low
2024-10-12T22:30Z,2024-10-12T23:00Z,58,53,low
2024-10-12T23:00Z,2024-10-12T23:30Z,62,51,low
2024-10-12T23:30Z,2024-10-13T00:00Z,64,50,low
2024-10-13T00:00Z,2024-10-13T00:30Z,54,54,low
2024-10-13T00:30Z,2024-10-13T01:00Z,52,54,low
2024-10-13T01:00Z,2024-10-13T01:30Z,56,55,low
2024-10-13T01:30Z,2024-10-13T02:00Z,57,54,low
2024-10-13T02:00Z,2024-10-13T02:30Z,59,55,low
2024-10-13T02:30Z,2024-10-13T03:00Z,56,55,low
2024-10-13T03:00Z,2024-10-13T03:30Z,58,56,low
2024-10-13T03:30Z,2024-10-13T04:00Z,56,61,low
2024-10-13T04:00Z,2024-10-13T04:30Z,57,62,low
2024-10-13T04:30Z,2024-10-13T05:00Z,59,74,low
2024-10-13T05:00Z,2024-10-13T05:30Z,66,81,low
2024-10-13T05:30Z,2024-10-13T06:00Z,77,92,low
2024-10-13T06:00Z,2024-10-13T06:30Z,82,114,moderate
2024-10-13T06:30Z,2024-10-13T07:00Z,99,127,moderate
2024-10-13T07:00Z,2024-10-13T07:30Z,115,137,moderate
2024-10-13T07:30Z,2024-10-13T08:00Z,128,154,moderate
2024-10-13T08:00Z,2024-10-13T08:30Z,145,167,moderate
2024-10-13T08:30Z,2024-10-13T09:00Z,154,173,moderate
2024-10-13T09:00Z,2024-10-13T09:30Z,171,179,moderate
2024-10-13T09:30Z,2024-10-13T10:00Z,182,184,moderate
2024-10-13T10:00Z,2024-10-13T10:30Z,182,187,moderate
2024-10-13T10:30Z,2024-10-13T11:00Z,185,184,moderate
2024-10-13T11:00Z,2024-10-13T11:30Z,197,189,moderate
2024-10-13T11:30Z,2024-10-13T12:00Z,196,197,high
2024-10-13T12:00Z,2024-10-13T12:30Z,196,201,high
2024-10-13T12:30Z,2024-10-13T13:00Z,210,210,high
2024-10-13T13:00Z,2024-10-13T13:30Z,209,217,high
2024-10-13T13:30Z,2024-10-13T14:00Z,220,225,high
2024-10-13T14:00Z,2024-10-13T14:30Z,224,232,high
2024-10-13T14:30Z,2024-10-13T15:00Z,235,239,high
2024-10-13T15:00Z,2024-10-13T15:30Z,239,241,high
2024-10-13T15:30Z,2024-10-13T16:00Z,242,247,high
2024-10-13T16:00Z,2024-10-13T16:30Z,241,251,high
2024-10-13T16:30Z,2024-10-13T17:00Z,242,247,high
2024-10-13T17:00Z,2024-10-13T17:30Z,254,247,high
2024-10-13T17:30Z,2024-10-13T18:00Z,246,249,high
2024-10-13T18:00Z,2024-10-13T18:30Z,245,251,high
2024-10-13T18:30Z,2024-10-13T19:00Z,246,254,high
2024-10-13T19:00Z,2024-10-13T19:30Z,244,253,high
2024-10-13T19:30Z,2024-10-13T20:00Z,247,242,high
2024-10-13T20:00Z,2024-10-13T20:30Z,241,231,high
2024-10-13T20:30Z,2024-10-13T21:00Z,223,214,high
2024-10-13T21:00Z,2024-10-13T21:30Z,211,201,high
2024-10-13T21:30Z,2024-10-13T22:00Z,191,185,moderate
2024-10-13T22:00Z,2024-10-13T22:30Z,174,172,moderate
2024-10-13T22:30Z,2024-10-13T23:00Z,166,168,moderate
2024-10-13T23:00Z,2024-10-13T23:30Z,161,167,moderate
2024-10-13T23:30Z,2024-10-14T00:00Z,154,170,moderate
2024-10-14T00:00Z,2024-10-14T00:30Z,157,172,moderate
2024-10-14T00:30Z,2024-10-14T01:00Z,159,171,moderate
2024-10-14T01:00Z,2024-10-14T01:30Z,176,168,moderate
2024-10-14T01:30Z,2024-10-14T02:00Z,179,168,moderate
2024-10-14T02:00Z,2024-10-14T02:30Z,163,167,moderate
2024-10-14T02:30Z,2024-10-14T03:00Z,163,168,moderate
2024-10-14T03:00Z,2024-10-14T03:30Z,163,167,moderate
2024-10-14T03:30Z,2024-10-14T04:00Z,165,173,moderate
2024-10-14T04:00Z,2024-10-14T04:30Z,170,190,high
2024-10-14T04:30Z,2024-10-14T05:00Z,184,226,high
2024-10-14T05:00Z,2024-10-14T05:30Z,216,240,high
2024-10-14T05:30Z,2024-10-14T06:00Z,236,246,high
2024-10-14T06:00Z,2024-10-14T06:30Z,249,247,high
2024-10-14T06:30Z,2024-10-14T07:00Z,246,252,high
2024-10-14T07:00Z,2024-10-14T07:30Z,250,248,high
2024-10-14T07:30Z,2024-10-14T08:00Z,252,243,high
2024-10-14T08:00Z,2024-10-14T08:30Z,247,242,high
2024-10-14T08:30Z,2024-10-14T09:00Z,241,240,high
2024-10-14T09:00Z,2024-10-14T09:30Z,240,239,high
2024-10-14T09:30Z,2024-10-14T10:00Z,240,237,high
2024-10-14T10:00Z,2024-10-14T10:30Z,241,234,high
2024-10-14T10:30Z,2024-10-14T11:00Z,237,232,high
2024-10-14T11:00Z,2024-10-14T11:30Z,232,233,high
2024-10-14T11:30Z,2024-10-14T12:00Z,230,231,high
2024-10-14T12:00Z,2024-10-14T12:30Z,233,235,high
2024-10-14T12:30Z,2024-10-14T13:00Z,234,239,high
2024-10-14T13:00Z,2024-10-14T13:30Z,236,245,high
2024-10-14T13:30Z,2024-10-14T14:00Z,243,243,high
2024-10-14T14:00Z,2024-10-14T14:30Z,247,243,high
2024-10-14T14:30Z,2024-10-14T15:00Z,243,242,high
2024-10-14T15:00Z,2024-10-14T15:30Z,245,245,high
2024-10-14T15:30Z,2024-10-14T16:00Z,247,249,high
2024-10-14T16:00Z,2024-10-14T16:30Z,252,251,high
2024-10-14T16:30Z,2024-10-14T17:00Z,253,251,high
2024-10-14T17:00Z,2024-10-14T17:30Z,252,252,high
2024-10-14T17:30Z,2024-10-14T18:00Z,250,248,high
2024-10-14T18:00Z,2024-10-14T18:30Z,249,247,high
2024-10-14T18:30Z,2024-10-14T19:00Z,247,250,high
2024-10-14T19:00Z,2024-10-14T19:30Z,252,246,high
2024-10-14T19:30Z,2024-10-14T20:00Z,247,239,high
2024-10-14T20:00Z,2024-10-14T20:30Z,234,225,high
2024-10-14T20:30Z,2024-10-14T21:00Z,222,211,high
2024-10-14T21:00Z,2024-10-14T21:30Z,222,190,high
2024-10-14T21:30Z,2024-10-14T22:00Z,214,167,moderate
2024-10-14T22:00Z,2024-10-14T22:30Z,207,147,moderate
2024-10-14T22:30Z,2024-10-14T23:00Z,167,137,moderate
2024-10-14T23:00Z,2024-10-14T23:30Z,174,131,moderate
2024-10-14T23:30Z,2024-10-15T00:00Z,169,127,moderate
2024-10-15T00:00Z,2024-10-15T00:30Z,142,123,moderate
2024-10-15T00:30Z,2024-10-15T01:00Z,140,111,moderate
2024-10-15T01:00Z,2024-10-15T01:30Z,138,105,low
2024-10-15T01:30Z,2024-10-15T02:00Z,128,104,low
2024-10-15T02:00Z,2024-10-15T02:30Z,112,104,low
2024-10-15T02:30Z,2024-10-15T03:00Z,104,105,low
2024-10-15T03:00Z,2024-10-15T03:30Z,105,103,low
2024-10-15T03:30Z,2024-10-15T04:00Z,109,117,moderate
2024-10-15T04:00Z,2024-10-15T04:30Z,111,129,moderate
2024-10-15T04:30Z,2024-10-15T05:00Z,123,157,moderate
2024-10-15T05:00Z,2024-10-15T05:30Z,131,164,moderate
2024-10-15T05:30Z,2024-10-15T06:00Z,159,161,moderate
2024-10-15T06:00Z,2024-10-15T06:30Z,163,166,moderate
2024-10-15T06:30Z,2024-10-15T07:00Z,165,169,moderate
2024-10-15T07:00Z,2024-10-15T07:30Z,159,167,moderate
2024-10-15T07:30Z,2024-10-15T08:00Z,162,155,moderate
2024-10-15T08:00Z,2024-10-15T08:30Z,160,154,moderate
2024-10-15T08:30Z,2024-10-15T09:00Z,157,153,moderate
2024-10-15T09:00Z,2024-10-15T09:30Z,157,145,moderate
2024-10-15T09:30Z,2024-10-15T10:00Z,156,139,moderate
2024-10-15T10:00Z,2024-10-15T10:30Z,151,136,moderate
2024-10-15T10:30Z,2024-10-15T11:00Z,145,135,moderate
2024-10-15T11:00Z,2024-10-15T11:30Z,141,133,moderate
2024-10-15T11:30Z,2024-10-15T12:00Z,142,133,moderate
2024-10-15T12:00Z,2024-10-15T12:30Z,137,133,moderate
2024-10-15T12:30Z,2024-10-15T13:00Z,135,135,moderate
2024-10-15T13:00Z,2024-10-15T13:30Z,134,135,moderate
2024-10-15T13:30Z,2024-10-15T14:00Z,132,135,moderate
2024-10-15T14:00Z,2024-10-15T14:30Z,135,137,moderate
2024-10-15T14:30Z,2024-10-15T15:00Z,134,144,moderate
2024-10-15T15:00Z,2024-10-15T15:30Z,134,149,moderate
2024-10-15T15:30Z,2024-10-15T16:00Z,140,152,moderate
2024-10-15T16:00Z,2024-10-15T16:30Z,148,154,moderate
2024-10-15T16:30Z,2024-10-15T17:00Z,152,155,moderate
2024-10-15T17:00Z,2024-10-15T17:30Z,162,152,moderate
2024-10-15T17:30Z,2024-10-15T18:00Z,148,144,moderate
2024-10-15T18:00Z,2024-10-15T18:30Z,147,134,moderate
2024-10-15T18:30Z,2024-10-15T19:00Z,141,118,moderate
2024-10-15T19:00Z,2024-10-15T19:30Z,134,102,low
2024-10-15T19:30Z,2024-10-15T20:00Z,116,89,low
2024-10-15T20:00Z,2024-10-15T20:30Z,98,79,low
2024-10-15T20:30Z,2024-10-15T21:00Z,84,71,low
2024-10-15T21:00Z,2024-10-15T21:30Z,74,69,low
2024-10-15T21:30Z,2024-10-15T22:00Z,62,67,low
2024-10-15T22:00Z,2024-10-15T22:30Z,62,63,low
2024-10-15T22:30Z,2024-10-15T23:00Z,65,68,low
2024-10-15T23:00Z,2024-10-15T23:30Z,62,62,low
2024-10-15T23:30Z,2024-10-16T00:00Z,63,61,low
2024-10-16T00:00Z,2024-10-16T00:30Z,63,61,low
2024-10-16T00:30Z,2024-10-16T01:00Z,61,64,low
2024-10-16T01:00Z,2024-10-16T01:30Z,62,64,low
2024-10-16T01:30Z,2024-10-16T02:00Z,60,63,low
2024-10-16T02:00Z,2024-10-16T02:30Z,64,63,low
2024-10-16T02:30Z,2024-10-16T03:00Z,64,65,low
2024-10-16T03:00Z,2024-10-16T03:30Z,65,66,low
2024-10-16T03:30Z,2024-10-16T04:00Z,65,69,low
2024-10-16T04:00Z,2024-10-16T04:30Z,64,73,low
2024-10-16T04:30Z,2024-10-16T05:00Z,67,79,low
2024-10-16T05:00Z,2024-10-16T05:30Z,84,87,low
2024-10-16T05:30Z,2024-10-16T06:00Z,85,101,low
2024-10-16T06:00Z,2024-10-16T06:30Z,80,111,moderate
2024-10-16T06:30Z,2024-10-16T07:00Z,84,117,moderate
2024-10-16T07:00Z,2024-10-16T07:30Z,90,122,moderate
2024-10-16T07:30Z,2024-10-16T08:00Z,103,127,moderate
2024-10-16T08:00Z,2024-10-16T08:30Z,119,131,moderate
2024-10-16T08:30Z,2024-10-16T09:00Z,113,134,moderate
2024-10-16T09:00Z,2024-10-16T09:30Z,115,138,moderate
2024-10-16T09:30Z,2024-10-16T10:00Z,121,144,moderate
2024-10-16T10:00Z,2024-10-16T10:30Z,137,149,moderate
2024-10-16T10:30Z,2024-10-16T11:00Z,142,151,moderate
2024-10-16T11:00Z,2024-10-16T11:30Z,143,157,moderate
2024-10-16T11:30Z,2024-10-16T12:00Z,151,156,moderate
2024-10-16T12:00Z,2024-10-16T12:30Z,154,157,moderate
2024-10-16T12:30Z,2024-10-16T13:00Z,156,164,moderate
2024-10-16T13:00Z,2024-10-16T13:30Z,154,166,moderate
2024-10-16T13:30Z,2024-10-16T14:00Z,161,166,moderate
2024-10-16T14:00Z,2024-10-16T14:30Z,163,174,moderate
2024-10-16T14:30Z,2024-10-16T15:00Z,168,179,moderate
2024-10-16T15:00Z,2024-10-16T15:30Z,173,183,moderate
2024-10-16T15:30Z,2024-10-16T16:00Z,178,185,moderate
2024-10-16T16:00Z,2024-10-16T16:30Z,180,185,moderate
2024-10-16T16:30Z,2024-10-16T17:00Z,181,185,moderate
2024-10-16T17:00Z,2024-10-16T17:30Z,182,185,moderate
2024-10-16T17:30Z,2024-10-16T18:00Z,178,184,moderate
2024-10-16T18:00Z,2024-10-16T18:30Z,176,176,moderate
2024-10-16T18:30Z,2024-10-16T19:00Z,174,170,moderate
2024-10-16T19:00Z,2024-10-16T19:30Z,169,165,moderate
2024-10-16T19:30Z,2024-10-16T20:00Z,157,157,moderate
2024-10-16T20:00Z,2024-10-16T20:30Z,160,148,moderate
2024-10-16T20:30Z,2024-10-16T21:00Z,141,138,moderate
2024-10-16T21:00Z,2024-10-16T21:30Z,126,132,moderate
2024-10-16T21:30Z,2024-10-16T22:00Z,115,125,moderate
2024-10-16T22:00Z,2024-10-16T22:30Z,107,120,moderate
2024-10-16T22:30Z,2024-10-16T23:00Z,104,119,moderate
2024-10-16T23:00Z,2024-10-16T23:30Z,106,115,moderate
2024-10-16T23:30Z,2024-10-17T00:00Z,105,116,moderate
2024-10-17T00:00Z,2024-10-17T00:30Z,101,115,moderate
2024-10-17T00:30Z,2024-10-17T01:00Z,100,115,moderate
2024-10-17T01:00Z,2024-10-17T01:30Z,102,113,moderate
2024-10-17T01:30Z,2024-10-17T02:00Z,98,112,moderate
2024-10-17T02:00Z,2024-10-17T02:30Z,102,114,moderate
2024-10-17T02:30Z,2024-10-17T03:00Z,96,120,moderate
2024-10-17T03:00Z,2024-10-17T03:30Z,99,126,moderate
2024-10-17T03:30Z,2024-10-17T04:00Z,105,130,moderate
2024-10-17T04:00Z,2024-10-17T04:30Z,113,140,moderate
2024-10-17T04:30Z,2024-10-17T05:00Z,119,159,moderate
2024-10-17T05:00Z,2024-10-17T05:30Z,146,177,moderate
2024-10-17T05:30Z,2024-10-17T06:00Z,159,196,high
2024-10-17T06:00Z,2024-10-17T06:30Z,155,194,high
2024-10-17T06:30Z,2024-10-17T07:00Z,178,192,high
2024-10-17T07:00Z,2024-10-17T07:30Z,186,189,moderate
2024-10-17T07:30Z,2024-10-17T08:00Z,188,181,moderate
2024-10-17T08:00Z,2024-10-17T08:30Z,173,172,moderate
2024-10-17T08:30Z,2024-10-17T09:00Z,168,165,moderate
2024-10-17T09:00Z,2024-10-17T09:30Z,155,155,moderate
2024-10-17T09:30Z,2024-10-17T10:00Z,147,144,moderate
2024-10-17T10:00Z,2024-10-17T10:30Z,139,140,moderate
2024-10-17T10:30Z,2024-10-17T11:00Z,136,134,moderate
2024-10-17T11:00Z,2024-10-17T11:30Z,130,134,moderate
2024-10-17T11:30Z,2024-10-17T12:00Z,127,137,moderate
2024-10-17T12:00Z,2024-10-17T12:30Z,129,136,moderate
2024-10-17T12:30Z,2024-10-17T13:00Z,134,128,moderate
2024-10-17T13:00Z,2024-10-17T13:30Z,145,132,moderate
2024-10-17T13:30Z,2024-10-17T14:00Z,137,147,moderate
2024-10-17T14:00Z,2024-10-17T14:30Z,135,159,moderate
2024-10-17T14:30Z,2024-10-17T15:00Z,142,162,moderate
2024-10-17T15:00Z,2024-10-17T15:30Z,165,181,moderate
2024-10-17T15:30Z,2024-10-17T16:00Z,177,201,high
2024-10-17T16:00Z,2024-10-17T16:30Z,190,210,high
2024-10-17T16:30Z,2024-10-17T17:00Z,205,220,high
2024-10-17T17:00Z,2024-10-17T17:30Z,199,222,high
2024-10-17T17:30Z,2024-10-17T18:00Z,217,221,high
2024-10-17T18:00Z,2024-10-17T18:30Z,219,221,high
2024-10-17T18:30Z,2024-10-17T19:00Z,215,222,high
2024-10-17T19:00Z,2024-10-17T19:30Z,214,217,high
2024-10-17T19:30Z,2024-10-17T20:00Z,211,212,high
2024-10-17T20:00Z,2024-10-17T20:30Z,195,207,high
2024-10-17T20:30Z,2024-10-17T21:00Z,197,204,high
2024-10-17T21:00Z,2024-10-17T21:30Z,183,197,high
2024-10-17T21:30Z,2024-10-17T22:00Z,181,178,moderate
2024-10-17T22:00Z,2024-10-17T22:30Z,167,173,moderate
2024-10-17T22:30Z,2024-10-17T23:00Z,152,168,moderate
2024-10-17T23:00Z,2024-10-17T23:30Z,154,160,moderate
2024-10-17T23:30Z,2024-10-18T00:00Z,148,156,moderate
2024-10-18T00:00Z,2024-10-18T00:30Z,141,157,moderate
2024-10-18T00:30Z,2024-10-18T01:00Z,145,166,moderate
2024-10-18T01:00Z,2024-10-18T01:30Z,147,170,moderate
2024-10-18T01:30Z,2024-10-18T02:00Z,162,165,moderate
2024-10-18T02:00Z,2024-10-18T02:30Z,157,159,moderate
2024-10-18T02:30Z,2024-10-18T03:00Z,152,149,moderate
2024-10-18T03:00Z,2024-10-18T03:30Z,146,143,moderate
2024-10-18T03:30Z,2024-10-18T04:00Z,138,158,moderate
2024-10-18T04:00Z,2024-10-18T04:30Z,136,159,moderate
2024-10-18T04:30Z,2024-10-18T05:00Z,163,184,moderate
2024-10-18T05:00Z,2024-10-18T05:30Z,186,190,high
2024-10-18T05:30Z,2024-10-18T06:00Z,186,199,high
2024-10-18T06:00Z,2024-10-18T06:30Z,182,202,high
2024-10-18T06:30Z,2024-10-18T07:00Z,194,197,high
2024-10-18T07:00Z,2024-10-18T07:30Z,184,190,high
2024-10-18T07:30Z,2024-10-18T08:00Z,187,177,moderate
2024-10-18T08:00Z,2024-10-18T08:30Z,182,167,moderate
2024-10-18T08:30Z,2024-10-18T09:00Z,174,161,moderate
2024-10-18T09:00Z,2024-10-18T09:30Z,160,152,moderate
2024-10-18T09:30Z,2024-10-18T10:00Z,154,140,moderate
2024-10-18T10:00Z,2024-10-18T10:30Z,140,135,moderate
2024-10-18T10:30Z,2024-10-18T11:00Z,127,128,moderate
2024-10-18T11:00Z,2024-10-18T11:30Z,123,125,moderate
2024-10-18T11:30Z,2024-10-18T12:00Z,121,128,moderate
2024-10-18T12:00Z,2024-10-18T12:30Z,118,125,moderate
2024-10-18T12:30Z,2024-10-18T13:00Z,124,127,moderate
2024-10-18T13:00Z,2024-10-18T13:30Z,120,133,moderate
2024-10-18T13:30Z,2024-10-18T14:00Z,118,142,moderate
2024-10-18T14:00Z,2024-10-18T14:30Z,130,148,moderate
2024-10-18T14:30Z,2024-10-18T15:00Z,153,155,moderate
2024-10-18T15:00Z,2024-10-18T15:30Z,152,164,moderate
2024-10-18T15:30Z,2024-10-18T16:00Z,157,164,moderate
2024-10-18T16:00Z,2024-10-18T16:30Z,159,165,moderate
2024-10-18T16:30Z,2024-10-18T17:00Z,158,172,moderate
2024-10-18T17:00Z,2024-10-18T17:30Z,156,167,moderate
2024-10-18T17:30Z,2024-10-18T18:00Z,158,153,moderate
2024-10-18T18:00Z,2024-10-18T18:30Z,158,140,moderate
2024-10-18T18:30Z,2024-10-18T19:00Z,141,130,moderate
2024-10-18T19:00Z,2024-10-18T19:30Z,130,118,moderate
2024-10-18T19:30Z,2024-10-18T20:00Z,104,106,low
2024-10-18T20:00Z,2024-10-18T20:30Z,92,102,low
2024-10-18T20:30Z,2024-10-18T21:00Z,95,99,low
2024-10-18T21:00Z,2024-10-18T21:30Z,94,101,low
2024-10-18T21:30Z,2024-10-18T22:00Z,91,89,low
2024-10-18T22:00Z,2024-10-18T22:30Z,88,82,low
2024-10-18T22:30Z,2024-10-18T23:00Z,92,67,low
2024-10-18T23:00Z,2024-10-18T23:30Z,91,69,low
2024-10-18T23:30Z,2024-10-19T00:00Z,91,72,low
2024-10-19T00:00Z,2024-10-19T00:30Z,68,71,low
2024-10-19T00:30Z,2024-10-19T01:00Z,74,76,low
2024-10-19T01:00Z,2024-10-19T01:30Z,70,77,low
2024-10-19T01:30Z,2024-10-19T02:00Z,72,72,low
2024-10-19T02:00Z,2024-10-19T02:30Z,71,70,low
2024-10-19T02:30Z,2024-10-19T03:00Z,74,76,low
2024-10-19T03:00Z,2024-10-19T03:30Z,72,76,low
2024-10-19T03:30Z,2024-10-19T04:00Z,73,79,low
2024-10-19T04:00Z,2024-10-19T04:30Z,78,81,low
2024-10-19T04:30Z,2024-10-19T05:00Z,81,91,low
2024-10-19T05:00Z,2024-10-19T05:30Z,92,102,low
2024-10-19T05:30Z,2024-10-19T06:00Z,91,124,moderate
2024-10-19T06:00Z,2024-10-19T06:30Z,117,139,moderate
2024-10-19T06:30Z,2024-10-19T07:00Z,122,154,moderate
2024-10-19T07:00Z,2024-10-19T07:30Z,129,151,moderate
2024-10-19T07:30Z,2024-10-19T08:00Z,149,153,moderate
2024-10-19T08:00Z,2024-10-19T08:30Z,159,146,moderate
2024-10-19T08:30Z,2024-10-19T09:00Z,159,141,moderate
2024-10-19T09:00Z,2024-10-19T09:30Z,148,132,moderate
2024-10-19T09:30Z,2024-10-19T10:00Z,144,123,moderate
2024-10-19T10:00Z,2024-10-19T10:30Z,138,114,moderate
2024-10-19T10:30Z,2024-10-19T11:00Z,128,105,low
2024-10-19T11:00Z,2024-10-19T11:30Z,118,105,low
2024-10-19T11:30Z,2024-10-19T12:00Z,109,97,low
2024-10-19T12:00Z,2024-10-19T12:30Z,109,92,low
2024-10-19T12:30Z,2024-10-19T13:00Z,107,96,low
2024-10-19T13:00Z,2024-10-19T13:30Z,95,95,low
2024-10-19T13:30Z,2024-10-19T14:00Z,85,103,low
2024-10-19T14:00Z,2024-10-19T14:30Z,93,129,moderate
2024-10-19T14:30Z,2024-10-19T15:00Z,113,151,moderate
2024-10-19T15:00Z,2024-10-19T15:30Z,143,177,moderate
2024-10-19T15:30Z,2024-10-19T16:00Z,170,190,high
2024-10-19T16:00Z,2024-10-19T16:30Z,203,207,high
2024-10-19T16:30Z,2024-10-19T17:00Z,216,220,high
2024-10-19T17:00Z,2024-10-19T17:30Z,223,222,high
2024-10-19T17:30Z,2024-10-19T18:00Z,227,219,high
2024-10-19T18:00Z,2024-10-19T18:30Z,222,213,high
2024-10-19T18:30Z,2024-10-19T19:00Z,224,213,high
2024-10-19T19:00Z,2024-10-19T19:30Z,218,211,high
2024-10-19T19:30Z,2024-10-19T20:00Z,215,206,high
2024-10-19T20:00Z,2024-10-19T20:30Z,204,196,high
2024-10-19T20:30Z,2024-10-19T21:00Z,190,185,moderate
2024-10-19T21:00Z,2024-10-19T21:30Z,196,159,moderate
2024-10-19T21:30Z,2024-10-19T22:00Z,159,127,moderate
2024-10-19T22:00Z,2024-10-19T22:30Z,148,114,moderate
2024-10-19T22:30Z,2024-10-19T23:00Z,126,104,low
2024-10-19T23:00Z,2024-10-19T23:30Z,119,97,low
2024-10-19T23:30Z,2024-10-20T00:00Z,108,89,low
2024-10-20T00:00Z,2024-10-20T00:30Z,100,91,low
2024-10-20T00:30Z,2024-10-20T01:00Z,92,87,low
2024-10-20T01:00Z,2024-10-20T01:30Z,87,80,low
2024-10-20T01:30Z,2024-10-20T02:00Z,85,87,low
2024-10-20T02:00Z,2024-10-20T02:30Z,83,87,low
2024-10-20T02:30Z,2024-10-20T03:00Z,81,91,low
2024-10-20T03:00Z,2024-10-20T03:30Z,84,93,low
2024-10-20T03:30Z,2024-10-20T04:00Z,87,95,low
2024-10-20T04:00Z,2024-10-20T04:30Z,91,90,low
2024-10-20T04:30Z,2024-10-20T05:00Z,94,84,low
2024-10-20T05:00Z,2024-10-20T05:30Z,93,82,low
2024-10-20T05:30Z,2024-10-20T06:00Z,93,81,low
2024-10-20T06:00Z,2024-10-20T06:30Z,81,83,low
2024-10-20T06:30Z,2024-10-20T07:00Z,79,84,low
2024-10-20T07:00Z,2024-10-20T07:30Z,75,84,low
2024-10-20T07:30Z,2024-10-20T08:00Z,77,82,low
2024-10-20T08:00Z,2024-10-20T08:30Z,76,79,low
2024-10-20T08:30Z,2024-10-20T09:00Z,74,75,low
2024-10-20T09:00Z,2024-10-20T09:30Z,72,74,low
2024-10-20T09:30Z,2024-10-20T10:00Z,71,71,low
2024-10-20T10:00Z,2024-10-20T10:30Z,75,69,low
2024-10-20T10:30Z,2024-10-20T11:00Z,69,69,low
2024-10-20T11:00Z,2024-10-20T11:30Z,68,69,low
2024-10-20T11:30Z,2024-10-20T12:00Z,66,66,low
2024-10-20T12:00Z,2024-10-20T12:30Z,71,63,low
2024-10-20T12:30Z,2024-10-20T13:00Z,69,62,low
2024-10-20T13:00Z,2024-10-20T13:30Z,64,55,low
2024-10-20T13:30Z,2024-10-20T14:00Z,62,56,low
2024-10-20T14:00Z,2024-10-20T14:30Z,56,58,low
2024-10-20T14:30Z,2024-10-20T15:00Z,54,62,low
2024-10-20T15:00Z,2024-10-20T15:30Z,57,69,low
2024-10-20T15:30Z,2024-10-20T16:00Z,57,82,low
2024-10-20T16:00Z,2024-10-20T16:30Z,63,91,low
2024-10-20T16:30Z,2024-10-20T17:00Z,72,95,low
2024-10-20T17:00Z,2024-10-20T17:30Z,75,94,low
2024-10-20T17:30Z,2024-10-20T18:00Z,76,91,low
2024-10-20T18:00Z,2024-10-20T18:30Z,71,83,low
2024-10-20T18:30Z,2024-10-20T19:00Z,65,80,low
2024-10-20T19:00Z,2024-10-20T19:30Z,63,79,low
2024-10-20T19:30Z,2024-10-20T20:00Z,54,79,low
2024-10-20T20:00Z,2024-10-20T20:30Z,65,73,low
2024-10-20T20:30Z,2024-10-20T21:00Z,68,71,low
2024-10-20T21:00Z,2024-10-20T21:30Z,60,65,low
2024-10-20T21:30Z,2024-10-20T22:00Z,66,69,low
2024-10-20T22:00Z,2024-10-20T22:30Z,58,68,low
2024-10-20T22:30Z,2024-10-20T23:00Z,65,73,low
2024-10-20T23:00Z,2024-10-20T23:30Z,61,74,low
2024-10-20T23:30Z,2024-10-21T00:00Z,59,71,low
2024-10-21T00:00Z,2024-10-21T00:30Z,69,67,low
2024-10-21T00:30Z,2024-10-21T01:00Z,69,64,low
2024-10-21T01:00Z,2024-10-21T01:30Z,64,64,low
2024-10-21T01:30Z,2024-10-21T02:00Z,57,65,low
2024-10-21T02:00Z,2024-10-21T02:30Z,64,67,low
2024-10-21T02:30Z,2024-10-21T03:00Z,64,70,low
2024-10-21T03:00Z,2024-10-21T03:30Z,66,70,low
2024-10-21T03:30Z,2024-10-21T04:00Z,70,68,low
2024-10-21T04:00Z,2024-10-21T04:30Z,70,72,low
2024-10-21T04:30Z,2024-10-21T05:00Z,68,82,low
2024-10-21T05:00Z,2024-10-21T05:30Z,79,94,low
2024-10-21T05:30Z,2024-10-21T06:00Z,88,100,low
2024-10-21T06:00Z,2024-10-21T06:30Z,96,109,low
2024-10-21T06:30Z,2024-10-21T07:00Z,104,119,moderate
2024-10-21T07:00Z,2024-10-21T07:30Z,109,122,moderate
2024-10-21T07:30Z,2024-10-21T08:00Z,110,119,moderate
2024-10-21T08:00Z,2024-10-21T08:30Z,113,118,moderate
2024-10-21T08:30Z,2024-10-21T09:00Z,110,115,moderate
2024-10-21T09:00Z,2024-10-21T09:30Z,109,111,moderate
2024-10-21T09:30Z,2024-10-21T10:00Z,112,111,moderate
2024-10-21T10:00Z,2024-10-21T10:30Z,102,111,moderate
2024-10-21T10:30Z,2024-10-21T11:00Z,100,109,low
2024-10-21T11:00Z,2024-10-21T11:30Z,103,108,low
2024-10-21T11:30Z,2024-10-21T12:00Z,105,112,moderate
2024-10-21T12:00Z,2024-10-21T12:30Z,109,114,moderate
2024-10-21T12:30Z,2024-10-21T13:00Z,106,116,moderate
2024-10-21T13:00Z,2024-10-21T13:30Z,113,121,moderate
2024-10-21T13:30Z,2024-10-21T14:00Z,115,135,moderate
2024-10-21T14:00Z,2024-10-21T14:30Z,124,146,moderate
2024-10-21T14:30Z,2024-10-21T15:00Z,122,158,moderate
2024-10-21T15:00Z,2024-10-21T15:30Z,147,161,moderate
2024-10-21T15:30Z,2024-10-21T16:00Z,159,163,moderate
2024-10-21T16:00Z,2024-10-21T16:30Z,166,169,moderate
2024-10-21T16:30Z,2024-10-21T17:00Z,171,179,moderate
2024-10-21T17:00Z,2024-10-21T17:30Z,174,178,moderate
2024-10-21T17:30Z,2024-10-21T18:00Z,176,172,moderate
2024-10-21T18:00Z,2024-10-21T18:30Z,170,169,moderate
2024-10-21T18:30Z,2024-10-21T19:00Z,163,164,moderate
2024-10-21T19:00Z,2024-10-21T19:30Z,164,161,moderate
2024-10-21T19:30Z,2024-10-21T20:00Z,151,148,moderate
2024-10-21T20:00Z,2024-10-21T20:30Z,157,135,moderate
2024-10-21T20:30Z,2024-10-21T21:00Z,143,115,moderate
2024-10-21T21:00Z,2024-10-21T21:30Z,142,104,low
2024-10-21T21:30Z,2024-10-21T22:00Z,119,95,low
2024-10-21T22:00Z,2024-10-21T22:30Z,105,87,low
2024-10-21T22:30Z,2024-10-21T23:00Z,97,86,low
2024-10-21T23:00Z,2024-10-21T23:30Z,80,84,low
2024-10-21T23:30Z,2024-10-22T00:00Z,94,86,low
2024-10-22T00:00Z,2024-10-22T00:30Z,81,85,low
2024-10-22T00:30Z,2024-10-22T01:00Z,85,81,low
2024-10-22T01:00Z,2024-10-22T01:30Z,82,77,low
2024-10-22T01:30Z,2024-10-22T02:00Z,80,77,low
2024-10-22T02:00Z,2024-10-22T02:30Z,78,76,low
2024-10-22T02:30Z,2024-10-22T03:00Z,76,81,low
2024-10-22T03:00Z,2024-10-22T03:30Z,74,83,low
2024-10-22T03:30Z,2024-10-22T04:00Z,79,92,low
2024-10-22T04:00Z,2024-10-22T04:30Z,84,110,moderate
2024-10-22T04:30Z,2024-10-22T05:00Z,88,143,moderate
2024-10-22T05:00Z,2024-10-22T05:30Z,130,157,moderate
2024-10-22T05:30Z,2024-10-22T06:00Z,152,162,moderate
2024-10-22T06:00Z,2024-10-22T06:30Z,162,166,moderate
2024-10-22T06:30Z,2024-10-22T07:00Z,164,173,moderate
2024-10-22T07:00Z,2024-10-22T07:30Z,159,175,moderate
2024-10-22T07:30Z,2024-10-22T08:00Z,161,168,moderate
2024-10-22T08:00Z,2024-10-22T08:30Z,169,159,moderate
2024-10-22T08:30Z,2024-10-22T09:00Z,161,152,moderate
2024-10-22T09:00Z,2024-10-22T09:30Z,156,142,moderate
2024-10-22T09:30Z,2024-10-22T10:00Z,147,136,moderate
2024-10-22T10:00Z,2024-10-22T10:30Z,139,131,moderate
2024-10-22T10:30Z,2024-10-22T11:00Z,136,129,moderate
2024-10-22T11:00Z,2024-10-22T11:30Z,134,128,moderate
2024-10-22T11:30Z,2024-10-22T12:00Z,131,133,moderate
2024-10-22T12:00Z,2024-10-22T12:30Z,133,136,moderate
2024-10-22T12:30Z,2024-10-22T13:00Z,135,139,moderate
2024-10-22T13:00Z,2024-10-22T13:30Z,144,145,moderate
2024-10-22T13:30Z,2024-10-22T14:00Z,145,155,moderate
2024-10-22T14:00Z,2024-10-22T14:30Z,157,163,moderate
2024-10-22T14:30Z,2024-10-22T15:00Z,170,180,moderate
2024-10-22T15:00Z,2024-10-22T15:30Z,168,196,high
2024-10-22T15:30Z,2024-10-22T16:00Z,192,215,high
2024-10-22T16:00Z,2024-10-22T16:30Z,207,226,high
2024-10-22T16:30Z,2024-10-22T17:00Z,218,233,high
2024-10-22T17:00Z,2024-10-22T17:30Z,229,234,high
2024-10-22T17:30Z,2024-10-22T18:00Z,233,234,high
2024-10-22T18:00Z,2024-10-22T18:30Z,232,235,high
2024-10-22T18:30Z,2024-10-22T19:00Z,231,233,high
2024-10-22T19:00Z,2024-10-22T19:30Z,236,233,high
2024-10-22T19:30Z,2024-10-22T20:00Z,231,227,high
2024-10-22T20:00Z,2024-10-22T20:30Z,227,213,high
2024-10-22T20:30Z,2024-10-22T21:00Z,217,201,high
2024-10-22T21:00Z,2024-10-22T21:30Z,202,193,high
2024-10-22T21:30Z,2024-10-22T22:00Z,186,179,moderate
2024-10-22T22:00Z,2024-10-22T22:30Z,170,170,moderate
2024-10-22T22:30Z,2024-10-22T23:00Z,160,166,moderate
2024-10-22T23:00Z,2024-10-22T23:30Z,159,164,moderate
2024-10-22T23:30Z,2024-10-23T00:00Z,155,168,moderate
2024-10-23T00:00Z,2024-10-23T00:30Z,160,165,moderate
2024-10-23T00:30Z,2024-10-23T01:00Z,161,162,moderate
2024-10-23T01:00Z,2024-10-23T01:30Z,159,160,moderate
2024-10-23T01:30Z,2024-10-23T02:00Z,158,156,moderate
2024-10-23T02:00Z,2024-10-23T02:30Z,156,151,moderate
2024-10-23T02:30Z,2024-10-23T03:00Z,152,143,moderate
2024-10-23T03:00Z,2024-10-23T03:30Z,151,145,moderate
2024-10-23T03:30Z,2024-10-23T04:00Z,149,165,moderate
2024-10-23T04:00Z,2024-10-23T04:30Z,158,185,moderate
2024-10-23T04:30Z,2024-10-23T05:00Z,179,210,high
2024-10-23T05:00Z,2024-10-23T05:30Z,199,216,high
2024-10-23T05:30Z,2024-10-23T06:00Z,215,212,high
2024-10-23T06:00Z,2024-10-23T06:30Z,217,211,high
2024-10-23T06:30Z,2024-10-23T07:00Z,220,212,high
2024-10-23T07:00Z,2024-10-23T07:30Z,202,213,high
2024-10-23T07:30Z,2024-10-23T08:00Z,205,213,high
2024-10-23T08:00Z,2024-10-23T08:30Z,212,207,high
2024-10-23T08:30Z,2024-10-23T09:00Z,210,197,high
2024-10-23T09:00Z,2024-10-23T09:30Z,195,187,moderate
2024-10-23T09:30Z,2024-10-23T10:00Z,188,182,moderate
2024-10-23T10:00Z,2024-10-23T10:30Z,179,177,moderate
2024-10-23T10:30Z,2024-10-23T11:00Z,176,167,moderate
2024-10-23T11:00Z,2024-10-23T11:30Z,174,163,moderate
2024-10-23T11:30Z,2024-10-23T12:00Z,168,157,moderate
2024-10-23T12:00Z,2024-10-23T12:30Z,162,157,moderate
2024-10-23T12:30Z,2024-10-23T13:00Z,158,157,moderate
2024-10-23T13:00Z,2024-10-23T13:30Z,157,164,moderate
2024-10-23T13:30Z,2024-10-23T14:00Z,152,172,moderate
2024-10-23T14:00Z,2024-10-23T14:30Z,161,177,moderate
2024-10-23T14:30Z,2024-10-23T15:00Z,182,183,moderate
2024-10-23T15:00Z,2024-10-23T15:30Z,187,190,high
2024-10-23T15:30Z,2024-10-23T16:00Z,182,191,high
2024-10-23T16:00Z,2024-10-23T16:30Z,191,198,high
2024-10-23T16:30Z,2024-10-23T17:00Z,188,202,high
2024-10-23T17:00Z,2024-10-23T17:30Z,187,200,high
2024-10-23T17:30Z,2024-10-23T18:00Z,192,195,high
2024-10-23T18:00Z,2024-10-23T18:30Z,187,184,moderate
2024-10-23T18:30Z,2024-10-23T19:00Z,182,169,moderate
2024-10-23T19:00Z,2024-10-23T19:30Z,166,149,moderate
2024-10-23T19:30Z,2024-10-23T20:00Z,147,129,moderate
2024-10-23T20:00Z,2024-10-23T20:30Z,117,115,moderate
2024-10-23T20:30Z,2024-10-23T21:00Z,99,112,moderate
2024-10-23T21:00Z,2024-10-23T21:30Z,83,106,low
2024-10-23T21:30Z,2024-10-23T22:00Z,85,93,low
2024-10-23T22:00Z,2024-10-23T22:30Z,76,92,low
2024-10-23T22:30Z,2024-10-23T23:00Z,79,95,low
2024-10-23T23:00Z,2024-10-23T23:30Z,83,89,low
2024-10-23T23:30Z,2024-10-24T00:00Z,80,82,low
2024-10-24T00:00Z,2024-10-24T00:30Z,73,85,low
2024-10-24T00:30Z,2024-10-24T01:00Z,73,89,low
2024-10-24T01:00Z,2024-10-24T01:30Z,70,86,low
2024-10-24T01:30Z,2024-10-24T02:00Z,82,91,low
2024-10-24T02:00Z,2024-10-24T02:30Z,79,94,low
2024-10-24T02:30Z,2024-10-24T03:00Z,80,99,low
2024-10-24T03:00Z,2024-10-24T03:30Z,84,101,low
2024-10-24T03:30Z,2024-10-24T04:00Z,90,104,low
2024-10-24T04:00Z,2024-10-24T04:30Z,92,107,low
2024-10-24T04:30Z,2024-10-24T05:00Z,102,123,moderate
2024-10-24T05:00Z,2024-10-24T05:30Z,115,130,moderate
2024-10-24T05:30Z,2024-10-24T06:00Z,108,136,moderate
2024-10-24T06:00Z,2024-10-24T06:30Z,115,136,moderate
2024-10-24T06:30Z,2024-10-24T07:00Z,125,132,moderate
2024-10-24T07:00Z,2024-10-24T07:30Z,117,133,moderate
2024-10-24T07:30Z,2024-10-24T08:00Z,118,131,moderate
2024-10-24T08:00Z,2024-10-24T08:30Z,111,123,moderate
2024-10-24T08:30Z,2024-10-24T09:00Z,117,118,moderate
2024-10-24T09:00Z,2024-10-24T09:30Z,108,111,moderate
2024-10-24T09:30Z,2024-10-24T10:00Z,104,111,moderate
2024-10-24T10:00Z,2024-10-24T10:30Z,98,105,low
2024-10-24T10:30Z,2024-10-24T11:00Z,97,102,low
2024-10-24T11:00Z,2024-10-24T11:30Z,96,98,low
2024-10-24T11:30Z,2024-10-24T12:00Z,93,96,low
2024-10-24T12:00Z,2024-10-24T12:30Z,87,101,low
2024-10-24T12:30Z,2024-10-24T13:00Z,86,104,low
2024-10-24T13:00Z,2024-10-24T13:30Z,90,111,moderate
2024-10-24T13:30Z,2024-10-24T14:00Z,97,117,moderate
2024-10-24T14:00Z,2024-10-24T14:30Z,108,123,moderate
2024-10-24T14:30Z,2024-10-24T15:00Z,125,139,moderate
2024-10-24T15:00Z,2024-10-24T15:30Z,125,150,moderate
2024-10-24T15:30Z,2024-10-24T16:00Z,144,150,moderate
2024-10-24T16:00Z,2024-10-24T16:30Z,148,153,moderate
2024-10-24T16:30Z,2024-10-24T17:00Z,147,163,moderate
2024-10-24T17:00Z,2024-10-24T17:30Z,150,169,moderate
2024-10-24T17:30Z,2024-10-24T18:00Z,158,169,moderate
2024-10-24T18:00Z,2024-10-24T18:30Z,158,165,moderate
2024-10-24T18:30Z,2024-10-24T19:00Z,169,151,moderate
2024-10-24T19:00Z,2024-10-24T19:30Z,160,148,moderate
2024-10-24T19:30Z,2024-10-24T20:00Z,145,139,moderate
2024-10-24T20:00Z,2024-10-24T20:30Z,134,134,moderate
2024-10-24T20:30Z,2024-10-24T21:00Z,130,129,moderate
2024-10-24T21:00Z,2024-10-24T21:30Z,108,123,moderate
2024-10-24T21:30Z,2024-10-24T22:00Z,104,122,moderate
2024-10-24T22:00Z,2024-10-24T22:30Z,125,118,moderate
2024-10-24T22:30Z,2024-10-24T23:00Z,105,125,moderate
2024-10-24T23:00Z,2024-10-24T23:30Z,105,132,moderate
2024-10-24T23:30Z,2024-10-25T00:00Z,110,140,moderate
2024-10-25T00:00Z,2024-10-25T00:30Z,130,145,moderate
2024-10-25T00:30Z,2024-10-25T01:00Z,139,145,moderate
2024-10-25T01:00Z,2024-10-25T01:30Z,142,144,moderate
2024-10-25T01:30Z,2024-10-25T02:00Z,143,151,moderate
2024-10-25T02:00Z,2024-10-25T02:30Z,145,157,moderate
2024-10-25T02:30Z,2024-10-25T03:00Z,152,162,moderate
2024-10-25T03:00Z,2024-10-25T03:30Z,150,165,moderate
2024-10-25T03:30Z,2024-10-25T04:00Z,152,170,moderate
2024-10-25T04:00Z,2024-10-25T04:30Z,195,186,moderate
2024-10-25T04:30Z,2024-10-25T05:00Z,172,214,high
2024-10-25T05:00Z,2024-10-25T05:30Z,211,228,high
2024-10-25T05:30Z,2024-10-25T06:00Z,229,226,high
2024-10-25T06:00Z,2024-10-25T06:30Z,235,225,high
2024-10-25T06:30Z,2024-10-25T07:00Z,232,235,high
2024-10-25T07:00Z,2024-10-25T07:30Z,219,235,high
2024-10-25T07:30Z,2024-10-25T08:00Z,230,234,high
2024-10-25T08:00Z,2024-10-25T08:30Z,233,232,high
2024-10-25T08:30Z,2024-10-25T09:00Z,228,230,high
2024-10-25T09:00Z,2024-10-25T09:30Z,230,227,high
2024-10-25T09:30Z,2024-10-25T10:00Z,224,223,high
2024-10-25T10:00Z,2024-10-25T10:30Z,225,218,high
2024-10-25T10:30Z,2024-10-25T11:00Z,219,215,high
2024-10-25T11:00Z,2024-10-25T11:30Z,218,212,high
2024-10-25T11:30Z,2024-10-25T12:00Z,215,210,high
2024-10-25T12:00Z,2024-10-25T12:30Z,210,208,high
2024-10-25T12:30Z,2024-10-25T13:00Z,214,210,high
2024-10-25T13:00Z,2024-10-25T13:30Z,209,217,high
2024-10-25T13:30Z,2024-10-25T14:00Z,203,214,high
2024-10-25T14:00Z,2024-10-25T14:30Z,214,217,high
2024-10-25T14:30Z,2024-10-25T15:00Z,219,218,high
2024-10-25T15:00Z,2024-10-25T15:30Z,218,222,high
2024-10-25T15:30Z,2024-10-25T16:00Z,218,225,high
2024-10-25T16:00Z,2024-10-25T16:30Z,228,228,high
2024-10-25T16:30Z,2024-10-25T17:00Z,221,230,high
2024-10-25T17:00Z,2024-10-25T17:30Z,224,228,high
2024-10-25T17:30Z,2024-10-25T18:00Z,232,230,high
2024-10-25T18:00Z,2024-10-25T18:30Z,229,232,high
2024-10-25T18:30Z,2024-10-25T19:00Z,229,230,high
2024-10-25T19:00Z,2024-10-25T19:30Z,225,225,high
2024-10-25T19:30Z,2024-10-25T20:00Z,223,219,high
2024-10-25T20:00Z,2024-10-25T20:30Z,220,210,high
2024-10-25T20:30Z,2024-10-25T21:00Z,211,202,high
2024-10-25T21:00Z,2024-10-25T21:30Z,199,190,high
2024-10-25T21:30Z,2024-10-25T22:00Z,180,170,moderate
2024-10-25T22:00Z,2024-10-25T22:30Z,164,167,moderate
2024-10-25T22:30Z,2024-10-25T23:00Z,150,162,moderate
2024-10-25T23:00Z,2024-10-25T23:30Z,150,155,moderate
2024-10-25T23:30Z,2024-10-26T00:00Z,150,153,moderate
2024-10-26T00:00Z,2024-10-26T00:30Z,148,156,moderate
2024-10-26T00:30Z,2024-10-26T01:00Z,142,158,moderate
2024-10-26T01:00Z,2024-10-26T01:30Z,149,157,moderate
2024-10-26T01:30Z,2024-10-26T02:00Z,149,151,moderate
2024-10-26T02:00Z,2024-10-26T02:30Z,150,152,moderate
2024-10-26T02:30Z,2024-10-26T03:00Z,153,154,moderate
2024-10-26T03:00Z,2024-10-26T03:30Z,152,153,moderate
2024-10-26T03:30Z,2024-10-26T04:00Z,161,161,moderate
2024-10-26T04:00Z,2024-10-26T04:30Z,157,158,moderate
2024-10-26T04:30Z,2024-10-26T05:00Z,160,165,moderate
2024-10-26T05:00Z,2024-10-26T05:30Z,170,169,moderate
2024-10-26T05:30Z,2024-10-26T06:00Z,165,170,moderate
2024-10-26T06:00Z,2024-10-26T06:30Z,171,175,moderate
2024-10-26T06:30Z,2024-10-26T07:00Z,173,183,moderate
2024-10-26T07:00Z,2024-10-26T07:30Z,163,182,moderate
2024-10-26T07:30Z,2024-10-26T08:00Z,171,179,moderate
2024-10-26T08:00Z,2024-10-26T08:30Z,182,175,moderate
2024-10-26T08:30Z,2024-10-26T09:00Z,175,167,moderate
2024-10-26T09:00Z,2024-10-26T09:30Z,172,158,moderate
2024-10-26T09:30Z,2024-10-26T10:00Z,161,148,moderate
2024-10-26T10:00Z,2024-10-26T10:30Z,144,139,moderate
2024-10-26T10:30Z,2024-10-26T11:00Z,131,130,moderate
2024-10-26T11:00Z,2024-10-26T11:30Z,126,128,moderate
2024-10-26T11:30Z,2024-10-26T12:00Z,118,134,moderate
2024-10-26T12:00Z,2024-10-26T12:30Z,109,133,moderate
2024-10-26T12:30Z,2024-10-26T13:00Z,116,132,moderate
2024-10-26T13:00Z,2024-10-26T13:30Z,122,134,moderate
2024-10-26T13:30Z,2024-10-26T14:00Z,126,140,moderate
2024-10-26T14:00Z,2024-10-26T14:30Z,128,141,moderate
2024-10-26T14:30Z,2024-10-26T15:00Z,125,142,moderate
2024-10-26T15:00Z,2024-10-26T15:30Z,137,151,moderate
2024-10-26T15:30Z,2024-10-26T16:00Z,155,158,moderate
2024-10-26T16:00Z,2024-10-26T16:30Z,166,163,moderate
2024-10-26T16:30Z,2024-10-26T17:00Z,164,170,moderate
2024-10-26T17:00Z,2024-10-26T17:30Z,157,166,moderate
2024-10-26T17:30Z,2024-10-26T18:00Z,166,164,moderate
2024-10-26T18:00Z,2024-10-26T18:30Z,153,167,moderate
2024-10-26T18:30Z,2024-10-26T19:00Z,162,166,moderate
2024-10-26T19:00Z,2024-10-26T19:30Z,138,156,moderate
2024-10-26T19:30Z,2024-10-26T20:00Z,133,140,moderate
2024-10-26T20:00Z,2024-10-26T20:30Z,124,129,moderate
2024-10-26T20:30Z,2024-10-26T21:00Z,116,118,moderate
2024-10-26T21:00Z,2024-10-26T21:30Z,113,110,moderate
2024-10-26T21:30Z,2024-10-26T22:00Z,97,103,low
2024-10-26T22:00Z,2024-10-26T22:30Z,97,96,low
2024-10-26T22:30Z,2024-10-26T23:00Z,95,92,low
2024-10-26T23:00Z,2024-10-26T23:30Z,97,88,low
2024-10-26T23:30Z,2024-10-27T00:00Z,86,85,low
2024-10-27T00:00Z,2024-10-27T00:30Z,82,81,low
2024-10-27T00:30Z,2024-10-27T01:00Z,80,82,low
2024-10-27T01:00Z,2024-10-27T01:30Z,79,82,low
2024-10-27T01:30Z,2024-10-27T02:00Z,81,87,low
2024-10-27T02:00Z,2024-10-27T02:30Z,80,84,low
2024-10-27T02:30Z,2024-10-27T03:00Z,87,83,low
2024-10-27T03:00Z,2024-10-27T03:30Z,87,85,low
2024-10-27T03:30Z,2024-10-27T04:00Z,86,81,low
2024-10-27T04:00Z,2024-10-27T04:30Z,85,83,low
2024-10-27T04:30Z,2024-10-27T05:00Z,88,86,low
2024-10-27T05:00Z,2024-10-27T05:30Z,90,89,low
2024-10-27T05:30Z,2024-10-27T06:00Z,86,102,low
2024-10-27T06:00Z,2024-10-27T06:30Z,88,109,low
2024-10-27T06:30Z,2024-10-27T07:00Z,101,123,moderate
2024-10-27T07:00Z,2024-10-27T07:30Z,110,135,moderate
2024-10-27T07:30Z,2024-10-27T08:00Z,116,138,moderate
2024-10-27T08:00Z,2024-10-27T08:30Z,137,132,moderate
2024-10-27T08:30Z,2024-10-27T09:00Z,128,128,moderate
2024-10-27T09:00Z,2024-10-27T09:30Z,121,118,moderate
2024-10-27T09:30Z,2024-10-27T10:00Z,118,110,moderate
2024-10-27T10:00Z,2024-10-27T10:30Z,111,100,low
2024-10-27T10:30Z,2024-10-27T11:00Z,102,94,low
2024-10-27T11:00Z,2024-10-27T11:30Z,96,87,low
2024-10-27T11:30Z,2024-10-27T12:00Z,90,87,low
2024-10-27T12:00Z,2024-10-27T12:30Z,75,90,low
2024-10-27T12:30Z,2024-10-27T13:00Z,71,92,low
2024-10-27T13:00Z,2024-10-27T13:30Z,80,100,low
2024-10-27T13:30Z,2024-10-27T14:00Z,84,110,moderate
2024-10-27T14:00Z,2024-10-27T14:30Z,101,116,moderate
2024-10-27T14:30Z,2024-10-27T15:00Z,112,133,moderate
2024-10-27T15:00Z,2024-10-27T15:30Z,130,145,moderate
2024-10-27T15:30Z,2024-10-27T16:00Z,135,160,moderate
2024-10-27T16:00Z,2024-10-27T16:30Z,150,166,moderate
2024-10-27T16:30Z,2024-10-27T17:00Z,158,166,moderate
2024-10-27T17:00Z,2024-10-27T17:30Z,168,153,moderate
2024-10-27T17:30Z,2024-10-27T18:00Z,162,146,moderate
2024-10-27T18:00Z,2024-10-27T18:30Z,148,133,moderate
2024-10-27T18:30Z,2024-10-27T19:00Z,136,118,moderate
2024-10-27T19:00Z,2024-10-27T19:30Z,123,108,low
2024-10-27T19:30Z,2024-10-27T20:00Z,110,95,low
2024-10-27T20:00Z,2024-10-27T20:30Z,97,82,low
2024-10-27T20:30Z,2024-10-27T21:00Z,90,74,low
2024-10-27T21:00Z,2024-10-27T21:30Z,69,68,low
2024-10-27T21:30Z,2024-10-27T22:00Z,64,69,low
2024-10-27T22:00Z,2024-10-27T22:30Z,58,66,low
2024-10-27T22:30Z,2024-10-27T23:00Z,55,63,low
2024-10-27T23:00Z,2024-10-27T23:30Z,53,61,low
2024-10-27T23:30Z,2024-10-28T00:00Z,52,58,low
2024-10-28T00:00Z,2024-10-28T00:30Z,61,59,low
2024-10-28T00:30Z,2024-10-28T01:00Z,52,59,low
2024-10-28T01:00Z,2024-10-28T01:30Z,58,61,low
2024-10-28T01:30Z,2024-10-28T02:00Z,55,61,low
2024-10-28T02:00Z,2024-10-28T02:30Z,62,60,low
2024-10-28T02:30Z,2024-10-28T03:00Z,61,59,low
2024-10-28T03:00Z,2024-10-28T03:30Z,58,62,low
2024-10-28T03:30Z,2024-10-28T04:00Z,61,66,low
2024-10-28T04:00Z,2024-10-28T04:30Z,69,70,low
2024-10-28T04:30Z,2024-10-28T05:00Z,71,77,low
2024-10-28T05:00Z,2024-10-28T05:30Z,81,84,low
2024-10-28T05:30Z,2024-10-28T06:00Z,83,86,low
2024-10-28T06:00Z,2024-10-28T06:30Z,92,97,low
2024-10-28T06:30Z,2024-10-28T07:00Z,103,109,low
2024-10-28T07:00Z,2024-10-28T07:30Z,112,119,moderate
2024-10-28T07:30Z,2024-10-28T08:00Z,114,128,moderate
2024-10-28T08:00Z,2024-10-28T08:30Z,118,140,moderate
2024-10-28T08:30Z,2024-10-28T09:00Z,129,145,moderate
2024-10-28T09:00Z,2024-10-28T09:30Z,141,146,moderate
2024-10-28T09:30Z,2024-10-28T10:00Z,146,147,moderate
2024-10-28T10:00Z,2024-10-28T10:30Z,146,153,moderate
2024-10-28T10:30Z,2024-10-28T11:00Z,149,158,moderate
2024-10-28T11:00Z,2024-10-28T11:30Z,156,165,moderate
2024-10-28T11:30Z,2024-10-28T12:00Z,161,173,moderate
2024-10-28T12:00Z,2024-10-28T12:30Z,172,173,moderate
2024-10-28T12:30Z,2024-10-28T13:00Z,181,179,moderate
2024-10-28T13:00Z,2024-10-28T13:30Z,176,186,moderate
2024-10-28T13:30Z,2024-10-28T14:00Z,179,188,moderate
2024-10-28T14:00Z,2024-10-28T14:30Z,195,200,high
2024-10-28T14:30Z,2024-10-28T15:00Z,199,207,high
2024-10-28T15:00Z,2024-10-28T15:30Z,212,212,high
2024-10-28T15:30Z,2024-10-28T16:00Z,215,221,high
2024-10-28T16:00Z,2024-10-28T16:30Z,224,220,high
2024-10-28T16:30Z,2024-10-28T17:00Z,234,226,high
2024-10-28T17:00Z,2024-10-28T17:30Z,225,231,high
2024-10-28T17:30Z,2024-10-28T18:00Z,226,234,high
2024-10-28T18:00Z,2024-10-28T18:30Z,232,234,high
2024-10-28T18:30Z,2024-10-28T19:00Z,232,232,high
2024-10-28T19:00Z,2024-10-28T19:30Z,235,232,high
2024-10-28T19:30Z,2024-10-28T20:00Z,234,225,high
2024-10-28T20:00Z,2024-10-28T20:30Z,234,221,high
2024-10-28T20:30Z,2024-10-28T21:00Z,215,215,high
2024-10-28T21:00Z,2024-10-28T21:30Z,207,208,high
2024-10-28T21:30Z,2024-10-28T22:00Z,208,207,high
2024-10-28T22:00Z,2024-10-28T22:30Z,192,198,high
2024-10-28T22:30Z,2024-10-28T23:00Z,193,178,moderate
2024-10-28T23:00Z,2024-10-28T23:30Z,168,170,moderate
2024-10-28T23:30Z,2024-10-29T00:00Z,156,171,moderate
2024-10-29T00:00Z,2024-10-29T00:30Z,153,168,moderate
2024-10-29T00:30Z,2024-10-29T01:00Z,154,170,moderate
2024-10-29T01:00Z,2024-10-29T01:30Z,152,170,moderate
2024-10-29T01:30Z,2024-10-29T02:00Z,153,167,moderate
2024-10-29T02:00Z,2024-10-29T02:30Z,162,164,moderate
2024-10-29T02:30Z,2024-10-29T03:00Z,163,160,moderate
2024-10-29T03:00Z,2024-10-29T03:30Z,160,157,moderate
2024-10-29T03:30Z,2024-10-29T04:00Z,155,152,moderate
2024-10-29T04:00Z,2024-10-29T04:30Z,151,150,moderate
2024-10-29T04:30Z,2024-10-29T05:00Z,147,157,moderate
2024-10-29T05:00Z,2024-10-29T05:30Z,148,172,moderate
2024-10-29T05:30Z,2024-10-29T06:00Z,161,203,high
2024-10-29T06:00Z,2024-10-29T06:30Z,186,217,high
2024-10-29T06:30Z,2024-10-29T07:00Z,202,223,high
2024-10-29T07:00Z,2024-10-29T07:30Z,212,226,high
2024-10-29T07:30Z,2024-10-29T08:00Z,222,226,high
2024-10-29T08:00Z,2024-10-29T08:30Z,226,223,high
2024-10-29T08:30Z,2024-10-29T09:00Z,226,212,high
2024-10-29T09:00Z,2024-10-29T09:30Z,216,208,high
2024-10-29T09:30Z,2024-10-29T10:00Z,206,209,high
2024-10-29T10:00Z,2024-10-29T10:30Z,200,204,high
2024-10-29T10:30Z,2024-10-29T11:00Z,197,201,high
2024-10-29T11:00Z,2024-10-29T11:30Z,193,202,high
2024-10-29T11:30Z,2024-10-29T12:00Z,197,206,high
2024-10-29T12:00Z,2024-10-29T12:30Z,201,208,high
2024-10-29T12:30Z,2024-10-29T13:00Z,202,209,high
2024-10-29T13:00Z,2024-10-29T13:30Z,211,217,high
2024-10-29T13:30Z,2024-10-29T14:00Z,212,222,high
2024-10-29T14:00Z,2024-10-29T14:30Z,217,228,high
2024-10-29T14:30Z,2024-10-29T15:00Z,229,229,high
2024-10-29T15:00Z,2024-10-29T15:30Z,227,232,high
2024-10-29T15:30Z,2024-10-29T16:00Z,236,233,high
2024-10-29T16:00Z,2024-10-29T16:30Z,239,239,high
2024-10-29T16:30Z,2024-10-29T17:00Z,233,241,high
2024-10-29T17:00Z,2024-10-29T17:30Z,238,241,high
2024-10-29T17:30Z,2024-10-29T18:00Z,237,240,high
2024-10-29T18:00Z,2024-10-29T18:30Z,235,240,high
2024-10-29T18:30Z,2024-10-29T19:00Z,236,246,high
2024-10-29T19:00Z,2024-10-29T19:30Z,241,242,high
2024-10-29T19:30Z,2024-10-29T20:00Z,246,242,high
2024-10-29T20:00Z,2024-10-29T20:30Z,242,240,high
2024-10-29T20:30Z,2024-10-29T21:00Z,237,235,high
2024-10-29T21:00Z,2024-10-29T21:30Z,233,233,high
2024-10-29T21:30Z,2024-10-29T22:00Z,228,220,high
2024-10-29T22:00Z,2024-10-29T22:30Z,226,210,high
2024-10-29T22:30Z,2024-10-29T23:00Z,211,206,high
2024-10-29T23:00Z,2024-10-29T23:30Z,193,202,high
2024-10-29T23:30Z,2024-10-30T00:00Z,206,197,high
2024-10-30T00:00Z,2024-10-30T00:30Z,205,201,high
2024-10-30T00:30Z,2024-10-30T01:00Z,197,199,high
2024-10-30T01:00Z,2024-10-30T01:30Z,197,194,high
2024-10-30T01:30Z,2024-10-30T02:00Z,192,190,high
2024-10-30T02:00Z,2024-10-30T02:30Z,186,194,high
2024-10-30T02:30Z,2024-10-30T03:00Z,183,186,moderate
2024-10-30T03:00Z,2024-10-30T03:30Z,185,185,moderate
2024-10-30T03:30Z,2024-10-30T04:00Z,186,185,moderate
2024-10-30T04:00Z,2024-10-30T04:30Z,184,190,high
2024-10-30T04:30Z,2024-10-30T05:00Z,190,207,high
2024-10-30T05:00Z,2024-10-30T05:30Z,195,216,high
2024-10-30T05:30Z,2024-10-30T06:00Z,211,229,high
2024-10-30T06:00Z,2024-10-30T06:30Z,227,241,high
2024-10-30T06:30Z,2024-10-30T07:00Z,229,246,high
2024-10-30T07:00Z,2024-10-30T07:30Z,228,247,high
2024-10-30T07:30Z,2024-10-30T08:00Z,251,243,high
2024-10-30T08:00Z,2024-10-30T08:30Z,251,238,high
2024-10-30T08:30Z,2024-10-30T09:00Z,243,236,high
2024-10-30T09:00Z,2024-10-30T09:30Z,236,233,high
2024-10-30T09:30Z,2024-10-30T10:00Z,234,239,high
2024-10-30T10:00Z,2024-10-30T10:30Z,227,236,high
2024-10-30T10:30Z,2024-10-30T11:00Z,232,236,high
2024-10-30T11:00Z,2024-10-30T11:30Z,232,237,high
2024-10-30T11:30Z,2024-10-30T12:00Z,232,236,high
2024-10-30T12:00Z,2024-10-30T12:30Z,235,238,high
2024-10-30T12:30Z,2024-10-30T13:00Z,236,239,high
2024-10-30T13:00Z,2024-10-30T13:30Z,237,239,high
2024-10-30T13:30Z,2024-10-30T14:00Z,239,243,high
2024-10-30T14:00Z,2024-10-30T14:30Z,241,248,high
2024-10-30T14:30Z,2024-10-30T15:00Z,243,248,high
2024-10-30T15:00Z,2024-10-30T15:30Z,245,243,high
2024-10-30T15:30Z,2024-10-30T16:00Z,244,243,high
2024-10-30T16:00Z,2024-10-30T16:30Z,238,241,high
2024-10-30T16:30Z,2024-10-30T17:00Z,237,240,high
2024-10-30T17:00Z,2024-10-30T17:30Z,236,237,high
2024-10-30T17:30Z,2024-10-30T18:00Z,233,240,high
2024-10-30T18:00Z,2024-10-30T18:30Z,230,237,high
2024-10-30T18:30Z,2024-10-30T19:00Z,235,233,high
2024-10-30T19:00Z,2024-10-30T19:30Z,232,230,high
2024-10-30T19:30Z,2024-10-30T20:00Z,224,220,high
2024-10-30T20:00Z,2024-10-30T20:30Z,213,210,high
2024-10-30T20:30Z,2024-10-30T21:00Z,199,199,high
2024-10-30T21:00Z,2024-10-30T21:30Z,185,191,high
2024-10-30T21:30Z,2024-10-30T22:00Z,181,176,moderate
2024-10-30T22:00Z,2024-10-30T22:30Z,179,160,moderate
2024-10-30T22:30Z,2024-10-30T23:00Z,164,144,moderate
2024-10-30T23:00Z,2024-10-30T23:30Z,153,130,moderate
2024-10-30T23:30Z,2024-10-31T00:00Z,140,130,moderate
2024-10-31T00:00Z,2024-10-31T00:30Z,127,124,moderate
2024-10-31T00:30Z,2024-10-31T01:00Z,125,121,moderate
2024-10-31T01:00Z,2024-10-31T01:30Z,114,109,low
2024-10-31T01:30Z,2024-10-31T02:00Z,108,104,low
2024-10-31T02:00Z,2024-10-31T02:30Z,103,99,low
2024-10-31T02:30Z,2024-10-31T03:00Z,102,102,low
2024-10-31T03:00Z,2024-10-31T03:30Z,100,99,low
2024-10-31T03:30Z,2024-10-31T04:00Z,104,100,low
2024-10-31T04:00Z,2024-10-31T04:30Z,101,100,low
2024-10-31T04:30Z,2024-10-31T05:00Z,101,108,low
2024-10-31T05:00Z,2024-10-31T05:30Z,106,118,moderate
2024-10-31T05:30Z,2024-10-31T06:00Z,107,139,moderate
2024-10-31T06:00Z,2024-10-31T06:30Z,124,153,moderate
2024-10-31T06:30Z,2024-10-31T07:00Z,137,157,moderate
2024-10-31T07:00Z,2024-10-31T07:30Z,139,163,moderate
2024-10-31T07:30Z,2024-10-31T08:00Z,151,160,moderate
2024-10-31T08:00Z,2024-10-31T08:30Z,158,159,moderate
2024-10-31T08:30Z,2024-10-31T09:00Z,164,158,moderate
2024-10-31T09:00Z,2024-10-31T09:30Z,164,153,moderate
2024-10-31T09:30Z,2024-10-31T10:00Z,161,151,moderate
2024-10-31T10:00Z,2024-10-31T10:30Z,170,147,moderate
2024-10-31T10:30Z,2024-10-31T11:00Z,161,146,moderate
2024-10-31T11:00Z,2024-10-31T11:30Z,159,143,moderate
2024-10-31T11:30Z,2024-10-31T12:00Z,158,145,moderate
2024-10-31T12:00Z,2024-10-31T12:30Z,155,142,moderate
2024-10-31T12:30Z,2024-10-31T13:00Z,156,144,moderate
2024-10-31T13:00Z,2024-10-31T13:30Z,158,144,moderate
2024-10-31T13:30Z,2024-10-31T14:00Z,161,144,moderate
2024-10-31T14:00Z,2024-10-31T14:30Z,162,157,moderate
2024-10-31T14:30Z,2024-10-31T15:00Z,161,167,moderate
2024-10-31T15:00Z,2024-10-31T15:30Z,178,174,moderate
2024-10-31T15:30Z,2024-10-31T16:00Z,172,186,moderate
2024-10-31T16:00Z,2024-10-31T16:30Z,188,190,high
2024-10-31T16:30Z,2024-10-31T17:00Z,190,191,high
2024-10-31T17:00Z,2024-10-31T17:30Z,189,191,high
2024-10-31T17:30Z,2024-10-31T18:00Z,193,204,high
2024-10-31T18:00Z,2024-10-31T18:30Z,183,204,high
2024-10-31T18:30Z,2024-10-31T19:00Z,199,198,high
2024-10-31T19:00Z,2024-10-31T19:30Z,204,196,high
2024-10-31T19:30Z,2024-10-31T20:00Z,204,183,moderate
2024-10-31T20:00Z,2024-10-31T20:30Z,205,178,moderate
2024-10-31T20:30Z,2024-10-31T21:00Z,193,168,moderate
2024-10-31T21:00Z,2024-10-31T21:30Z,182,162,moderate
2024-10-31T21:30Z,2024-10-31T22:00Z,147,153,moderate
2024-10-31T22:00Z,2024-10-31T22:30Z,139,144,moderate
2024-10-31T22:30Z,2024-10-31T23:00Z,153,135,moderate
2024-10-31T23:00Z,2024-10-31T23:30Z,142,130,moderate
2024-10-31T23:30Z,2024-11-01T00:00Z,121,129,moderate
2024-11-01T00:00Z,2024-11-01T00:30Z,124,127,moderate
2024-11-01T00:30Z,2024-11-01T01:00Z,127,126,moderate
2024-11-01T01:00Z,2024-11-01T01:30Z,128,122,moderate
2024-11-01T01:30Z,2024-11-01T02:00Z,127,123,moderate
2024-11-01T02:00Z,2024-11-01T02:30Z,121,119,moderate
2024-11-01T02:30Z,2024-11-01T03:00Z,124,111,moderate
2024-11-01T03:00Z,2024-11-01T03:30Z,113,109,low
2024-11-01T03:30Z,2024-11-01T04:00Z,104,104,low
2024-11-01T04:00Z,2024-11-01T04:30Z,109,105,low
2024-11-01T04:30Z,2024-11-01T05:00Z,104,106,low
2024-11-01T05:00Z,2024-11-01T05:30Z,112,117,moderate
2024-11-01T05:30Z,2024-11-01T06:00Z,106,127,moderate
2024-11-01T06:00Z,2024-11-01T06:30Z,121,144,moderate
2024-11-01T06:30Z,2024-11-01T07:00Z,140,163,moderate
2024-11-01T07:00Z,2024-11-01T07:30Z,104,169,moderate
2024-11-01T07:30Z,2024-11-01T08:00Z,157,175,moderate
2024-11-01T08:00Z,2024-11-01T08:30Z,172,178,moderate
2024-11-01T08:30Z,2024-11-01T09:00Z,178,181,moderate
2024-11-01T09:00Z,2024-11-01T09:30Z,174,180,moderate
2024-11-01T09:30Z,2024-11-01T10:00Z,176,181,moderate
2024-11-01T10:00Z,2024-11-01T10:30Z,177,181,moderate
2024-11-01T10:30Z,2024-11-01T11:00Z,178,190,high
2024-11-01T11:00Z,2024-11-01T11:30Z,178,193,high
2024-11-01T11:30Z,2024-11-01T12:00Z,186,196,high
2024-11-01T12:00Z,2024-11-01T12:30Z,199,201,high
2024-11-01T12:30Z,2024-11-01T13:00Z,199,210,high
2024-11-01T13:00Z,2024-11-01T13:30Z,199,217,high
2024-11-01T13:30Z,2024-11-01T14:00Z,210,219,high
2024-11-01T14:00Z,2024-11-01T14:30Z,219,228,high
2024-11-01T14:30Z,2024-11-01T15:00Z,224,232,high
2024-11-01T15:00Z,2024-11-01T15:30Z,232,235,high
2024-11-01T15:30Z,2024-11-01T16:00Z,239,237,high
2024-11-01T16:00Z,2024-11-01T16:30Z,241,240,high
2024-11-01T16:30Z,2024-11-01T17:00Z,241,244,high
2024-11-01T17:00Z,2024-11-01T17:30Z,239,244,high
2024-11-01T17:30Z,2024-11-01T18:00Z,244,242,high
2024-11-01T18:00Z,2024-11-01T18:30Z,248,247,high
2024-11-01T18:30Z,2024-11-01T19:00Z,240,252,high
2024-11-01T19:00Z,2024-11-01T19:30Z,245,252,high
2024-11-01T19:30Z,2024-11-01T20:00Z,251,252,high
2024-11-01T20:00Z,2024-11-01T20:30Z,251,249,high
2024-11-01T20:30Z,2024-11-01T21:00Z,246,244,high
2024-11-01T21:00Z,2024-11-01T21:30Z,239,239,high
2024-11-01T21:30Z,2024-11-01T22:00Z,235,232,high
2024-11-01T22:00Z,2024-11-01T22:30Z,234,217,high
2024-11-01T22:30Z,2024-11-01T23:00Z,221,213,high
2024-11-01T23:00Z,2024-11-01T23:30Z,199,206,high
2024-11-01T23:30Z,2024-11-02T00:00Z,188,206,high
2024-11-02T00:00Z,2024-11-02T00:30Z,201,205,high
2024-11-02T00:30Z,2024-11-02T01:00Z,230,196,high
2024-11-02T01:00Z,2024-11-02T01:30Z,200,186,moderate
2024-11-02T01:30Z,2024-11-02T02:00Z,194,179,moderate
2024-11-02T02:00Z,2024-11-02T02:30Z,185,172,moderate
2024-11-02T02:30Z,2024-11-02T03:00Z,177,163,moderate
2024-11-02T03:00Z,2024-11-02T03:30Z,166,161,moderate
2024-11-02T03:30Z,2024-11-02T04:00Z,155,152,moderate
2024-11-02T04:00Z,2024-11-02T04:30Z,157,149,moderate
2024-11-02T04:30Z,2024-11-02T05:00Z,146,155,moderate
2024-11-02T05:00Z,2024-11-02T05:30Z,145,159,moderate
2024-11-02T05:30Z,2024-11-02T06:00Z,152,163,moderate
2024-11-02T06:00Z,2024-11-02T06:30Z,152,166,moderate
2024-11-02T06:30Z,2024-11-02T07:00Z,160,166,moderate
2024-11-02T07:00Z,2024-11-02T07:30Z,164,172,moderate
2024-11-02T07:30Z,2024-11-02T08:00Z,161,181,moderate
2024-11-02T08:00Z,2024-11-02T08:30Z,164,184,moderate
2024-11-02T08:30Z,2024-11-02T09:00Z,179,190,high
2024-11-02T09:00Z,2024-11-02T09:30Z,177,189,moderate
2024-11-02T09:30Z,2024-11-02T10:00Z,193,184,moderate
2024-11-02T10:00Z,2024-11-02T10:30Z,186,177,moderate
2024-11-02T10:30Z,2024-11-02T11:00Z,176,179,moderate
2024-11-02T11:00Z,2024-11-02T11:30Z,167,181,moderate
2024-11-02T11:30Z,2024-11-02T12:00Z,169,185,moderate
2024-11-02T12:00Z,2024-11-02T12:30Z,175,188,moderate
2024-11-02T12:30Z,2024-11-02T13:00Z,173,188,moderate
2024-11-02T13:00Z,2024-11-02T13:30Z,174,195,high
2024-11-02T13:30Z,2024-11-02T14:00Z,171,200,high
2024-11-02T14:00Z,2024-11-02T14:30Z,182,209,high
2024-11-02T14:30Z,2024-11-02T15:00Z,194,217,high
2024-11-02T15:00Z,2024-11-02T15:30Z,203,218,high
2024-11-02T15:30Z,2024-11-02T16:00Z,219,221,high
2024-11-02T16:00Z,2024-11-02T16:30Z,221,223,high
2024-11-02T16:30Z,2024-11-02T17:00Z,223,224,high
2024-11-02T17:00Z,2024-11-02T17:30Z,222,225,high
2024-11-02T17:30Z,2024-11-02T18:00Z,227,227,high
2024-11-02T18:00Z,2024-11-02T18:30Z,223,224,high
2024-11-02T18:30Z,2024-11-02T19:00Z,223,225,high
2024-11-02T19:00Z,2024-11-02T19:30Z,211,224,high
2024-11-02T19:30Z,2024-11-02T20:00Z,216,218,high
2024-11-02T20:00Z,2024-11-02T20:30Z,219,215,high
2024-11-02T20:30Z,2024-11-02T21:00Z,209,209,high
2024-11-02T21:00Z,2024-11-02T21:30Z,210,204,high
2024-11-02T21:30Z,2024-11-02T22:00Z,203,194,high
2024-11-02T22:00Z,2024-11-02T22:30Z,195,184,moderate
2024-11-02T22:30Z,2024-11-02T23:00Z,182,176,moderate
2024-11-02T23:00Z,2024-11-02T23:30Z,171,174,moderate
2024-11-02T23:30Z,2024-11-03T00:00Z,173,173,moderate
2024-11-03T00:00Z,2024-11-03T00:30Z,174,176,moderate
2024-11-03T00:30Z,2024-11-03T01:00Z,176,171,moderate
2024-11-03T01:00Z,2024-11-03T01:30Z,175,172,moderate
2024-11-03T01:30Z,2024-11-03T02:00Z,171,172,moderate
2024-11-03T02:00Z,2024-11-03T02:30Z,167,175,moderate
2024-11-03T02:30Z,2024-11-03T03:00Z,169,174,moderate
2024-11-03T03:00Z,2024-11-03T03:30Z,173,173,moderate
2024-11-03T03:30Z,2024-11-03T04:00Z,170,172,moderate
2024-11-03T04:00Z,2024-11-03T04:30Z,169,175,moderate
2024-11-03T04:30Z,2024-11-03T05:00Z,167,171,moderate
2024-11-03T05:00Z,2024-11-03T05:30Z,192,171,moderate
2024-11-03T05:30Z,2024-11-03T06:00Z,171,177,moderate
2024-11-03T06:00Z,2024-11-03T06:30Z,174,179,moderate
2024-11-03T06:30Z,2024-11-03T07:00Z,179,186,moderate
2024-11-03T07:00Z,2024-11-03T07:30Z,178,190,high
2024-11-03T07:30Z,2024-11-03T08:00Z,190,195,high
2024-11-03T08:00Z,2024-11-03T08:30Z,200,207,high
2024-11-03T08:30Z,2024-11-03T09:00Z,204,226,high
2024-11-03T09:00Z,2024-11-03T09:30Z,209,229,high
2024-11-03T09:30Z,2024-11-03T10:00Z,220,231,high
2024-11-03T10:00Z,2024-11-03T10:30Z,227,235,high
2024-11-03T10:30Z,2024-11-03T11:00Z,226,238,high
2024-11-03T11:00Z,2024-11-03T11:30Z,235,237,high
2024-11-03T11:30Z,2024-11-03T12:00Z,238,238,high
2024-11-03T12:00Z,2024-11-03T12:30Z,238,239,high
2024-11-03T12:30Z,2024-11-03T13:00Z,237,242,high
2024-11-03T13:00Z,2024-11-03T13:30Z,238,243,high
2024-11-03T13:30Z,2024-11-03T14:00Z,240,247,high
2024-11-03T14:00Z,2024-11-03T14:30Z,242,248,high
2024-11-03T14:30Z,2024-11-03T15:00Z,246,247,high
2024-11-03T15:00Z,2024-11-03T15:30Z,250,252,high
2024-11-03T15:30Z,2024-11-03T16:00Z,249,254,high
2024-11-03T16:00Z,2024-11-03T16:30Z,254,250,high
2024-11-03T16:30Z,2024-11-03T17:00Z,255,253,high
2024-11-03T17:00Z,2024-11-03T17:30Z,247,252,high
2024-11-03T17:30Z,2024-11-03T18:00Z,251,249,high
2024-11-03T18:00Z,2024-11-03T18:30Z,251,250,high
2024-11-03T18:30Z,2024-11-03T19:00Z,248,248,high
2024-11-03T19:00Z,2024-11-03T19:30Z,250,244,high
2024-11-03T19:30Z,2024-11-03T20:00Z,246,239,high
2024-11-03T20:00Z,2024-11-03T20:30Z,238,235,high
2024-11-03T20:30Z,2024-11-03T21:00Z,229,229,high
2024-11-03T21:00Z,2024-11-03T21:30Z,223,224,high
2024-11-03T21:30Z,2024-11-03T22:00Z,227,218,high
2024-11-03T22:00Z,2024-11-03T22:30Z,211,214,high
2024-11-03T22:30Z,2024-11-03T23:00Z,214,212,high
2024-11-03T23:00Z,2024-11-03T23:30Z,196,214,high
2024-11-03T23:30Z,2024-11-04T00:00Z,206,211,high
2024-11-04T00:00Z,2024-11-04T00:30Z,214,212,high
2024-11-04T00:30Z,2024-11-04T01:00Z,211,212,high
2024-11-04T01:00Z,2024-11-04T01:30Z,211,211,high
2024-11-04T01:30Z,2024-11-04T02:00Z,209,209,high
2024-11-04T02:00Z,2024-11-04T02:30Z,208,206,high
2024-11-04T02:30Z,2024-11-04T03:00Z,204,202,high
2024-11-04T03:00Z,2024-11-04T03:30Z,204,199,high
2024-11-04T03:30Z,2024-11-04T04:00Z,206,200,high
2024-11-04T04:00Z,2024-11-04T04:30Z,201,198,high
2024-11-04T04:30Z,2024-11-04T05:00Z,198,215,high
2024-11-04T05:00Z,2024-11-04T05:30Z,201,227,high
2024-11-04T05:30Z,2024-11-04T06:00Z,217,246,high
2024-11-04T06:00Z,2024-11-04T06:30Z,243,257,high
2024-11-04T06:30Z,2024-11-04T07:00Z,255,253,high
2024-11-04T07:00Z,2024-11-04T07:30Z,264,250,high
2024-11-04T07:30Z,2024-11-04T08:00Z,257,250,high
2024-11-04T08:00Z,2024-11-04T08:30Z,249,249,high
2024-11-04T08:30Z,2024-11-04T09:00Z,247,249,high
2024-11-04T09:00Z,2024-11-04T09:30Z,246,249,high
2024-11-04T09:30Z,2024-11-04T10:00Z,245,249,high
2024-11-04T10:00Z,2024-11-04T10:30Z,246,250,high
2024-11-04T10:30Z,2024-11-04T11:00Z,249,254,high
2024-11-04T11:00Z,2024-11-04T11:30Z,249,254,high
2024-11-04T11:30Z,2024-11-04T12:00Z,252,252,high
2024-11-04T12:00Z,2024-11-04T12:30Z,252,252,high
2024-11-04T12:30Z,2024-11-04T13:00Z,252,251,high
2024-11-04T13:00Z,2024-11-04T13:30Z,250,253,high
2024-11-04T13:30Z,2024-11-04T14:00Z,249,254,high
2024-11-04T14:00Z,2024-11-04T14:30Z,250,257,high
2024-11-04T14:30Z,2024-11-04T15:00Z,251,257,high
2024-11-04T15:00Z,2024-11-04T15:30Z,253,257,high
2024-11-04T15:30Z,2024-11-04T16:00Z,254,255,high
2024-11-04T16:00Z,2024-11-04T16:30Z,254,254,high
2024-11-04T16:30Z,2024-11-04T17:00Z,251,252,high
2024-11-04T17:00Z,2024-11-04T17:30Z,247,250,high
2024-11-04T17:30Z,2024-11-04T18:00Z,250,255,high
2024-11-04T18:00Z,2024-11-04T18:30Z,247,255,high
2024-11-04T18:30Z,2024-11-04T19:00Z,250,257,high
2024-11-04T19:00Z,2024-11-04T19:30Z,253,258,high
2024-11-04T19:30Z,2024-11-04T20:00Z,253,260,high
2024-11-04T20:00Z,2024-11-04T20:30Z,259,257,high
2024-11-04T20:30Z,2024-11-04T21:00Z,259,256,high
2024-11-04T21:00Z,2024-11-04T21:30Z,253,249,high
2024-11-04T21:30Z,2024-11-04T22:00Z,248,250,high
2024-11-04T22:00Z,2024-11-04T22:30Z,238,248,high
2024-11-04T22:30Z,2024-11-04T23:00Z,240,248,high
2024-11-04T23:00Z,2024-11-04T23:30Z,234,244,high
2024-11-04T23:30Z,2024-11-05T00:00Z,237,238,high
2024-11-05T00:00Z,2024-11-05T00:30Z,241,246,high
2024-11-05T00:30Z,2024-11-05T01:00Z,237,242,high
2024-11-05T01:00Z,2024-11-05T01:30Z,240,241,high
2024-11-05T01:30Z,2024-11-05T02:00Z,238,241,high
2024-11-05T02:00Z,2024-11-05T02:30Z,237,241,high
2024-11-05T02:30Z,2024-11-05T03:00Z,239,243,high
2024-11-05T03:00Z,2024-11-05T03:30Z,236,242,high
2024-11-05T03:30Z,2024-11-05T04:00Z,243,242,high
2024-11-05T04:00Z,2024-11-05T04:30Z,239,243,high
2024-11-05T04:30Z,2024-11-05T05:00Z,242,260,high
2024-11-05T05:00Z,2024-11-05T05:30Z,252,261,high
2024-11-05T05:30Z,2024-11-05T06:00Z,274,267,high
2024-11-05T06:00Z,2024-11-05T06:30Z,262,273,very high
2024-11-05T06:30Z,2024-11-05T07:00Z,275,268,high
2024-11-05T07:00Z,2024-11-05T07:30Z,269,265,high
2024-11-05T07:30Z,2024-11-05T08:00Z,266,260,high
2024-11-05T08:00Z,2024-11-05T08:30Z,261,264,high
2024-11-05T08:30Z,2024-11-05T09:00Z,259,265,high
2024-11-05T09:00Z,2024-11-05T09:30Z,257,264,high
2024-11-05T09:30Z,2024-11-05T10:00Z,265,267,high
2024-11-05T10:00Z,2024-11-05T10:30Z,263,266,high
2024-11-05T10:30Z,2024-11-05T11:00Z,265,265,high
2024-11-05T11:00Z,2024-11-05T11:30Z,264,265,high
2024-11-05T11:30Z,2024-11-05T12:00Z,261,262,high
2024-11-05T12:00Z,2024-11-05T12:30Z,261,261,high
2024-11-05T12:30Z,2024-11-05T13:00Z,260,260,high
2024-11-05T13:00Z,2024-11-05T13:30Z,260,260,high
2024-11-05T13:30Z,2024-11-05T14:00Z,256,253,high
2024-11-05T14:00Z,2024-11-05T14:30Z,258,254,high
2024-11-05T14:30Z,2024-11-05T15:00Z,256,258,high
2024-11-05T15:00Z,2024-11-05T15:30Z,254,262,high
2024-11-05T15:30Z,2024-11-05T16:00Z,253,261,high
2024-11-05T16:00Z,2024-11-05T16:30Z,252,263,high
2024-11-05T16:30Z,2024-11-05T17:00Z,252,261,high
2024-11-05T17:00Z,2024-11-05T17:30Z,253,261,high
2024-11-05T17:30Z,2024-11-05T18:00Z,252,264,high
2024-11-05T18:00Z,2024-11-05T18:30Z,251,262,high
2024-11-05T18:30Z,2024-11-05T19:00Z,250,258,high
2024-11-05T19:00Z,2024-11-05T19:30Z,252,259,high
2024-11-05T19:30Z,2024-11-05T20:00Z,253,266,high
2024-11-05T20:00Z,2024-11-05T20:30Z,251,262,high
2024-11-05T20:30Z,2024-11-05T21:00Z,247,263,high
2024-11-05T21:00Z,2024-11-05T21:30Z,240,257,high
2024-11-05T21:30Z,2024-11-05T22:00Z,233,258,high
2024-11-05T22:00Z,2024-11-05T22:30Z,220,253,high
2024-11-05T22:30Z,2024-11-05T23:00Z,205,243,high
2024-11-05T23:00Z,2024-11-05T23:30Z,195,236,high
2024-11-05T23:30Z,2024-11-06T00:00Z,189,232,high
2024-11-06T00:00Z,2024-11-06T00:30Z,188,232,high
2024-11-06T00:30Z,2024-11-06T01:00Z,187,225,high
2024-11-06T01:00Z,2024-11-06T01:30Z,178,222,high
2024-11-06T01:30Z,2024-11-06T02:00Z,172,221,high
2024-11-06T02:00Z,2024-11-06T02:30Z,168,220,high
2024-11-06T02:30Z,2024-11-06T03:00Z,168,216,high
2024-11-06T03:00Z,2024-11-06T03:30Z,166,219,high
2024-11-06T03:30Z,2024-11-06T04:00Z,168,224,high
2024-11-06T04:00Z,2024-11-06T04:30Z,171,226,high
2024-11-06T04:30Z,2024-11-06T05:00Z,170,240,high
2024-11-06T05:00Z,2024-11-06T05:30Z,177,244,high
2024-11-06T05:30Z,2024-11-06T06:00Z,190,253,high
2024-11-06T06:00Z,2024-11-06T06:30Z,210,259,high
2024-11-06T06:30Z,2024-11-06T07:00Z,221,254,high
2024-11-06T07:00Z,2024-11-06T07:30Z,227,255,high
2024-11-06T07:30Z,2024-11-06T08:00Z,235,247,high
2024-11-06T08:00Z,2024-11-06T08:30Z,237,245,high
2024-11-06T08:30Z,2024-11-06T09:00Z,236,245,high
2024-11-06T09:00Z,2024-11-06T09:30Z,234,244,high
2024-11-06T09:30Z,2024-11-06T10:00Z,231,244,high
2024-11-06T10:00Z,2024-11-06T10:30Z,228,246,high
2024-11-06T10:30Z,2024-11-06T11:00Z,226,245,high
2024-11-06T11:00Z,2024-11-06T11:30Z,224,244,high
2024-11-06T11:30Z,2024-11-06T12:00Z,223,243,high
2024-11-06T12:00Z,2024-11-06T12:30Z,225,245,high
2024-11-06T12:30Z,2024-11-06T13:00Z,225,247,high
2024-11-06T13:00Z,2024-11-06T13:30Z,227,248,high
2024-11-06T13:30Z,2024-11-06T14:00Z,228,246,high
2024-11-06T14:00Z,2024-11-06T14:30Z,230,249,high
2024-11-06T14:30Z,2024-11-06T15:00Z,232,247,high
2024-11-06T15:00Z,2024-11-06T15:30Z,237,250,high
2024-11-06T15:30Z,2024-11-06T16:00Z,239,249,high
2024-11-06T16:00Z,2024-11-06T16:30Z,241,249,high
2024-11-06T16:30Z,2024-11-06T17:00Z,240,249,high
2024-11-06T17:00Z,2024-11-06T17:30Z,239,247,high
2024-11-06T17:30Z,2024-11-06T18:00Z,237,246,high
2024-11-06T18:00Z,2024-11-06T18:30Z,237,245,high
2024-11-06T18:30Z,2024-11-06T19:00Z,237,247,high
2024-11-06T19:00Z,2024-11-06T19:30Z,236,245,high
2024-11-06T19:30Z,2024-11-06T20:00Z,232,248,high
2024-11-06T20:00Z,2024-11-06T20:30Z,231,245,high
2024-11-06T20:30Z,2024-11-06T21:00Z,222,243,high
2024-11-06T21:00Z,2024-11-06T21:30Z,219,234,high
2024-11-06T21:30Z,2024-11-06T22:00Z,207,223,high
2024-11-06T22:00Z,2024-11-06T22:30Z,200,212,high
2024-11-06T22:30Z,2024-11-06T23:00Z,189,185,moderate
2024-11-06T23:00Z,2024-11-06T23:30Z,172,180,moderate
2024-11-06T23:30Z,2024-11-07T00:00Z,162,176,moderate
2024-11-07T00:00Z,2024-11-07T00:30Z,169,177,moderate
2024-11-07T00:30Z,2024-11-07T01:00Z,165,179,moderate
2024-11-07T01:00Z,2024-11-07T01:30Z,159,175,moderate
2024-11-07T01:30Z,2024-11-07T02:00Z,154,171,moderate
2024-11-07T02:00Z,2024-11-07T02:30Z,153,170,moderate
2024-11-07T02:30Z,2024-11-07T03:00Z,147,166,moderate
2024-11-07T03:00Z,2024-11-07T03:30Z,146,166,moderate
2024-11-07T03:30Z,2024-11-07T04:00Z,153,167,moderate
2024-11-07T04:00Z,2024-11-07T04:30Z,156,168,moderate
2024-11-07T04:30Z,2024-11-07T05:00Z,157,183,moderate
2024-11-07T05:00Z,2024-11-07T05:30Z,160,189,moderate
2024-11-07T05:30Z,2024-11-07T06:00Z,166,208,high
2024-11-07T06:00Z,2024-11-07T06:30Z,191,216,high
2024-11-07T06:30Z,2024-11-07T07:00Z,207,223,high
2024-11-07T07:00Z,2024-11-07T07:30Z,215,223,high
2024-11-07T07:30Z,2024-11-07T08:00Z,224,219,high
2024-11-07T08:00Z,2024-11-07T08:30Z,222,216,high
2024-11-07T08:30Z,2024-11-07T09:00Z,218,211,high
2024-11-07T09:00Z,2024-11-07T09:30Z,214,210,high
2024-11-07T09:30Z,2024-11-07T10:00Z,217,210,high
2024-11-07T10:00Z,2024-11-07T10:30Z,216,208,high
2024-11-07T10:30Z,2024-11-07T11:00Z,213,210,high
2024-11-07T11:00Z,2024-11-07T11:30Z,217,210,high
2024-11-07T11:30Z,2024-11-07T12:00Z,218,207,high
2024-11-07T12:00Z,2024-11-07T12:30Z,218,207,high
2024-11-07T12:30Z,2024-11-07T13:00Z,217,204,high
2024-11-07T13:00Z,2024-11-07T13:30Z,219,205,high
2024-11-07T13:30Z,2024-11-07T14:00Z,216,210,high
2024-11-07T14:00Z,2024-11-07T14:30Z,219,209,high
2024-11-07T14:30Z,2024-11-07T15:00Z,218,207,high
2024-11-07T15:00Z,2024-11-07T15:30Z,215,207,high
2024-11-07T15:30Z,2024-11-07T16:00Z,212,206,high
2024-11-07T16:00Z,2024-11-07T16:30Z,207,208,high
2024-11-07T16:30Z,2024-11-07T17:00Z,202,212,high
2024-11-07T17:00Z,2024-11-07T17:30Z,201,213,high
2024-11-07T17:30Z,2024-11-07T18:00Z,204,214,high
2024-11-07T18:00Z,2024-11-07T18:30Z,212,214,high
2024-11-07T18:30Z,2024-11-07T19:00Z,215,206,high
2024-11-07T19:00Z,2024-11-07T19:30Z,213,203,high
2024-11-07T19:30Z,2024-11-07T20:00Z,211,209,high
2024-11-07T20:00Z,2024-11-07T20:30Z,210,206,high
2024-11-07T20:30Z,2024-11-07T21:00Z,219,199,high
2024-11-07T21:00Z,2024-11-07T21:30Z,213,193,high
2024-11-07T21:30Z,2024-11-07T22:00Z,216,184,moderate
2024-11-07T22:00Z,2024-11-07T22:30Z,203,181,moderate
2024-11-07T22:30Z,2024-11-07T23:00Z,191,167,moderate
2024-11-07T23:00Z,2024-11-07T23:30Z,160,158,moderate
2024-11-07T23:30Z,2024-11-08T00:00Z,150,160,moderate
2024-11-08T00:00Z,2024-11-08T00:30Z,169,164,moderate
2024-11-08T00:30Z,2024-11-08T01:00Z,169,163,moderate
2024-11-08T01:00Z,2024-11-08T01:30Z,169,165,moderate
2024-11-08T01:30Z,2024-11-08T02:00Z,162,165,moderate
2024-11-08T02:00Z,2024-11-08T02:30Z,168,168,moderate
2024-11-08T02:30Z,2024-11-08T03:00Z,173,166,moderate
2024-11-08T03:00Z,2024-11-08T03:30Z,166,165,moderate
2024-11-08T03:30Z,2024-11-08T04:00Z,176,167,moderate
2024-11-08T04:00Z,2024-11-08T04:30Z,175,173,moderate
2024-11-08T04:30Z,2024-11-08T05:00Z,165,188,moderate
2024-11-08T05:00Z,2024-11-08T05:30Z,179,200,high
2024-11-08T05:30Z,2024-11-08T06:00Z,195,226,high
2024-11-08T06:00Z,2024-11-08T06:30Z,222,236,high
2024-11-08T06:30Z,2024-11-08T07:00Z,238,242,high
2024-11-08T07:00Z,2024-11-08T07:30Z,240,240,high
2024-11-08T07:30Z,2024-11-08T08:00Z,241,235,high
2024-11-08T08:00Z,2024-11-08T08:30Z,236,232,high
2024-11-08T08:30Z,2024-11-08T09:00Z,227,229,high
2024-11-08T09:00Z,2024-11-08T09:30Z,234,232,high
2024-11-08T09:30Z,2024-11-08T10:00Z,227,232,high
2024-11-08T10:00Z,2024-11-08T10:30Z,230,229,high
2024-11-08T10:30Z,2024-11-08T11:00Z,229,228,high
2024-11-08T11:00Z,2024-11-08T11:30Z,220,226,high
2024-11-08T11:30Z,2024-11-08T12:00Z,224,226,high
2024-11-08T12:00Z,2024-11-08T12:30Z,224,228,high
2024-11-08T12:30Z,2024-11-08T13:00Z,222,231,high
2024-11-08T13:00Z,2024-11-08T13:30Z,229,234,high
2024-11-08T13:30Z,2024-11-08T14:00Z,231,232,high
2024-11-08T14:00Z,2024-11-08T14:30Z,232,235,high
2024-11-08T14:30Z,2024-11-08T15:00Z,234,237,high
2024-11-08T15:00Z,2024-11-08T15:30Z,235,236,high
2024-11-08T15:30Z,2024-11-08T16:00Z,238,237,high
2024-11-08T16:00Z,2024-11-08T16:30Z,230,238,high
2024-11-08T16:30Z,2024-11-08T17:00Z,235,238,high
2024-11-08T17:00Z,2024-11-08T17:30Z,234,240,high
2024-11-08T17:30Z,2024-11-08T18:00Z,233,242,high
2024-11-08T18:00Z,2024-11-08T18:30Z,236,242,high
2024-11-08T18:30Z,2024-11-08T19:00Z,240,240,high
2024-11-08T19:00Z,2024-11-08T19:30Z,240,237,high
2024-11-08T19:30Z,2024-11-08T20:00Z,241,238,high
2024-11-08T20:00Z,2024-11-08T20:30Z,235,236,high
2024-11-08T20:30Z,2024-11-08T21:00Z,233,228,high
2024-11-08T21:00Z,2024-11-08T21:30Z,231,222,high
2024-11-08T21:30Z,2024-11-08T22:00Z,220,207,high
2024-11-08T22:00Z,2024-11-08T22:30Z,217,202,high
2024-11-08T22:30Z,2024-11-08T23:00Z,193,193,high
2024-11-08T23:00Z,2024-11-08T23:30Z,201,194,high
2024-11-08T23:30Z,2024-11-09T00:00Z,184,191,high
2024-11-09T00:00Z,2024-11-09T00:30Z,187,189,moderate
2024-11-09T00:30Z,2024-11-09T01:00Z,192,187,moderate
2024-11-09T01:00Z,2024-11-09T01:30Z,189,185,moderate
2024-11-09T01:30Z,2024-11-09T02:00Z,191,181,moderate
2024-11-09T02:00Z,2024-11-09T02:30Z,188,183,moderate
2024-11-09T02:30Z,2024-11-09T03:00Z,186,189,moderate
2024-11-09T03:00Z,2024-11-09T03:30Z,185,189,moderate
2024-11-09T03:30Z,2024-11-09T04:00Z,189,197,high
2024-11-09T04:00Z,2024-11-09T04:30Z,184,201,high
2024-11-09T04:30Z,2024-11-09T05:00Z,197,203,high
2024-11-09T05:00Z,2024-11-09T05:30Z,206,209,high
2024-11-09T05:30Z,2024-11-09T06:00Z,210,218,high
2024-11-09T06:00Z,2024-11-09T06:30Z,213,224,high
2024-11-09T06:30Z,2024-11-09T07:00Z,222,240,high
2024-11-09T07:00Z,2024-11-09T07:30Z,222,239,high
2024-11-09T07:30Z,2024-11-09T08:00Z,244,236,high
2024-11-09T08:00Z,2024-11-09T08:30Z,236,238,high
2024-11-09T08:30Z,2024-11-09T09:00Z,236,241,high
2024-11-09T09:00Z,2024-11-09T09:30Z,242,244,high
2024-11-09T09:30Z,2024-11-09T10:00Z,244,242,high
2024-11-09T10:00Z,2024-11-09T10:30Z,247,240,high
2024-11-09T10:30Z,2024-11-09T11:00Z,244,244,high
2024-11-09T11:00Z,2024-11-09T11:30Z,241,243,high
2024-11-09T11:30Z,2024-11-09T12:00Z,246,240,high
2024-11-09T12:00Z,2024-11-09T12:30Z,246,242,high
2024-11-09T12:30Z,2024-11-09T13:00Z,244,244,high
2024-11-09T13:00Z,2024-11-09T13:30Z,242,247,high
2024-11-09T13:30Z,2024-11-09T14:00Z,244,246,high
2024-11-09T14:00Z,2024-11-09T14:30Z,245,246,high
2024-11-09T14:30Z,2024-11-09T15:00Z,248,242,high
2024-11-09T15:00Z,2024-11-09T15:30Z,248,242,high
2024-11-09T15:30Z,2024-11-09T16:00Z,244,243,high
2024-11-09T16:00Z,2024-11-09T16:30Z,245,241,high
2024-11-09T16:30Z,2024-11-09T17:00Z,247,240,high
2024-11-09T17:00Z,2024-11-09T17:30Z,247,240,high
2024-11-09T17:30Z,2024-11-09T18:00Z,247,241,high
2024-11-09T18:00Z,2024-11-09T18:30Z,247,240,high
2024-11-09T18:30Z,2024-11-09T19:00Z,248,240,high
2024-11-09T19:00Z,2024-11-09T19:30Z,247,239,high
2024-11-09T19:30Z,2024-11-09T20:00Z,246,238,high
2024-11-09T20:00Z,2024-11-09T20:30Z,236,232,high
2024-11-09T20:30Z,2024-11-09T21:00Z,233,226,high
2024-11-09T21:00Z,2024-11-09T21:30Z,225,217,high
2024-11-09T21:30Z,2024-11-09T22:00Z,219,207,high
2024-11-09T22:00Z,2024-11-09T22:30Z,206,198,high
2024-11-09T22:30Z,2024-11-09T23:00Z,202,184,moderate
2024-11-09T23:00Z,2024-11-09T23:30Z,200,179,moderate
2024-11-09T23:30Z,2024-11-10T00:00Z,182,178,moderate
2024-11-10T00:00Z,2024-11-10T00:30Z,181,179,moderate
2024-11-10T00:30Z,2024-11-10T01:00Z,180,177,moderate
2024-11-10T01:00Z,2024-11-10T01:30Z,178,179,moderate
2024-11-10T01:30Z,2024-11-10T02:00Z,173,178,moderate
2024-11-10T02:00Z,2024-11-10T02:30Z,179,175,moderate
2024-11-10T02:30Z,2024-11-10T03:00Z,181,175,moderate
2024-11-10T03:00Z,2024-11-10T03:30Z,177,175,moderate
2024-11-10T03:30Z,2024-11-10T04:00Z,173,170,moderate
2024-11-10T04:00Z,2024-11-10T04:30Z,173,164,moderate
2024-11-10T04:30Z,2024-11-10T05:00Z,175,161,moderate
2024-11-10T05:00Z,2024-11-10T05:30Z,164,161,moderate
2024-11-10T05:30Z,2024-11-10T06:00Z,167,160,moderate
2024-11-10T06:00Z,2024-11-10T06:30Z,167,165,moderate
2024-11-10T06:30Z,2024-11-10T07:00Z,165,179,moderate
2024-11-10T07:00Z,2024-11-10T07:30Z,165,183,moderate
2024-11-10T07:30Z,2024-11-10T08:00Z,184,186,moderate
2024-11-10T08:00Z,2024-11-10T08:30Z,189,190,high
2024-11-10T08:30Z,2024-11-10T09:00Z,192,196,high
2024-11-10T09:00Z,2024-11-10T09:30Z,192,197,high
2024-11-10T09:30Z,2024-11-10T10:00Z,198,199,high
2024-11-10T10:00Z,2024-11-10T10:30Z,201,196,high
2024-11-10T10:30Z,2024-11-10T11:00Z,200,195,high
2024-11-10T11:00Z,2024-11-10T11:30Z,199,191,high
2024-11-10T11:30Z,2024-11-10T12:00Z,195,187,moderate
2024-11-10T12:00Z,2024-11-10T12:30Z,184,185,moderate
2024-11-10T12:30Z,2024-11-10T13:00Z,185,184,moderate
2024-11-10T13:00Z,2024-11-10T13:30Z,187,183,moderate
2024-11-10T13:30Z,2024-11-10T14:00Z,184,185,moderate
2024-11-10T14:00Z,2024-11-10T14:30Z,181,187,moderate
2024-11-10T14:30Z,2024-11-10T15:00Z,184,190,high
2024-11-10T15:00Z,2024-11-10T15:30Z,189,193,high
2024-11-10T15:30Z,2024-11-10T16:00Z,193,197,high
2024-11-10T16:00Z,2024-11-10T16:30Z,191,203,high
2024-11-10T16:30Z,2024-11-10T17:00Z,194,204,high
2024-11-10T17:00Z,2024-11-10T17:30Z,201,203,high
2024-11-10T17:30Z,2024-11-10T18:00Z,200,204,high
2024-11-10T18:00Z,2024-11-10T18:30Z,197,198,high
2024-11-10T18:30Z,2024-11-10T19:00Z,200,197,high
2024-11-10T19:00Z,2024-11-10T19:30Z,194,189,moderate
2024-11-10T19:30Z,2024-11-10T20:00Z,181,185,moderate
2024-11-10T20:00Z,2024-11-10T20:30Z,175,179,moderate
2024-11-10T20:30Z,2024-11-10T21:00Z,173,168,moderate
2024-11-10T21:00Z,2024-11-10T21:30Z,163,154,moderate
2024-11-10T21:30Z,2024-11-10T22:00Z,148,146,moderate
2024-11-10T22:00Z,2024-11-10T22:30Z,134,130,moderate
2024-11-10T22:30Z,2024-11-10T23:00Z,129,104,low
2024-11-10T23:00Z,2024-11-10T23:30Z,123,94,low
2024-11-10T23:30Z,2024-11-11T00:00Z,112,93,low
2024-11-11T00:00Z,2024-11-11T00:30Z,94,98,low
2024-11-11T00:30Z,2024-11-11T01:00Z,94,96,low
2024-11-11T01:00Z,2024-11-11T01:30Z,95,92,low
2024-11-11T01:30Z,2024-11-11T02:00Z,93,87,low
2024-11-11T02:00Z,2024-11-11T02:30Z,89,78,low
2024-11-11T02:30Z,2024-11-11T03:00Z,91,81,low
2024-11-11T03:00Z,2024-11-11T03:30Z,81,81,low
2024-11-11T03:30Z,2024-11-11T04:00Z,87,85,low
2024-11-11T04:00Z,2024-11-11T04:30Z,87,85,low
2024-11-11T04:30Z,2024-11-11T05:00Z,90,88,low
2024-11-11T05:00Z,2024-11-11T05:30Z,90,100,low
2024-11-11T05:30Z,2024-11-11T06:00Z,96,125,moderate
2024-11-11T06:00Z,2024-11-11T06:30Z,110,148,moderate
2024-11-11T06:30Z,2024-11-11T07:00Z,144,166,moderate
2024-11-11T07:00Z,2024-11-11T07:30Z,158,171,moderate
2024-11-11T07:30Z,2024-11-11T08:00Z,176,173,moderate
2024-11-11T08:00Z,2024-11-11T08:30Z,172,175,moderate
2024-11-11T08:30Z,2024-11-11T09:00Z,171,177,moderate
2024-11-11T09:00Z,2024-11-11T09:30Z,174,176,moderate
2024-11-11T09:30Z,2024-11-11T10:00Z,173,176,moderate
2024-11-11T10:00Z,2024-11-11T10:30Z,177,168,moderate
2024-11-11T10:30Z,2024-11-11T11:00Z,175,163,moderate
2024-11-11T11:00Z,2024-11-11T11:30Z,168,162,moderate
2024-11-11T11:30Z,2024-11-11T12:00Z,166,167,moderate
2024-11-11T12:00Z,2024-11-11T12:30Z,166,166,moderate
2024-11-11T12:30Z,2024-11-11T13:00Z,170,167,moderate
2024-11-11T13:00Z,2024-11-11T13:30Z,170,171,moderate
2024-11-11T13:30Z,2024-11-11T14:00Z,164,170,moderate
2024-11-11T14:00Z,2024-11-11T14:30Z,170,175,moderate
2024-11-11T14:30Z,2024-11-11T15:00Z,177,179,moderate
2024-11-11T15:00Z,2024-11-11T15:30Z,180,182,moderate
2024-11-11T15:30Z,2024-11-11T16:00Z,184,186,moderate
2024-11-11T16:00Z,2024-11-11T16:30Z,187,187,moderate
2024-11-11T16:30Z,2024-11-11T17:00Z,189,188,moderate
2024-11-11T17:00Z,2024-11-11T17:30Z,187,189,moderate
2024-11-11T17:30Z,2024-11-11T18:00Z,187,185,moderate
2024-11-11T18:00Z,2024-11-11T18:30Z,188,187,moderate
2024-11-11T18:30Z,2024-11-11T19:00Z,185,194,high
2024-11-11T19:00Z,2024-11-11T19:30Z,186,193,high
2024-11-11T19:30Z,2024-11-11T20:00Z,191,187,moderate
2024-11-11T20:00Z,2024-11-11T20:30Z,190,180,moderate
2024-11-11T20:30Z,2024-11-11T21:00Z,180,170,moderate
2024-11-11T21:00Z,2024-11-11T21:30Z,174,162,moderate
2024-11-11T21:30Z,2024-11-11T22:00Z,161,147,moderate
2024-11-11T22:00Z,2024-11-11T22:30Z,145,133,moderate
2024-11-11T22:30Z,2024-11-11T23:00Z,131,122,moderate
2024-11-11T23:00Z,2024-11-11T23:30Z,121,116,moderate
2024-11-11T23:30Z,2024-11-12T00:00Z,127,114,moderate
2024-11-12T00:00Z,2024-11-12T00:30Z,119,115,moderate
2024-11-12T00:30Z,2024-11-12T01:00Z,113,116,moderate
2024-11-12T01:00Z,2024-11-12T01:30Z,116,114,moderate
2024-11-12T01:30Z,2024-11-12T02:00Z,119,115,moderate
2024-11-12T02:00Z,2024-11-12T02:30Z,113,113,moderate
2024-11-12T02:30Z,2024-11-12T03:00Z,114,116,moderate
2024-11-12T03:00Z,2024-11-12T03:30Z,113,115,moderate
2024-11-12T03:30Z,2024-11-12T04:00Z,114,116,moderate
2024-11-12T04:00Z,2024-11-12T04:30Z,117,117,moderate
2024-11-12T04:30Z,2024-11-12T05:00Z,117,120,moderate
2024-11-12T05:00Z,2024-11-12T05:30Z,121,128,moderate
2024-11-12T05:30Z,2024-11-12T06:00Z,123,150,moderate
2024-11-12T06:00Z,2024-11-12T06:30Z,132,174,moderate
2024-11-12T06:30Z,2024-11-12T07:00Z,162,194,high
2024-11-12T07:00Z,2024-11-12T07:30Z,172,199,high
2024-11-12T07:30Z,2024-11-12T08:00Z,190,204,high
2024-11-12T08:00Z,2024-11-12T08:30Z,198,202,high
2024-11-12T08:30Z,2024-11-12T09:00Z,203,197,high
2024-11-12T09:00Z,2024-11-12T09:30Z,198,191,high
2024-11-12T09:30Z,2024-11-12T10:00Z,189,187,moderate
2024-11-12T10:00Z,2024-11-12T10:30Z,185,186,moderate
2024-11-12T10:30Z,2024-11-12T11:00Z,178,183,moderate
2024-11-12T11:00Z,2024-11-12T11:30Z,174,180,moderate
2024-11-12T11:30Z,2024-11-12T12:00Z,167,177,moderate
2024-11-12T12:00Z,2024-11-12T12:30Z,178,179,moderate
2024-11-12T12:30Z,2024-11-12T13:00Z,178,185,moderate
2024-11-12T13:00Z,2024-11-12T13:30Z,184,193,high
2024-11-12T13:30Z,2024-11-12T14:00Z,191,202,high
2024-11-12T14:00Z,2024-11-12T14:30Z,196,208,high
2024-11-12T14:30Z,2024-11-12T15:00Z,204,212,high
2024-11-12T15:00Z,2024-11-12T15:30Z,211,215,high
2024-11-12T15:30Z,2024-11-12T16:00Z,216,224,high
2024-11-12T16:00Z,2024-11-12T16:30Z,215,220,high
2024-11-12T16:30Z,2024-11-12T17:00Z,219,219,high
2024-11-12T17:00Z,2024-11-12T17:30Z,214,219,high
2024-11-12T17:30Z,2024-11-12T18:00Z,210,217,high
2024-11-12T18:00Z,2024-11-12T18:30Z,213,216,high
2024-11-12T18:30Z,2024-11-12T19:00Z,213,212,high
2024-11-12T19:00Z,2024-11-12T19:30Z,216,212,high
2024-11-12T19:30Z,2024-11-12T20:00Z,212,213,high
2024-11-12T20:00Z,2024-11-12T20:30Z,210,215,high
2024-11-12T20:30Z,2024-11-12T21:00Z,209,211,high
2024-11-12T21:00Z,2024-11-12T21:30Z,212,209,high
2024-11-12T21:30Z,2024-11-12T22:00Z,211,205,high
2024-11-12T22:00Z,2024-11-12T22:30Z,206,197,high
2024-11-12T22:30Z,2024-11-12T23:00Z,198,179,moderate
2024-11-12T23:00Z,2024-11-12T23:30Z,192,180,moderate
2024-11-12T23:30Z,2024-11-13T00:00Z,176,181,moderate
2024-11-13T00:00Z,2024-11-13T00:30Z,172,179,moderate
2024-11-13T00:30Z,2024-11-13T01:00Z,176,176,moderate
2024-11-13T01:00Z,2024-11-13T01:30Z,175,176,moderate
2024-11-13T01:30Z,2024-11-13T02:00Z,171,177,moderate
2024-11-13T02:00Z,2024-11-13T02:30Z,176,172,moderate
2024-11-13T02:30Z,2024-11-13T03:00Z,171,177,moderate
2024-11-13T03:00Z,2024-11-13T03:30Z,170,182,moderate
2024-11-13T03:30Z,2024-11-13T04:00Z,170,182,moderate
2024-11-13T04:00Z,2024-11-13T04:30Z,175,182,moderate
2024-11-13T04:30Z,2024-11-13T05:00Z,181,200,high
2024-11-13T05:00Z,2024-11-13T05:30Z,181,208,high
2024-11-13T05:30Z,2024-11-13T06:00Z,205,234,high
2024-11-13T06:00Z,2024-11-13T06:30Z,225,240,high
2024-11-13T06:30Z,2024-11-13T07:00Z,244,238,high
2024-11-13T07:00Z,2024-11-13T07:30Z,243,238,high
2024-11-13T07:30Z,2024-11-13T08:00Z,242,231,high
2024-11-13T08:00Z,2024-11-13T08:30Z,238,230,high
2024-11-13T08:30Z,2024-11-13T09:00Z,235,226,high
2024-11-13T09:00Z,2024-11-13T09:30Z,230,224,high
2024-11-13T09:30Z,2024-11-13T10:00Z,228,227,high
2024-11-13T10:00Z,2024-11-13T10:30Z,224,221,high
2024-11-13T10:30Z,2024-11-13T11:00Z,220,220,high
2024-11-13T11:00Z,2024-11-13T11:30Z,220,216,high
2024-11-13T11:30Z,2024-11-13T12:00Z,221,209,high
2024-11-13T12:00Z,2024-11-13T12:30Z,214,206,high
2024-11-13T12:30Z,2024-11-13T13:00Z,209,207,high
2024-11-13T13:00Z,2024-11-13T13:30Z,208,209,high
2024-11-13T13:30Z,2024-11-13T14:00Z,214,216,high
2024-11-13T14:00Z,2024-11-13T14:30Z,215,218,high
2024-11-13T14:30Z,2024-11-13T15:00Z,223,218,high
2024-11-13T15:00Z,2024-11-13T15:30Z,224,222,high
2024-11-13T15:30Z,2024-11-13T16:00Z,225,226,high
2024-11-13T16:00Z,2024-11-13T16:30Z,221,231,high
2024-11-13T16:30Z,2024-11-13T17:00Z,222,244,high
2024-11-13T17:00Z,2024-11-13T17:30Z,223,241,high
2024-11-13T17:30Z,2024-11-13T18:00Z,234,241,high
2024-11-13T18:00Z,2024-11-13T18:30Z,233,238,high
2024-11-13T18:30Z,2024-11-13T19:00Z,234,239,high
2024-11-13T19:00Z,2024-11-13T19:30Z,235,237,high
2024-11-13T19:30Z,2024-11-13T20:00Z,230,234,high
2024-11-13T20:00Z,2024-11-13T20:30Z,227,233,high
2024-11-13T20:30Z,2024-11-13T21:00Z,229,227,high
2024-11-13T21:00Z,2024-11-13T21:30Z,228,221,high
2024-11-13T21:30Z,2024-11-13T22:00Z,217,209,high
2024-11-13T22:00Z,2024-11-13T22:30Z,200,195,high
2024-11-13T22:30Z,2024-11-13T23:00Z,201,161,moderate
2024-11-13T23:00Z,2024-11-13T23:30Z,169,150,moderate
2024-11-13T23:30Z,2024-11-14T00:00Z,158,148,moderate
2024-11-14T00:00Z,2024-11-14T00:30Z,138,150,moderate
2024-11-14T00:30Z,2024-11-14T01:00Z,148,142,moderate
2024-11-14T01:00Z,2024-11-14T01:30Z,146,138,moderate
2024-11-14T01:30Z,2024-11-14T02:00Z,137,132,moderate
2024-11-14T02:00Z,2024-11-14T02:30Z,133,132,moderate
2024-11-14T02:30Z,2024-11-14T03:00Z,136,130,moderate
2024-11-14T03:00Z,2024-11-14T03:30Z,135,133,moderate
2024-11-14T03:30Z,2024-11-14T04:00Z,136,136,moderate
2024-11-14T04:00Z,2024-11-14T04:30Z,131,144,moderate
2024-11-14T04:30Z,2024-11-14T05:00Z,132,152,moderate
2024-11-14T05:00Z,2024-11-14T05:30Z,137,159,moderate
2024-11-14T05:30Z,2024-11-14T06:00Z,162,184,moderate
2024-11-14T06:00Z,2024-11-14T06:30Z,178,202,high
2024-11-14T06:30Z,2024-11-14T07:00Z,194,210,high
2024-11-14T07:00Z,2024-11-14T07:30Z,212,214,high
2024-11-14T07:30Z,2024-11-14T08:00Z,217,220,high
2024-11-14T08:00Z,2024-11-14T08:30Z,216,224,high
2024-11-14T08:30Z,2024-11-14T09:00Z,222,220,high
2024-11-14T09:00Z,2024-11-14T09:30Z,225,219,high
2024-11-14T09:30Z,2024-11-14T10:00Z,222,216,high
2024-11-14T10:00Z,2024-11-14T10:30Z,221,211,high
2024-11-14T10:30Z,2024-11-14T11:00Z,218,209,high
2024-11-14T11:00Z,2024-11-14T11:30Z,214,209,high
2024-11-14T11:30Z,2024-11-14T12:00Z,211,211,high
2024-11-14T12:00Z,2024-11-14T12:30Z,211,212,high
2024-11-14T12:30Z,2024-11-14T13:00Z,212,210,high
2024-11-14T13:00Z,2024-11-14T13:30Z,215,212,high
2024-11-14T13:30Z,2024-11-14T14:00Z,213,215,high
2024-11-14T14:00Z,2024-11-14T14:30Z,215,219,high
2024-11-14T14:30Z,2024-11-14T15:00Z,216,220,high
2024-11-14T15:00Z,2024-11-14T15:30Z,222,229,high
2024-11-14T15:30Z,2024-11-14T16:00Z,222,229,high
2024-11-14T16:00Z,2024-11-14T16:30Z,229,231,high
2024-11-14T16:30Z,2024-11-14T17:00Z,228,233,high
2024-11-14T17:00Z,2024-11-14T17:30Z,232,233,high
2024-11-14T17:30Z,2024-11-14T18:00Z,231,237,high
2024-11-14T18:00Z,2024-11-14T18:30Z,232,239,high
2024-11-14T18:30Z,2024-11-14T19:00Z,237,239,high
2024-11-14T19:00Z,2024-11-14T19:30Z,238,240,high
2024-11-14T19:30Z,2024-11-14T20:00Z,241,240,high
2024-11-14T20:00Z,2024-11-14T20:30Z,241,239,high
2024-11-14T20:30Z,2024-11-14T21:00Z,242,233,high
2024-11-14T21:00Z,2024-11-14T21:30Z,236,220,high
2024-11-14T21:30Z,2024-11-14T22:00Z,227,210,high
2024-11-14T22:00Z,2024-11-14T22:30Z,210,204,high
2024-11-14T22:30Z,2024-11-14T23:00Z,199,192,high
2024-11-14T23:00Z,2024-11-14T23:30Z,192,182,moderate
2024-11-14T23:30Z,2024-11-15T00:00Z,181,176,moderate
2024-11-15T00:00Z,2024-11-15T00:30Z,176,178,moderate
2024-11-15T00:30Z,2024-11-15T01:00Z,173,175,moderate
2024-11-15T01:00Z,2024-11-15T01:30Z,171,169,moderate
2024-11-15T01:30Z,2024-11-15T02:00Z,168,165,moderate
2024-11-15T02:00Z,2024-11-15T02:30Z,166,165,moderate
2024-11-15T02:30Z,2024-11-15T03:00Z,156,167,moderate
2024-11-15T03:00Z,2024-11-15T03:30Z,156,165,moderate
2024-11-15T03:30Z,2024-11-15T04:00Z,148,173,moderate
2024-11-15T04:00Z,2024-11-15T04:30Z,156,174,moderate
2024-11-15T04:30Z,2024-11-15T05:00Z,168,197,high
2024-11-15T05:00Z,2024-11-15T05:30Z,177,205,high
2024-11-15T05:30Z,2024-11-15T06:00Z,197,213,high
2024-11-15T06:00Z,2024-11-15T06:30Z,210,219,high
2024-11-15T06:30Z,2024-11-15T07:00Z,225,222,high
2024-11-15T07:00Z,2024-11-15T07:30Z,228,221,high
2024-11-15T07:30Z,2024-11-15T08:00Z,217,218,high
2024-11-15T08:00Z,2024-11-15T08:30Z,215,213,high
2024-11-15T08:30Z,2024-11-15T09:00Z,211,209,high
2024-11-15T09:00Z,2024-11-15T09:30Z,212,202,high
2024-11-15T09:30Z,2024-11-15T10:00Z,203,200,high
2024-11-15T10:00Z,2024-11-15T10:30Z,200,197,high
2024-11-15T10:30Z,2024-11-15T11:00Z,197,193,high
2024-11-15T11:00Z,2024-11-15T11:30Z,186,193,high
2024-11-15T11:30Z,2024-11-15T12:00Z,182,193,high
2024-11-15T12:00Z,2024-11-15T12:30Z,185,195,high
2024-11-15T12:30Z,2024-11-15T13:00Z,182,193,high
2024-11-15T13:00Z,2024-11-15T13:30Z,179,194,high
2024-11-15T13:30Z,2024-11-15T14:00Z,174,194,high
2024-11-15T14:00Z,2024-11-15T14:30Z,177,193,high
2024-11-15T14:30Z,2024-11-15T15:00Z,183,188,moderate
2024-11-15T15:00Z,2024-11-15T15:30Z,186,186,moderate
2024-11-15T15:30Z,2024-11-15T16:00Z,187,185,moderate
2024-11-15T16:00Z,2024-11-15T16:30Z,188,186,moderate
2024-11-15T16:30Z,2024-11-15T17:00Z,192,183,moderate
2024-11-15T17:00Z,2024-11-15T17:30Z,182,180,moderate
2024-11-15T17:30Z,2024-11-15T18:00Z,180,170,moderate
2024-11-15T18:00Z,2024-11-15T18:30Z,171,165,moderate
2024-11-15T18:30Z,2024-11-15T19:00Z,159,163,moderate
2024-11-15T19:00Z,2024-11-15T19:30Z,149,157,moderate
2024-11-15T19:30Z,2024-11-15T20:00Z,148,148,moderate
2024-11-15T20:00Z,2024-11-15T20:30Z,135,140,moderate
2024-11-15T20:30Z,2024-11-15T21:00Z,122,125,moderate
2024-11-15T21:00Z,2024-11-15T21:30Z,118,113,moderate
2024-11-15T21:30Z,2024-11-15T22:00Z,98,101,low
2024-11-15T22:00Z,2024-11-15T22:30Z,125,96,low
2024-11-15T22:30Z,2024-11-15T23:00Z,91,87,low
2024-11-15T23:00Z,2024-11-15T23:30Z,86,89,low
2024-11-15T23:30Z,2024-11-16T00:00Z,87,87,low
2024-11-16T00:00Z,2024-11-16T00:30Z,89,89,low
2024-11-16T00:30Z,2024-11-16T01:00Z,84,86,low
2024-11-16T01:00Z,2024-11-16T01:30Z,83,81,low
2024-11-16T01:30Z,2024-11-16T02:00Z,78,74,low
2024-11-16T02:00Z,2024-11-16T02:30Z,79,72,low
2024-11-16T02:30Z,2024-11-16T03:00Z,71,71,low
2024-11-16T03:00Z,2024-11-16T03:30Z,71,75,low
2024-11-16T03:30Z,2024-11-16T04:00Z,77,79,low
2024-11-16T04:00Z,2024-11-16T04:30Z,74,79,low
2024-11-16T04:30Z,2024-11-16T05:00Z,74,79,low
2024-11-16T05:00Z,2024-11-16T05:30Z,80,76,low
2024-11-16T05:30Z,2024-11-16T06:00Z,87,78,low
2024-11-16T06:00Z,2024-11-16T06:30Z,85,81,low
2024-11-16T06:30Z,2024-11-16T07:00Z,77,89,low
2024-11-16T07:00Z,2024-11-16T07:30Z,75,101,low
2024-11-16T07:30Z,2024-11-16T08:00Z,87,100,low
2024-11-16T08:00Z,2024-11-16T08:30Z,89,107,low
2024-11-16T08:30Z,2024-11-16T09:00Z,97,109,low
2024-11-16T09:00Z,2024-11-16T09:30Z,102,106,low
2024-11-16T09:30Z,2024-11-16T10:00Z,100,104,low
2024-11-16T10:00Z,2024-11-16T10:30Z,96,110,moderate
2024-11-16T10:30Z,2024-11-16T11:00Z,91,115,moderate
2024-11-16T11:00Z,2024-11-16T11:30Z,99,113,moderate
2024-11-16T11:30Z,2024-11-16T12:00Z,102,112,moderate
2024-11-16T12:00Z,2024-11-16T12:30Z,100,108,low
2024-11-16T12:30Z,2024-11-16T13:00Z,99,107,low
2024-11-16T13:00Z,2024-11-16T13:30Z,99,103,low
2024-11-16T13:30Z,2024-11-16T14:00Z,96,108,low
2024-11-16T14:00Z,2024-11-16T14:30Z,95,115,moderate
2024-11-16T14:30Z,2024-11-16T15:00Z,95,126,moderate
2024-11-16T15:00Z,2024-11-16T15:30Z,105,127,moderate
2024-11-16T15:30Z,2024-11-16T16:00Z,117,133,moderate
2024-11-16T16:00Z,2024-11-16T16:30Z,118,136,moderate
2024-11-16T16:30Z,2024-11-16T17:00Z,129,136,moderate
2024-11-16T17:00Z,2024-11-16T17:30Z,132,136,moderate
2024-11-16T17:30Z,2024-11-16T18:00Z,128,132,moderate
2024-11-16T18:00Z,2024-11-16T18:30Z,134,127,moderate
2024-11-16T18:30Z,2024-11-16T19:00Z,117,118,moderate
2024-11-16T19:00Z,2024-11-16T19:30Z,111,115,moderate
2024-11-16T19:30Z,2024-11-16T20:00Z,103,105,low
2024-11-16T20:00Z,2024-11-16T20:30Z,103,100,low
2024-11-16T20:30Z,2024-11-16T21:00Z,86,95,low
2024-11-16T21:00Z,2024-11-16T21:30Z,85,87,low
2024-11-16T21:30Z,2024-11-16T22:00Z,80,69,low
2024-11-16T22:00Z,2024-11-16T22:30Z,74,61,low
2024-11-16T22:30Z,2024-11-16T23:00Z,61,56,low
2024-11-16T23:00Z,2024-11-16T23:30Z,56,54,low
2024-11-16T23:30Z,2024-11-17T00:00Z,56,57,low
2024-11-17T00:00Z,2024-11-17T00:30Z,53,55,low
2024-11-17T00:30Z,2024-11-17T01:00Z,52,59,low
2024-11-17T01:00Z,2024-11-17T01:30Z,56,54,low
2024-11-17T01:30Z,2024-11-17T02:00Z,55,58,low
2024-11-17T02:00Z,2024-11-17T02:30Z,52,56,low
2024-11-17T02:30Z,2024-11-17T03:00Z,55,63,low
2024-11-17T03:00Z,2024-11-17T03:30Z,55,62,low
2024-11-17T03:30Z,2024-11-17T04:00Z,62,63,low
2024-11-17T04:00Z,2024-11-17T04:30Z,67,64,low
2024-11-17T04:30Z,2024-11-17T05:00Z,66,66,low
2024-11-17T05:00Z,2024-11-17T05:30Z,65,67,low
2024-11-17T05:30Z,2024-11-17T06:00Z,63,60,low
2024-11-17T06:00Z,2024-11-17T06:30Z,78,66,low
2024-11-17T06:30Z,2024-11-17T07:00Z,66,64,low
2024-11-17T07:00Z,2024-11-17T07:30Z,68,66,low
2024-11-17T07:30Z,2024-11-17T08:00Z,69,71,low
2024-11-17T08:00Z,2024-11-17T08:30Z,68,78,low
2024-11-17T08:30Z,2024-11-17T09:00Z,78,87,low
2024-11-17T09:00Z,2024-11-17T09:30Z,69,86,low
2024-11-17T09:30Z,2024-11-17T10:00Z,89,89,low
2024-11-17T10:00Z,2024-11-17T10:30Z,86,92,low
2024-11-17T10:30Z,2024-11-17T11:00Z,89,96,low
2024-11-17T11:00Z,2024-11-17T11:30Z,95,96,low
2024-11-17T11:30Z,2024-11-17T12:00Z,105,103,low
2024-11-17T12:00Z,2024-11-17T12:30Z,105,107,low
2024-11-17T12:30Z,2024-11-17T13:00Z,114,108,low
2024-11-17T13:00Z,2024-11-17T13:30Z,122,115,moderate
2024-11-17T13:30Z,2024-11-17T14:00Z,111,120,moderate
2024-11-17T14:00Z,2024-11-17T14:30Z,114,132,moderate
2024-11-17T14:30Z,2024-11-17T15:00Z,127,138,moderate
2024-11-17T15:00Z,2024-11-17T15:30Z,143,151,moderate
2024-11-17T15:30Z,2024-11-17T16:00Z,141,161,moderate
2024-11-17T16:00Z,2024-11-17T16:30Z,149,163,moderate
2024-11-17T16:30Z,2024-11-17T17:00Z,163,165,moderate
2024-11-17T17:00Z,2024-11-17T17:30Z,162,166,moderate
2024-11-17T17:30Z,2024-11-17T18:00Z,163,170,moderate
2024-11-17T18:00Z,2024-11-17T18:30Z,162,167,moderate
2024-11-17T18:30Z,2024-11-17T19:00Z,167,168,moderate
2024-11-17T19:00Z,2024-11-17T19:30Z,171,165,moderate
2024-11-17T19:30Z,2024-11-17T20:00Z,178,157,moderate
2024-11-17T20:00Z,2024-11-17T20:30Z,176,148,moderate
2024-11-17T20:30Z,2024-11-17T21:00Z,158,138,moderate
2024-11-17T21:00Z,2024-11-17T21:30Z,158,127,moderate
2024-11-17T21:30Z,2024-11-17T22:00Z,145,105,low
2024-11-17T22:00Z,2024-11-17T22:30Z,132,93,low
2024-11-17T22:30Z,2024-11-17T23:00Z,110,91,low
2024-11-17T23:00Z,2024-11-17T23:30Z,112,83,low
2024-11-17T23:30Z,2024-11-18T00:00Z,92,96,low
2024-11-18T00:00Z,2024-11-18T00:30Z,87,97,low
2024-11-18T00:30Z,2024-11-18T01:00Z,99,91,low
2024-11-18T01:00Z,2024-11-18T01:30Z,100,94,low
2024-11-18T01:30Z,2024-11-18T02:00Z,96,94,low
2024-11-18T02:00Z,2024-11-18T02:30Z,92,93,low
2024-11-18T02:30Z,2024-11-18T03:00Z,97,97,low
2024-11-18T03:00Z,2024-11-18T03:30Z,99,100,low
2024-11-18T03:30Z,2024-11-18T04:00Z,104,100,low
2024-11-18T04:00Z,2024-11-18T04:30Z,106,111,moderate
2024-11-18T04:30Z,2024-11-18T05:00Z,103,121,moderate
2024-11-18T05:00Z,2024-11-18T05:30Z,103,149,moderate
2024-11-18T05:30Z,2024-11-18T06:00Z,135,191,high
2024-11-18T06:00Z,2024-11-18T06:30Z,166,207,high
2024-11-18T06:30Z,2024-11-18T07:00Z,213,218,high
2024-11-18T07:00Z,2024-11-18T07:30Z,215,224,high
2024-11-18T07:30Z,2024-11-18T08:00Z,227,221,high
2024-11-18T08:00Z,2024-11-18T08:30Z,225,224,high
2024-11-18T08:30Z,2024-11-18T09:00Z,223,215,high
2024-11-18T09:00Z,2024-11-18T09:30Z,226,213,high
2024-11-18T09:30Z,2024-11-18T10:00Z,217,218,high
2024-11-18T10:00Z,2024-11-18T10:30Z,215,222,high
2024-11-18T10:30Z,2024-11-18T11:00Z,221,219,high
2024-11-18T11:00Z,2024-11-18T11:30Z,227,225,high
2024-11-18T11:30Z,2024-11-18T12:00Z,230,229,high
2024-11-18T12:00Z,2024-11-18T12:30Z,231,226,high
2024-11-18T12:30Z,2024-11-18T13:00Z,233,230,high
2024-11-18T13:00Z,2024-11-18T13:30Z,222,232,high
2024-11-18T13:30Z,2024-11-18T14:00Z,233,235,high
2024-11-18T14:00Z,2024-11-18T14:30Z,234,236,high
2024-11-18T14:30Z,2024-11-18T15:00Z,243,242,high
2024-11-18T15:00Z,2024-11-18T15:30Z,242,245,high
2024-11-18T15:30Z,2024-11-18T16:00Z,250,245,high
2024-11-18T16:00Z,2024-11-18T16:30Z,240,247,high
2024-11-18T16:30Z,2024-11-18T17:00Z,241,246,high
2024-11-18T17:00Z,2024-11-18T17:30Z,248,243,high
2024-11-18T17:30Z,2024-11-18T18:00Z,241,242,high
2024-11-18T18:00Z,2024-11-18T18:30Z,240,240,high
2024-11-18T18:30Z,2024-11-18T19:00Z,239,239,high
2024-11-18T19:00Z,2024-11-18T19:30Z,235,234,high
2024-11-18T19:30Z,2024-11-18T20:00Z,233,228,high
2024-11-18T20:00Z,2024-11-18T20:30Z,235,222,high
2024-11-18T20:30Z,2024-11-18T21:00Z,221,208,high
2024-11-18T21:00Z,2024-11-18T21:30Z,217,191,high
2024-11-18T21:30Z,2024-11-18T22:00Z,205,172,moderate
2024-11-18T22:00Z,2024-11-18T22:30Z,191,148,moderate
2024-11-18T22:30Z,2024-11-18T23:00Z,169,121,moderate
2024-11-18T23:00Z,2024-11-18T23:30Z,155,105,low
2024-11-18T23:30Z,2024-11-19T00:00Z,129,104,low
2024-11-19T00:00Z,2024-11-19T00:30Z,111,103,low
2024-11-19T00:30Z,2024-11-19T01:00Z,109,102,low
2024-11-19T01:00Z,2024-11-19T01:30Z,105,100,low
2024-11-19T01:30Z,2024-11-19T02:00Z,100,95,low
2024-11-19T02:00Z,2024-11-19T02:30Z,103,92,low
2024-11-19T02:30Z,2024-11-19T03:00Z,96,88,low
2024-11-19T03:00Z,2024-11-19T03:30Z,93,83,low
2024-11-19T03:30Z,2024-11-19T04:00Z,86,79,low
2024-11-19T04:00Z,2024-11-19T04:30Z,82,77,low
2024-11-19T04:30Z,2024-11-19T05:00Z,78,79,low
2024-11-19T05:00Z,2024-11-19T05:30Z,76,91,low
2024-11-19T05:30Z,2024-11-19T06:00Z,86,117,moderate
2024-11-19T06:00Z,2024-11-19T06:30Z,99,144,moderate
2024-11-19T06:30Z,2024-11-19T07:00Z,120,173,moderate
2024-11-19T07:00Z,2024-11-19T07:30Z,156,185,moderate
2024-11-19T07:30Z,2024-11-19T08:00Z,174,184,moderate
2024-11-19T08:00Z,2024-11-19T08:30Z,185,181,moderate
2024-11-19T08:30Z,2024-11-19T09:00Z,185,179,moderate
2024-11-19T09:00Z,2024-11-19T09:30Z,190,179,moderate
2024-11-19T09:30Z,2024-11-19T10:00Z,179,179,moderate
2024-11-19T10:00Z,2024-11-19T10:30Z,182,182,moderate
2024-11-19T10:30Z,2024-11-19T11:00Z,182,184,moderate
2024-11-19T11:00Z,2024-11-19T11:30Z,176,183,moderate
2024-11-19T11:30Z,2024-11-19T12:00Z,172,185,moderate
2024-11-19T12:00Z,2024-11-19T12:30Z,181,185,moderate
2024-11-19T12:30Z,2024-11-19T13:00Z,178,184,moderate
2024-11-19T13:00Z,2024-11-19T13:30Z,183,184,moderate
2024-11-19T13:30Z,2024-11-19T14:00Z,181,182,moderate
2024-11-19T14:00Z,2024-11-19T14:30Z,178,180,moderate
2024-11-19T14:30Z,2024-11-19T15:00Z,180,181,moderate
2024-11-19T15:00Z,2024-11-19T15:30Z,176,178,moderate
2024-11-19T15:30Z,2024-11-19T16:00Z,182,179,moderate
2024-11-19T16:00Z,2024-11-19T16:30Z,175,177,moderate
2024-11-19T16:30Z,2024-11-19T17:00Z,175,174,moderate
2024-11-19T17:00Z,2024-11-19T17:30Z,172,170,moderate
2024-11-19T17:30Z,2024-11-19T18:00Z,165,163,moderate
2024-11-19T18:00Z,2024-11-19T18:30Z,162,155,moderate
2024-11-19T18:30Z,2024-11-19T19:00Z,158,146,moderate
2024-11-19T19:00Z,2024-11-19T19:30Z,144,146,moderate
2024-11-19T19:30Z,2024-11-19T20:00Z,147,140,moderate
2024-11-19T20:00Z,2024-11-19T20:30Z,144,131,moderate
2024-11-19T20:30Z,2024-11-19T21:00Z,138,115,moderate
2024-11-19T21:00Z,2024-11-19T21:30Z,125,102,low
2024-11-19T21:30Z,2024-11-19T22:00Z,118,87,low
2024-11-19T22:00Z,2024-11-19T22:30Z,103,78,low
2024-11-19T22:30Z,2024-11-19T23:00Z,88,79,low
2024-11-19T23:00Z,2024-11-19T23:30Z,74,77,low
2024-11-19T23:30Z,2024-11-20T00:00Z,74,72,low
2024-11-20T00:00Z,2024-11-20T00:30Z,78,74,low
2024-11-20T00:30Z,2024-11-20T01:00Z,74,73,low
2024-11-20T01:00Z,2024-11-20T01:30Z,72,78,low
2024-11-20T01:30Z,2024-11-20T02:00Z,73,79,low
2024-11-20T02:00Z,2024-11-20T02:30Z,70,83,low
2024-11-20T02:30Z,2024-11-20T03:00Z,74,73,low
2024-11-20T03:00Z,2024-11-20T03:30Z,78,68,low
2024-11-20T03:30Z,2024-11-20T04:00Z,69,61,low
2024-11-20T04:00Z,2024-11-20T04:30Z,62,61,low
2024-11-20T04:30Z,2024-11-20T05:00Z,60,69,low
2024-11-20T05:00Z,2024-11-20T05:30Z,59,86,low
2024-11-20T05:30Z,2024-11-20T06:00Z,76,127,moderate
2024-11-20T06:00Z,2024-11-20T06:30Z,83,142,moderate
2024-11-20T06:30Z,2024-11-20T07:00Z,121,154,moderate
2024-11-20T07:00Z,2024-11-20T07:30Z,136,160,moderate
2024-11-20T07:30Z,2024-11-20T08:00Z,147,159,moderate
2024-11-20T08:00Z,2024-11-20T08:30Z,147,161,moderate
2024-11-20T08:30Z,2024-11-20T09:00Z,150,161,moderate
2024-11-20T09:00Z,2024-11-20T09:30Z,153,160,moderate
2024-11-20T09:30Z,2024-11-20T10:00Z,151,141,moderate
2024-11-20T10:00Z,2024-11-20T10:30Z,155,151,moderate
2024-11-20T10:30Z,2024-11-20T11:00Z,146,143,moderate
2024-11-20T11:00Z,2024-11-20T11:30Z,148,138,moderate
2024-11-20T11:30Z,2024-11-20T12:00Z,143,139,moderate
2024-11-20T12:00Z,2024-11-20T12:30Z,137,137,moderate
2024-11-20T12:30Z,2024-11-20T13:00Z,137,133,moderate
2024-11-20T13:00Z,2024-11-20T13:30Z,137,133,moderate
2024-11-20T13:30Z,2024-11-20T14:00Z,134,142,moderate
2024-11-20T14:00Z,2024-11-20T14:30Z,126,149,moderate
2024-11-20T14:30Z,2024-11-20T15:00Z,129,157,moderate
2024-11-20T15:00Z,2024-11-20T15:30Z,165,163,moderate
2024-11-20T15:30Z,2024-11-20T16:00Z,172,167,moderate
2024-11-20T16:00Z,2024-11-20T16:30Z,164,176,moderate
2024-11-20T16:30Z,2024-11-20T17:00Z,171,174,moderate
2024-11-20T17:00Z,2024-11-20T17:30Z,170,173,moderate
2024-11-20T17:30Z,2024-11-20T18:00Z,180,173,moderate
2024-11-20T18:00Z,2024-11-20T18:30Z,171,171,moderate
2024-11-20T18:30Z,2024-11-20T19:00Z,158,167,moderate
2024-11-20T19:00Z,2024-11-20T19:30Z,170,160,moderate
2024-11-20T19:30Z,2024-11-20T20:00Z,166,155,moderate
2024-11-20T20:00Z,2024-11-20T20:30Z,163,154,moderate
2024-11-20T20:30Z,2024-11-20T21:00Z,155,148,moderate
2024-11-20T21:00Z,2024-11-20T21:30Z,145,143,moderate
2024-11-20T21:30Z,2024-11-20T22:00Z,148,128,moderate
2024-11-20T22:00Z,2024-11-20T22:30Z,144,117,moderate
2024-11-20T22:30Z,2024-11-20T23:00Z,142,112,moderate
2024-11-20T23:00Z,2024-11-20T23:30Z,142,108,low
2024-11-20T23:30Z,2024-11-21T00:00Z,132,108,low
2024-11-21T00:00Z,2024-11-21T00:30Z,133,112,moderate
2024-11-21T00:30Z,2024-11-21T01:00Z,138,104,low
2024-11-21T01:00Z,2024-11-21T01:30Z,139,101,low
2024-11-21T01:30Z,2024-11-21T02:00Z,144,110,moderate
2024-11-21T02:00Z,2024-11-21T02:30Z,136,115,moderate
2024-11-21T02:30Z,2024-11-21T03:00Z,135,116,moderate
2024-11-21T03:00Z,2024-11-21T03:30Z,133,108,low
2024-11-21T03:30Z,2024-11-21T04:00Z,133,111,moderate
2024-11-21T04:00Z,2024-11-21T04:30Z,133,117,moderate
2024-11-21T04:30Z,2024-11-21T05:00Z,138,134,moderate
2024-11-21T05:00Z,2024-11-21T05:30Z,145,146,moderate
2024-11-21T05:30Z,2024-11-21T06:00Z,161,188,moderate
2024-11-21T06:00Z,2024-11-21T06:30Z,180,210,high
2024-11-21T06:30Z,2024-11-21T07:00Z,197,214,high
2024-11-21T07:00Z,2024-11-21T07:30Z,201,216,high
2024-11-21T07:30Z,2024-11-21T08:00Z,210,216,high
2024-11-21T08:00Z,2024-11-21T08:30Z,213,218,high
2024-11-21T08:30Z,2024-11-21T09:00Z,211,221,high
2024-11-21T09:00Z,2024-11-21T09:30Z,210,219,high
2024-11-21T09:30Z,2024-11-21T10:00Z,207,215,high
2024-11-21T10:00Z,2024-11-21T10:30Z,218,214,high
2024-11-21T10:30Z,2024-11-21T11:00Z,217,209,high
2024-11-21T11:00Z,2024-11-21T11:30Z,211,206,high
2024-11-21T11:30Z,2024-11-21T12:00Z,203,203,high
2024-11-21T12:00Z,2024-11-21T12:30Z,202,200,high
2024-11-21T12:30Z,2024-11-21T13:00Z,201,194,high
2024-11-21T13:00Z,2024-11-21T13:30Z,196,189,moderate
2024-11-21T13:30Z,2024-11-21T14:00Z,195,183,moderate
2024-11-21T14:00Z,2024-11-21T14:30Z,194,179,moderate
2024-11-21T14:30Z,2024-11-21T15:00Z,194,177,moderate
2024-11-21T15:00Z,2024-11-21T15:30Z,192,181,moderate
2024-11-21T15:30Z,2024-11-21T16:00Z,174,189,moderate
2024-11-21T16:00Z,2024-11-21T16:30Z,161,186,moderate
2024-11-21T16:30Z,2024-11-21T17:00Z,176,184,moderate
2024-11-21T17:00Z,2024-11-21T17:30Z,168,181,moderate
2024-11-21T17:30Z,2024-11-21T18:00Z,174,180,moderate
2024-11-21T18:00Z,2024-11-21T18:30Z,159,179,moderate
2024-11-21T18:30Z,2024-11-21T19:00Z,166,178,moderate
2024-11-21T19:00Z,2024-11-21T19:30Z,164,172,moderate
2024-11-21T19:30Z,2024-11-21T20:00Z,176,166,moderate
2024-11-21T20:00Z,2024-11-21T20:30Z,159,158,moderate
2024-11-21T20:30Z,2024-11-21T21:00Z,155,147,moderate
2024-11-21T21:00Z,2024-11-21T21:30Z,142,138,moderate
2024-11-21T21:30Z,2024-11-21T22:00Z,142,127,moderate
2024-11-21T22:00Z,2024-11-21T22:30Z,138,111,moderate
2024-11-21T22:30Z,2024-11-21T23:00Z,133,78,low
2024-11-21T23:00Z,2024-11-21T23:30Z,134,62,low
2024-11-21T23:30Z,2024-11-22T00:00Z,86,60,low
2024-11-22T00:00Z,2024-11-22T00:30Z,85,62,low
2024-11-22T00:30Z,2024-11-22T01:00Z,63,58,low
2024-11-22T01:00Z,2024-11-22T01:30Z,62,56,low
2024-11-22T01:30Z,2024-11-22T02:00Z,60,57,low
2024-11-22T02:00Z,2024-11-22T02:30Z,62,57,low
2024-11-22T02:30Z,2024-11-22T03:00Z,58,56,low
2024-11-22T03:00Z,2024-11-22T03:30Z,58,56,low
2024-11-22T03:30Z,2024-11-22T04:00Z,62,60,low
2024-11-22T04:00Z,2024-11-22T04:30Z,63,68,low
2024-11-22T04:30Z,2024-11-22T05:00Z,62,80,low
2024-11-22T05:00Z,2024-11-22T05:30Z,66,96,low
2024-11-22T05:30Z,2024-11-22T06:00Z,83,136,moderate
2024-11-22T06:00Z,2024-11-22T06:30Z,88,151,moderate
2024-11-22T06:30Z,2024-11-22T07:00Z,148,151,moderate
2024-11-22T07:00Z,2024-11-22T07:30Z,176,157,moderate
2024-11-22T07:30Z,2024-11-22T08:00Z,164,162,moderate
2024-11-22T08:00Z,2024-11-22T08:30Z,172,165,moderate
2024-11-22T08:30Z,2024-11-22T09:00Z,172,167,moderate
2024-11-22T09:00Z,2024-11-22T09:30Z,177,166,moderate
2024-11-22T09:30Z,2024-11-22T10:00Z,170,164,moderate
2024-11-22T10:00Z,2024-11-22T10:30Z,173,165,moderate
2024-11-22T10:30Z,2024-11-22T11:00Z,165,156,moderate
2024-11-22T11:00Z,2024-11-22T11:30Z,163,153,moderate
2024-11-22T11:30Z,2024-11-22T12:00Z,162,152,moderate
2024-11-22T12:00Z,2024-11-22T12:30Z,164,158,moderate
2024-11-22T12:30Z,2024-11-22T13:00Z,162,166,moderate
2024-11-22T13:00Z,2024-11-22T13:30Z,171,171,moderate
2024-11-22T13:30Z,2024-11-22T14:00Z,177,178,moderate
2024-11-22T14:00Z,2024-11-22T14:30Z,186,189,moderate
2024-11-22T14:30Z,2024-11-22T15:00Z,191,200,high
2024-11-22T15:00Z,2024-11-22T15:30Z,196,209,high
2024-11-22T15:30Z,2024-11-22T16:00Z,211,216,high
2024-11-22T16:00Z,2024-11-22T16:30Z,224,218,high
2024-11-22T16:30Z,2024-11-22T17:00Z,227,221,high
2024-11-22T17:00Z,2024-11-22T17:30Z,237,222,high
2024-11-22T17:30Z,2024-11-22T18:00Z,232,224,high
2024-11-22T18:00Z,2024-11-22T18:30Z,241,223,high
2024-11-22T18:30Z,2024-11-22T19:00Z,231,226,high
2024-11-22T19:00Z,2024-11-22T19:30Z,240,227,high
2024-11-22T19:30Z,2024-11-22T20:00Z,238,227,high
2024-11-22T20:00Z,2024-11-22T20:30Z,239,229,high
2024-11-22T20:30Z,2024-11-22T21:00Z,237,229,high
2024-11-22T21:00Z,2024-11-22T21:30Z,236,222,high
2024-11-22T21:30Z,2024-11-22T22:00Z,232,222,high
2024-11-22T22:00Z,2024-11-22T22:30Z,226,214,high
2024-11-22T22:30Z,2024-11-22T23:00Z,216,196,high
2024-11-22T23:00Z,2024-11-22T23:30Z,204,183,moderate
2024-11-22T23:30Z,2024-11-23T00:00Z,200,178,moderate
2024-11-23T00:00Z,2024-11-23T00:30Z,195,178,moderate
2024-11-23T00:30Z,2024-11-23T01:00Z,181,164,moderate
2024-11-23T01:00Z,2024-11-23T01:30Z,171,147,moderate
2024-11-23T01:30Z,2024-11-23T02:00Z,164,131,moderate
2024-11-23T02:00Z,2024-11-23T02:30Z,158,107,low
2024-11-23T02:30Z,2024-11-23T03:00Z,139,96,low
2024-11-23T03:00Z,2024-11-23T03:30Z,132,88,low
2024-11-23T03:30Z,2024-11-23T04:00Z,95,80,low
2024-11-23T04:00Z,2024-11-23T04:30Z,91,75,low
2024-11-23T04:30Z,2024-11-23T05:00Z,82,68,low
2024-11-23T05:00Z,2024-11-23T05:30Z,79,64,low
2024-11-23T05:30Z,2024-11-23T06:00Z,64,60,low
2024-11-23T06:00Z,2024-11-23T06:30Z,68,55,low
2024-11-23T06:30Z,2024-11-23T07:00Z,62,58,low
2024-11-23T07:00Z,2024-11-23T07:30Z,64,58,low
2024-11-23T07:30Z,2024-11-23T08:00Z,56,60,low
2024-11-23T08:00Z,2024-11-23T08:30Z,63,68,low
2024-11-23T08:30Z,2024-11-23T09:00Z,60,68,low
2024-11-23T09:00Z,2024-11-23T09:30Z,60,73,low
2024-11-23T09:30Z,2024-11-23T10:00Z,70,79,low
2024-11-23T10:00Z,2024-11-23T10:30Z,71,80,low
2024-11-23T10:30Z,2024-11-23T11:00Z,79,84,low
2024-11-23T11:00Z,2024-11-23T11:30Z,80,88,low
2024-11-23T11:30Z,2024-11-23T12:00Z,87,94,low
2024-11-23T12:00Z,2024-11-23T12:30Z,91,95,low
2024-11-23T12:30Z,2024-11-23T13:00Z,97,94,low
2024-11-23T13:00Z,2024-11-23T13:30Z,99,96,low
2024-11-23T13:30Z,2024-11-23T14:00Z,98,100,low
2024-11-23T14:00Z,2024-11-23T14:30Z,99,102,low
2024-11-23T14:30Z,2024-11-23T15:00Z,96,111,moderate
2024-11-23T15:00Z,2024-11-23T15:30Z,92,112,moderate
2024-11-23T15:30Z,2024-11-23T16:00Z,115,111,moderate
2024-11-23T16:00Z,2024-11-23T16:30Z,120,113,moderate
2024-11-23T16:30Z,2024-11-23T17:00Z,119,113,moderate
2024-11-23T17:00Z,2024-11-23T17:30Z,123,107,low
2024-11-23T17:30Z,2024-11-23T18:00Z,126,101,low
2024-11-23T18:00Z,2024-11-23T18:30Z,121,95,low
2024-11-23T18:30Z,2024-11-23T19:00Z,105,89,low
2024-11-23T19:00Z,2024-11-23T19:30Z,99,73,low
2024-11-23T19:30Z,2024-11-23T20:00Z,90,68,low
2024-11-23T20:00Z,2024-11-23T20:30Z,84,61,low
2024-11-23T20:30Z,2024-11-23T21:00Z,65,62,low
2024-11-23T21:00Z,2024-11-23T21:30Z,63,62,low
2024-11-23T21:30Z,2024-11-23T22:00Z,63,59,low
2024-11-23T22:00Z,2024-11-23T22:30Z,62,55,low
2024-11-23T22:30Z,2024-11-23T23:00Z,54,59,low
2024-11-23T23:00Z,2024-11-23T23:30Z,54,56,low
2024-11-23T23:30Z,2024-11-24T00:00Z,55,59,low
2024-11-24T00:00Z,2024-11-24T00:30Z,55,61,low
2024-11-24T00:30Z,2024-11-24T01:00Z,60,59,low
2024-11-24T01:00Z,2024-11-24T01:30Z,61,57,low
2024-11-24T01:30Z,2024-11-24T02:00Z,59,60,low
2024-11-24T02:00Z,2024-11-24T02:30Z,60,58,low
2024-11-24T02:30Z,2024-11-24T03:00Z,59,58,low
2024-11-24T03:00Z,2024-11-24T03:30Z,60,54,low
2024-11-24T03:30Z,2024-11-24T04:00Z,57,57,low
2024-11-24T04:00Z,2024-11-24T04:30Z,58,55,low
2024-11-24T04:30Z,2024-11-24T05:00Z,56,55,low
2024-11-24T05:00Z,2024-11-24T05:30Z,58,54,low
2024-11-24T05:30Z,2024-11-24T06:00Z,57,52,low
2024-11-24T06:00Z,2024-11-24T06:30Z,60,62,low
2024-11-24T06:30Z,2024-11-24T07:00Z,52,61,low
2024-11-24T07:00Z,2024-11-24T07:30Z,55,59,low
2024-11-24T07:30Z,2024-11-24T08:00Z,61,60,low
2024-11-24T08:00Z,2024-11-24T08:30Z,62,60,low
2024-11-24T08:30Z,2024-11-24T09:00Z,58,61,low
2024-11-24T09:00Z,2024-11-24T09:30Z,59,61,low
2024-11-24T09:30Z,2024-11-24T10:00Z,62,63,low
2024-11-24T10:00Z,2024-11-24T10:30Z,67,64,low
2024-11-24T10:30Z,2024-11-24T11:00Z,64,67,low
2024-11-24T11:00Z,2024-11-24T11:30Z,67,68,low
2024-11-24T11:30Z,2024-11-24T12:00Z,70,71,low
2024-11-24T12:00Z,2024-11-24T12:30Z,74,72,low
2024-11-24T12:30Z,2024-11-24T13:00Z,74,73,low
2024-11-24T13:00Z,2024-11-24T13:30Z,76,74,low
2024-11-24T13:30Z,2024-11-24T14:00Z,76,76,low
2024-11-24T14:00Z,2024-11-24T14:30Z,77,78,low
2024-11-24T14:30Z,2024-11-24T15:00Z,77,75,low
2024-11-24T15:00Z,2024-11-24T15:30Z,81,81,low
2024-11-24T15:30Z,2024-11-24T16:00Z,79,88,low
2024-11-24T16:00Z,2024-11-24T16:30Z,84,92,low
2024-11-24T16:30Z,2024-11-24T17:00Z,91,91,low
2024-11-24T17:00Z,2024-11-24T17:30Z,94,91,low
2024-11-24T17:30Z,2024-11-24T18:00Z,90,91,low
2024-11-24T18:00Z,2024-11-24T18:30Z,91,86,low
2024-11-24T18:30Z,2024-11-24T19:00Z,89,88,low
2024-11-24T19:00Z,2024-11-24T19:30Z,91,87,low
2024-11-24T19:30Z,2024-11-24T20:00Z,87,86,low
2024-11-24T20:00Z,2024-11-24T20:30Z,85,83,low
2024-11-24T20:30Z,2024-11-24T21:00Z,83,75,low
2024-11-24T21:00Z,2024-11-24T21:30Z,75,66,low
2024-11-24T21:30Z,2024-11-24T22:00Z,76,57,low
2024-11-24T22:00Z,2024-11-24T22:30Z,77,58,low
2024-11-24T22:30Z,2024-11-24T23:00Z,74,63,low
2024-11-24T23:00Z,2024-11-24T23:30Z,74,57,low
2024-11-24T23:30Z,2024-11-25T00:00Z,71,61,low
2024-11-25T00:00Z,2024-11-25T00:30Z,73,65,low
2024-11-25T00:30Z,2024-11-25T01:00Z,73,63,low
2024-11-25T01:00Z,2024-11-25T01:30Z,75,64,low
2024-11-25T01:30Z,2024-11-25T02:00Z,76,61,low
2024-11-25T02:00Z,2024-11-25T02:30Z,78,65,low
2024-11-25T02:30Z,2024-11-25T03:00Z,79,71,low
2024-11-25T03:00Z,2024-11-25T03:30Z,80,71,low
2024-11-25T03:30Z,2024-11-25T04:00Z,82,71,low
2024-11-25T04:00Z,2024-11-25T04:30Z,83,74,low
2024-11-25T04:30Z,2024-11-25T05:00Z,85,67,low
2024-11-25T05:00Z,2024-11-25T05:30Z,86,64,low
2024-11-25T05:30Z,2024-11-25T06:00Z,95,72,low
2024-11-25T06:00Z,2024-11-25T06:30Z,102,86,low
2024-11-25T06:30Z,2024-11-25T07:00Z,108,87,low
2024-11-25T07:00Z,2024-11-25T07:30Z,117,97,low
2024-11-25T07:30Z,2024-11-25T08:00Z,121,93,low
2024-11-25T08:00Z,2024-11-25T08:30Z,119,97,low
2024-11-25T08:30Z,2024-11-25T09:00Z,90,96,low
2024-11-25T09:00Z,2024-11-25T09:30Z,93,90,low
2024-11-25T09:30Z,2024-11-25T10:00Z,94,86,low
2024-11-25T10:00Z,2024-11-25T10:30Z,86,78,low
2024-11-25T10:30Z,2024-11-25T11:00Z,85,78,low
2024-11-25T11:00Z,2024-11-25T11:30Z,77,76,low
2024-11-25T11:30Z,2024-11-25T12:00Z,80,77,low
2024-11-25T12:00Z,2024-11-25T12:30Z,79,78,low
2024-11-25T12:30Z,2024-11-25T13:00Z,79,83,low
2024-11-25T13:00Z,2024-11-25T13:30Z,80,87,low
2024-11-25T13:30Z,2024-11-25T14:00Z,84,93,low
2024-11-25T14:00Z,2024-11-25T14:30Z,90,102,low
2024-11-25T14:30Z,2024-11-25T15:00Z,96,117,moderate
2024-11-25T15:00Z,2024-11-25T15:30Z,98,126,moderate
2024-11-25T15:30Z,2024-11-25T16:00Z,115,126,moderate
2024-11-25T16:00Z,2024-11-25T16:30Z,133,128,moderate
2024-11-25T16:30Z,2024-11-25T17:00Z,131,129,moderate
2024-11-25T17:00Z,2024-11-25T17:30Z,131,130,moderate
2024-11-25T17:30Z,2024-11-25T18:00Z,128,131,moderate
2024-11-25T18:00Z,2024-11-25T18:30Z,128,132,moderate
2024-11-25T18:30Z,2024-11-25T19:00Z,127,127,moderate
2024-11-25T19:00Z,2024-11-25T19:30Z,131,123,moderate
2024-11-25T19:30Z,2024-11-25T20:00Z,126,117,moderate
2024-11-25T20:00Z,2024-11-25T20:30Z,118,110,moderate
2024-11-25T20:30Z,2024-11-25T21:00Z,114,101,low
2024-11-25T21:00Z,2024-11-25T21:30Z,99,86,low
2024-11-25T21:30Z,2024-11-25T22:00Z,88,87,low
2024-11-25T22:00Z,2024-11-25T22:30Z,81,81,low
2024-11-25T22:30Z,2024-11-25T23:00Z,85,73,low
2024-11-25T23:00Z,2024-11-25T23:30Z,83,71,low
2024-11-25T23:30Z,2024-11-26T00:00Z,74,78,low
2024-11-26T00:00Z,2024-11-26T00:30Z,74,82,low
2024-11-26T00:30Z,2024-11-26T01:00Z,81,79,low
2024-11-26T01:00Z,2024-11-26T01:30Z,80,78,low
2024-11-26T01:30Z,2024-11-26T02:00Z,81,76,low
2024-11-26T02:00Z,2024-11-26T02:30Z,78,74,low
2024-11-26T02:30Z,2024-11-26T03:00Z,77,75,low
2024-11-26T03:00Z,2024-11-26T03:30Z,75,77,low
2024-11-26T03:30Z,2024-11-26T04:00Z,74,78,low
2024-11-26T04:00Z,2024-11-26T04:30Z,70,88,low
2024-11-26T04:30Z,2024-11-26T05:00Z,74,92,low
2024-11-26T05:00Z,2024-11-26T05:30Z,82,112,moderate
2024-11-26T05:30Z,2024-11-26T06:00Z,95,144,moderate
2024-11-26T06:00Z,2024-11-26T06:30Z,132,172,moderate
2024-11-26T06:30Z,2024-11-26T07:00Z,165,177,moderate
2024-11-26T07:00Z,2024-11-26T07:30Z,212,193,high
2024-11-26T07:30Z,2024-11-26T08:00Z,210,196,high
2024-11-26T08:00Z,2024-11-26T08:30Z,188,199,high
2024-11-26T08:30Z,2024-11-26T09:00Z,211,197,high
2024-11-26T09:00Z,2024-11-26T09:30Z,206,197,high
2024-11-26T09:30Z,2024-11-26T10:00Z,190,198,high
2024-11-26T10:00Z,2024-11-26T10:30Z,186,192,high
2024-11-26T10:30Z,2024-11-26T11:00Z,195,192,high
2024-11-26T11:00Z,2024-11-26T11:30Z,193,192,high
2024-11-26T11:30Z,2024-11-26T12:00Z,198,198,high
2024-11-26T12:00Z,2024-11-26T12:30Z,200,208,high
2024-11-26T12:30Z,2024-11-26T13:00Z,203,208,high
2024-11-26T13:00Z,2024-11-26T13:30Z,212,219,high
2024-11-26T13:30Z,2024-11-26T14:00Z,217,226,high
2024-11-26T14:00Z,2024-11-26T14:30Z,232,234,high
2024-11-26T14:30Z,2024-11-26T15:00Z,237,242,high
2024-11-26T15:00Z,2024-11-26T15:30Z,251,248,high
2024-11-26T15:30Z,2024-11-26T16:00Z,255,256,high
2024-11-26T16:00Z,2024-11-26T16:30Z,249,258,high
2024-11-26T16:30Z,2024-11-26T17:00Z,258,258,high
2024-11-26T17:00Z,2024-11-26T17:30Z,256,260,high
2024-11-26T17:30Z,2024-11-26T18:00Z,256,263,high
2024-11-26T18:00Z,2024-11-26T18:30Z,259,264,high
2024-11-26T18:30Z,2024-11-26T19:00Z,265,268,high
2024-11-26T19:00Z,2024-11-26T19:30Z,269,272,very high
2024-11-26T19:30Z,2024-11-26T20:00Z,274,270,very high
2024-11-26T20:00Z,2024-11-26T20:30Z,273,274,very high
2024-11-26T20:30Z,2024-11-26T21:00Z,272,275,very high
2024-11-26T21:00Z,2024-11-26T21:30Z,271,269,high
2024-11-26T21:30Z,2024-11-26T22:00Z,271,262,high
2024-11-26T22:00Z,2024-11-26T22:30Z,261,256,high
2024-11-26T22:30Z,2024-11-26T23:00Z,254,247,high
2024-11-26T23:00Z,2024-11-26T23:30Z,140,242,high
2024-11-26T23:30Z,2024-11-27T00:00Z,130,238,high
2024-11-27T00:00Z,2024-11-27T00:30Z,123,238,high
2024-11-27T00:30Z,2024-11-27T01:00Z,234,236,high
2024-11-27T01:00Z,2024-11-27T01:30Z,227,232,high
2024-11-27T01:30Z,2024-11-27T02:00Z,230,221,high
2024-11-27T02:00Z,2024-11-27T02:30Z,221,211,high
2024-11-27T02:30Z,2024-11-27T03:00Z,212,202,high
2024-11-27T03:00Z,2024-11-27T03:30Z,194,197,high
2024-11-27T03:30Z,2024-11-27T04:00Z,184,188,moderate
2024-11-27T04:00Z,2024-11-27T04:30Z,177,185,moderate
2024-11-27T04:30Z,2024-11-27T05:00Z,172,191,high
2024-11-27T05:00Z,2024-11-27T05:30Z,181,192,high
2024-11-27T05:30Z,2024-11-27T06:00Z,197,206,high
2024-11-27T06:00Z,2024-11-27T06:30Z,210,213,high
2024-11-27T06:30Z,2024-11-27T07:00Z,228,215,high
2024-11-27T07:00Z,2024-11-27T07:30Z,237,215,high
2024-11-27T07:30Z,2024-11-27T08:00Z,222,212,high
2024-11-27T08:00Z,2024-11-27T08:30Z,220,211,high
2024-11-27T08:30Z,2024-11-27T09:00Z,210,213,high
2024-11-27T09:00Z,2024-11-27T09:30Z,211,212,high
2024-11-27T09:30Z,2024-11-27T10:00Z,210,212,high
2024-11-27T10:00Z,2024-11-27T10:30Z,212,210,high
2024-11-27T10:30Z,2024-11-27T11:00Z,209,208,high
2024-11-27T11:00Z,2024-11-27T11:30Z,208,205,high
2024-11-27T11:30Z,2024-11-27T12:00Z,211,203,high
2024-11-27T12:00Z,2024-11-27T12:30Z,208,201,high
2024-11-27T12:30Z,2024-11-27T13:00Z,201,196,high
2024-11-27T13:00Z,2024-11-27T13:30Z,201,197,high
2024-11-27T13:30Z,2024-11-27T14:00Z,197,198,high
2024-11-27T14:00Z,2024-11-27T14:30Z,200,201,high
2024-11-27T14:30Z,2024-11-27T15:00Z,204,208,high
2024-11-27T15:00Z,2024-11-27T15:30Z,206,211,high
2024-11-27T15:30Z,2024-11-27T16:00Z,217,210,high
2024-11-27T16:00Z,2024-11-27T16:30Z,215,211,high
2024-11-27T16:30Z,2024-11-27T17:00Z,217,214,high
2024-11-27T17:00Z,2024-11-27T17:30Z,215,215,high
2024-11-27T17:30Z,2024-11-27T18:00Z,214,215,high
2024-11-27T18:00Z,2024-11-27T18:30Z,214,213,high
2024-11-27T18:30Z,2024-11-27T19:00Z,214,212,high
2024-11-27T19:00Z,2024-11-27T19:30Z,217,216,high
2024-11-27T19:30Z,2024-11-27T20:00Z,216,217,high
2024-11-27T20:00Z,2024-11-27T20:30Z,218,213,high
2024-11-27T20:30Z,2024-11-27T21:00Z,193,209,high
2024-11-27T21:00Z,2024-11-27T21:30Z,198,203,high
2024-11-27T21:30Z,2024-11-27T22:00Z,192,202,high
2024-11-27T22:00Z,2024-11-27T22:30Z,187,200,high
2024-11-27T22:30Z,2024-11-27T23:00Z,182,203,high
2024-11-27T23:00Z,2024-11-27T23:30Z,168,200,high
2024-11-27T23:30Z,2024-11-28T00:00Z,155,201,high
2024-11-28T00:00Z,2024-11-28T00:30Z,203,204,high
2024-11-28T00:30Z,2024-11-28T01:00Z,209,204,high
2024-11-28T01:00Z,2024-11-28T01:30Z,205,205,high
2024-11-28T01:30Z,2024-11-28T02:00Z,205,208,high
2024-11-28T02:00Z,2024-11-28T02:30Z,206,209,high
2024-11-28T02:30Z,2024-11-28T03:00Z,213,212,high
2024-11-28T03:00Z,2024-11-28T03:30Z,217,213,high
2024-11-28T03:30Z,2024-11-28T04:00Z,217,215,high
2024-11-28T04:00Z,2024-11-28T04:30Z,218,219,high
2024-11-28T04:30Z,2024-11-28T05:00Z,222,227,high
2024-11-28T05:00Z,2024-11-28T05:30Z,240,232,high
2024-11-28T05:30Z,2024-11-28T06:00Z,248,247,high
2024-11-28T06:00Z,2024-11-28T06:30Z,257,257,high
2024-11-28T06:30Z,2024-11-28T07:00Z,263,250,high
2024-11-28T07:00Z,2024-11-28T07:30Z,259,249,high
2024-11-28T07:30Z,2024-11-28T08:00Z,255,252,high
2024-11-28T08:00Z,2024-11-28T08:30Z,238,251,high
2024-11-28T08:30Z,2024-11-28T09:00Z,249,246,high
2024-11-28T09:00Z,2024-11-28T09:30Z,248,240,high
2024-11-28T09:30Z,2024-11-28T10:00Z,243,236,high
2024-11-28T10:00Z,2024-11-28T10:30Z,240,232,high
2024-11-28T10:30Z,2024-11-28T11:00Z,234,223,high
2024-11-28T11:00Z,2024-11-28T11:30Z,228,217,high
2024-11-28T11:30Z,2024-11-28T12:00Z,223,211,high
2024-11-28T12:00Z,2024-11-28T12:30Z,221,209,high
2024-11-28T12:30Z,2024-11-28T13:00Z,211,212,high
2024-11-28T13:00Z,2024-11-28T13:30Z,209,213,high
2024-11-28T13:30Z,2024-11-28T14:00Z,211,217,high
2024-11-28T14:00Z,2024-11-28T14:30Z,216,222,high
2024-11-28T14:30Z,2024-11-28T15:00Z,216,225,high
2024-11-28T15:00Z,2024-11-28T15:30Z,224,223,high
2024-11-28T15:30Z,2024-11-28T16:00Z,221,222,high
2024-11-28T16:00Z,2024-11-28T16:30Z,218,219,high
2024-11-28T16:30Z,2024-11-28T17:00Z,216,219,high
2024-11-28T17:00Z,2024-11-28T17:30Z,214,219,high
2024-11-28T17:30Z,2024-11-28T18:00Z,213,216,high
2024-11-28T18:00Z,2024-11-28T18:30Z,215,213,high
2024-11-28T18:30Z,2024-11-28T19:00Z,211,209,high
2024-11-28T19:00Z,2024-11-28T19:30Z,205,207,high
2024-11-28T19:30Z,2024-11-28T20:00Z,203,204,high
2024-11-28T20:00Z,2024-11-28T20:30Z,167,196,high
2024-11-28T20:30Z,2024-11-28T21:00Z,186,199,high
2024-11-28T21:00Z,2024-11-28T21:30Z,166,186,moderate
2024-11-28T21:30Z,2024-11-28T22:00Z,169,176,moderate
2024-11-28T22:00Z,2024-11-28T22:30Z,157,161,moderate
2024-11-28T22:30Z,2024-11-28T23:00Z,145,138,moderate
2024-11-28T23:00Z,2024-11-28T23:30Z,129,129,moderate
2024-11-28T23:30Z,2024-11-29T00:00Z,117,118,moderate
2024-11-29T00:00Z,2024-11-29T00:30Z,121,119,moderate
2024-11-29T00:30Z,2024-11-29T01:00Z,110,115,moderate
2024-11-29T01:00Z,2024-11-29T01:30Z,111,109,low
2024-11-29T01:30Z,2024-11-29T02:00Z,109,102,low
2024-11-29T02:00Z,2024-11-29T02:30Z,104,103,low
2024-11-29T02:30Z,2024-11-29T03:00Z,96,103,low
2024-11-29T03:00Z,2024-11-29T03:30Z,102,94,low
2024-11-29T03:30Z,2024-11-29T04:00Z,101,92,low
2024-11-29T04:00Z,2024-11-29T04:30Z,94,94,low
2024-11-29T04:30Z,2024-11-29T05:00Z,93,110,moderate
2024-11-29T05:00Z,2024-11-29T05:30Z,94,123,moderate
2024-11-29T05:30Z,2024-11-29T06:00Z,113,142,moderate
2024-11-29T06:00Z,2024-11-29T06:30Z,139,155,moderate
2024-11-29T06:30Z,2024-11-29T07:00Z,149,160,moderate
2024-11-29T07:00Z,2024-11-29T07:30Z,166,160,moderate
2024-11-29T07:30Z,2024-11-29T08:00Z,161,151,moderate
2024-11-29T08:00Z,2024-11-29T08:30Z,150,153,moderate
2024-11-29T08:30Z,2024-11-29T09:00Z,142,150,moderate
2024-11-29T09:00Z,2024-11-29T09:30Z,137,147,moderate
2024-11-29T09:30Z,2024-11-29T10:00Z,146,140,moderate
2024-11-29T10:00Z,2024-11-29T10:30Z,122,132,moderate
2024-11-29T10:30Z,2024-11-29T11:00Z,114,130,moderate
2024-11-29T11:00Z,2024-11-29T11:30Z,112,128,moderate
2024-11-29T11:30Z,2024-11-29T12:00Z,109,123,moderate
2024-11-29T12:00Z,2024-11-29T12:30Z,128,122,moderate
2024-11-29T12:30Z,2024-11-29T13:00Z,119,125,moderate
2024-11-29T13:00Z,2024-11-29T13:30Z,116,127,moderate
2024-11-29T13:30Z,2024-11-29T14:00Z,128,134,moderate
2024-11-29T14:00Z,2024-11-29T14:30Z,126,142,moderate
2024-11-29T14:30Z,2024-11-29T15:00Z,134,147,moderate
2024-11-29T15:00Z,2024-11-29T15:30Z,140,148,moderate
2024-11-29T15:30Z,2024-11-29T16:00Z,147,144,moderate
2024-11-29T16:00Z,2024-11-29T16:30Z,147,146,moderate
2024-11-29T16:30Z,2024-11-29T17:00Z,141,151,moderate
2024-11-29T17:00Z,2024-11-29T17:30Z,142,147,moderate
2024-11-29T17:30Z,2024-11-29T18:00Z,144,146,moderate
2024-11-29T18:00Z,2024-11-29T18:30Z,138,148,moderate
2024-11-29T18:30Z,2024-11-29T19:00Z,118,144,moderate
2024-11-29T19:00Z,2024-11-29T19:30Z,123,134,moderate
2024-11-29T19:30Z,2024-11-29T20:00Z,133,130,moderate
2024-11-29T20:00Z,2024-11-29T20:30Z,124,126,moderate
2024-11-29T20:30Z,2024-11-29T21:00Z,118,120,moderate
2024-11-29T21:00Z,2024-11-29T21:30Z,117,112,moderate
2024-11-29T21:30Z,2024-11-29T22:00Z,106,104,low
2024-11-29T22:00Z,2024-11-29T22:30Z,108,93,low
2024-11-29T22:30Z,2024-11-29T23:00Z,96,74,low
2024-11-29T23:00Z,2024-11-29T23:30Z,95,68,low
2024-11-29T23:30Z,2024-11-30T00:00Z,72,67,low
2024-11-30T00:00Z,2024-11-30T00:30Z,67,70,low
2024-11-30T00:30Z,2024-11-30T01:00Z,65,76,low
2024-11-30T01:00Z,2024-11-30T01:30Z,67,75,low
2024-11-30T01:30Z,2024-11-30T02:00Z,72,77,low
2024-11-30T02:00Z,2024-11-30T02:30Z,80,79,low
2024-11-30T02:30Z,2024-11-30T03:00Z,79,78,low
2024-11-30T03:00Z,2024-11-30T03:30Z,78,76,low
2024-11-30T03:30Z,2024-11-30T04:00Z,79,76,low
2024-11-30T04:00Z,2024-11-30T04:30Z,77,79,low
2024-11-30T04:30Z,2024-11-30T05:00Z,74,78,low
2024-11-30T05:00Z,2024-11-30T05:30Z,85,78,low
2024-11-30T05:30Z,2024-11-30T06:00Z,82,96,low
2024-11-30T06:00Z,2024-11-30T06:30Z,79,97,low
2024-11-30T06:30Z,2024-11-30T07:00Z,88,109,low
2024-11-30T07:00Z,2024-11-30T07:30Z,89,117,moderate
2024-11-30T07:30Z,2024-11-30T08:00Z,103,121,moderate
2024-11-30T08:00Z,2024-11-30T08:30Z,103,129,moderate
2024-11-30T08:30Z,2024-11-30T09:00Z,111,138,moderate
2024-11-30T09:00Z,2024-11-30T09:30Z,118,133,moderate
2024-11-30T09:30Z,2024-11-30T10:00Z,141,130,moderate
2024-11-30T10:00Z,2024-11-30T10:30Z,136,125,moderate
2024-11-30T10:30Z,2024-11-30T11:00Z,128,125,moderate
2024-11-30T11:00Z,2024-11-30T11:30Z,125,126,moderate
2024-11-30T11:30Z,2024-11-30T12:00Z,122,128,moderate
2024-11-30T12:00Z,2024-11-30T12:30Z,121,129,moderate
2024-11-30T12:30Z,2024-11-30T13:00Z,124,133,moderate
2024-11-30T13:00Z,2024-11-30T13:30Z,124,133,moderate
2024-11-30T13:30Z,2024-11-30T14:00Z,123,136,moderate
2024-11-30T14:00Z,2024-11-30T14:30Z,115,136,moderate
2024-11-30T14:30Z,2024-11-30T15:00Z,130,138,moderate
2024-11-30T15:00Z,2024-11-30T15:30Z,126,136,moderate
2024-11-30T15:30Z,2024-11-30T16:00Z,140,138,moderate
2024-11-30T16:00Z,2024-11-30T16:30Z,138,142,moderate
2024-11-30T16:30Z,2024-11-30T17:00Z,137,143,moderate
2024-11-30T17:00Z,2024-11-30T17:30Z,135,140,moderate
2024-11-30T17:30Z,2024-11-30T18:00Z,131,140,moderate
2024-11-30T18:00Z,2024-11-30T18:30Z,125,134,moderate
2024-11-30T18:30Z,2024-11-30T19:00Z,117,131,moderate
2024-11-30T19:00Z,2024-11-30T19:30Z,112,121,moderate
2024-11-30T19:30Z,2024-11-30T20:00Z,104,120,moderate
2024-11-30T20:00Z,2024-11-30T20:30Z,91,118,moderate
2024-11-30T20:30Z,2024-11-30T21:00Z,101,112,moderate
2024-11-30T21:00Z,2024-11-30T21:30Z,104,107,low
2024-11-30T21:30Z,2024-11-30T22:00Z,93,100,low
2024-11-30T22:00Z,2024-11-30T22:30Z,90,93,low
2024-11-30T22:30Z,2024-11-30T23:00Z,92,96,low
2024-11-30T23:00Z,2024-11-30T23:30Z,85,91,low
2024-11-30T23:30Z,2024-12-01T00:00Z,83,90,low
2024-12-01T00:00Z,2024-12-01T00:30Z,89,90,low
2024-12-01T00:30Z,2024-12-01T01:00Z,86,90,low
2024-12-01T01:00Z,2024-12-01T01:30Z,85,84,low
2024-12-01T01:30Z,2024-12-01T02:00Z,82,76,low
2024-12-01T02:00Z,2024-12-01T02:30Z,84,75,low
2024-12-01T02:30Z,2024-12-01T03:00Z,76,78,low
2024-12-01T03:00Z,2024-12-01T03:30Z,70,73,low
2024-12-01T03:30Z,2024-12-01T04:00Z,78,73,low
2024-12-01T04:00Z,2024-12-01T04:30Z,71,69,low
2024-12-01T04:30Z,2024-12-01T05:00Z,69,64,low
2024-12-01T05:00Z,2024-12-01T05:30Z,72,64,low
2024-12-01T05:30Z,2024-12-01T06:00Z,64,72,low
2024-12-01T06:00Z,2024-12-01T06:30Z,67,78,low
2024-12-01T06:30Z,2024-12-01T07:00Z,72,73,low
2024-12-01T07:00Z,2024-12-01T07:30Z,74,77,low
2024-12-01T07:30Z,2024-12-01T08:00Z,71,77,low
2024-12-01T08:00Z,2024-12-01T08:30Z,67,84,low
2024-12-01T08:30Z,2024-12-01T09:00Z,76,92,low
2024-12-01T09:00Z,2024-12-01T09:30Z,87,100,low
2024-12-01T09:30Z,2024-12-01T10:00Z,96,100,low
2024-12-01T10:00Z,2024-12-01T10:30Z,101,99,low
2024-12-01T10:30Z,2024-12-01T11:00Z,103,100,low
2024-12-01T11:00Z,2024-12-01T11:30Z,99,99,low
2024-12-01T11:30Z,2024-12-01T12:00Z,90,102,low
2024-12-01T12:00Z,2024-12-01T12:30Z,97,106,low
2024-12-01T12:30Z,2024-12-01T13:00Z,100,104,low
2024-12-01T13:00Z,2024-12-01T13:30Z,92,113,moderate
2024-12-01T13:30Z,2024-12-01T14:00Z,104,109,low
2024-12-01T14:00Z,2024-12-01T14:30Z,115,110,moderate
2024-12-01T14:30Z,2024-12-01T15:00Z,111,126,moderate
2024-12-01T15:00Z,2024-12-01T15:30Z,113,134,moderate
2024-12-01T15:30Z,2024-12-01T16:00Z,143,138,moderate
2024-12-01T16:00Z,2024-12-01T16:30Z,149,140,moderate
2024-12-01T16:30Z,2024-12-01T17:00Z,146,143,moderate
2024-12-01T17:00Z,2024-12-01T17:30Z,140,142,moderate
2024-12-01T17:30Z,2024-12-01T18:00Z,139,138,moderate
2024-12-01T18:00Z,2024-12-01T18:30Z,141,135,moderate
2024-12-01T18:30Z,2024-12-01T19:00Z,131,139,moderate
2024-12-01T19:00Z,2024-12-01T19:30Z,123,134,moderate
2024-12-01T19:30Z,2024-12-01T20:00Z,136,122,moderate
2024-12-01T20:00Z,2024-12-01T20:30Z,119,109,low
2024-12-01T20:30Z,2024-12-01T21:00Z,115,100,low
2024-12-01T21:00Z,2024-12-01T21:30Z,98,89,low
2024-12-01T21:30Z,2024-12-01T22:00Z,84,81,low
2024-12-01T22:00Z,2024-12-01T22:30Z,86,78,low
2024-12-01T22:30Z,2024-12-01T23:00Z,80,79,low
2024-12-01T23:00Z,2024-12-01T23:30Z,74,79,low
2024-12-01T23:30Z,2024-12-02T00:00Z,75,79,low
2024-12-02T00:00Z,2024-12-02T00:30Z,75,81,low
2024-12-02T00:30Z,2024-12-02T01:00Z,77,86,low
2024-12-02T01:00Z,2024-12-02T01:30Z,73,88,low
2024-12-02T01:30Z,2024-12-02T02:00Z,75,91,low
2024-12-02T02:00Z,2024-12-02T02:30Z,81,89,low
2024-12-02T02:30Z,2024-12-02T03:00Z,77,84,low
2024-12-02T03:00Z,2024-12-02T03:30Z,75,82,low
2024-12-02T03:30Z,2024-12-02T04:00Z,70,87,low
2024-12-02T04:00Z,2024-12-02T04:30Z,70,77,low
2024-12-02T04:30Z,2024-12-02T05:00Z,70,72,low
2024-12-02T05:00Z,2024-12-02T05:30Z,72,81,low
2024-12-02T05:30Z,2024-12-02T06:00Z,79,110,moderate
2024-12-02T06:00Z,2024-12-02T06:30Z,86,132,moderate
2024-12-02T06:30Z,2024-12-02T07:00Z,97,150,moderate
2024-12-02T07:00Z,2024-12-02T07:30Z,109,149,moderate
2024-12-02T07:30Z,2024-12-02T08:00Z,148,149,moderate
2024-12-02T08:00Z,2024-12-02T08:30Z,149,153,moderate
2024-12-02T08:30Z,2024-12-02T09:00Z,163,157,moderate
2024-12-02T09:00Z,2024-12-02T09:30Z,176,157,moderate
2024-12-02T09:30Z,2024-12-02T10:00Z,156,155,moderate
2024-12-02T10:00Z,2024-12-02T10:30Z,155,158,moderate
2024-12-02T10:30Z,2024-12-02T11:00Z,151,156,moderate
2024-12-02T11:00Z,2024-12-02T11:30Z,158,154,moderate
2024-12-02T11:30Z,2024-12-02T12:00Z,157,154,moderate
2024-12-02T12:00Z,2024-12-02T12:30Z,153,154,moderate
2024-12-02T12:30Z,2024-12-02T13:00Z,148,153,moderate
2024-12-02T13:00Z,2024-12-02T13:30Z,148,160,moderate
2024-12-02T13:30Z,2024-12-02T14:00Z,154,164,moderate
2024-12-02T14:00Z,2024-12-02T14:30Z,158,162,moderate
2024-12-02T14:30Z,2024-12-02T15:00Z,168,158,moderate
2024-12-02T15:00Z,2024-12-02T15:30Z,169,159,moderate
2024-12-02T15:30Z,2024-12-02T16:00Z,162,163,moderate
2024-12-02T16:00Z,2024-12-02T16:30Z,162,167,moderate
2024-12-02T16:30Z,2024-12-02T17:00Z,163,173,moderate
2024-12-02T17:00Z,2024-12-02T17:30Z,167,175,moderate
2024-12-02T17:30Z,2024-12-02T18:00Z,170,175,moderate
2024-12-02T18:00Z,2024-12-02T18:30Z,172,176,moderate
2024-12-02T18:30Z,2024-12-02T19:00Z,177,176,moderate
2024-12-02T19:00Z,2024-12-02T19:30Z,183,181,moderate
2024-12-02T19:30Z,2024-12-02T20:00Z,180,180,moderate
2024-12-02T20:00Z,2024-12-02T20:30Z,182,176,moderate
2024-12-02T20:30Z,2024-12-02T21:00Z,180,168,moderate
2024-12-02T21:00Z,2024-12-02T21:30Z,175,164,moderate
2024-12-02T21:30Z,2024-12-02T22:00Z,163,164,moderate
2024-12-02T22:00Z,2024-12-02T22:30Z,154,158,moderate
2024-12-02T22:30Z,2024-12-02T23:00Z,137,138,moderate
2024-12-02T23:00Z,2024-12-02T23:30Z,126,140,moderate
2024-12-02T23:30Z,2024-12-03T00:00Z,127,143,moderate
2024-12-03T00:00Z,2024-12-03T00:30Z,135,150,moderate
2024-12-03T00:30Z,2024-12-03T01:00Z,142,153,moderate
2024-12-03T01:00Z,2024-12-03T01:30Z,142,158,moderate
2024-12-03T01:30Z,2024-12-03T02:00Z,142,164,moderate
2024-12-03T02:00Z,2024-12-03T02:30Z,146,165,moderate
2024-12-03T02:30Z,2024-12-03T03:00Z,163,166,moderate
2024-12-03T03:00Z,2024-12-03T03:30Z,163,166,moderate
2024-12-03T03:30Z,2024-12-03T04:00Z,157,163,moderate
2024-12-03T04:00Z,2024-12-03T04:30Z,170,173,moderate
2024-12-03T04:30Z,2024-12-03T05:00Z,169,203,high
2024-12-03T05:00Z,2024-12-03T05:30Z,185,218,high
2024-12-03T05:30Z,2024-12-03T06:00Z,213,243,high
2024-12-03T06:00Z,2024-12-03T06:30Z,232,254,high
2024-12-03T06:30Z,2024-12-03T07:00Z,257,259,high
2024-12-03T07:00Z,2024-12-03T07:30Z,260,259,high
2024-12-03T07:30Z,2024-12-03T08:00Z,260,249,high
2024-12-03T08:00Z,2024-12-03T08:30Z,240,250,high
2024-12-03T08:30Z,2024-12-03T09:00Z,249,250,high
2024-12-03T09:00Z,2024-12-03T09:30Z,246,247,high
2024-12-03T09:30Z,2024-12-03T10:00Z,245,242,high
2024-12-03T10:00Z,2024-12-03T10:30Z,241,241,high
2024-12-03T10:30Z,2024-12-03T11:00Z,240,239,high
2024-12-03T11:00Z,2024-12-03T11:30Z,241,235,high
2024-12-03T11:30Z,2024-12-03T12:00Z,238,229,high
2024-12-03T12:00Z,2024-12-03T12:30Z,234,229,high
2024-12-03T12:30Z,2024-12-03T13:00Z,225,225,high
2024-12-03T13:00Z,2024-12-03T13:30Z,227,225,high
2024-12-03T13:30Z,2024-12-03T14:00Z,227,226,high
2024-12-03T14:00Z,2024-12-03T14:30Z,223,227,high
2024-12-03T14:30Z,2024-12-03T15:00Z,227,220,high
2024-12-03T15:00Z,2024-12-03T15:30Z,226,226,high
2024-12-03T15:30Z,2024-12-03T16:00Z,220,229,high
2024-12-03T16:00Z,2024-12-03T16:30Z,222,230,high
2024-12-03T16:30Z,2024-12-03T17:00Z,221,227,high
2024-12-03T17:00Z,2024-12-03T17:30Z,224,219,high
2024-12-03T17:30Z,2024-12-03T18:00Z,222,217,high
2024-12-03T18:00Z,2024-12-03T18:30Z,219,214,high
2024-12-03T18:30Z,2024-12-03T19:00Z,216,219,high
2024-12-03T19:00Z,2024-12-03T19:30Z,212,221,high
2024-12-03T19:30Z,2024-12-03T20:00Z,219,227,high
2024-12-03T20:00Z,2024-12-03T20:30Z,217,225,high
2024-12-03T20:30Z,2024-12-03T21:00Z,219,231,high
2024-12-03T21:00Z,2024-12-03T21:30Z,222,222,high
2024-12-03T21:30Z,2024-12-03T22:00Z,224,223,high
2024-12-03T22:00Z,2024-12-03T22:30Z,221,223,high
2024-12-03T22:30Z,2024-12-03T23:00Z,218,209,high
2024-12-03T23:00Z,2024-12-03T23:30Z,209,208,high
2024-12-03T23:30Z,2024-12-04T00:00Z,210,205,high
2024-12-04T00:00Z,2024-12-04T00:30Z,205,205,high
2024-12-04T00:30Z,2024-12-04T01:00Z,201,200,high
2024-12-04T01:00Z,2024-12-04T01:30Z,220,196,high
2024-12-04T01:30Z,2024-12-04T02:00Z,223,194,high
2024-12-04T02:00Z,2024-12-04T02:30Z,208,195,high
2024-12-04T02:30Z,2024-12-04T03:00Z,223,200,high
2024-12-04T03:00Z,2024-12-04T03:30Z,230,201,high
2024-12-04T03:30Z,2024-12-04T04:00Z,217,210,high
2024-12-04T04:00Z,2024-12-04T04:30Z,203,216,high
2024-12-04T04:30Z,2024-12-04T05:00Z,224,229,high
2024-12-04T05:00Z,2024-12-04T05:30Z,216,242,high
2024-12-04T05:30Z,2024-12-04T06:00Z,221,255,high
2024-12-04T06:00Z,2024-12-04T06:30Z,237,261,high
2024-12-04T06:30Z,2024-12-04T07:00Z,247,254,high
2024-12-04T07:00Z,2024-12-04T07:30Z,253,256,high
2024-12-04T07:30Z,2024-12-04T08:00Z,256,248,high
2024-12-04T08:00Z,2024-12-04T08:30Z,241,249,high
2024-12-04T08:30Z,2024-12-04T09:00Z,256,245,high
2024-12-04T09:00Z,2024-12-04T09:30Z,239,245,high
2024-12-04T09:30Z,2024-12-04T10:00Z,245,244,high
2024-12-04T10:00Z,2024-12-04T10:30Z,239,241,high
2024-12-04T10:30Z,2024-12-04T11:00Z,236,239,high
2024-12-04T11:00Z,2024-12-04T11:30Z,229,237,high
2024-12-04T11:30Z,2024-12-04T12:00Z,225,229,high
2024-12-04T12:00Z,2024-12-04T12:30Z,221,222,high
2024-12-04T12:30Z,2024-12-04T13:00Z,214,222,high
2024-12-04T13:00Z,2024-12-04T13:30Z,210,216,high
2024-12-04T13:30Z,2024-12-04T14:00Z,204,215,high
2024-12-04T14:00Z,2024-12-04T14:30Z,207,213,high
2024-12-04T14:30Z,2024-12-04T15:00Z,208,216,high
2024-12-04T15:00Z,2024-12-04T15:30Z,207,217,high
2024-12-04T15:30Z,2024-12-04T16:00Z,209,215,high
2024-12-04T16:00Z,2024-12-04T16:30Z,205,211,high
2024-12-04T16:30Z,2024-12-04T17:00Z,199,207,high
2024-12-04T17:00Z,2024-12-04T17:30Z,197,202,high
2024-12-04T17:30Z,2024-12-04T18:00Z,190,206,high
2024-12-04T18:00Z,2024-12-04T18:30Z,182,198,high
2024-12-04T18:30Z,2024-12-04T19:00Z,186,192,high
2024-12-04T19:00Z,2024-12-04T19:30Z,174,183,moderate
2024-12-04T19:30Z,2024-12-04T20:00Z,156,174,moderate
2024-12-04T20:00Z,2024-12-04T20:30Z,136,162,moderate
2024-12-04T20:30Z,2024-12-04T21:00Z,130,149,moderate
2024-12-04T21:00Z,2024-12-04T21:30Z,124,134,moderate
2024-12-04T21:30Z,2024-12-04T22:00Z,111,114,moderate
2024-12-04T22:00Z,2024-12-04T22:30Z,107,99,low
2024-12-04T22:30Z,2024-12-04T23:00Z,95,85,low
2024-12-04T23:00Z,2024-12-04T23:30Z,92,79,low
2024-12-04T23:30Z,2024-12-05T00:00Z,80,77,low
2024-12-05T00:00Z,2024-12-05T00:30Z,77,79,low
2024-12-05T00:30Z,2024-12-05T01:00Z,74,77,low
2024-12-05T01:00Z,2024-12-05T01:30Z,73,72,low
2024-12-05T01:30Z,2024-12-05T02:00Z,75,70,low
2024-12-05T02:00Z,2024-12-05T02:30Z,70,69,low
2024-12-05T02:30Z,2024-12-05T03:00Z,67,59,low
2024-12-05T03:00Z,2024-12-05T03:30Z,63,58,low
2024-12-05T03:30Z,2024-12-05T04:00Z,57,62,low
2024-12-05T04:00Z,2024-12-05T04:30Z,55,60,low
2024-12-05T04:30Z,2024-12-05T05:00Z,58,58,low
2024-12-05T05:00Z,2024-12-05T05:30Z,126,68,low
2024-12-05T05:30Z,2024-12-05T06:00Z,59,95,low
2024-12-05T06:00Z,2024-12-05T06:30Z,67,112,moderate
2024-12-05T06:30Z,2024-12-05T07:00Z,92,125,moderate
2024-12-05T07:00Z,2024-12-05T07:30Z,108,130,moderate
2024-12-05T07:30Z,2024-12-05T08:00Z,125,130,moderate
2024-12-05T08:00Z,2024-12-05T08:30Z,129,132,moderate
2024-12-05T08:30Z,2024-12-05T09:00Z,130,137,moderate
2024-12-05T09:00Z,2024-12-05T09:30Z,128,139,moderate
2024-12-05T09:30Z,2024-12-05T10:00Z,139,135,moderate
2024-12-05T10:00Z,2024-12-05T10:30Z,136,133,moderate
2024-12-05T10:30Z,2024-12-05T11:00Z,130,131,moderate
2024-12-05T11:00Z,2024-12-05T11:30Z,130,130,moderate
2024-12-05T11:30Z,2024-12-05T12:00Z,133,129,moderate
2024-12-05T12:00Z,2024-12-05T12:30Z,136,128,moderate
2024-12-05T12:30Z,2024-12-05T13:00Z,140,126,moderate
2024-12-05T13:00Z,2024-12-05T13:30Z,134,125,moderate
2024-12-05T13:30Z,2024-12-05T14:00Z,139,133,moderate
2024-12-05T14:00Z,2024-12-05T14:30Z,117,132,moderate
2024-12-05T14:30Z,2024-12-05T15:00Z,123,121,moderate
2024-12-05T15:00Z,2024-12-05T15:30Z,124,112,moderate
2024-12-05T15:30Z,2024-12-05T16:00Z,119,108,low
2024-12-05T16:00Z,2024-12-05T16:30Z,107,108,low
2024-12-05T16:30Z,2024-12-05T17:00Z,103,113,moderate
2024-12-05T17:00Z,2024-12-05T17:30Z,102,109,low
2024-12-05T17:30Z,2024-12-05T18:00Z,105,101,low
2024-12-05T18:00Z,2024-12-05T18:30Z,97,94,low
2024-12-05T18:30Z,2024-12-05T19:00Z,84,88,low
2024-12-05T19:00Z,2024-12-05T19:30Z,81,77,low
2024-12-05T19:30Z,2024-12-05T20:00Z,71,70,low
2024-12-05T20:00Z,2024-12-05T20:30Z,64,64,low
2024-12-05T20:30Z,2024-12-05T21:00Z,57,67,low
2024-12-05T21:00Z,2024-12-05T21:30Z,81,62,low
2024-12-05T21:30Z,2024-12-05T22:00Z,51,61,low
2024-12-05T22:00Z,2024-12-05T22:30Z,45,58,low
2024-12-05T22:30Z,2024-12-05T23:00Z,39,52,low
2024-12-05T23:00Z,2024-12-05T23:30Z,57,53,low
2024-12-05T23:30Z,2024-12-06T00:00Z,41,54,low
2024-12-06T00:00Z,2024-12-06T00:30Z,45,58,low
2024-12-06T00:30Z,2024-12-06T01:00Z,48,61,low
2024-12-06T01:00Z,2024-12-06T01:30Z,49,62,low
2024-12-06T01:30Z,2024-12-06T02:00Z,52,63,low
2024-12-06T02:00Z,2024-12-06T02:30Z,52,61,low
2024-12-06T02:30Z,2024-12-06T03:00Z,52,60,low
2024-12-06T03:00Z,2024-12-06T03:30Z,53,59,low
2024-12-06T03:30Z,2024-12-06T04:00Z,55,57,low
2024-12-06T04:00Z,2024-12-06T04:30Z,49,59,low
2024-12-06T04:30Z,2024-12-06T05:00Z,43,60,low
2024-12-06T05:00Z,2024-12-06T05:30Z,50,66,low
2024-12-06T05:30Z,2024-12-06T06:00Z,52,84,low
2024-12-06T06:00Z,2024-12-06T06:30Z,58,104,low
2024-12-06T06:30Z,2024-12-06T07:00Z,69,124,moderate
2024-12-06T07:00Z,2024-12-06T07:30Z,99,137,moderate
2024-12-06T07:30Z,2024-12-06T08:00Z,120,147,moderate
2024-12-06T08:00Z,2024-12-06T08:30Z,116,152,moderate
2024-12-06T08:30Z,2024-12-06T09:00Z,139,158,moderate
2024-12-06T09:00Z,2024-12-06T09:30Z,155,158,moderate
2024-12-06T09:30Z,2024-12-06T10:00Z,154,158,moderate
2024-12-06T10:00Z,2024-12-06T10:30Z,160,157,moderate
2024-12-06T10:30Z,2024-12-06T11:00Z,160,155,moderate
2024-12-06T11:00Z,2024-12-06T11:30Z,164,164,moderate
2024-12-06T11:30Z,2024-12-06T12:00Z,164,169,moderate
2024-12-06T12:00Z,2024-12-06T12:30Z,174,174,moderate
2024-12-06T12:30Z,2024-12-06T13:00Z,176,179,moderate
2024-12-06T13:00Z,2024-12-06T13:30Z,177,185,moderate
2024-12-06T13:30Z,2024-12-06T14:00Z,185,198,high
2024-12-06T14:00Z,2024-12-06T14:30Z,187,198,high
2024-12-06T14:30Z,2024-12-06T15:00Z,193,193,high
2024-12-06T15:00Z,2024-12-06T15:30Z,195,186,moderate
2024-12-06T15:30Z,2024-12-06T16:00Z,192,182,moderate
2024-12-06T16:00Z,2024-12-06T16:30Z,179,177,moderate
2024-12-06T16:30Z,2024-12-06T17:00Z,180,179,moderate
2024-12-06T17:00Z,2024-12-06T17:30Z,177,169,moderate
2024-12-06T17:30Z,2024-12-06T18:00Z,173,167,moderate
2024-12-06T18:00Z,2024-12-06T18:30Z,165,159,moderate
2024-12-06T18:30Z,2024-12-06T19:00Z,159,134,moderate
2024-12-06T19:00Z,2024-12-06T19:30Z,141,111,moderate
2024-12-06T19:30Z,2024-12-06T20:00Z,116,87,low
2024-12-06T20:00Z,2024-12-06T20:30Z,93,76,low
2024-12-06T20:30Z,2024-12-06T21:00Z,74,69,low
2024-12-06T21:00Z,2024-12-06T21:30Z,63,65,low
2024-12-06T21:30Z,2024-12-06T22:00Z,57,60,low
2024-12-06T22:00Z,2024-12-06T22:30Z,55,57,low
2024-12-06T22:30Z,2024-12-06T23:00Z,54,56,low
2024-12-06T23:00Z,2024-12-06T23:30Z,47,55,low
2024-12-06T23:30Z,2024-12-07T00:00Z,43,56,low
2024-12-07T00:00Z,2024-12-07T00:30Z,51,60,low
2024-12-07T00:30Z,2024-12-07T01:00Z,56,58,low
2024-12-07T01:00Z,2024-12-07T01:30Z,54,56,low
2024-12-07T01:30Z,2024-12-07T02:00Z,57,57,low
2024-12-07T02:00Z,2024-12-07T02:30Z,54,60,low
2024-12-07T02:30Z,2024-12-07T03:00Z,55,65,low
2024-12-07T03:00Z,2024-12-07T03:30Z,59,63,low
2024-12-07T03:30Z,2024-12-07T04:00Z,64,62,low
2024-12-07T04:00Z,2024-12-07T04:30Z,59,58,low
2024-12-07T04:30Z,2024-12-07T05:00Z,57,56,low
2024-12-07T05:00Z,2024-12-07T05:30Z,59,57,low
2024-12-07T05:30Z,2024-12-07T06:00Z,55,55,low
2024-12-07T06:00Z,2024-12-07T06:30Z,53,55,low
2024-12-07T06:30Z,2024-12-07T07:00Z,53,57,low
2024-12-07T07:00Z,2024-12-07T07:30Z,56,63,low
2024-12-07T07:30Z,2024-12-07T08:00Z,53,64,low
2024-12-07T08:00Z,2024-12-07T08:30Z,50,69,low
2024-12-07T08:30Z,2024-12-07T09:00Z,57,80,low
2024-12-07T09:00Z,2024-12-07T09:30Z,70,96,low
2024-12-07T09:30Z,2024-12-07T10:00Z,80,108,low
2024-12-07T10:00Z,2024-12-07T10:30Z,96,110,moderate
2024-12-07T10:30Z,2024-12-07T11:00Z,99,112,moderate
2024-12-07T11:00Z,2024-12-07T11:30Z,100,113,moderate
2024-12-07T11:30Z,2024-12-07T12:00Z,102,112,moderate
2024-12-07T12:00Z,2024-12-07T12:30Z,98,109,low
2024-12-07T12:30Z,2024-12-07T13:00Z,102,108,low
2024-12-07T13:00Z,2024-12-07T13:30Z,94,95,low
2024-12-07T13:30Z,2024-12-07T14:00Z,93,86,low
2024-12-07T14:00Z,2024-12-07T14:30Z,78,83,low
2024-12-07T14:30Z,2024-12-07T15:00Z,77,82,low
2024-12-07T15:00Z,2024-12-07T15:30Z,73,84,low
2024-12-07T15:30Z,2024-12-07T16:00Z,78,83,low
2024-12-07T16:00Z,2024-12-07T16:30Z,78,85,low
2024-12-07T16:30Z,2024-12-07T17:00Z,78,90,low
2024-12-07T17:00Z,2024-12-07T17:30Z,73,91,low
2024-12-07T17:30Z,2024-12-07T18:00Z,73,86,low
2024-12-07T18:00Z,2024-12-07T18:30Z,72,81,low
2024-12-07T18:30Z,2024-12-07T19:00Z,68,79,low
2024-12-07T19:00Z,2024-12-07T19:30Z,70,74,low
2024-12-07T19:30Z,2024-12-07T20:00Z,70,73,low
2024-12-07T20:00Z,2024-12-07T20:30Z,62,67,low
2024-12-07T20:30Z,2024-12-07T21:00Z,64,67,low
2024-12-07T21:00Z,2024-12-07T21:30Z,62,65,low
2024-12-07T21:30Z,2024-12-07T22:00Z,60,65,low
2024-12-07T22:00Z,2024-12-07T22:30Z,58,58,low
2024-12-07T22:30Z,2024-12-07T23:00Z,68,63,low
2024-12-07T23:00Z,2024-12-07T23:30Z,58,58,low
2024-12-07T23:30Z,2024-12-08T00:00Z,64,57,low
2024-12-08T00:00Z,2024-12-08T00:30Z,58,60,low
2024-12-08T00:30Z,2024-12-08T01:00Z,56,58,low
2024-12-08T01:00Z,2024-12-08T01:30Z,59,55,low
2024-12-08T01:30Z,2024-12-08T02:00Z,57,54,low
2024-12-08T02:00Z,2024-12-08T02:30Z,53,57,low
2024-12-08T02:30Z,2024-12-08T03:00Z,52,59,low
2024-12-08T03:00Z,2024-12-08T03:30Z,58,57,low
2024-12-08T03:30Z,2024-12-08T04:00Z,56,60,low
2024-12-08T04:00Z,2024-12-08T04:30Z,53,58,low
2024-12-08T04:30Z,2024-12-08T05:00Z,59,56,low
2024-12-08T05:00Z,2024-12-08T05:30Z,55,54,low
2024-12-08T05:30Z,2024-12-08T06:00Z,54,58,low
2024-12-08T06:00Z,2024-12-08T06:30Z,59,57,low
2024-12-08T06:30Z,2024-12-08T07:00Z,57,55,low
2024-12-08T07:00Z,2024-12-08T07:30Z,55,57,low
2024-12-08T07:30Z,2024-12-08T08:00Z,51,57,low
2024-12-08T08:00Z,2024-12-08T08:30Z,49,57,low
2024-12-08T08:30Z,2024-12-08T09:00Z,55,59,low
2024-12-08T09:00Z,2024-12-08T09:30Z,53,63,low
2024-12-08T09:30Z,2024-12-08T10:00Z,56,63,low
2024-12-08T10:00Z,2024-12-08T10:30Z,61,61,low
2024-12-08T10:30Z,2024-12-08T11:00Z,63,58,low
2024-12-08T11:00Z,2024-12-08T11:30Z,60,60,low
2024-12-08T11:30Z,2024-12-08T12:00Z,58,62,low
2024-12-08T12:00Z,2024-12-08T12:30Z,56,63,low
2024-12-08T12:30Z,2024-12-08T13:00Z,57,68,low
2024-12-08T13:00Z,2024-12-08T13:30Z,58,69,low
2024-12-08T13:30Z,2024-12-08T14:00Z,63,71,low
2024-12-08T14:00Z,2024-12-08T14:30Z,64,72,low
2024-12-08T14:30Z,2024-12-08T15:00Z,65,78,low
2024-12-08T15:00Z,2024-12-08T15:30Z,75,83,low
2024-12-08T15:30Z,2024-12-08T16:00Z,78,97,low
2024-12-08T16:00Z,2024-12-08T16:30Z,82,105,low
2024-12-08T16:30Z,2024-12-08T17:00Z,99,106,low
2024-12-08T17:00Z,2024-12-08T17:30Z,103,106,low
2024-12-08T17:30Z,2024-12-08T18:00Z,105,105,low
2024-12-08T18:00Z,2024-12-08T18:30Z,104,97,low
2024-12-08T18:30Z,2024-12-08T19:00Z,100,92,low
2024-12-08T19:00Z,2024-12-08T19:30Z,92,90,low
2024-12-08T19:30Z,2024-12-08T20:00Z,89,83,low
2024-12-08T20:00Z,2024-12-08T20:30Z,88,76,low
2024-12-08T20:30Z,2024-12-08T21:00Z,77,63,low
2024-12-08T21:00Z,2024-12-08T21:30Z,68,55,low
2024-12-08T21:30Z,2024-12-08T22:00Z,62,54,low
2024-12-08T22:00Z,2024-12-08T22:30Z,54,52,low
2024-12-08T22:30Z,2024-12-08T23:00Z,51,50,low
2024-12-08T23:00Z,2024-12-08T23:30Z,49,49,low
2024-12-08T23:30Z,2024-12-09T00:00Z,49,48,low
2024-12-09T00:00Z,2024-12-09T00:30Z,48,48,low
2024-12-09T00:30Z,2024-12-09T01:00Z,47,50,low
2024-12-09T01:00Z,2024-12-09T01:30Z,46,49,low
2024-12-09T01:30Z,2024-12-09T02:00Z,49,51,low
2024-12-09T02:00Z,2024-12-09T02:30Z,49,50,low
2024-12-09T02:30Z,2024-12-09T03:00Z,50,51,low
2024-12-09T03:00Z,2024-12-09T03:30Z,49,52,low
2024-12-09T03:30Z,2024-12-09T04:00Z,50,54,low
2024-12-09T04:00Z,2024-12-09T04:30Z,51,56,low
2024-12-09T04:30Z,2024-12-09T05:00Z,52,59,low
2024-12-09T05:00Z,2024-12-09T05:30Z,59,67,low
2024-12-09T05:30Z,2024-12-09T06:00Z,60,82,low
2024-12-09T06:00Z,2024-12-09T06:30Z,78,109,low
2024-12-09T06:30Z,2024-12-09T07:00Z,97,140,moderate
2024-12-09T07:00Z,2024-12-09T07:30Z,112,158,moderate
2024-12-09T07:30Z,2024-12-09T08:00Z,130,160,moderate
2024-12-09T08:00Z,2024-12-09T08:30Z,148,160,moderate
2024-12-09T08:30Z,2024-12-09T09:00Z,161,163,moderate
2024-12-09T09:00Z,2024-12-09T09:30Z,158,163,moderate
2024-12-09T09:30Z,2024-12-09T10:00Z,163,165,moderate
2024-12-09T10:00Z,2024-12-09T10:30Z,157,162,moderate
2024-12-09T10:30Z,2024-12-09T11:00Z,163,164,moderate
2024-12-09T11:00Z,2024-12-09T11:30Z,162,163,moderate
2024-12-09T11:30Z,2024-12-09T12:00Z,163,164,moderate
2024-12-09T12:00Z,2024-12-09T12:30Z,162,164,moderate
2024-12-09T12:30Z,2024-12-09T13:00Z,162,169,moderate
2024-12-09T13:00Z,2024-12-09T13:30Z,162,170,moderate
2024-12-09T13:30Z,2024-12-09T14:00Z,167,172,moderate
2024-12-09T14:00Z,2024-12-09T14:30Z,168,174,moderate
2024-12-09T14:30Z,2024-12-09T15:00Z,169,176,moderate
2024-12-09T15:00Z,2024-12-09T15:30Z,172,176,moderate
2024-12-09T15:30Z,2024-12-09T16:00Z,172,177,moderate
2024-12-09T16:00Z,2024-12-09T16:30Z,173,180,moderate
2024-12-09T16:30Z,2024-12-09T17:00Z,173,182,moderate
2024-12-09T17:00Z,2024-12-09T17:30Z,176,182,moderate
2024-12-09T17:30Z,2024-12-09T18:00Z,176,180,moderate
2024-12-09T18:00Z,2024-12-09T18:30Z,175,182,moderate
2024-12-09T18:30Z,2024-12-09T19:00Z,175,179,moderate
2024-12-09T19:00Z,2024-12-09T19:30Z,175,177,moderate
2024-12-09T19:30Z,2024-12-09T20:00Z,179,172,moderate
2024-12-09T20:00Z,2024-12-09T20:30Z,173,165,moderate
2024-12-09T20:30Z,2024-12-09T21:00Z,168,156,moderate
2024-12-09T21:00Z,2024-12-09T21:30Z,163,147,moderate
2024-12-09T21:30Z,2024-12-09T22:00Z,160,138,moderate
2024-12-09T22:00Z,2024-12-09T22:30Z,146,122,moderate
2024-12-09T22:30Z,2024-12-09T23:00Z,137,108,low
2024-12-09T23:00Z,2024-12-09T23:30Z,115,103,low
2024-12-09T23:30Z,2024-12-10T00:00Z,101,107,low
2024-12-10T00:00Z,2024-12-10T00:30Z,104,110,moderate
2024-12-10T00:30Z,2024-12-10T01:00Z,103,112,moderate
2024-12-10T01:00Z,2024-12-10T01:30Z,104,107,low
2024-12-10T01:30Z,2024-12-10T02:00Z,111,107,low
2024-12-10T02:00Z,2024-12-10T02:30Z,105,105,low
2024-12-10T02:30Z,2024-12-10T03:00Z,107,102,low
2024-12-10T03:00Z,2024-12-10T03:30Z,101,102,low
2024-12-10T03:30Z,2024-12-10T04:00Z,94,105,low
2024-12-10T04:00Z,2024-12-10T04:30Z,97,106,low
2024-12-10T04:30Z,2024-12-10T05:00Z,106,132,moderate
2024-12-10T05:00Z,2024-12-10T05:30Z,113,152,moderate
2024-12-10T05:30Z,2024-12-10T06:00Z,140,200,high
2024-12-10T06:00Z,2024-12-10T06:30Z,171,215,high
2024-12-10T06:30Z,2024-12-10T07:00Z,204,224,high
2024-12-10T07:00Z,2024-12-10T07:30Z,213,227,high
2024-12-10T07:30Z,2024-12-10T08:00Z,224,224,high
2024-12-10T08:00Z,2024-12-10T08:30Z,221,224,high
2024-12-10T08:30Z,2024-12-10T09:00Z,224,211,high
2024-12-10T09:00Z,2024-12-10T09:30Z,225,213,high
2024-12-10T09:30Z,2024-12-10T10:00Z,218,209,high
2024-12-10T10:00Z,2024-12-10T10:30Z,216,210,high
2024-12-10T10:30Z,2024-12-10T11:00Z,210,212,high
2024-12-10T11:00Z,2024-12-10T11:30Z,209,213,high
2024-12-10T11:30Z,2024-12-10T12:00Z,211,215,high
2024-12-10T12:00Z,2024-12-10T12:30Z,210,214,high
2024-12-10T12:30Z,2024-12-10T13:00Z,213,212,high
2024-12-10T13:00Z,2024-12-10T13:30Z,211,215,high
2024-12-10T13:30Z,2024-12-10T14:00Z,213,215,high
2024-12-10T14:00Z,2024-12-10T14:30Z,214,216,high
2024-12-10T14:30Z,2024-12-10T15:00Z,218,218,high
2024-12-10T15:00Z,2024-12-10T15:30Z,214,220,high
2024-12-10T15:30Z,2024-12-10T16:00Z,214,214,high
2024-12-10T16:00Z,2024-12-10T16:30Z,218,219,high
2024-12-10T16:30Z,2024-12-10T17:00Z,210,219,high
2024-12-10T17:00Z,2024-12-10T17:30Z,212,222,high
2024-12-10T17:30Z,2024-12-10T18:00Z,209,223,high
2024-12-10T18:00Z,2024-12-10T18:30Z,213,223,high
2024-12-10T18:30Z,2024-12-10T19:00Z,216,223,high
2024-12-10T19:00Z,2024-12-10T19:30Z,221,225,high
2024-12-10T19:30Z,2024-12-10T20:00Z,223,226,high
2024-12-10T20:00Z,2024-12-10T20:30Z,224,228,high
2024-12-10T20:30Z,2024-12-10T21:00Z,223,239,high
2024-12-10T21:00Z,2024-12-10T21:30Z,217,241,high
2024-12-10T21:30Z,2024-12-10T22:00Z,232,244,high
2024-12-10T22:00Z,2024-12-10T22:30Z,232,242,high
2024-12-10T22:30Z,2024-12-10T23:00Z,233,245,high
2024-12-10T23:00Z,2024-12-10T23:30Z,235,246,high
2024-12-10T23:30Z,2024-12-11T00:00Z,234,248,high
2024-12-11T00:00Z,2024-12-11T00:30Z,244,250,high
2024-12-11T00:30Z,2024-12-11T01:00Z,247,249,high
2024-12-11T01:00Z,2024-12-11T01:30Z,245,247,high
2024-12-11T01:30Z,2024-12-11T02:00Z,248,248,high
2024-12-11T02:00Z,2024-12-11T02:30Z,247,249,high
2024-12-11T02:30Z,2024-12-11T03:00Z,247,249,high
2024-12-11T03:00Z,2024-12-11T03:30Z,246,248,high
2024-12-11T03:30Z,2024-12-11T04:00Z,247,251,high
2024-12-11T04:00Z,2024-12-11T04:30Z,247,251,high
2024-12-11T04:30Z,2024-12-11T05:00Z,259,259,high
2024-12-11T05:00Z,2024-12-11T05:30Z,255,264,high
2024-12-11T05:30Z,2024-12-11T06:00Z,270,266,high
2024-12-11T06:00Z,2024-12-11T06:30Z,269,274,very high
2024-12-11T06:30Z,2024-12-11T07:00Z,269,259,high
2024-12-11T07:00Z,2024-12-11T07:30Z,270,265,high
2024-12-11T07:30Z,2024-12-11T08:00Z,259,262,high
2024-12-11T08:00Z,2024-12-11T08:30Z,256,265,high
2024-12-11T08:30Z,2024-12-11T09:00Z,260,267,high
2024-12-11T09:00Z,2024-12-11T09:30Z,259,268,high
2024-12-11T09:30Z,2024-12-11T10:00Z,263,269,high
2024-12-11T10:00Z,2024-12-11T10:30Z,264,267,high
2024-12-11T10:30Z,2024-12-11T11:00Z,264,266,high
2024-12-11T11:00Z,2024-12-11T11:30Z,263,268,high
2024-12-11T11:30Z,2024-12-11T12:00Z,262,265,high
2024-12-11T12:00Z,2024-12-11T12:30Z,263,264,high
2024-12-11T12:30Z,2024-12-11T13:00Z,260,262,high
2024-12-11T13:00Z,2024-12-11T13:30Z,259,266,high
2024-12-11T13:30Z,2024-12-11T14:00Z,258,265,high
2024-12-11T14:00Z,2024-12-11T14:30Z,259,264,high
2024-12-11T14:30Z,2024-12-11T15:00Z,259,264,high
2024-12-11T15:00Z,2024-12-11T15:30Z,259,263,high
2024-12-11T15:30Z,2024-12-11T16:00Z,256,263,high
2024-12-11T16:00Z,2024-12-11T16:30Z,257,264,high
2024-12-11T16:30Z,2024-12-11T17:00Z,256,262,high
2024-12-11T17:00Z,2024-12-11T17:30Z,257,263,high
2024-12-11T17:30Z,2024-12-11T18:00Z,255,262,high
2024-12-11T18:00Z,2024-12-11T18:30Z,256,265,high
2024-12-11T18:30Z,2024-12-11T19:00Z,257,265,high
2024-12-11T19:00Z,2024-12-11T19:30Z,260,265,high
2024-12-11T19:30Z,2024-12-11T20:00Z,264,270,very high
2024-12-11T20:00Z,2024-12-11T20:30Z,260,269,high
2024-12-11T20:30Z,2024-12-11T21:00Z,265,271,very high
2024-12-11T21:00Z,2024-12-11T21:30Z,267,269,high
2024-12-11T21:30Z,2024-12-11T22:00Z,274,283,very high
2024-12-11T22:00Z,2024-12-11T22:30Z,264,282,very high
2024-12-11T22:30Z,2024-12-11T23:00Z,274,284,very high
2024-12-11T23:00Z,2024-12-11T23:30Z,278,284,very high
2024-12-11T23:30Z,2024-12-12T00:00Z,279,284,very high
2024-12-12T00:00Z,2024-12-12T00:30Z,282,284,very high
2024-12-12T00:30Z,2024-12-12T01:00Z,284,283,very high
2024-12-12T01:00Z,2024-12-12T01:30Z,286,284,very high
2024-12-12T01:30Z,2024-12-12T02:00Z,284,283,very high
2024-12-12T02:00Z,2024-12-12T02:30Z,284,284,very high
2024-12-12T02:30Z,2024-12-12T03:00Z,285,285,very high
2024-12-12T03:00Z,2024-12-12T03:30Z,283,285,very high
2024-12-12T03:30Z,2024-12-12T04:00Z,284,289,very high
2024-12-12T04:00Z,2024-12-12T04:30Z,285,292,very high
2024-12-12T04:30Z,2024-12-12T05:00Z,294,297,very high
2024-12-12T05:00Z,2024-12-12T05:30Z,296,297,very high
2024-12-12T05:30Z,2024-12-12T06:00Z,303,299,very high
2024-12-12T06:00Z,2024-12-12T06:30Z,307,303,very high
2024-12-12T06:30Z,2024-12-12T07:00Z,309,289,very high
2024-12-12T07:00Z,2024-12-12T07:30Z,307,289,very high
2024-12-12T07:30Z,2024-12-12T08:00Z,284,286,very high
2024-12-12T08:00Z,2024-12-12T08:30Z,283,286,very high
2024-12-12T08:30Z,2024-12-12T09:00Z,279,283,very high
2024-12-12T09:00Z,2024-12-12T09:30Z,275,283,very high
2024-12-12T09:30Z,2024-12-12T10:00Z,271,281,very high
2024-12-12T10:00Z,2024-12-12T10:30Z,274,276,very high
2024-12-12T10:30Z,2024-12-12T11:00Z,273,273,very high
2024-12-12T11:00Z,2024-12-12T11:30Z,270,273,very high
2024-12-12T11:30Z,2024-12-12T12:00Z,265,273,very high
2024-12-12T12:00Z,2024-12-12T12:30Z,270,273,very high
2024-12-12T12:30Z,2024-12-12T13:00Z,267,272,very high
2024-12-12T13:00Z,2024-12-12T13:30Z,269,274,very high
2024-12-12T13:30Z,2024-12-12T14:00Z,270,278,very high
2024-12-12T14:00Z,2024-12-12T14:30Z,262,276,very high
2024-12-12T14:30Z,2024-12-12T15:00Z,268,272,very high
2024-12-12T15:00Z,2024-12-12T15:30Z,268,272,very high
2024-12-12T15:30Z,2024-12-12T16:00Z,262,268,high
2024-12-12T16:00Z,2024-12-12T16:30Z,263,269,high
2024-12-12T16:30Z,2024-12-12T17:00Z,260,267,high
2024-12-12T17:00Z,2024-12-12T17:30Z,259,265,high
2024-12-12T17:30Z,2024-12-12T18:00Z,258,261,high
2024-12-12T18:00Z,2024-12-12T18:30Z,256,260,high
2024-12-12T18:30Z,2024-12-12T19:00Z,253,267,high
2024-12-12T19:00Z,2024-12-12T19:30Z,255,266,high
2024-12-12T19:30Z,2024-12-12T20:00Z,259,261,high
2024-12-12T20:00Z,2024-12-12T20:30Z,262,265,high
2024-12-12T20:30Z,2024-12-12T21:00Z,259,269,high
2024-12-12T21:00Z,2024-12-12T21:30Z,263,268,high
2024-12-12T21:30Z,2024-12-12T22:00Z,266,280,very high
2024-12-12T22:00Z,2024-12-12T22:30Z,262,279,very high
2024-12-12T22:30Z,2024-12-12T23:00Z,277,282,very high
2024-12-12T23:00Z,2024-12-12T23:30Z,277,283,very high
2024-12-12T23:30Z,2024-12-13T00:00Z,273,281,very high
2024-12-13T00:00Z,2024-12-13T00:30Z,282,279,very high
2024-12-13T00:30Z,2024-12-13T01:00Z,279,278,very high
2024-12-13T01:00Z,2024-12-13T01:30Z,277,278,very high
2024-12-13T01:30Z,2024-12-13T02:00Z,277,278,very high
2024-12-13T02:00Z,2024-12-13T02:30Z,279,275,very high
2024-12-13T02:30Z,2024-12-13T03:00Z,277,277,very high
2024-12-13T03:00Z,2024-12-13T03:30Z,276,278,very high
2024-12-13T03:30Z,2024-12-13T04:00Z,276,279,very high
2024-12-13T04:00Z,2024-12-13T04:30Z,277,280,very high
2024-12-13T04:30Z,2024-12-13T05:00Z,285,288,very high
2024-12-13T05:00Z,2024-12-13T05:30Z,288,293,very high
2024-12-13T05:30Z,2024-12-13T06:00Z,293,298,very high
2024-12-13T06:00Z,2024-12-13T06:30Z,295,303,very high
2024-12-13T06:30Z,2024-12-13T07:00Z,301,293,very high
2024-12-13T07:00Z,2024-12-13T07:30Z,299,291,very high
2024-12-13T07:30Z,2024-12-13T08:00Z,291,282,very high
2024-12-13T08:00Z,2024-12-13T08:30Z,287,282,very high
2024-12-13T08:30Z,2024-12-13T09:00Z,278,280,very high
2024-12-13T09:00Z,2024-12-13T09:30Z,275,281,very high
2024-12-13T09:30Z,2024-12-13T10:00Z,274,283,very high
2024-12-13T10:00Z,2024-12-13T10:30Z,275,277,very high
2024-12-13T10:30Z,2024-12-13T11:00Z,277,277,very high
2024-12-13T11:00Z,2024-12-13T11:30Z,270,277,very high
2024-12-13T11:30Z,2024-12-13T12:00Z,269,273,very high
2024-12-13T12:00Z,2024-12-13T12:30Z,270,271,very high
2024-12-13T12:30Z,2024-12-13T13:00Z,267,270,very high
2024-12-13T13:00Z,2024-12-13T13:30Z,265,273,very high
2024-12-13T13:30Z,2024-12-13T14:00Z,265,278,very high
2024-12-13T14:00Z,2024-12-13T14:30Z,269,278,very high
2024-12-13T14:30Z,2024-12-13T15:00Z,275,284,very high
2024-12-13T15:00Z,2024-12-13T15:30Z,272,276,very high
2024-12-13T15:30Z,2024-12-13T16:00Z,278,276,very high
2024-12-13T16:00Z,2024-12-13T16:30Z,270,273,very high
2024-12-13T16:30Z,2024-12-13T17:00Z,266,272,very high
2024-12-13T17:00Z,2024-12-13T17:30Z,265,270,very high
2024-12-13T17:30Z,2024-12-13T18:00Z,265,269,high
2024-12-13T18:00Z,2024-12-13T18:30Z,261,267,high
2024-12-13T18:30Z,2024-12-13T19:00Z,259,263,high
2024-12-13T19:00Z,2024-12-13T19:30Z,261,256,high
2024-12-13T19:30Z,2024-12-13T20:00Z,260,257,high
2024-12-13T20:00Z,2024-12-13T20:30Z,257,254,high
2024-12-13T20:30Z,2024-12-13T21:00Z,252,255,high
2024-12-13T21:00Z,2024-12-13T21:30Z,249,250,high
2024-12-13T21:30Z,2024-12-13T22:00Z,249,252,high
2024-12-13T22:00Z,2024-12-13T22:30Z,240,246,high
2024-12-13T22:30Z,2024-12-13T23:00Z,248,219,high
2024-12-13T23:00Z,2024-12-13T23:30Z,229,208,high
2024-12-13T23:30Z,2024-12-14T00:00Z,202,199,high
2024-12-14T00:00Z,2024-12-14T00:30Z,200,191,high
2024-12-14T00:30Z,2024-12-14T01:00Z,193,182,moderate
2024-12-14T01:00Z,2024-12-14T01:30Z,182,172,moderate
2024-12-14T01:30Z,2024-12-14T02:00Z,157,171,moderate
2024-12-14T02:00Z,2024-12-14T02:30Z,164,164,moderate
2024-12-14T02:30Z,2024-12-14T03:00Z,153,155,moderate
2024-12-14T03:00Z,2024-12-14T03:30Z,161,149,moderate
2024-12-14T03:30Z,2024-12-14T04:00Z,148,148,moderate
2024-12-14T04:00Z,2024-12-14T04:30Z,149,148,moderate
2024-12-14T04:30Z,2024-12-14T05:00Z,152,154,moderate
2024-12-14T05:00Z,2024-12-14T05:30Z,152,158,moderate
2024-12-14T05:30Z,2024-12-14T06:00Z,157,166,moderate
2024-12-14T06:00Z,2024-12-14T06:30Z,159,165,moderate
2024-12-14T06:30Z,2024-12-14T07:00Z,169,169,moderate
2024-12-14T07:00Z,2024-12-14T07:30Z,172,170,moderate
2024-12-14T07:30Z,2024-12-14T08:00Z,171,161,moderate
2024-12-14T08:00Z,2024-12-14T08:30Z,174,167,moderate
2024-12-14T08:30Z,2024-12-14T09:00Z,164,152,moderate
2024-12-14T09:00Z,2024-12-14T09:30Z,176,148,moderate
2024-12-14T09:30Z,2024-12-14T10:00Z,157,146,moderate
2024-12-14T10:00Z,2024-12-14T10:30Z,147,141,moderate
2024-12-14T10:30Z,2024-12-14T11:00Z,156,144,moderate
2024-12-14T11:00Z,2024-12-14T11:30Z,143,140,moderate
2024-12-14T11:30Z,2024-12-14T12:00Z,140,134,moderate
2024-12-14T12:00Z,2024-12-14T12:30Z,145,133,moderate
2024-12-14T12:30Z,2024-12-14T13:00Z,136,132,moderate
2024-12-14T13:00Z,2024-12-14T13:30Z,137,132,moderate
2024-12-14T13:30Z,2024-12-14T14:00Z,137,142,moderate
2024-12-14T14:00Z,2024-12-14T14:30Z,135,148,moderate
2024-12-14T14:30Z,2024-12-14T15:00Z,148,153,moderate
2024-12-14T15:00Z,2024-12-14T15:30Z,160,158,moderate
2024-12-14T15:30Z,2024-12-14T16:00Z,165,155,moderate
2024-12-14T16:00Z,2024-12-14T16:30Z,169,156,moderate
2024-12-14T16:30Z,2024-12-14T17:00Z,169,152,moderate
2024-12-14T17:00Z,2024-12-14T17:30Z,168,151,moderate
2024-12-14T17:30Z,2024-12-14T18:00Z,154,149,moderate
2024-12-14T18:00Z,2024-12-14T18:30Z,153,141,moderate
2024-12-14T18:30Z,2024-12-14T19:00Z,142,126,moderate
2024-12-14T19:00Z,2024-12-14T19:30Z,146,119,moderate
2024-12-14T19:30Z,2024-12-14T20:00Z,128,109,low
2024-12-14T20:00Z,2024-12-14T20:30Z,115,98,low
2024-12-14T20:30Z,2024-12-14T21:00Z,106,95,low
2024-12-14T21:00Z,2024-12-14T21:30Z,97,89,low
2024-12-14T21:30Z,2024-12-14T22:00Z,92,84,low
2024-12-14T22:00Z,2024-12-14T22:30Z,88,73,low
2024-12-14T22:30Z,2024-12-14T23:00Z,80,57,low
2024-12-14T23:00Z,2024-12-14T23:30Z,76,49,low
2024-12-14T23:30Z,2024-12-15T00:00Z,59,53,low
2024-12-15T00:00Z,2024-12-15T00:30Z,49,56,low
2024-12-15T00:30Z,2024-12-15T01:00Z,53,58,low
2024-12-15T01:00Z,2024-12-15T01:30Z,54,55,low
2024-12-15T01:30Z,2024-12-15T02:00Z,56,53,low
2024-12-15T02:00Z,2024-12-15T02:30Z,55,51,low
2024-12-15T02:30Z,2024-12-15T03:00Z,51,52,low
2024-12-15T03:00Z,2024-12-15T03:30Z,52,48,low
2024-12-15T03:30Z,2024-12-15T04:00Z,52,50,low
2024-12-15T04:00Z,2024-12-15T04:30Z,49,50,low
2024-12-15T04:30Z,2024-12-15T05:00Z,50,55,low
2024-12-15T05:00Z,2024-12-15T05:30Z,51,57,low
2024-12-15T05:30Z,2024-12-15T06:00Z,55,59,low
2024-12-15T06:00Z,2024-12-15T06:30Z,58,62,low
2024-12-15T06:30Z,2024-12-15T07:00Z,57,62,low
2024-12-15T07:00Z,2024-12-15T07:30Z,61,69,low
2024-12-15T07:30Z,2024-12-15T08:00Z,60,74,low
2024-12-15T08:00Z,2024-12-15T08:30Z,68,74,low
2024-12-15T08:30Z,2024-12-15T09:00Z,72,71,low
2024-12-15T09:00Z,2024-12-15T09:30Z,68,71,low
2024-12-15T09:30Z,2024-12-15T10:00Z,68,61,low
2024-12-15T10:00Z,2024-12-15T10:30Z,67,61,low
2024-12-15T10:30Z,2024-12-15T11:00Z,63,61,low
2024-12-15T11:00Z,2024-12-15T11:30Z,60,63,low
2024-12-15T11:30Z,2024-12-15T12:00Z,60,63,low
2024-12-15T12:00Z,2024-12-15T12:30Z,62,58,low
2024-12-15T12:30Z,2024-12-15T13:00Z,62,55,low
2024-12-15T13:00Z,2024-12-15T13:30Z,59,55,low
2024-12-15T13:30Z,2024-12-15T14:00Z,57,55,low
2024-12-15T14:00Z,2024-12-15T14:30Z,56,57,low
2024-12-15T14:30Z,2024-12-15T15:00Z,57,60,low
2024-12-15T15:00Z,2024-12-15T15:30Z,56,70,low
2024-12-15T15:30Z,2024-12-15T16:00Z,61,73,low
2024-12-15T16:00Z,2024-12-15T16:30Z,55,77,low
2024-12-15T16:30Z,2024-12-15T17:00Z,75,80,low
2024-12-15T17:00Z,2024-12-15T17:30Z,76,78,low
2024-12-15T17:30Z,2024-12-15T18:00Z,77,73,low
2024-12-15T18:00Z,2024-12-15T18:30Z,73,66,low
2024-12-15T18:30Z,2024-12-15T19:00Z,71,68,low
2024-12-15T19:00Z,2024-12-15T19:30Z,65,63,low
2024-12-15T19:30Z,2024-12-15T20:00Z,63,61,low
2024-12-15T20:00Z,2024-12-15T20:30Z,62,57,low
2024-12-15T20:30Z,2024-12-15T21:00Z,58,58,low
2024-12-15T21:00Z,2024-12-15T21:30Z,54,54,low
2024-12-15T21:30Z,2024-12-15T22:00Z,54,56,low
2024-12-15T22:00Z,2024-12-15T22:30Z,49,50,low
2024-12-15T22:30Z,2024-12-15T23:00Z,49,54,low
2024-12-15T23:00Z,2024-12-15T23:30Z,50,54,low
2024-12-15T23:30Z,2024-12-16T00:00Z,53,55,low
2024-12-16T00:00Z,2024-12-16T00:30Z,54,55,low
2024-12-16T00:30Z,2024-12-16T01:00Z,53,55,low
2024-12-16T01:00Z,2024-12-16T01:30Z,54,53,low
2024-12-16T01:30Z,2024-12-16T02:00Z,55,50,low
2024-12-16T02:00Z,2024-12-16T02:30Z,56,48,low
2024-12-16T02:30Z,2024-12-16T03:00Z,59,49,low
2024-12-16T03:00Z,2024-12-16T03:30Z,48,48,low
2024-12-16T03:30Z,2024-12-16T04:00Z,50,45,low
2024-12-16T04:00Z,2024-12-16T04:30Z,49,45,low
2024-12-16T04:30Z,2024-12-16T05:00Z,46,49,low
2024-12-16T05:00Z,2024-12-16T05:30Z,44,54,low
2024-12-16T05:30Z,2024-12-16T06:00Z,53,69,low
2024-12-16T06:00Z,2024-12-16T06:30Z,62,79,low
2024-12-16T06:30Z,2024-12-16T07:00Z,73,87,low
2024-12-16T07:00Z,2024-12-16T07:30Z,84,99,low
2024-12-16T07:30Z,2024-12-16T08:00Z,90,100,low
2024-12-16T08:00Z,2024-12-16T08:30Z,92,103,low
2024-12-16T08:30Z,2024-12-16T09:00Z,101,95,low
2024-12-16T09:00Z,2024-12-16T09:30Z,101,93,low
2024-12-16T09:30Z,2024-12-16T10:00Z,102,91,low
2024-12-16T10:00Z,2024-12-16T10:30Z,95,84,low
2024-12-16T10:30Z,2024-12-16T11:00Z,96,78,low
2024-12-16T11:00Z,2024-12-16T11:30Z,88,70,low
2024-12-16T11:30Z,2024-12-16T12:00Z,81,72,low
2024-12-16T12:00Z,2024-12-16T12:30Z,75,73,low
2024-12-16T12:30Z,2024-12-16T13:00Z,75,81,low
2024-12-16T13:00Z,2024-12-16T13:30Z,77,86,low
2024-12-16T13:30Z,2024-12-16T14:00Z,81,90,low
2024-12-16T14:00Z,2024-12-16T14:30Z,90,98,low
2024-12-16T14:30Z,2024-12-16T15:00Z,92,110,moderate
2024-12-16T15:00Z,2024-12-16T15:30Z,107,115,moderate
2024-12-16T15:30Z,2024-12-16T16:00Z,118,117,moderate
2024-12-16T16:00Z,2024-12-16T16:30Z,130,119,moderate
2024-12-16T16:30Z,2024-12-16T17:00Z,120,117,moderate
2024-12-16T17:00Z,2024-12-16T17:30Z,119,116,moderate
2024-12-16T17:30Z,2024-12-16T18:00Z,119,116,moderate
2024-12-16T18:00Z,2024-12-16T18:30Z,118,116,moderate
2024-12-16T18:30Z,2024-12-16T19:00Z,117,112,moderate
2024-12-16T19:00Z,2024-12-16T19:30Z,118,107,low
2024-12-16T19:30Z,2024-12-16T20:00Z,118,103,low
2024-12-16T20:00Z,2024-12-16T20:30Z,108,99,low
2024-12-16T20:30Z,2024-12-16T21:00Z,99,90,low
2024-12-16T21:00Z,2024-12-16T21:30Z,101,82,low
2024-12-16T21:30Z,2024-12-16T22:00Z,103,71,low
2024-12-16T22:00Z,2024-12-16T22:30Z,105,58,low
2024-12-16T22:30Z,2024-12-16T23:00Z,75,47,low
2024-12-16T23:00Z,2024-12-16T23:30Z,64,44,low
2024-12-16T23:30Z,2024-12-17T00:00Z,52,45,low
2024-12-17T00:00Z,2024-12-17T00:30Z,50,47,low
2024-12-17T00:30Z,2024-12-17T01:00Z,47,48,low
2024-12-17T01:00Z,2024-12-17T01:30Z,50,48,low
2024-12-17T01:30Z,2024-12-17T02:00Z,52,50,low
2024-12-17T02:00Z,2024-12-17T02:30Z,52,51,low
2024-12-17T02:30Z,2024-12-17T03:00Z,51,53,low
2024-12-17T03:00Z,2024-12-17T03:30Z,56,57,low
2024-12-17T03:30Z,2024-12-17T04:00Z,58,61,low
2024-12-17T04:00Z,2024-12-17T04:30Z,60,67,low
2024-12-17T04:30Z,2024-12-17T05:00Z,63,80,low
2024-12-17T05:00Z,2024-12-17T05:30Z,70,91,low
2024-12-17T05:30Z,2024-12-17T06:00Z,80,133,moderate
2024-12-17T06:00Z,2024-12-17T06:30Z,98,153,moderate
2024-12-17T06:30Z,2024-12-17T07:00Z,149,165,moderate
2024-12-17T07:00Z,2024-12-17T07:30Z,169,167,moderate
2024-12-17T07:30Z,2024-12-17T08:00Z,180,164,moderate
2024-12-17T08:00Z,2024-12-17T08:30Z,182,164,moderate
2024-12-17T08:30Z,2024-12-17T09:00Z,173,159,moderate
2024-12-17T09:00Z,2024-12-17T09:30Z,170,155,moderate
2024-12-17T09:30Z,2024-12-17T10:00Z,164,152,moderate
2024-12-17T10:00Z,2024-12-17T10:30Z,161,151,moderate
2024-12-17T10:30Z,2024-12-17T11:00Z,157,158,moderate
2024-12-17T11:00Z,2024-12-17T11:30Z,154,154,moderate
2024-12-17T11:30Z,2024-12-17T12:00Z,154,151,moderate
2024-12-17T12:00Z,2024-12-17T12:30Z,149,146,moderate
2024-12-17T12:30Z,2024-12-17T13:00Z,149,148,moderate
2024-12-17T13:00Z,2024-12-17T13:30Z,141,147,moderate
2024-12-17T13:30Z,2024-12-17T14:00Z,141,151,moderate
2024-12-17T14:00Z,2024-12-17T14:30Z,143,150,moderate
2024-12-17T14:30Z,2024-12-17T15:00Z,151,145,moderate
2024-12-17T15:00Z,2024-12-17T15:30Z,151,144,moderate
2024-12-17T15:30Z,2024-12-17T16:00Z,155,141,moderate
2024-12-17T16:00Z,2024-12-17T16:30Z,155,143,moderate
2024-12-17T16:30Z,2024-12-17T17:00Z,147,142,moderate
2024-12-17T17:00Z,2024-12-17T17:30Z,143,138,moderate
2024-12-17T17:30Z,2024-12-17T18:00Z,141,127,moderate
2024-12-17T18:00Z,2024-12-17T18:30Z,136,116,moderate
2024-12-17T18:30Z,2024-12-17T19:00Z,122,108,low
2024-12-17T19:00Z,2024-12-17T19:30Z,108,100,low
2024-12-17T19:30Z,2024-12-17T20:00Z,108,97,low
2024-12-17T20:00Z,2024-12-17T20:30Z,101,90,low
2024-12-17T20:30Z,2024-12-17T21:00Z,96,84,low
2024-12-17T21:00Z,2024-12-17T21:30Z,89,76,low
2024-12-17T21:30Z,2024-12-17T22:00Z,81,76,low
2024-12-17T22:00Z,2024-12-17T22:30Z,75,71,low
2024-12-17T22:30Z,2024-12-17T23:00Z,74,67,low
2024-12-17T23:00Z,2024-12-17T23:30Z,64,61,low
2024-12-17T23:30Z,2024-12-18T00:00Z,65,65,low
2024-12-18T00:00Z,2024-12-18T00:30Z,61,68,low
2024-12-18T00:30Z,2024-12-18T01:00Z,65,63,low
2024-12-18T01:00Z,2024-12-18T01:30Z,65,65,low
2024-12-18T01:30Z,2024-12-18T02:00Z,63,65,low
2024-12-18T02:00Z,2024-12-18T02:30Z,63,62,low
2024-12-18T02:30Z,2024-12-18T03:00Z,62,53,low
2024-12-18T03:00Z,2024-12-18T03:30Z,61,49,low
2024-12-18T03:30Z,2024-12-18T04:00Z,54,47,low
2024-12-18T04:00Z,2024-12-18T04:30Z,52,49,low
2024-12-18T04:30Z,2024-12-18T05:00Z,48,52,low
2024-12-18T05:00Z,2024-12-18T05:30Z,48,57,low
2024-12-18T05:30Z,2024-12-18T06:00Z,52,59,low
2024-12-18T06:00Z,2024-12-18T06:30Z,61,68,low
2024-12-18T06:30Z,2024-12-18T07:00Z,59,63,low
2024-12-18T07:00Z,2024-12-18T07:30Z,65,69,low
2024-12-18T07:30Z,2024-12-18T08:00Z,60,65,low
2024-12-18T08:00Z,2024-12-18T08:30Z,62,64,low
2024-12-18T08:30Z,2024-12-18T09:00Z,58,61,low
2024-12-18T09:00Z,2024-12-18T09:30Z,59,59,low
2024-12-18T09:30Z,2024-12-18T10:00Z,59,59,low
2024-12-18T10:00Z,2024-12-18T10:30Z,59,57,low
2024-12-18T10:30Z,2024-12-18T11:00Z,56,59,low
2024-12-18T11:00Z,2024-12-18T11:30Z,54,58,low
2024-12-18T11:30Z,2024-12-18T12:00Z,58,61,low
2024-12-18T12:00Z,2024-12-18T12:30Z,59,62,low
2024-12-18T12:30Z,2024-12-18T13:00Z,61,67,low
2024-12-18T13:00Z,2024-12-18T13:30Z,61,72,low
2024-12-18T13:30Z,2024-12-18T14:00Z,66,76,low
2024-12-18T14:00Z,2024-12-18T14:30Z,75,78,low
2024-12-18T14:30Z,2024-12-18T15:00Z,82,90,low
2024-12-18T15:00Z,2024-12-18T15:30Z,75,106,low
2024-12-18T15:30Z,2024-12-18T16:00Z,90,125,moderate
2024-12-18T16:00Z,2024-12-18T16:30Z,121,134,moderate
2024-12-18T16:30Z,2024-12-18T17:00Z,131,135,moderate
2024-12-18T17:00Z,2024-12-18T17:30Z,128,134,moderate
2024-12-18T17:30Z,2024-12-18T18:00Z,142,131,moderate
2024-12-18T18:00Z,2024-12-18T18:30Z,138,133,moderate
2024-12-18T18:30Z,2024-12-18T19:00Z,139,137,moderate
2024-12-18T19:00Z,2024-12-18T19:30Z,135,139,moderate
2024-12-18T19:30Z,2024-12-18T20:00Z,140,139,moderate
2024-12-18T20:00Z,2024-12-18T20:30Z,142,133,moderate
2024-12-18T20:30Z,2024-12-18T21:00Z,143,121,moderate
2024-12-18T21:00Z,2024-12-18T21:30Z,138,110,moderate
2024-12-18T21:30Z,2024-12-18T22:00Z,108,87,low
2024-12-18T22:00Z,2024-12-18T22:30Z,90,67,low
2024-12-18T22:30Z,2024-12-18T23:00Z,71,65,low
2024-12-18T23:00Z,2024-12-18T23:30Z,60,54,low
2024-12-18T23:30Z,2024-12-19T00:00Z,60,50,low
2024-12-19T00:00Z,2024-12-19T00:30Z,50,49,low
2024-12-19T00:30Z,2024-12-19T01:00Z,46,48,low
2024-12-19T01:00Z,2024-12-19T01:30Z,46,46,low
2024-12-19T01:30Z,2024-12-19T02:00Z,43,46,low
2024-12-19T02:00Z,2024-12-19T02:30Z,42,44,low
2024-12-19T02:30Z,2024-12-19T03:00Z,43,46,low
2024-12-19T03:00Z,2024-12-19T03:30Z,42,44,low
2024-12-19T03:30Z,2024-12-19T04:00Z,41,48,low
2024-12-19T04:00Z,2024-12-19T04:30Z,42,47,low
2024-12-19T04:30Z,2024-12-19T05:00Z,43,46,low
2024-12-19T05:00Z,2024-12-19T05:30Z,47,56,low
2024-12-19T05:30Z,2024-12-19T06:00Z,44,55,low
2024-12-19T06:00Z,2024-12-19T06:30Z,60,61,low
2024-12-19T06:30Z,2024-12-19T07:00Z,60,60,low
2024-12-19T07:00Z,2024-12-19T07:30Z,62,64,low
2024-12-19T07:30Z,2024-12-19T08:00Z,59,66,low
2024-12-19T08:00Z,2024-12-19T08:30Z,56,69,low
2024-12-19T08:30Z,2024-12-19T09:00Z,65,70,low
2024-12-19T09:00Z,2024-12-19T09:30Z,64,65,low
2024-12-19T09:30Z,2024-12-19T10:00Z,65,61,low
2024-12-19T10:00Z,2024-12-19T10:30Z,65,58,low
2024-12-19T10:30Z,2024-12-19T11:00Z,59,57,low
2024-12-19T11:00Z,2024-12-19T11:30Z,59,55,low
2024-12-19T11:30Z,2024-12-19T12:00Z,58,50,low
2024-12-19T12:00Z,2024-12-19T12:30Z,57,51,low
2024-12-19T12:30Z,2024-12-19T13:00Z,53,53,low
2024-12-19T13:00Z,2024-12-19T13:30Z,54,55,low
2024-12-19T13:30Z,2024-12-19T14:00Z,56,59,low
2024-12-19T14:00Z,2024-12-19T14:30Z,56,67,low
2024-12-19T14:30Z,2024-12-19T15:00Z,60,77,low
2024-12-19T15:00Z,2024-12-19T15:30Z,72,89,low
2024-12-19T15:30Z,2024-12-19T16:00Z,90,97,low
2024-12-19T16:00Z,2024-12-19T16:30Z,100,102,low
2024-12-19T16:30Z,2024-12-19T17:00Z,100,104,low
2024-12-19T17:00Z,2024-12-19T17:30Z,104,101,low
2024-12-19T17:30Z,2024-12-19T18:00Z,106,100,low
2024-12-19T18:00Z,2024-12-19T18:30Z,106,103,low
2024-12-19T18:30Z,2024-12-19T19:00Z,102,104,low
2024-12-19T19:00Z,2024-12-19T19:30Z,107,97,low
2024-12-19T19:30Z,2024-12-19T20:00Z,108,95,low
2024-12-19T20:00Z,2024-12-19T20:30Z,102,88,low
2024-12-19T20:30Z,2024-12-19T21:00Z,94,83,low
2024-12-19T21:00Z,2024-12-19T21:30Z,92,77,low
2024-12-19T21:30Z,2024-12-19T22:00Z,78,65,low
2024-12-19T22:00Z,2024-12-19T22:30Z,75,48,low
2024-12-19T22:30Z,2024-12-19T23:00Z,62,42,low
2024-12-19T23:00Z,2024-12-19T23:30Z,43,39,low
2024-12-19T23:30Z,2024-12-20T00:00Z,40,39,low
2024-12-20T00:00Z,2024-12-20T00:30Z,39,40,low
2024-12-20T00:30Z,2024-12-20T01:00Z,38,40,low
2024-12-20T01:00Z,2024-12-20T01:30Z,38,39,low
2024-12-20T01:30Z,2024-12-20T02:00Z,39,40,low
2024-12-20T02:00Z,2024-12-20T02:30Z,37,39,low
2024-12-20T02:30Z,2024-12-20T03:00Z,40,39,low
2024-12-20T03:00Z,2024-12-20T03:30Z,42,41,low
2024-12-20T03:30Z,2024-12-20T04:00Z,38,48,low
2024-12-20T04:00Z,2024-12-20T04:30Z,45,53,low
2024-12-20T04:30Z,2024-12-20T05:00Z,41,65,low
2024-12-20T05:00Z,2024-12-20T05:30Z,47,76,low
2024-12-20T05:30Z,2024-12-20T06:00Z,60,88,low
2024-12-20T06:00Z,2024-12-20T06:30Z,69,101,low
2024-12-20T06:30Z,2024-12-20T07:00Z,95,106,low
2024-12-20T07:00Z,2024-12-20T07:30Z,110,108,low
2024-12-20T07:30Z,2024-12-20T08:00Z,112,108,low
2024-12-20T08:00Z,2024-12-20T08:30Z,79,110,moderate
2024-12-20T08:30Z,2024-12-20T09:00Z,111,106,low
2024-12-20T09:00Z,2024-12-20T09:30Z,96,100,low
2024-12-20T09:30Z,2024-12-20T10:00Z,99,90,low
2024-12-20T10:00Z,2024-12-20T10:30Z,96,87,low
2024-12-20T10:30Z,2024-12-20T11:00Z,87,80,low
2024-12-20T11:00Z,2024-12-20T11:30Z,82,75,low
2024-12-20T11:30Z,2024-12-20T12:00Z,77,73,low
2024-12-20T12:00Z,2024-12-20T12:30Z,74,73,low
2024-12-20T12:30Z,2024-12-20T13:00Z,70,74,low
2024-12-20T13:00Z,2024-12-20T13:30Z,68,73,low
2024-12-20T13:30Z,2024-12-20T14:00Z,70,73,low
2024-12-20T14:00Z,2024-12-20T14:30Z,68,75,low
2024-12-20T14:30Z,2024-12-20T15:00Z,70,79,low
2024-12-20T15:00Z,2024-12-20T15:30Z,77,81,low
2024-12-20T15:30Z,2024-12-20T16:00Z,93,90,low
2024-12-20T16:00Z,2024-12-20T16:30Z,95,92,low
2024-12-20T16:30Z,2024-12-20T17:00Z,91,90,low
2024-12-20T17:00Z,2024-12-20T17:30Z,94,88,low
2024-12-20T17:30Z,2024-12-20T18:00Z,93,90,low
2024-12-20T18:00Z,2024-12-20T18:30Z,88,88,low
2024-12-20T18:30Z,2024-12-20T19:00Z,88,80,low
2024-12-20T19:00Z,2024-12-20T19:30Z,81,78,low
2024-12-20T19:30Z,2024-12-20T20:00Z,80,69,low
2024-12-20T20:00Z,2024-12-20T20:30Z,74,63,low
2024-12-20T20:30Z,2024-12-20T21:00Z,69,64,low
2024-12-20T21:00Z,2024-12-20T21:30Z,59,55,low
2024-12-20T21:30Z,2024-12-20T22:00Z,54,52,low
2024-12-20T22:00Z,2024-12-20T22:30Z,50,47,low
2024-12-20T22:30Z,2024-12-20T23:00Z,42,46,low
2024-12-20T23:00Z,2024-12-20T23:30Z,37,47,low
2024-12-20T23:30Z,2024-12-21T00:00Z,36,50,low
2024-12-21T00:00Z,2024-12-21T00:30Z,39,55,low
2024-12-21T00:30Z,2024-12-21T01:00Z,40,63,low
2024-12-21T01:00Z,2024-12-21T01:30Z,43,64,low
2024-12-21T01:30Z,2024-12-21T02:00Z,50,69,low
2024-12-21T02:00Z,2024-12-21T02:30Z,53,67,low
2024-12-21T02:30Z,2024-12-21T03:00Z,61,66,low
2024-12-21T03:00Z,2024-12-21T03:30Z,59,65,low
2024-12-21T03:30Z,2024-12-21T04:00Z,63,66,low
2024-12-21T04:00Z,2024-12-21T04:30Z,63,65,low
2024-12-21T04:30Z,2024-12-21T05:00Z,66,64,low
2024-12-21T05:00Z,2024-12-21T05:30Z,67,64,low
2024-12-21T05:30Z,2024-12-21T06:00Z,66,63,low
2024-12-21T06:00Z,2024-12-21T06:30Z,72,69,low
2024-12-21T06:30Z,2024-12-21T07:00Z,78,67,low
2024-12-21T07:00Z,2024-12-21T07:30Z,70,68,low
2024-12-21T07:30Z,2024-12-21T08:00Z,72,63,low
2024-12-21T08:00Z,2024-12-21T08:30Z,63,67,low
2024-12-21T08:30Z,2024-12-21T09:00Z,55,67,low
2024-12-21T09:00Z,2024-12-21T09:30Z,56,65,low
2024-12-21T09:30Z,2024-12-21T10:00Z,61,62,low
2024-12-21T10:00Z,2024-12-21T10:30Z,60,60,low
2024-12-21T10:30Z,2024-12-21T11:00Z,61,61,low
2024-12-21T11:00Z,2024-12-21T11:30Z,57,57,low
2024-12-21T11:30Z,2024-12-21T12:00Z,53,53,low
2024-12-21T12:00Z,2024-12-21T12:30Z,54,51,low
2024-12-21T12:30Z,2024-12-21T13:00Z,49,51,low
2024-12-21T13:00Z,2024-12-21T13:30Z,45,52,low
2024-12-21T13:30Z,2024-12-21T14:00Z,45,50,low
2024-12-21T14:00Z,2024-12-21T14:30Z,50,53,low
2024-12-21T14:30Z,2024-12-21T15:00Z,47,53,low
2024-12-21T15:00Z,2024-12-21T15:30Z,53,56,low
2024-12-21T15:30Z,2024-12-21T16:00Z,51,60,low
2024-12-21T16:00Z,2024-12-21T16:30Z,54,63,low
2024-12-21T16:30Z,2024-12-21T17:00Z,53,56,low
2024-12-21T17:00Z,2024-12-21T17:30Z,60,53,low
2024-12-21T17:30Z,2024-12-21T18:00Z,58,52,low
2024-12-21T18:00Z,2024-12-21T18:30Z,52,50,low
2024-12-21T18:30Z,2024-12-21T19:00Z,48,55,low
2024-12-21T19:00Z,2024-12-21T19:30Z,48,55,low
2024-12-21T19:30Z,2024-12-21T20:00Z,52,55,low
2024-12-21T20:00Z,2024-12-21T20:30Z,49,52,low
2024-12-21T20:30Z,2024-12-21T21:00Z,51,58,low
2024-12-21T21:00Z,2024-12-21T21:30Z,50,55,low
2024-12-21T21:30Z,2024-12-21T22:00Z,54,56,low
2024-12-21T22:00Z,2024-12-21T22:30Z,51,52,low
2024-12-21T22:30Z,2024-12-21T23:00Z,49,53,low
2024-12-21T23:00Z,2024-12-21T23:30Z,48,54,low
2024-12-21T23:30Z,2024-12-22T00:00Z,49,56,low
2024-12-22T00:00Z,2024-12-22T00:30Z,50,55,low
2024-12-22T00:30Z,2024-12-22T01:00Z,53,50,low
2024-12-22T01:00Z,2024-12-22T01:30Z,51,49,low
2024-12-22T01:30Z,2024-12-22T02:00Z,47,55,low
2024-12-22T02:00Z,2024-12-22T02:30Z,47,53,low
2024-12-22T02:30Z,2024-12-22T03:00Z,52,52,low
2024-12-22T03:00Z,2024-12-22T03:30Z,50,48,low
2024-12-22T03:30Z,2024-12-22T04:00Z,50,48,low
2024-12-22T04:00Z,2024-12-22T04:30Z,51,47,low
2024-12-22T04:30Z,2024-12-22T05:00Z,46,47,low
2024-12-22T05:00Z,2024-12-22T05:30Z,46,48,low
2024-12-22T05:30Z,2024-12-22T06:00Z,51,50,low
2024-12-22T06:00Z,2024-12-22T06:30Z,49,52,low
2024-12-22T06:30Z,2024-12-22T07:00Z,49,53,low
2024-12-22T07:00Z,2024-12-22T07:30Z,48,59,low
2024-12-22T07:30Z,2024-12-22T08:00Z,54,60,low
2024-12-22T08:00Z,2024-12-22T08:30Z,54,61,low
2024-12-22T08:30Z,2024-12-22T09:00Z,58,49,low
2024-12-22T09:00Z,2024-12-22T09:30Z,56,49,low
2024-12-22T09:30Z,2024-12-22T10:00Z,47,44,low
2024-12-22T10:00Z,2024-12-22T10:30Z,47,43,low
2024-12-22T10:30Z,2024-12-22T11:00Z,47,42,low
2024-12-22T11:00Z,2024-12-22T11:30Z,46,45,low
2024-12-22T11:30Z,2024-12-22T12:00Z,44,40,low
2024-12-22T12:00Z,2024-12-22T12:30Z,43,43,low
2024-12-22T12:30Z,2024-12-22T13:00Z,41,42,low
2024-12-22T13:00Z,2024-12-22T13:30Z,42,43,low
2024-12-22T13:30Z,2024-12-22T14:00Z,42,49,low
2024-12-22T14:00Z,2024-12-22T14:30Z,43,50,low
2024-12-22T14:30Z,2024-12-22T15:00Z,48,49,low
2024-12-22T15:00Z,2024-12-22T15:30Z,53,53,low
2024-12-22T15:30Z,2024-12-22T16:00Z,49,58,low
2024-12-22T16:00Z,2024-12-22T16:30Z,44,59,low
2024-12-22T16:30Z,2024-12-22T17:00Z,51,59,low
2024-12-22T17:00Z,2024-12-22T17:30Z,56,60,low
2024-12-22T17:30Z,2024-12-22T18:00Z,55,58,low
2024-12-22T18:00Z,2024-12-22T18:30Z,57,55,low
2024-12-22T18:30Z,2024-12-22T19:00Z,59,67,low
2024-12-22T19:00Z,2024-12-22T19:30Z,54,61,low
2024-12-22T19:30Z,2024-12-22T20:00Z,65,52,low
2024-12-22T20:00Z,2024-12-22T20:30Z,66,48,low
2024-12-22T20:30Z,2024-12-22T21:00Z,58,50,low
2024-12-22T21:00Z,2024-12-22T21:30Z,56,49,low
2024-12-22T21:30Z,2024-12-22T22:00Z,55,48,low
2024-12-22T22:00Z,2024-12-22T22:30Z,51,45,low
2024-12-22T22:30Z,2024-12-22T23:00Z,49,47,low
2024-12-22T23:00Z,2024-12-22T23:30Z,46,43,low
2024-12-22T23:30Z,2024-12-23T00:00Z,47,37,low
2024-12-23T00:00Z,2024-12-23T00:30Z,44,32,very low
2024-12-23T00:30Z,2024-12-23T01:00Z,37,33,very low
2024-12-23T01:00Z,2024-12-23T01:30Z,38,33,very low
2024-12-23T01:30Z,2024-12-23T02:00Z,35,32,very low
2024-12-23T02:00Z,2024-12-23T02:30Z,34,33,very low
2024-12-23T02:30Z,2024-12-23T03:00Z,34,32,very low
2024-12-23T03:00Z,2024-12-23T03:30Z,34,33,very low
2024-12-23T03:30Z,2024-12-23T04:00Z,35,34,very low
2024-12-23T04:00Z,2024-12-23T04:30Z,35,35,low
2024-12-23T04:30Z,2024-12-23T05:00Z,35,38,low
2024-12-23T05:00Z,2024-12-23T05:30Z,36,42,low
2024-12-23T05:30Z,2024-12-23T06:00Z,43,47,low
2024-12-23T06:00Z,2024-12-23T06:30Z,52,56,low
2024-12-23T06:30Z,2024-12-23T07:00Z,60,70,low
2024-12-23T07:00Z,2024-12-23T07:30Z,63,79,low
2024-12-23T07:30Z,2024-12-23T08:00Z,94,91,low
2024-12-23T08:00Z,2024-12-23T08:30Z,92,107,low
2024-12-23T08:30Z,2024-12-23T09:00Z,98,117,moderate
2024-12-23T09:00Z,2024-12-23T09:30Z,108,125,moderate
2024-12-23T09:30Z,2024-12-23T10:00Z,126,128,moderate
2024-12-23T10:00Z,2024-12-23T10:30Z,134,130,moderate
2024-12-23T10:30Z,2024-12-23T11:00Z,135,135,moderate
2024-12-23T11:00Z,2024-12-23T11:30Z,137,135,moderate
2024-12-23T11:30Z,2024-12-23T12:00Z,140,136,moderate
2024-12-23T12:00Z,2024-12-23T12:30Z,144,144,moderate
2024-12-23T12:30Z,2024-12-23T13:00Z,154,148,moderate
2024-12-23T13:00Z,2024-12-23T13:30Z,156,144,moderate
2024-12-23T13:30Z,2024-12-23T14:00Z,153,141,moderate
2024-12-23T14:00Z,2024-12-23T14:30Z,153,148,moderate
2024-12-23T14:30Z,2024-12-23T15:00Z,149,152,moderate
2024-12-23T15:00Z,2024-12-23T15:30Z,152,152,moderate
2024-12-23T15:30Z,2024-12-23T16:00Z,159,151,moderate
2024-12-23T16:00Z,2024-12-23T16:30Z,161,152,moderate
2024-12-23T16:30Z,2024-12-23T17:00Z,157,155,moderate
2024-12-23T17:00Z,2024-12-23T17:30Z,159,155,moderate
2024-12-23T17:30Z,2024-12-23T18:00Z,166,155,moderate
2024-12-23T18:00Z,2024-12-23T18:30Z,162,151,moderate
2024-12-23T18:30Z,2024-12-23T19:00Z,160,147,moderate
2024-12-23T19:00Z,2024-12-23T19:30Z,154,144,moderate
2024-12-23T19:30Z,2024-12-23T20:00Z,148,146,moderate
2024-12-23T20:00Z,2024-12-23T20:30Z,148,140,moderate
2024-12-23T20:30Z,2024-12-23T21:00Z,140,138,moderate
2024-12-23T21:00Z,2024-12-23T21:30Z,147,126,moderate
2024-12-23T21:30Z,2024-12-23T22:00Z,142,101,low
2024-12-23T22:00Z,2024-12-23T22:30Z,136,83,low
2024-12-23T22:30Z,2024-12-23T23:00Z,102,71,low
2024-12-23T23:00Z,2024-12-23T23:30Z,78,67,low
2024-12-23T23:30Z,2024-12-24T00:00Z,69,68,low
2024-12-24T00:00Z,2024-12-24T00:30Z,63,64,low
2024-12-24T00:30Z,2024-12-24T01:00Z,67,64,low
2024-12-24T01:00Z,2024-12-24T01:30Z,65,68,low
2024-12-24T01:30Z,2024-12-24T02:00Z,64,68,low
2024-12-24T02:00Z,2024-12-24T02:30Z,66,68,low
2024-12-24T02:30Z,2024-12-24T03:00Z,68,71,low
2024-12-24T03:00Z,2024-12-24T03:30Z,70,72,low
2024-12-24T03:30Z,2024-12-24T04:00Z,69,73,low
2024-12-24T04:00Z,2024-12-24T04:30Z,75,70,low
2024-12-24T04:30Z,2024-12-24T05:00Z,75,75,low
2024-12-24T05:00Z,2024-12-24T05:30Z,80,76,low
2024-12-24T05:30Z,2024-12-24T06:00Z,76,82,low
2024-12-24T06:00Z,2024-12-24T06:30Z,77,89,low
2024-12-24T06:30Z,2024-12-24T07:00Z,83,97,low
2024-12-24T07:00Z,2024-12-24T07:30Z,87,100,low
2024-12-24T07:30Z,2024-12-24T08:00Z,98,82,low
2024-12-24T08:00Z,2024-12-24T08:30Z,101,88,low
2024-12-24T08:30Z,2024-12-24T09:00Z,84,81,low
2024-12-24T09:00Z,2024-12-24T09:30Z,83,86,low
2024-12-24T09:30Z,2024-12-24T10:00Z,79,89,low
2024-12-24T10:00Z,2024-12-24T10:30Z,85,88,low
2024-12-24T10:30Z,2024-12-24T11:00Z,90,90,low
2024-12-24T11:00Z,2024-12-24T11:30Z,92,91,low
2024-12-24T11:30Z,2024-12-24T12:00Z,93,94,low
2024-12-24T12:00Z,2024-12-24T12:30Z,96,93,low
2024-12-24T12:30Z,2024-12-24T13:00Z,99,87,low
2024-12-24T13:00Z,2024-12-24T13:30Z,101,88,low
2024-12-24T13:30Z,2024-12-24T14:00Z,94,86,low
2024-12-24T14:00Z,2024-12-24T14:30Z,94,94,low
2024-12-24T14:30Z,2024-12-24T15:00Z,92,109,low
2024-12-24T15:00Z,2024-12-24T15:30Z,102,115,moderate
2024-12-24T15:30Z,2024-12-24T16:00Z,113,116,moderate
2024-12-24T16:00Z,2024-12-24T16:30Z,114,120,moderate
2024-12-24T16:30Z,2024-12-24T17:00Z,122,112,moderate
2024-12-24T17:00Z,2024-12-24T17:30Z,110,111,moderate
2024-12-24T17:30Z,2024-12-24T18:00Z,108,109,low
2024-12-24T18:00Z,2024-12-24T18:30Z,105,102,low
2024-12-24T18:30Z,2024-12-24T19:00Z,103,97,low
2024-12-24T19:00Z,2024-12-24T19:30Z,97,91,low
2024-12-24T19:30Z,2024-12-24T20:00Z,100,81,low
2024-12-24T20:00Z,2024-12-24T20:30Z,91,74,low
2024-12-24T20:30Z,2024-12-24T21:00Z,82,69,low
2024-12-24T21:00Z,2024-12-24T21:30Z,79,65,low
2024-12-24T21:30Z,2024-12-24T22:00Z,74,67,low
2024-12-24T22:00Z,2024-12-24T22:30Z,65,67,low
2024-12-24T22:30Z,2024-12-24T23:00Z,66,72,low
2024-12-24T23:00Z,2024-12-24T23:30Z,67,74,low
2024-12-24T23:30Z,2024-12-25T00:00Z,73,80,low
2024-12-25T00:00Z,2024-12-25T00:30Z,76,88,low
2024-12-25T00:30Z,2024-12-25T01:00Z,84,81,low
2024-12-25T01:00Z,2024-12-25T01:30Z,88,74,low
2024-12-25T01:30Z,2024-12-25T02:00Z,83,79,low
2024-12-25T02:00Z,2024-12-25T02:30Z,78,81,low
2024-12-25T02:30Z,2024-12-25T03:00Z,84,88,low
2024-12-25T03:00Z,2024-12-25T03:30Z,82,91,low
2024-12-25T03:30Z,2024-12-25T04:00Z,91,95,low
2024-12-25T04:00Z,2024-12-25T04:30Z,92,95,low
2024-12-25T04:30Z,2024-12-25T05:00Z,93,95,low
2024-12-25T05:00Z,2024-12-25T05:30Z,96,93,low
2024-12-25T05:30Z,2024-12-25T06:00Z,103,93,low
2024-12-25T06:00Z,2024-12-25T06:30Z,101,98,low
2024-12-25T06:30Z,2024-12-25T07:00Z,96,96,low
2024-12-25T07:00Z,2024-12-25T07:30Z,103,95,low
2024-12-25T07:30Z,2024-12-25T08:00Z,106,90,low
2024-12-25T08:00Z,2024-12-25T08:30Z,103,98,low
2024-12-25T08:30Z,2024-12-25T09:00Z,103,98,low
2024-12-25T09:00Z,2024-12-25T09:30Z,100,102,low
2024-12-25T09:30Z,2024-12-25T10:00Z,107,107,low
2024-12-25T10:00Z,2024-12-25T10:30Z,107,105,low
2024-12-25T10:30Z,2024-12-25T11:00Z,111,107,low
2024-12-25T11:00Z,2024-12-25T11:30Z,107,106,low
2024-12-25T11:30Z,2024-12-25T12:00Z,109,107,low
2024-12-25T12:00Z,2024-12-25T12:30Z,111,112,moderate
2024-12-25T12:30Z,2024-12-25T13:00Z,109,112,moderate
2024-12-25T13:00Z,2024-12-25T13:30Z,109,113,moderate
2024-12-25T13:30Z,2024-12-25T14:00Z,111,116,moderate
2024-12-25T14:00Z,2024-12-25T14:30Z,111,114,moderate
2024-12-25T14:30Z,2024-12-25T15:00Z,111,112,moderate
2024-12-25T15:00Z,2024-12-25T15:30Z,112,106,low
2024-12-25T15:30Z,2024-12-25T16:00Z,114,104,low
2024-12-25T16:00Z,2024-12-25T16:30Z,113,105,low
2024-12-25T16:30Z,2024-12-25T17:00Z,113,107,low
2024-12-25T17:00Z,2024-12-25T17:30Z,106,105,low
2024-12-25T17:30Z,2024-12-25T18:00Z,111,114,moderate
2024-12-25T18:00Z,2024-12-25T18:30Z,109,110,moderate
2024-12-25T18:30Z,2024-12-25T19:00Z,117,105,low
2024-12-25T19:00Z,2024-12-25T19:30Z,116,106,low
2024-12-25T19:30Z,2024-12-25T20:00Z,108,103,low
2024-12-25T20:00Z,2024-12-25T20:30Z,107,106,low
2024-12-25T20:30Z,2024-12-25T21:00Z,110,107,low
2024-12-25T21:00Z,2024-12-25T21:30Z,109,103,low
2024-12-25T21:30Z,2024-12-25T22:00Z,112,98,low
2024-12-25T22:00Z,2024-12-25T22:30Z,122,88,low
2024-12-25T22:30Z,2024-12-25T23:00Z,107,75,low
2024-12-25T23:00Z,2024-12-25T23:30Z,100,74,low
2024-12-25T23:30Z,2024-12-26T00:00Z,83,75,low
2024-12-26T00:00Z,2024-12-26T00:30Z,95,77,low
2024-12-26T00:30Z,2024-12-26T01:00Z,127,74,low
2024-12-26T01:00Z,2024-12-26T01:30Z,135,71,low
2024-12-26T01:30Z,2024-12-26T02:00Z,141,79,low
2024-12-26T02:00Z,2024-12-26T02:30Z,149,74,low
2024-12-26T02:30Z,2024-12-26T03:00Z,156,74,low
2024-12-26T03:00Z,2024-12-26T03:30Z,86,73,low
2024-12-26T03:30Z,2024-12-26T04:00Z,97,73,low
2024-12-26T04:00Z,2024-12-26T04:30Z,87,77,low
2024-12-26T04:30Z,2024-12-26T05:00Z,99,88,low
2024-12-26T05:00Z,2024-12-26T05:30Z,111,102,low
2024-12-26T05:30Z,2024-12-26T06:00Z,125,119,moderate
2024-12-26T06:00Z,2024-12-26T06:30Z,140,134,moderate
2024-12-26T06:30Z,2024-12-26T07:00Z,156,160,moderate
2024-12-26T07:00Z,2024-12-26T07:30Z,165,163,moderate
2024-12-26T07:30Z,2024-12-26T08:00Z,177,157,moderate
2024-12-26T08:00Z,2024-12-26T08:30Z,184,163,moderate
2024-12-26T08:30Z,2024-12-26T09:00Z,199,158,moderate
2024-12-26T09:00Z,2024-12-26T09:30Z,205,166,moderate
2024-12-26T09:30Z,2024-12-26T10:00Z,214,175,moderate
2024-12-26T10:00Z,2024-12-26T10:30Z,220,181,moderate
2024-12-26T10:30Z,2024-12-26T11:00Z,226,190,high
2024-12-26T11:00Z,2024-12-26T11:30Z,230,192,high
2024-12-26T11:30Z,2024-12-26T12:00Z,200,193,high
2024-12-26T12:00Z,2024-12-26T12:30Z,208,197,high
2024-12-26T12:30Z,2024-12-26T13:00Z,210,198,high
2024-12-26T13:00Z,2024-12-26T13:30Z,214,200,high
2024-12-26T13:30Z,2024-12-26T14:00Z,223,200,high
2024-12-26T14:00Z,2024-12-26T14:30Z,228,203,high
2024-12-26T14:30Z,2024-12-26T15:00Z,229,206,high
2024-12-26T15:00Z,2024-12-26T15:30Z,236,206,high
2024-12-26T15:30Z,2024-12-26T16:00Z,244,208,high
2024-12-26T16:00Z,2024-12-26T16:30Z,251,213,high
2024-12-26T16:30Z,2024-12-26T17:00Z,255,212,high
2024-12-26T17:00Z,2024-12-26T17:30Z,253,210,high
2024-12-26T17:30Z,2024-12-26T18:00Z,258,211,high
2024-12-26T18:00Z,2024-12-26T18:30Z,263,213,high
2024-12-26T18:30Z,2024-12-26T19:00Z,270,209,high
2024-12-26T19:00Z,2024-12-26T19:30Z,272,207,high
2024-12-26T19:30Z,2024-12-26T20:00Z,271,208,high
2024-12-26T20:00Z,2024-12-26T20:30Z,275,207,high
2024-12-26T20:30Z,2024-12-26T21:00Z,274,197,high
2024-12-26T21:00Z,2024-12-26T21:30Z,276,193,high
2024-12-26T21:30Z,2024-12-26T22:00Z,275,186,moderate
2024-12-26T22:00Z,2024-12-26T22:30Z,275,175,moderate
2024-12-26T22:30Z,2024-12-26T23:00Z,277,168,moderate
2024-12-26T23:00Z,2024-12-26T23:30Z,181,165,moderate
2024-12-26T23:30Z,2024-12-27T00:00Z,184,162,moderate
2024-12-27T00:00Z,2024-12-27T00:30Z,187,163,moderate
2024-12-27T00:30Z,2024-12-27T01:00Z,187,163,moderate
2024-12-27T01:00Z,2024-12-27T01:30Z,190,164,moderate
2024-12-27T01:30Z,2024-12-27T02:00Z,191,162,moderate
2024-12-27T02:00Z,2024-12-27T02:30Z,197,159,moderate
2024-12-27T02:30Z,2024-12-27T03:00Z,202,164,moderate
2024-12-27T03:00Z,2024-12-27T03:30Z,208,161,moderate
2024-12-27T03:30Z,2024-12-27T04:00Z,213,167,moderate
2024-12-27T04:00Z,2024-12-27T04:30Z,221,170,moderate
2024-12-27T04:30Z,2024-12-27T05:00Z,223,192,high
2024-12-27T05:00Z,2024-12-27T05:30Z,232,196,high
2024-12-27T05:30Z,2024-12-27T06:00Z,240,216,high
2024-12-27T06:00Z,2024-12-27T06:30Z,249,230,high
2024-12-27T06:30Z,2024-12-27T07:00Z,255,239,high
2024-12-27T07:00Z,2024-12-27T07:30Z,258,239,high
2024-12-27T07:30Z,2024-12-27T08:00Z,265,237,high
2024-12-27T08:00Z,2024-12-27T08:30Z,264,237,high
2024-12-27T08:30Z,2024-12-27T09:00Z,266,234,high
2024-12-27T09:00Z,2024-12-27T09:30Z,267,234,high
2024-12-27T09:30Z,2024-12-27T10:00Z,242,224,high
2024-12-27T10:00Z,2024-12-27T10:30Z,240,223,high
2024-12-27T10:30Z,2024-12-27T11:00Z,232,219,high
2024-12-27T11:00Z,2024-12-27T11:30Z,232,218,high
2024-12-27T11:30Z,2024-12-27T12:00Z,224,218,high
2024-12-27T12:00Z,2024-12-27T12:30Z,225,218,high
2024-12-27T12:30Z,2024-12-27T13:00Z,225,220,high
2024-12-27T13:00Z,2024-12-27T13:30Z,225,221,high
2024-12-27T13:30Z,2024-12-27T14:00Z,229,223,high
2024-12-27T14:00Z,2024-12-27T14:30Z,230,226,high
2024-12-27T14:30Z,2024-12-27T15:00Z,232,228,high
2024-12-27T15:00Z,2024-12-27T15:30Z,233,229,high
2024-12-27T15:30Z,2024-12-27T16:00Z,237,230,high
2024-12-27T16:00Z,2024-12-27T16:30Z,243,230,high
2024-12-27T16:30Z,2024-12-27T17:00Z,242,227,high
2024-12-27T17:00Z,2024-12-27T17:30Z,242,227,high
2024-12-27T17:30Z,2024-12-27T18:00Z,242,233,high
2024-12-27T18:00Z,2024-12-27T18:30Z,240,231,high
2024-12-27T18:30Z,2024-12-27T19:00Z,245,228,high
2024-12-27T19:00Z,2024-12-27T19:30Z,243,230,high
2024-12-27T19:30Z,2024-12-27T20:00Z,241,229,high
2024-12-27T20:00Z,2024-12-27T20:30Z,238,225,high
2024-12-27T20:30Z,2024-12-27T21:00Z,236,217,high
2024-12-27T21:00Z,2024-12-27T21:30Z,227,211,high
2024-12-27T21:30Z,2024-12-27T22:00Z,220,208,high
2024-12-27T22:00Z,2024-12-27T22:30Z,212,199,high
2024-12-27T22:30Z,2024-12-27T23:00Z,207,186,moderate
2024-12-27T23:00Z,2024-12-27T23:30Z,202,175,moderate
2024-12-27T23:30Z,2024-12-28T00:00Z,189,165,moderate
2024-12-28T00:00Z,2024-12-28T00:30Z,184,165,moderate
2024-12-28T00:30Z,2024-12-28T01:00Z,171,162,moderate
2024-12-28T01:00Z,2024-12-28T01:30Z,177,154,moderate
2024-12-28T01:30Z,2024-12-28T02:00Z,166,159,moderate
2024-12-28T02:00Z,2024-12-28T02:30Z,162,160,moderate
2024-12-28T02:30Z,2024-12-28T03:00Z,165,166,moderate
2024-12-28T03:00Z,2024-12-28T03:30Z,167,165,moderate
2024-12-28T03:30Z,2024-12-28T04:00Z,172,169,moderate
2024-12-28T04:00Z,2024-12-28T04:30Z,170,166,moderate
2024-12-28T04:30Z,2024-12-28T05:00Z,171,172,moderate
2024-12-28T05:00Z,2024-12-28T05:30Z,175,172,moderate
2024-12-28T05:30Z,2024-12-28T06:00Z,180,180,moderate
2024-12-28T06:00Z,2024-12-28T06:30Z,179,190,high
2024-12-28T06:30Z,2024-12-28T07:00Z,190,200,high
2024-12-28T07:00Z,2024-12-28T07:30Z,197,201,high
2024-12-28T07:30Z,2024-12-28T08:00Z,207,198,high
2024-12-28T08:00Z,2024-12-28T08:30Z,217,199,high
2024-12-28T08:30Z,2024-12-28T09:00Z,208,185,moderate
2024-12-28T09:00Z,2024-12-28T09:30Z,209,187,moderate
2024-12-28T09:30Z,2024-12-28T10:00Z,194,180,moderate
2024-12-28T10:00Z,2024-12-28T10:30Z,188,179,moderate
2024-12-28T10:30Z,2024-12-28T11:00Z,181,176,moderate
2024-12-28T11:00Z,2024-12-28T11:30Z,184,173,moderate
2024-12-28T11:30Z,2024-12-28T12:00Z,181,173,moderate
2024-12-28T12:00Z,2024-12-28T12:30Z,180,171,moderate
2024-12-28T12:30Z,2024-12-28T13:00Z,177,173,moderate
2024-12-28T13:00Z,2024-12-28T13:30Z,177,171,moderate
2024-12-28T13:30Z,2024-12-28T14:00Z,178,173,moderate
2024-12-28T14:00Z,2024-12-28T14:30Z,176,175,moderate
2024-12-28T14:30Z,2024-12-28T15:00Z,179,186,moderate
2024-12-28T15:00Z,2024-12-28T15:30Z,183,190,high
2024-12-28T15:30Z,2024-12-28T16:00Z,192,192,high
2024-12-28T16:00Z,2024-12-28T16:30Z,199,193,high
2024-12-28T16:30Z,2024-12-28T17:00Z,206,187,moderate
2024-12-28T17:00Z,2024-12-28T17:30Z,202,185,moderate
2024-12-28T17:30Z,2024-12-28T18:00Z,196,187,moderate
2024-12-28T18:00Z,2024-12-28T18:30Z,189,186,moderate
2024-12-28T18:30Z,2024-12-28T19:00Z,187,187,moderate
2024-12-28T19:00Z,2024-12-28T19:30Z,193,188,moderate
2024-12-28T19:30Z,2024-12-28T20:00Z,188,188,moderate
2024-12-28T20:00Z,2024-12-28T20:30Z,184,182,moderate
2024-12-28T20:30Z,2024-12-28T21:00Z,177,173,moderate
2024-12-28T21:00Z,2024-12-28T21:30Z,174,170,moderate
2024-12-28T21:30Z,2024-12-28T22:00Z,159,162,moderate
2024-12-28T22:00Z,2024-12-28T22:30Z,163,148,moderate
2024-12-28T22:30Z,2024-12-28T23:00Z,149,127,moderate
2024-12-28T23:00Z,2024-12-28T23:30Z,150,124,moderate
2024-12-28T23:30Z,2024-12-29T00:00Z,123,122,moderate
2024-12-29T00:00Z,2024-12-29T00:30Z,125,122,moderate
2024-12-29T00:30Z,2024-12-29T01:00Z,120,113,moderate
2024-12-29T01:00Z,2024-12-29T01:30Z,121,104,low
2024-12-29T01:30Z,2024-12-29T02:00Z,108,99,low
2024-12-29T02:00Z,2024-12-29T02:30Z,103,100,low
2024-12-29T02:30Z,2024-12-29T03:00Z,97,104,low
2024-12-29T03:00Z,2024-12-29T03:30Z,98,101,low
2024-12-29T03:30Z,2024-12-29T04:00Z,104,103,low
2024-12-29T04:00Z,2024-12-29T04:30Z,104,100,low
2024-12-29T04:30Z,2024-12-29T05:00Z,103,99,low
2024-12-29T05:00Z,2024-12-29T05:30Z,104,99,low
2024-12-29T05:30Z,2024-12-29T06:00Z,98,99,low
2024-12-29T06:00Z,2024-12-29T06:30Z,104,97,low
2024-12-29T06:30Z,2024-12-29T07:00Z,97,104,low
2024-12-29T07:00Z,2024-12-29T07:30Z,93,107,low
2024-12-29T07:30Z,2024-12-29T08:00Z,102,108,low
2024-12-29T08:00Z,2024-12-29T08:30Z,103,110,moderate
2024-12-29T08:30Z,2024-12-29T09:00Z,101,107,low
2024-12-29T09:00Z,2024-12-29T09:30Z,102,106,low
2024-12-29T09:30Z,2024-12-29T10:00Z,101,97,low
2024-12-29T10:00Z,2024-12-29T10:30Z,99,93,low
2024-12-29T10:30Z,2024-12-29T11:00Z,93,89,low
2024-12-29T11:00Z,2024-12-29T11:30Z,92,86,low
2024-12-29T11:30Z,2024-12-29T12:00Z,86,84,low
2024-12-29T12:00Z,2024-12-29T12:30Z,67,83,low
2024-12-29T12:30Z,2024-12-29T13:00Z,84,83,low
2024-12-29T13:00Z,2024-12-29T13:30Z,85,83,low
2024-12-29T13:30Z,2024-12-29T14:00Z,84,83,low
2024-12-29T14:00Z,2024-12-29T14:30Z,81,88,low
2024-12-29T14:30Z,2024-12-29T15:00Z,83,98,low
2024-12-29T15:00Z,2024-12-29T15:30Z,74,103,low
2024-12-29T15:30Z,2024-12-29T16:00Z,100,103,low
2024-12-29T16:00Z,2024-12-29T16:30Z,109,102,low
2024-12-29T16:30Z,2024-12-29T17:00Z,101,101,low
2024-12-29T17:00Z,2024-12-29T17:30Z,102,98,low
2024-12-29T17:30Z,2024-12-29T18:00Z,98,96,low
2024-12-29T18:00Z,2024-12-29T18:30Z,97,93,low
2024-12-29T18:30Z,2024-12-29T19:00Z,92,89,low
2024-12-29T19:00Z,2024-12-29T19:30Z,89,85,low
2024-12-29T19:30Z,2024-12-29T20:00Z,87,77,low
2024-12-29T20:00Z,2024-12-29T20:30Z,83,65,low
2024-12-29T20:30Z,2024-12-29T21:00Z,80,60,low
2024-12-29T21:00Z,2024-12-29T21:30Z,69,56,low
2024-12-29T21:30Z,2024-12-29T22:00Z,69,59,low
2024-12-29T22:00Z,2024-12-29T22:30Z,56,53,low
2024-12-29T22:30Z,2024-12-29T23:00Z,50,60,low
2024-12-29T23:00Z,2024-12-29T23:30Z,41,60,low
2024-12-29T23:30Z,2024-12-30T00:00Z,50,58,low
2024-12-30T00:00Z,2024-12-30T00:30Z,48,63,low
2024-12-30T00:30Z,2024-12-30T01:00Z,47,60,low
2024-12-30T01:00Z,2024-12-30T01:30Z,48,59,low
2024-12-30T01:30Z,2024-12-30T02:00Z,45,60,low
2024-12-30T02:00Z,2024-12-30T02:30Z,44,56,low
2024-12-30T02:30Z,2024-12-30T03:00Z,44,55,low
2024-12-30T03:00Z,2024-12-30T03:30Z,32,56,low
2024-12-30T03:30Z,2024-12-30T04:00Z,43,57,low
2024-12-30T04:00Z,2024-12-30T04:30Z,42,58,low
2024-12-30T04:30Z,2024-12-30T05:00Z,43,60,low
2024-12-30T05:00Z,2024-12-30T05:30Z,44,64,low
2024-12-30T05:30Z,2024-12-30T06:00Z,49,66,low
2024-12-30T06:00Z,2024-12-30T06:30Z,54,70,low
2024-12-30T06:30Z,2024-12-30T07:00Z,56,77,low
2024-12-30T07:00Z,2024-12-30T07:30Z,60,85,low
2024-12-30T07:30Z,2024-12-30T08:00Z,63,86,low
2024-12-30T08:00Z,2024-12-30T08:30Z,68,83,low
2024-12-30T08:30Z,2024-12-30T09:00Z,80,80,low
2024-12-30T09:00Z,2024-12-30T09:30Z,74,70,low
2024-12-30T09:30Z,2024-12-30T10:00Z,70,65,low
2024-12-30T10:00Z,2024-12-30T10:30Z,65,62,low
2024-12-30T10:30Z,2024-12-30T11:00Z,57,57,low
2024-12-30T11:00Z,2024-12-30T11:30Z,59,54,low
2024-12-30T11:30Z,2024-12-30T12:00Z,54,52,low
2024-12-30T12:00Z,2024-12-30T12:30Z,54,51,low
2024-12-30T12:30Z,2024-12-30T13:00Z,52,52,low
2024-12-30T13:00Z,2024-12-30T13:30Z,52,52,low
2024-12-30T13:30Z,2024-12-30T14:00Z,53,53,low
2024-12-30T14:00Z,2024-12-30T14:30Z,56,61,low
2024-12-30T14:30Z,2024-12-30T15:00Z,58,72,low
2024-12-30T15:00Z,2024-12-30T15:30Z,72,83,low
2024-12-30T15:30Z,2024-12-30T16:00Z,89,97,low
2024-12-30T16:00Z,2024-12-30T16:30Z,76,102,low
2024-12-30T16:30Z,2024-12-30T17:00Z,112,105,low
2024-12-30T17:00Z,2024-12-30T17:30Z,105,107,low
2024-12-30T17:30Z,2024-12-30T18:00Z,106,109,low
2024-12-30T18:00Z,2024-12-30T18:30Z,105,105,low
2024-12-30T18:30Z,2024-12-30T19:00Z,103,98,low
2024-12-30T19:00Z,2024-12-30T19:30Z,98,100,low
2024-12-30T19:30Z,2024-12-30T20:00Z,94,93,low
2024-12-30T20:00Z,2024-12-30T20:30Z,82,84,low
2024-12-30T20:30Z,2024-12-30T21:00Z,76,73,low
2024-12-30T21:00Z,2024-12-30T21:30Z,77,66,low
2024-12-30T21:30Z,2024-12-30T22:00Z,67,66,low
2024-12-30T22:00Z,2024-12-30T22:30Z,60,60,low
2024-12-30T22:30Z,2024-12-30T23:00Z,56,53,low
2024-12-30T23:00Z,2024-12-30T23:30Z,50,50,low
2024-12-30T23:30Z,2024-12-31T00:00Z,43,51,low
2024-12-31T00:00Z,2024-12-31T00:30Z,44,57,low
2024-12-31T00:30Z,2024-12-31T01:00Z,42,65,low
2024-12-31T01:00Z,2024-12-31T01:30Z,44,64,low
2024-12-31T01:30Z,2024-12-31T02:00Z,53,62,low
2024-12-31T02:00Z,2024-12-31T02:30Z,64,59,low
2024-12-31T02:30Z,2024-12-31T03:00Z,56,61,low
2024-12-31T03:00Z,2024-12-31T03:30Z,56,58,low
2024-12-31T03:30Z,2024-12-31T04:00Z,56,58,low
2024-12-31T04:00Z,2024-12-31T04:30Z,54,58,low
2024-12-31T04:30Z,2024-12-31T05:00Z,55,57,low
2024-12-31T05:00Z,2024-12-31T05:30Z,58,60,low
2024-12-31T05:30Z,2024-12-31T06:00Z,59,70,low
2024-12-31T06:00Z,2024-12-31T06:30Z,57,74,low
2024-12-31T06:30Z,2024-12-31T07:00Z,64,70,low
2024-12-31T07:00Z,2024-12-31T07:30Z,70,72,low
2024-12-31T07:30Z,2024-12-31T08:00Z,72,72,low
2024-12-31T08:00Z,2024-12-31T08:30Z,66,77,low
2024-12-31T08:30Z,2024-12-31T09:00Z,66,75,low
2024-12-31T09:00Z,2024-12-31T09:30Z,67,74,low
2024-12-31T09:30Z,2024-12-31T10:00Z,68,65,low
2024-12-31T10:00Z,2024-12-31T10:30Z,71,67,low
2024-12-31T10:30Z,2024-12-31T11:00Z,67,63,low
2024-12-31T11:00Z,2024-12-31T11:30Z,65,58,low
2024-12-31T11:30Z,2024-12-31T12:00Z,61,51,low
2024-12-31T12:00Z,2024-12-31T12:30Z,58,53,low
2024-12-31T12:30Z,2024-12-31T13:00Z,55,59,low
2024-12-31T13:00Z,2024-12-31T13:30Z,52,57,low
2024-12-31T13:30Z,2024-12-31T14:00Z,58,61,low
2024-12-31T14:00Z,2024-12-31T14:30Z,56,65,low
2024-12-31T14:30Z,2024-12-31T15:00Z,59,62,low
2024-12-31T15:00Z,2024-12-31T15:30Z,63,64,low
2024-12-31T15:30Z,2024-12-31T16:00Z,61,63,low
2024-12-31T16:00Z,2024-12-31T16:30Z,66,62,low
2024-12-31T16:30Z,2024-12-31T17:00Z,64,65,low
2024-12-31T17:00Z,2024-12-31T17:30Z,61,66,low
2024-12-31T17:30Z,2024-12-31T18:00Z,63,62,low
2024-12-31T18:00Z,2024-12-31T18:30Z,64,59,low
2024-12-31T18:30Z,2024-12-31T19:00Z,60,64,low
2024-12-31T19:00Z,2024-12-31T19:30Z,58,55,low
2024-12-31T19:30Z,2024-12-31T20:00Z,60,58,low
2024-12-31T20:00Z,2024-12-31T20:30Z,54,59,low
2024-12-31T20:30Z,2024-12-31T21:00Z,57,55,low
2024-12-31T21:00Z,2024-12-31T21:30Z,54,52,low
2024-12-31T21:30Z,2024-12-31T22:00Z,49,53,low
2024-12-31T22:00Z,2024-12-31T22:30Z,48,52,low
2024-12-31T22:30Z,2024-12-31T23:00Z,45,54,low
2024-12-31T23:00Z,2024-12-31T23:30Z,50,49,low
2024-12-31T23:30Z,2025-01-01T00:00Z,53,51,low
