value_exc_vat,value_inc_vat,valid_from,valid_to,payment_method
7.58,7.959,2024-01-01T00:00:00Z,2024-01-01T00:30:00Z,
10.92,11.466,2024-01-01T00:30:00Z,2024-01-01T01:00:00Z,
14.66,15.393,2024-01-01T01:00:00Z,2024-01-01T01:30:00Z,
7.37,7.7385,2024-01-01T01:30:00Z,2024-01-01T02:00:00Z,
6.55,6.8775,2024-01-01T02:00:00Z,2024-01-01T02:30:00Z,
4.2,4.41,2024-01-01T02:30:00Z,2024-01-01T03:00:00Z,
5.21,5.4705,2024-01-01T03:00:00Z,2024-01-01T03:30:00Z,
2.35,2.4675,2024-01-01T03:30:00Z,2024-01-01T04:00:00Z,
2.31,2.4255,2024-01-01T04:00:00Z,2024-01-01T04:30:00Z,
-2.44,-2.562,2024-01-01T04:30:00Z,2024-01-01T05:00:00Z,
2.1,2.205,2024-01-01T05:00:00Z,2024-01-01T05:30:00Z,
0.21,0.2205,2024-01-01T05:30:00Z,2024-01-01T06:00:00Z,
0.21,0.2205,2024-01-01T06:00:00Z,2024-01-01T06:30:00Z,
1.89,1.9845,2024-01-01T06:30:00Z,2024-01-01T07:00:00Z,
5.25,5.5125,2024-01-01T07:00:00Z,2024-01-01T07:30:00Z,
6.05,6.3525,2024-01-01T07:30:00Z,2024-01-01T08:00:00Z,
5.88,6.174,2024-01-01T08:00:00Z,2024-01-01T08:30:00Z,
10.92,11.466,2024-01-01T08:30:00Z,2024-01-01T09:00:00Z,
10.08,10.584,2024-01-01T09:00:00Z,2024-01-01T09:30:00Z,
14.28,14.994,2024-01-01T09:30:00Z,2024-01-01T10:00:00Z,
10.08,10.584,2024-01-01T10:00:00Z,2024-01-01T10:30:00Z,
12.6,13.23,2024-01-01T10:30:00Z,2024-01-01T11:00:00Z,
14.91,15.6555,2024-01-01T11:00:00Z,2024-01-01T11:30:00Z,
14.95,15.6975,2024-01-01T11:30:00Z,2024-01-01T12:00:00Z,
11.55,12.1275,2024-01-01T12:00:00Z,2024-01-01T12:30:00Z,
13.02,13.671,2024-01-01T12:30:00Z,2024-01-01T13:00:00Z,
15.81,16.6005,2024-01-01T13:00:00Z,2024-01-01T13:30:00Z,
16.8,17.64,2024-01-01T13:30:00Z,2024-01-01T14:00:00Z,
14.45,15.1725,2024-01-01T14:00:00Z,2024-01-01T14:30:00Z,
15.54,16.317,2024-01-01T14:30:00Z,2024-01-01T15:00:00Z,
12.6,13.23,2024-01-01T15:00:00Z,2024-01-01T15:30:00Z,
16.8,17.64,2024-01-01T15:30:00Z,2024-01-01T16:00:00Z,
30.81,32.3505,2024-01-01T16:00:00Z,2024-01-01T16:30:00Z,
33.16,34.818,2024-01-01T16:30:00Z,2024-01-01T17:00:00Z,
33.16,34.818,2024-01-01T17:00:00Z,2024-01-01T17:30:00Z,
31.06,32.613,2024-01-01T17:30:00Z,2024-01-01T18:00:00Z,
31.48,33.054,2024-01-01T18:00:00Z,2024-01-01T18:30:00Z,
25.89,27.1845,2024-01-01T18:30:00Z,2024-01-01T19:00:00Z,
15.12,15.876,2024-01-01T19:00:00Z,2024-01-01T19:30:00Z,
9.89,10.3845,2024-01-01T19:30:00Z,2024-01-01T20:00:00Z,
10.92,11.466,2024-01-01T20:00:00Z,2024-01-01T20:30:00Z,
12.6,13.23,2024-01-01T20:30:00Z,2024-01-01T21:00:00Z,
15.12,15.876,2024-01-01T21:00:00Z,2024-01-01T21:30:00Z,
9.62,10.101,2024-01-01T21:30:00Z,2024-01-01T22:00:00Z,
10.75,11.2875,2024-01-01T22:00:00Z,2024-01-01T22:30:00Z,
2.02,2.121,2024-01-01T22:30:00Z,2024-01-01T23:00:00Z,
3.02,3.171,2024-01-01T23:00:00Z,2024-01-01T23:30:00Z,
1.47,1.5435,2024-01-01T23:30:00Z,2024-01-02T00:00:00Z,
-1.93,-2.0265,2024-01-02T00:00:00Z,2024-01-02T00:30:00Z,
4.12,4.326,2024-01-02T00:30:00Z,2024-01-02T01:00:00Z,
1.47,1.5435,2024-01-02T01:00:00Z,2024-01-02T01:30:00Z,
-1.45,-1.5225,2024-01-02T01:30:00Z,2024-01-02T02:00:00Z,
2.39,2.5095,2024-01-02T02:00:00Z,2024-01-02T02:30:00Z,
0.84,0.882,2024-01-02T02:30:00Z,2024-01-02T03:00:00Z,
2.54,2.667,2024-01-02T03:00:00Z,2024-01-02T03:30:00Z,
-0.52,-0.546,2024-01-02T03:30:00Z,2024-01-02T04:00:00Z,
3.15,3.3075,2024-01-02T04:00:00Z,2024-01-02T04:30:00Z,
3.99,4.1895,2024-01-02T04:30:00Z,2024-01-02T05:00:00Z,
1.05,1.1025,2024-01-02T05:00:00Z,2024-01-02T05:30:00Z,
5.88,6.174,2024-01-02T05:30:00Z,2024-01-02T06:00:00Z,
7.35,7.7175,2024-01-02T06:00:00Z,2024-01-02T06:30:00Z,
13.23,13.8915,2024-01-02T06:30:00Z,2024-01-02T07:00:00Z,
11.55,12.1275,2024-01-02T07:00:00Z,2024-01-02T07:30:00Z,
15.46,16.233,2024-01-02T07:30:00Z,2024-01-02T08:00:00Z,
13.44,14.112,2024-01-02T08:00:00Z,2024-01-02T08:30:00Z,
17.85,18.7425,2024-01-02T08:30:00Z,2024-01-02T09:00:00Z,
17.39,18.2595,2024-01-02T09:00:00Z,2024-01-02T09:30:00Z,
17.09,17.9445,2024-01-02T09:30:00Z,2024-01-02T10:00:00Z,
14.15,14.8575,2024-01-02T10:00:00Z,2024-01-02T10:30:00Z,
16.96,17.808,2024-01-02T10:30:00Z,2024-01-02T11:00:00Z,
17.47,18.3435,2024-01-02T11:00:00Z,2024-01-02T11:30:00Z,
19.7,20.685,2024-01-02T11:30:00Z,2024-01-02T12:00:00Z,
18.19,19.0995,2024-01-02T12:00:00Z,2024-01-02T12:30:00Z,
17.85,18.7425,2024-01-02T12:30:00Z,2024-01-02T13:00:00Z,
19.32,20.286,2024-01-02T13:00:00Z,2024-01-02T13:30:00Z,
17.91,18.8055,2024-01-02T13:30:00Z,2024-01-02T14:00:00Z,
17.85,18.7425,2024-01-02T14:00:00Z,2024-01-02T14:30:00Z,
16.67,17.5035,2024-01-02T14:30:00Z,2024-01-02T15:00:00Z,
15.2,15.96,2024-01-02T15:00:00Z,2024-01-02T15:30:00Z,
15.75,16.5375,2024-01-02T15:30:00Z,2024-01-02T16:00:00Z,
28.75,30.1875,2024-01-02T16:00:00Z,2024-01-02T16:30:00Z,
32.13,33.7365,2024-01-02T16:30:00Z,2024-01-02T17:00:00Z,
29.17,30.6285,2024-01-02T17:00:00Z,2024-01-02T17:30:00Z,
28.12,29.526,2024-01-02T17:30:00Z,2024-01-02T18:00:00Z,
28.75,30.1875,2024-01-02T18:00:00Z,2024-01-02T18:30:00Z,
27.15,28.5075,2024-01-02T18:30:00Z,2024-01-02T19:00:00Z,
15.9,16.695,2024-01-02T19:00:00Z,2024-01-02T19:30:00Z,
13.65,14.3325,2024-01-02T19:30:00Z,2024-01-02T20:00:00Z,
16.78,17.619,2024-01-02T20:00:00Z,2024-01-02T20:30:00Z,
13.42,14.091,2024-01-02T20:30:00Z,2024-01-02T21:00:00Z,
15.9,16.695,2024-01-02T21:00:00Z,2024-01-02T21:30:00Z,
11.55,12.1275,2024-01-02T21:30:00Z,2024-01-02T22:00:00Z,
13.23,13.8915,2024-01-02T22:00:00Z,2024-01-02T22:30:00Z,
9.87,10.3635,2024-01-02T22:30:00Z,2024-01-02T23:00:00Z,
16.38,17.199,2024-01-02T23:00:00Z,2024-01-02T23:30:00Z,
13.44,14.112,2024-01-02T23:30:00Z,2024-01-03T00:00:00Z,
14.28,14.994,2024-01-03T00:00:00Z,2024-01-03T00:30:00Z,
18.06,18.963,2024-01-03T00:30:00Z,2024-01-03T01:00:00Z,
17.28,18.144,2024-01-03T01:00:00Z,2024-01-03T01:30:00Z,
14.91,15.6555,2024-01-03T01:30:00Z,2024-01-03T02:00:00Z,
15.48,16.254,2024-01-03T02:00:00Z,2024-01-03T02:30:00Z,
14.64,15.372,2024-01-03T02:30:00Z,2024-01-03T03:00:00Z,
15.54,16.317,2024-01-03T03:00:00Z,2024-01-03T03:30:00Z,
15.08,15.834,2024-01-03T03:30:00Z,2024-01-03T04:00:00Z,
13.96,14.658,2024-01-03T04:00:00Z,2024-01-03T04:30:00Z,
13.86,14.553,2024-01-03T04:30:00Z,2024-01-03T05:00:00Z,
15.41,16.1805,2024-01-03T05:00:00Z,2024-01-03T05:30:00Z,
15.75,16.5375,2024-01-03T05:30:00Z,2024-01-03T06:00:00Z,
15.96,16.758,2024-01-03T06:00:00Z,2024-01-03T06:30:00Z,
15.25,16.0125,2024-01-03T06:30:00Z,2024-01-03T07:00:00Z,
16.13,16.9365,2024-01-03T07:00:00Z,2024-01-03T07:30:00Z,
15.75,16.5375,2024-01-03T07:30:00Z,2024-01-03T08:00:00Z,
15.97,16.7685,2024-01-03T08:00:00Z,2024-01-03T08:30:00Z,
15.96,16.758,2024-01-03T08:30:00Z,2024-01-03T09:00:00Z,
16.23,17.0415,2024-01-03T09:00:00Z,2024-01-03T09:30:00Z,
16.13,16.9365,2024-01-03T09:30:00Z,2024-01-03T10:00:00Z,
16.38,17.199,2024-01-03T10:00:00Z,2024-01-03T10:30:00Z,
15.92,16.716,2024-01-03T10:30:00Z,2024-01-03T11:00:00Z,
16.38,17.199,2024-01-03T11:00:00Z,2024-01-03T11:30:00Z,
16.8,17.64,2024-01-03T11:30:00Z,2024-01-03T12:00:00Z,
16.78,17.619,2024-01-03T12:00:00Z,2024-01-03T12:30:00Z,
16.73,17.5665,2024-01-03T12:30:00Z,2024-01-03T13:00:00Z,
17.64,18.522,2024-01-03T13:00:00Z,2024-01-03T13:30:00Z,
15.54,16.317,2024-01-03T13:30:00Z,2024-01-03T14:00:00Z,
15.75,16.5375,2024-01-03T14:00:00Z,2024-01-03T14:30:00Z,
16.38,17.199,2024-01-03T14:30:00Z,2024-01-03T15:00:00Z,
15.12,15.876,2024-01-03T15:00:00Z,2024-01-03T15:30:00Z,
18.27,19.1835,2024-01-03T15:30:00Z,2024-01-03T16:00:00Z,
30.81,32.3505,2024-01-03T16:00:00Z,2024-01-03T16:30:00Z,
35.18,36.939,2024-01-03T16:30:00Z,2024-01-03T17:00:00Z,
32.72,34.356,2024-01-03T17:00:00Z,2024-01-03T17:30:00Z,
33.08,34.734,2024-01-03T17:30:00Z,2024-01-03T18:00:00Z,
31.48,33.054,2024-01-03T18:00:00Z,2024-01-03T18:30:00Z,
30.12,31.626,2024-01-03T18:30:00Z,2024-01-03T19:00:00Z,
17.81,18.7005,2024-01-03T19:00:00Z,2024-01-03T19:30:00Z,
16.48,17.304,2024-01-03T19:30:00Z,2024-01-03T20:00:00Z,
15.96,16.758,2024-01-03T20:00:00Z,2024-01-03T20:30:00Z,
15.69,16.4745,2024-01-03T20:30:00Z,2024-01-03T21:00:00Z,
16.04,16.842,2024-01-03T21:00:00Z,2024-01-03T21:30:00Z,
15.97,16.7685,2024-01-03T21:30:00Z,2024-01-03T22:00:00Z,
15.98,16.779,2024-01-03T22:00:00Z,2024-01-03T22:30:00Z,
14.26,14.973,2024-01-03T22:30:00Z,2024-01-03T23:00:00Z,
14.68,15.414,2024-01-03T23:00:00Z,2024-01-03T23:30:00Z,
14.51,15.2355,2024-01-03T23:30:00Z,2024-01-04T00:00:00Z,
14.15,14.8575,2024-01-04T00:00:00Z,2024-01-04T00:30:00Z,
15.79,16.5795,2024-01-04T00:30:00Z,2024-01-04T01:00:00Z,
16.17,16.9785,2024-01-04T01:00:00Z,2024-01-04T01:30:00Z,
14.2,14.91,2024-01-04T01:30:00Z,2024-01-04T02:00:00Z,
14.55,15.2775,2024-01-04T02:00:00Z,2024-01-04T02:30:00Z,
13.88,14.574,2024-01-04T02:30:00Z,2024-01-04T03:00:00Z,
14.15,14.8575,2024-01-04T03:00:00Z,2024-01-04T03:30:00Z,
13.19,13.8495,2024-01-04T03:30:00Z,2024-01-04T04:00:00Z,
14.15,14.8575,2024-01-04T04:00:00Z,2024-01-04T04:30:00Z,
13.15,13.8075,2024-01-04T04:30:00Z,2024-01-04T05:00:00Z,
14.15,14.8575,2024-01-04T05:00:00Z,2024-01-04T05:30:00Z,
14.85,15.5925,2024-01-04T05:30:00Z,2024-01-04T06:00:00Z,
16.48,17.304,2024-01-04T06:00:00Z,2024-01-04T06:30:00Z,
15.46,16.233,2024-01-04T06:30:00Z,2024-01-04T07:00:00Z,
16.17,16.9785,2024-01-04T07:00:00Z,2024-01-04T07:30:00Z,
16.8,17.64,2024-01-04T07:30:00Z,2024-01-04T08:00:00Z,
16.7,17.535,2024-01-04T08:00:00Z,2024-01-04T08:30:00Z,
19.11,20.0655,2024-01-04T08:30:00Z,2024-01-04T09:00:00Z,
19.11,20.0655,2024-01-04T09:00:00Z,2024-01-04T09:30:00Z,
19.74,20.727,2024-01-04T09:30:00Z,2024-01-04T10:00:00Z,
18.48,19.404,2024-01-04T10:00:00Z,2024-01-04T10:30:00Z,
19.09,20.0445,2024-01-04T10:30:00Z,2024-01-04T11:00:00Z,
16.23,17.0415,2024-01-04T11:00:00Z,2024-01-04T11:30:00Z,
16.88,17.724,2024-01-04T11:30:00Z,2024-01-04T12:00:00Z,
16.8,17.64,2024-01-04T12:00:00Z,2024-01-04T12:30:00Z,
16.74,17.577,2024-01-04T12:30:00Z,2024-01-04T13:00:00Z,
18.56,19.488,2024-01-04T13:00:00Z,2024-01-04T13:30:00Z,
17.22,18.081,2024-01-04T13:30:00Z,2024-01-04T14:00:00Z,
19.45,20.4225,2024-01-04T14:00:00Z,2024-01-04T14:30:00Z,
19.49,20.4645,2024-01-04T14:30:00Z,2024-01-04T15:00:00Z,
17.85,18.7425,2024-01-04T15:00:00Z,2024-01-04T15:30:00Z,
21.04,22.092,2024-01-04T15:30:00Z,2024-01-04T16:00:00Z,
34.42,36.141,2024-01-04T16:00:00Z,2024-01-04T16:30:00Z,
38.2,40.11,2024-01-04T16:30:00Z,2024-01-04T17:00:00Z,
35.85,37.6425,2024-01-04T17:00:00Z,2024-01-04T17:30:00Z,
36.5,38.325,2024-01-04T17:30:00Z,2024-01-04T18:00:00Z,
35.24,37.002,2024-01-04T18:00:00Z,2024-01-04T18:30:00Z,
33.16,34.818,2024-01-04T18:30:00Z,2024-01-04T19:00:00Z,
22.26,23.373,2024-01-04T19:00:00Z,2024-01-04T19:30:00Z,
17.01,17.8605,2024-01-04T19:30:00Z,2024-01-04T20:00:00Z,
20.16,21.168,2024-01-04T20:00:00Z,2024-01-04T20:30:00Z,
17.14,17.997,2024-01-04T20:30:00Z,2024-01-04T21:00:00Z,
19.0,19.95,2024-01-04T21:00:00Z,2024-01-04T21:30:00Z,
16.76,17.598,2024-01-04T21:30:00Z,2024-01-04T22:00:00Z,
15.46,16.233,2024-01-04T22:00:00Z,2024-01-04T22:30:00Z,
13.44,14.112,2024-01-04T22:30:00Z,2024-01-04T23:00:00Z,
15.54,16.317,2024-01-04T23:00:00Z,2024-01-04T23:30:00Z,
16.86,17.703,2024-01-04T23:30:00Z,2024-01-05T00:00:00Z,
16.15,16.9575,2024-01-05T00:00:00Z,2024-01-05T00:30:00Z,
19.11,20.0655,2024-01-05T00:30:00Z,2024-01-05T01:00:00Z,
17.03,17.8815,2024-01-05T01:00:00Z,2024-01-05T01:30:00Z,
16.28,17.094,2024-01-05T01:30:00Z,2024-01-05T02:00:00Z,
15.75,16.5375,2024-01-05T02:00:00Z,2024-01-05T02:30:00Z,
15.75,16.5375,2024-01-05T02:30:00Z,2024-01-05T03:00:00Z,
15.33,16.0965,2024-01-05T03:00:00Z,2024-01-05T03:30:00Z,
14.76,15.498,2024-01-05T03:30:00Z,2024-01-05T04:00:00Z,
15.22,15.981,2024-01-05T04:00:00Z,2024-01-05T04:30:00Z,
14.78,15.519,2024-01-05T04:30:00Z,2024-01-05T05:00:00Z,
15.64,16.422,2024-01-05T05:00:00Z,2024-01-05T05:30:00Z,
15.02,15.771,2024-01-05T05:30:00Z,2024-01-05T06:00:00Z,
17.58,18.459,2024-01-05T06:00:00Z,2024-01-05T06:30:00Z,
15.77,16.5585,2024-01-05T06:30:00Z,2024-01-05T07:00:00Z,
15.36,16.128,2024-01-05T07:00:00Z,2024-01-05T07:30:00Z,
19.47,20.4435,2024-01-05T07:30:00Z,2024-01-05T08:00:00Z,
18.33,19.2465,2024-01-05T08:00:00Z,2024-01-05T08:30:00Z,
20.96,22.008,2024-01-05T08:30:00Z,2024-01-05T09:00:00Z,
19.74,20.727,2024-01-05T09:00:00Z,2024-01-05T09:30:00Z,
18.9,19.845,2024-01-05T09:30:00Z,2024-01-05T10:00:00Z,
19.82,20.811,2024-01-05T10:00:00Z,2024-01-05T10:30:00Z,
18.68,19.614,2024-01-05T10:30:00Z,2024-01-05T11:00:00Z,
17.43,18.3015,2024-01-05T11:00:00Z,2024-01-05T11:30:00Z,
17.43,18.3015,2024-01-05T11:30:00Z,2024-01-05T12:00:00Z,
17.3,18.165,2024-01-05T12:00:00Z,2024-01-05T12:30:00Z,
16.99,17.8395,2024-01-05T12:30:00Z,2024-01-05T13:00:00Z,
17.47,18.3435,2024-01-05T13:00:00Z,2024-01-05T13:30:00Z,
17.43,18.3015,2024-01-05T13:30:00Z,2024-01-05T14:00:00Z,
18.86,19.803,2024-01-05T14:00:00Z,2024-01-05T14:30:00Z,
18.29,19.2045,2024-01-05T14:30:00Z,2024-01-05T15:00:00Z,
18.06,18.963,2024-01-05T15:00:00Z,2024-01-05T15:30:00Z,
19.92,20.916,2024-01-05T15:30:00Z,2024-01-05T16:00:00Z,
29.95,31.4475,2024-01-05T16:00:00Z,2024-01-05T16:30:00Z,
35.05,36.8025,2024-01-05T16:30:00Z,2024-01-05T17:00:00Z,
33.33,34.9965,2024-01-05T17:00:00Z,2024-01-05T17:30:00Z,
34.46,36.183,2024-01-05T17:30:00Z,2024-01-05T18:00:00Z,
34.0,35.7,2024-01-05T18:00:00Z,2024-01-05T18:30:00Z,
32.05,33.6525,2024-01-05T18:30:00Z,2024-01-05T19:00:00Z,
19.93,20.9265,2024-01-05T19:00:00Z,2024-01-05T19:30:00Z,
17.45,18.3225,2024-01-05T19:30:00Z,2024-01-05T20:00:00Z,
17.7,18.585,2024-01-05T20:00:00Z,2024-01-05T20:30:00Z,
17.74,18.627,2024-01-05T20:30:00Z,2024-01-05T21:00:00Z,
17.85,18.7425,2024-01-05T21:00:00Z,2024-01-05T21:30:00Z,
17.85,18.7425,2024-01-05T21:30:00Z,2024-01-05T22:00:00Z,
17.85,18.7425,2024-01-05T22:00:00Z,2024-01-05T22:30:00Z,
14.87,15.6135,2024-01-05T22:30:00Z,2024-01-05T23:00:00Z,
15.75,16.5375,2024-01-05T23:00:00Z,2024-01-05T23:30:00Z,
17.43,18.3015,2024-01-05T23:30:00Z,2024-01-06T00:00:00Z,
17.96,18.858,2024-01-06T00:00:00Z,2024-01-06T00:30:00Z,
22.76,23.898,2024-01-06T00:30:00Z,2024-01-06T01:00:00Z,
19.95,20.9475,2024-01-06T01:00:00Z,2024-01-06T01:30:00Z,
16.59,17.4195,2024-01-06T01:30:00Z,2024-01-06T02:00:00Z,
16.25,17.0625,2024-01-06T02:00:00Z,2024-01-06T02:30:00Z,
16.19,16.9995,2024-01-06T02:30:00Z,2024-01-06T03:00:00Z,
15.46,16.233,2024-01-06T03:00:00Z,2024-01-06T03:30:00Z,
15.46,16.233,2024-01-06T03:30:00Z,2024-01-06T04:00:00Z,
15.46,16.233,2024-01-06T04:00:00Z,2024-01-06T04:30:00Z,
15.46,16.233,2024-01-06T04:30:00Z,2024-01-06T05:00:00Z,
15.46,16.233,2024-01-06T05:00:00Z,2024-01-06T05:30:00Z,
15.39,16.1595,2024-01-06T05:30:00Z,2024-01-06T06:00:00Z,
15.73,16.5165,2024-01-06T06:00:00Z,2024-01-06T06:30:00Z,
15.46,16.233,2024-01-06T06:30:00Z,2024-01-06T07:00:00Z,
16.59,17.4195,2024-01-06T07:00:00Z,2024-01-06T07:30:00Z,
17.81,18.7005,2024-01-06T07:30:00Z,2024-01-06T08:00:00Z,
17.01,17.8605,2024-01-06T08:00:00Z,2024-01-06T08:30:00Z,
17.96,18.858,2024-01-06T08:30:00Z,2024-01-06T09:00:00Z,
16.95,17.7975,2024-01-06T09:00:00Z,2024-01-06T09:30:00Z,
18.77,19.7085,2024-01-06T09:30:00Z,2024-01-06T10:00:00Z,
18.48,19.404,2024-01-06T10:00:00Z,2024-01-06T10:30:00Z,
18.27,19.1835,2024-01-06T10:30:00Z,2024-01-06T11:00:00Z,
18.23,19.1415,2024-01-06T11:00:00Z,2024-01-06T11:30:00Z,
20.16,21.168,2024-01-06T11:30:00Z,2024-01-06T12:00:00Z,
18.4,19.32,2024-01-06T12:00:00Z,2024-01-06T12:30:00Z,
18.56,19.488,2024-01-06T12:30:00Z,2024-01-06T13:00:00Z,
19.74,20.727,2024-01-06T13:00:00Z,2024-01-06T13:30:00Z,
15.56,16.338,2024-01-06T13:30:00Z,2024-01-06T14:00:00Z,
17.22,18.081,2024-01-06T14:00:00Z,2024-01-06T14:30:00Z,
15.96,16.758,2024-01-06T14:30:00Z,2024-01-06T15:00:00Z,
17.43,18.3015,2024-01-06T15:00:00Z,2024-01-06T15:30:00Z,
20.52,21.546,2024-01-06T15:30:00Z,2024-01-06T16:00:00Z,
30.34,31.857,2024-01-06T16:00:00Z,2024-01-06T16:30:00Z,
37.15,39.0075,2024-01-06T16:30:00Z,2024-01-06T17:00:00Z,
35.05,36.8025,2024-01-06T17:00:00Z,2024-01-06T17:30:00Z,
34.84,36.582,2024-01-06T17:30:00Z,2024-01-06T18:00:00Z,
37.15,39.0075,2024-01-06T18:00:00Z,2024-01-06T18:30:00Z,
32.95,34.5975,2024-01-06T18:30:00Z,2024-01-06T19:00:00Z,
21.59,22.6695,2024-01-06T19:00:00Z,2024-01-06T19:30:00Z,
16.84,17.682,2024-01-06T19:30:00Z,2024-01-06T20:00:00Z,
20.79,21.8295,2024-01-06T20:00:00Z,2024-01-06T20:30:00Z,
17.22,18.081,2024-01-06T20:30:00Z,2024-01-06T21:00:00Z,
20.35,21.3675,2024-01-06T21:00:00Z,2024-01-06T21:30:00Z,
17.43,18.3015,2024-01-06T21:30:00Z,2024-01-06T22:00:00Z,
19.95,20.9475,2024-01-06T22:00:00Z,2024-01-06T22:30:00Z,
15.96,16.758,2024-01-06T22:30:00Z,2024-01-06T23:00:00Z,
15.12,15.876,2024-01-06T23:00:00Z,2024-01-06T23:30:00Z,
17.66,18.543,2024-01-06T23:30:00Z,2024-01-07T00:00:00Z,
14.8,15.54,2024-01-07T00:00:00Z,2024-01-07T00:30:00Z,
18.9,19.845,2024-01-07T00:30:00Z,2024-01-07T01:00:00Z,
18.31,19.2255,2024-01-07T01:00:00Z,2024-01-07T01:30:00Z,
16.8,17.64,2024-01-07T01:30:00Z,2024-01-07T02:00:00Z,
15.62,16.401,2024-01-07T02:00:00Z,2024-01-07T02:30:00Z,
14.7,15.435,2024-01-07T02:30:00Z,2024-01-07T03:00:00Z,
15.35,16.1175,2024-01-07T03:00:00Z,2024-01-07T03:30:00Z,
14.7,15.435,2024-01-07T03:30:00Z,2024-01-07T04:00:00Z,
14.8,15.54,2024-01-07T04:00:00Z,2024-01-07T04:30:00Z,
13.42,14.091,2024-01-07T04:30:00Z,2024-01-07T05:00:00Z,
15.41,16.1805,2024-01-07T05:00:00Z,2024-01-07T05:30:00Z,
14.68,15.414,2024-01-07T05:30:00Z,2024-01-07T06:00:00Z,
15.96,16.758,2024-01-07T06:00:00Z,2024-01-07T06:30:00Z,
15.41,16.1805,2024-01-07T06:30:00Z,2024-01-07T07:00:00Z,
17.03,17.8815,2024-01-07T07:00:00Z,2024-01-07T07:30:00Z,
17.3,18.165,2024-01-07T07:30:00Z,2024-01-07T08:00:00Z,
17.85,18.7425,2024-01-07T08:00:00Z,2024-01-07T08:30:00Z,
18.9,19.845,2024-01-07T08:30:00Z,2024-01-07T09:00:00Z,
16.76,17.598,2024-01-07T09:00:00Z,2024-01-07T09:30:00Z,
17.64,18.522,2024-01-07T09:30:00Z,2024-01-07T10:00:00Z,
17.81,18.7005,2024-01-07T10:00:00Z,2024-01-07T10:30:00Z,
17.22,18.081,2024-01-07T10:30:00Z,2024-01-07T11:00:00Z,
16.13,16.9365,2024-01-07T11:00:00Z,2024-01-07T11:30:00Z,
17.87,18.7635,2024-01-07T11:30:00Z,2024-01-07T12:00:00Z,
19.82,20.811,2024-01-07T12:00:00Z,2024-01-07T12:30:00Z,
19.42,20.391,2024-01-07T12:30:00Z,2024-01-07T13:00:00Z,
21.84,22.932,2024-01-07T13:00:00Z,2024-01-07T13:30:00Z,
19.32,20.286,2024-01-07T13:30:00Z,2024-01-07T14:00:00Z,
19.74,20.727,2024-01-07T14:00:00Z,2024-01-07T14:30:00Z,
16.38,17.199,2024-01-07T14:30:00Z,2024-01-07T15:00:00Z,
18.54,19.467,2024-01-07T15:00:00Z,2024-01-07T15:30:00Z,
20.48,21.504,2024-01-07T15:30:00Z,2024-01-07T16:00:00Z,
34.0,35.7,2024-01-07T16:00:00Z,2024-01-07T16:30:00Z,
35.68,37.464,2024-01-07T16:30:00Z,2024-01-07T17:00:00Z,
35.51,37.2855,2024-01-07T17:00:00Z,2024-01-07T17:30:00Z,
34.78,36.519,2024-01-07T17:30:00Z,2024-01-07T18:00:00Z,
34.48,36.204,2024-01-07T18:00:00Z,2024-01-07T18:30:00Z,
33.37,35.0385,2024-01-07T18:30:00Z,2024-01-07T19:00:00Z,
20.92,21.966,2024-01-07T19:00:00Z,2024-01-07T19:30:00Z,
17.85,18.7425,2024-01-07T19:30:00Z,2024-01-07T20:00:00Z,
17.81,18.7005,2024-01-07T20:00:00Z,2024-01-07T20:30:00Z,
18.71,19.6455,2024-01-07T20:30:00Z,2024-01-07T21:00:00Z,
19.22,20.181,2024-01-07T21:00:00Z,2024-01-07T21:30:00Z,
16.82,17.661,2024-01-07T21:30:00Z,2024-01-07T22:00:00Z,
16.19,16.9995,2024-01-07T22:00:00Z,2024-01-07T22:30:00Z,
15.77,16.5585,2024-01-07T22:30:00Z,2024-01-07T23:00:00Z,
17.64,18.522,2024-01-07T23:00:00Z,2024-01-07T23:30:00Z,
16.59,17.4195,2024-01-07T23:30:00Z,2024-01-08T00:00:00Z,
15.2,15.96,2024-01-08T00:00:00Z,2024-01-08T00:30:00Z,
18.96,19.908,2024-01-08T00:30:00Z,2024-01-08T01:00:00Z,
16.28,17.094,2024-01-08T01:00:00Z,2024-01-08T01:30:00Z,
17.14,17.997,2024-01-08T01:30:00Z,2024-01-08T02:00:00Z,
17.07,17.9235,2024-01-08T02:00:00Z,2024-01-08T02:30:00Z,
15.75,16.5375,2024-01-08T02:30:00Z,2024-01-08T03:00:00Z,
16.17,16.9785,2024-01-08T03:00:00Z,2024-01-08T03:30:00Z,
15.27,16.0335,2024-01-08T03:30:00Z,2024-01-08T04:00:00Z,
16.82,17.661,2024-01-08T04:00:00Z,2024-01-08T04:30:00Z,
14.87,15.6135,2024-01-08T04:30:00Z,2024-01-08T05:00:00Z,
16.8,17.64,2024-01-08T05:00:00Z,2024-01-08T05:30:00Z,
15.12,15.876,2024-01-08T05:30:00Z,2024-01-08T06:00:00Z,
18.98,19.929,2024-01-08T06:00:00Z,2024-01-08T06:30:00Z,
17.45,18.3225,2024-01-08T06:30:00Z,2024-01-08T07:00:00Z,
18.14,19.047,2024-01-08T07:00:00Z,2024-01-08T07:30:00Z,
21.94,23.037,2024-01-08T07:30:00Z,2024-01-08T08:00:00Z,
19.32,20.286,2024-01-08T08:00:00Z,2024-01-08T08:30:00Z,
20.58,21.609,2024-01-08T08:30:00Z,2024-01-08T09:00:00Z,
19.78,20.769,2024-01-08T09:00:00Z,2024-01-08T09:30:00Z,
19.32,20.286,2024-01-08T09:30:00Z,2024-01-08T10:00:00Z,
18.9,19.845,2024-01-08T10:00:00Z,2024-01-08T10:30:00Z,
18.38,19.299,2024-01-08T10:30:00Z,2024-01-08T11:00:00Z,
16.85,17.6925,2024-01-08T11:00:00Z,2024-01-08T11:30:00Z,
16.96,17.808,2024-01-08T11:30:00Z,2024-01-08T12:00:00Z,
17.85,18.7425,2024-01-08T12:00:00Z,2024-01-08T12:30:00Z,
17.32,18.186,2024-01-08T12:30:00Z,2024-01-08T13:00:00Z,
18.73,19.6665,2024-01-08T13:00:00Z,2024-01-08T13:30:00Z,
17.81,18.7005,2024-01-08T13:30:00Z,2024-01-08T14:00:00Z,
19.34,20.307,2024-01-08T14:00:00Z,2024-01-08T14:30:00Z,
18.5,19.425,2024-01-08T14:30:00Z,2024-01-08T15:00:00Z,
21.0,22.05,2024-01-08T15:00:00Z,2024-01-08T15:30:00Z,
22.05,23.1525,2024-01-08T15:30:00Z,2024-01-08T16:00:00Z,
35.51,37.2855,2024-01-08T16:00:00Z,2024-01-08T16:30:00Z,
38.2,40.11,2024-01-08T16:30:00Z,2024-01-08T17:00:00Z,
35.26,37.023,2024-01-08T17:00:00Z,2024-01-08T17:30:00Z,
35.47,37.2435,2024-01-08T17:30:00Z,2024-01-08T18:00:00Z,
35.68,37.464,2024-01-08T18:00:00Z,2024-01-08T18:30:00Z,
33.5,35.175,2024-01-08T18:30:00Z,2024-01-08T19:00:00Z,
20.16,21.168,2024-01-08T19:00:00Z,2024-01-08T19:30:00Z,
17.81,18.7005,2024-01-08T19:30:00Z,2024-01-08T20:00:00Z,
17.84,18.732,2024-01-08T20:00:00Z,2024-01-08T20:30:00Z,
18.69,19.6245,2024-01-08T20:30:00Z,2024-01-08T21:00:00Z,
18.16,19.068,2024-01-08T21:00:00Z,2024-01-08T21:30:00Z,
16.4,17.22,2024-01-08T21:30:00Z,2024-01-08T22:00:00Z,
16.59,17.4195,2024-01-08T22:00:00Z,2024-01-08T22:30:00Z,
15.54,16.317,2024-01-08T22:30:00Z,2024-01-08T23:00:00Z,
14.76,15.498,2024-01-08T23:00:00Z,2024-01-08T23:30:00Z,
14.49,15.2145,2024-01-08T23:30:00Z,2024-01-09T00:00:00Z,
14.49,15.2145,2024-01-09T00:00:00Z,2024-01-09T00:30:00Z,
15.16,15.918,2024-01-09T00:30:00Z,2024-01-09T01:00:00Z,
15.2,15.96,2024-01-09T01:00:00Z,2024-01-09T01:30:00Z,
14.49,15.2145,2024-01-09T01:30:00Z,2024-01-09T02:00:00Z,
15.04,15.792,2024-01-09T02:00:00Z,2024-01-09T02:30:00Z,
14.49,15.2145,2024-01-09T02:30:00Z,2024-01-09T03:00:00Z,
14.74,15.477,2024-01-09T03:00:00Z,2024-01-09T03:30:00Z,
14.19,14.8995,2024-01-09T03:30:00Z,2024-01-09T04:00:00Z,
15.5,16.275,2024-01-09T04:00:00Z,2024-01-09T04:30:00Z,
14.64,15.372,2024-01-09T04:30:00Z,2024-01-09T05:00:00Z,
14.91,15.6555,2024-01-09T05:00:00Z,2024-01-09T05:30:00Z,
14.49,15.2145,2024-01-09T05:30:00Z,2024-01-09T06:00:00Z,
14.49,15.2145,2024-01-09T06:00:00Z,2024-01-09T06:30:00Z,
15.96,16.758,2024-01-09T06:30:00Z,2024-01-09T07:00:00Z,
18.06,18.963,2024-01-09T07:00:00Z,2024-01-09T07:30:00Z,
22.05,23.1525,2024-01-09T07:30:00Z,2024-01-09T08:00:00Z,
20.15,21.1575,2024-01-09T08:00:00Z,2024-01-09T08:30:00Z,
22.05,23.1525,2024-01-09T08:30:00Z,2024-01-09T09:00:00Z,
19.05,20.0025,2024-01-09T09:00:00Z,2024-01-09T09:30:00Z,
18.92,19.866,2024-01-09T09:30:00Z,2024-01-09T10:00:00Z,
18.69,19.6245,2024-01-09T10:00:00Z,2024-01-09T10:30:00Z,
18.27,19.1835,2024-01-09T10:30:00Z,2024-01-09T11:00:00Z,
17.62,18.501,2024-01-09T11:00:00Z,2024-01-09T11:30:00Z,
17.96,18.858,2024-01-09T11:30:00Z,2024-01-09T12:00:00Z,
17.51,18.3855,2024-01-09T12:00:00Z,2024-01-09T12:30:00Z,
17.51,18.3855,2024-01-09T12:30:00Z,2024-01-09T13:00:00Z,
18.52,19.446,2024-01-09T13:00:00Z,2024-01-09T13:30:00Z,
17.16,18.018,2024-01-09T13:30:00Z,2024-01-09T14:00:00Z,
19.49,20.4645,2024-01-09T14:00:00Z,2024-01-09T14:30:00Z,
19.3,20.265,2024-01-09T14:30:00Z,2024-01-09T15:00:00Z,
18.27,19.1835,2024-01-09T15:00:00Z,2024-01-09T15:30:00Z,
23.18,24.339,2024-01-09T15:30:00Z,2024-01-09T16:00:00Z,
36.44,38.262,2024-01-09T16:00:00Z,2024-01-09T16:30:00Z,
38.52,40.446,2024-01-09T16:30:00Z,2024-01-09T17:00:00Z,
36.46,38.283,2024-01-09T17:00:00Z,2024-01-09T17:30:00Z,
34.82,36.561,2024-01-09T17:30:00Z,2024-01-09T18:00:00Z,
36.94,38.787,2024-01-09T18:00:00Z,2024-01-09T18:30:00Z,
36.54,38.367,2024-01-09T18:30:00Z,2024-01-09T19:00:00Z,
22.45,23.5725,2024-01-09T19:00:00Z,2024-01-09T19:30:00Z,
21.06,22.113,2024-01-09T19:30:00Z,2024-01-09T20:00:00Z,
20.37,21.3885,2024-01-09T20:00:00Z,2024-01-09T20:30:00Z,
17.01,17.8605,2024-01-09T20:30:00Z,2024-01-09T21:00:00Z,
18.29,19.2045,2024-01-09T21:00:00Z,2024-01-09T21:30:00Z,
15.96,16.758,2024-01-09T21:30:00Z,2024-01-09T22:00:00Z,
17.01,17.8605,2024-01-09T22:00:00Z,2024-01-09T22:30:00Z,
14.64,15.372,2024-01-09T22:30:00Z,2024-01-09T23:00:00Z,
14.45,15.1725,2024-01-09T23:00:00Z,2024-01-09T23:30:00Z,
14.18,14.889,2024-01-09T23:30:00Z,2024-01-10T00:00:00Z,
14.09,14.7945,2024-01-10T00:00:00Z,2024-01-10T00:30:00Z,
16.38,17.199,2024-01-10T00:30:00Z,2024-01-10T01:00:00Z,
14.85,15.5925,2024-01-10T01:00:00Z,2024-01-10T01:30:00Z,
14.32,15.036,2024-01-10T01:30:00Z,2024-01-10T02:00:00Z,
14.32,15.036,2024-01-10T02:00:00Z,2024-01-10T02:30:00Z,
14.32,15.036,2024-01-10T02:30:00Z,2024-01-10T03:00:00Z,
14.32,15.036,2024-01-10T03:00:00Z,2024-01-10T03:30:00Z,
14.18,14.889,2024-01-10T03:30:00Z,2024-01-10T04:00:00Z,
14.83,15.5715,2024-01-10T04:00:00Z,2024-01-10T04:30:00Z,
14.24,14.952,2024-01-10T04:30:00Z,2024-01-10T05:00:00Z,
14.07,14.7735,2024-01-10T05:00:00Z,2024-01-10T05:30:00Z,
14.32,15.036,2024-01-10T05:30:00Z,2024-01-10T06:00:00Z,
15.79,16.5795,2024-01-10T06:00:00Z,2024-01-10T06:30:00Z,
19.91,20.9055,2024-01-10T06:30:00Z,2024-01-10T07:00:00Z,
22.7,23.835,2024-01-10T07:00:00Z,2024-01-10T07:30:00Z,
23.88,25.074,2024-01-10T07:30:00Z,2024-01-10T08:00:00Z,
22.89,24.0345,2024-01-10T08:00:00Z,2024-01-10T08:30:00Z,
24.57,25.7985,2024-01-10T08:30:00Z,2024-01-10T09:00:00Z,
21.19,22.2495,2024-01-10T09:00:00Z,2024-01-10T09:30:00Z,
21.02,22.071,2024-01-10T09:30:00Z,2024-01-10T10:00:00Z,
20.58,21.609,2024-01-10T10:00:00Z,2024-01-10T10:30:00Z,
20.16,21.168,2024-01-10T10:30:00Z,2024-01-10T11:00:00Z,
19.95,20.9475,2024-01-10T11:00:00Z,2024-01-10T11:30:00Z,
20.58,21.609,2024-01-10T11:30:00Z,2024-01-10T12:00:00Z,
20.16,21.168,2024-01-10T12:00:00Z,2024-01-10T12:30:00Z,
18.9,19.845,2024-01-10T12:30:00Z,2024-01-10T13:00:00Z,
19.32,20.286,2024-01-10T13:00:00Z,2024-01-10T13:30:00Z,
16.67,17.5035,2024-01-10T13:30:00Z,2024-01-10T14:00:00Z,
21.0,22.05,2024-01-10T14:00:00Z,2024-01-10T14:30:00Z,
21.0,22.05,2024-01-10T14:30:00Z,2024-01-10T15:00:00Z,
22.51,23.6355,2024-01-10T15:00:00Z,2024-01-10T15:30:00Z,
24.68,25.914,2024-01-10T15:30:00Z,2024-01-10T16:00:00Z,
36.94,38.787,2024-01-10T16:00:00Z,2024-01-10T16:30:00Z,
38.91,40.8555,2024-01-10T16:30:00Z,2024-01-10T17:00:00Z,
37.17,39.0285,2024-01-10T17:00:00Z,2024-01-10T17:30:00Z,
37.78,39.669,2024-01-10T17:30:00Z,2024-01-10T18:00:00Z,
37.36,39.228,2024-01-10T18:00:00Z,2024-01-10T18:30:00Z,
37.0,38.85,2024-01-10T18:30:00Z,2024-01-10T19:00:00Z,
22.85,23.9925,2024-01-10T19:00:00Z,2024-01-10T19:30:00Z,
22.05,23.1525,2024-01-10T19:30:00Z,2024-01-10T20:00:00Z,
20.06,21.063,2024-01-10T20:00:00Z,2024-01-10T20:30:00Z,
18.8,19.74,2024-01-10T20:30:00Z,2024-01-10T21:00:00Z,
21.42,22.491,2024-01-10T21:00:00Z,2024-01-10T21:30:00Z,
18.12,19.026,2024-01-10T21:30:00Z,2024-01-10T22:00:00Z,
16.82,17.661,2024-01-10T22:00:00Z,2024-01-10T22:30:00Z,
15.46,16.233,2024-01-10T22:30:00Z,2024-01-10T23:00:00Z,
17.35,18.2175,2024-01-10T23:00:00Z,2024-01-10T23:30:00Z,
15.79,16.5795,2024-01-10T23:30:00Z,2024-01-11T00:00:00Z,
14.43,15.1515,2024-01-11T00:00:00Z,2024-01-11T00:30:00Z,
16.51,17.3355,2024-01-11T00:30:00Z,2024-01-11T01:00:00Z,
15.54,16.317,2024-01-11T01:00:00Z,2024-01-11T01:30:00Z,
14.68,15.414,2024-01-11T01:30:00Z,2024-01-11T02:00:00Z,
15.48,16.254,2024-01-11T02:00:00Z,2024-01-11T02:30:00Z,
14.51,15.2355,2024-01-11T02:30:00Z,2024-01-11T03:00:00Z,
15.56,16.338,2024-01-11T03:00:00Z,2024-01-11T03:30:00Z,
14.74,15.477,2024-01-11T03:30:00Z,2024-01-11T04:00:00Z,
15.56,16.338,2024-01-11T04:00:00Z,2024-01-11T04:30:00Z,
14.7,15.435,2024-01-11T04:30:00Z,2024-01-11T05:00:00Z,
15.54,16.317,2024-01-11T05:00:00Z,2024-01-11T05:30:00Z,
15.75,16.5375,2024-01-11T05:30:00Z,2024-01-11T06:00:00Z,
17.81,18.7005,2024-01-11T06:00:00Z,2024-01-11T06:30:00Z,
21.42,22.491,2024-01-11T06:30:00Z,2024-01-11T07:00:00Z,
22.34,23.457,2024-01-11T07:00:00Z,2024-01-11T07:30:00Z,
24.7,25.935,2024-01-11T07:30:00Z,2024-01-11T08:00:00Z,
19.32,20.286,2024-01-11T08:00:00Z,2024-01-11T08:30:00Z,
22.68,23.814,2024-01-11T08:30:00Z,2024-01-11T09:00:00Z,
21.44,22.512,2024-01-11T09:00:00Z,2024-01-11T09:30:00Z,
20.6,21.63,2024-01-11T09:30:00Z,2024-01-11T10:00:00Z,
20.16,21.168,2024-01-11T10:00:00Z,2024-01-11T10:30:00Z,
19.36,20.328,2024-01-11T10:30:00Z,2024-01-11T11:00:00Z,
18.04,18.942,2024-01-11T11:00:00Z,2024-01-11T11:30:00Z,
18.14,19.047,2024-01-11T11:30:00Z,2024-01-11T12:00:00Z,
19.42,20.391,2024-01-11T12:00:00Z,2024-01-11T12:30:00Z,
17.66,18.543,2024-01-11T12:30:00Z,2024-01-11T13:00:00Z,
19.38,20.349,2024-01-11T13:00:00Z,2024-01-11T13:30:00Z,
18.06,18.963,2024-01-11T13:30:00Z,2024-01-11T14:00:00Z,
20.83,21.8715,2024-01-11T14:00:00Z,2024-01-11T14:30:00Z,
20.29,21.3045,2024-01-11T14:30:00Z,2024-01-11T15:00:00Z,
19.3,20.265,2024-01-11T15:00:00Z,2024-01-11T15:30:00Z,
22.49,23.6145,2024-01-11T15:30:00Z,2024-01-11T16:00:00Z,
33.85,35.5425,2024-01-11T16:00:00Z,2024-01-11T16:30:00Z,
38.2,40.11,2024-01-11T16:30:00Z,2024-01-11T17:00:00Z,
36.9,38.745,2024-01-11T17:00:00Z,2024-01-11T17:30:00Z,
37.68,39.564,2024-01-11T17:30:00Z,2024-01-11T18:00:00Z,
36.86,38.703,2024-01-11T18:00:00Z,2024-01-11T18:30:00Z,
34.17,35.8785,2024-01-11T18:30:00Z,2024-01-11T19:00:00Z,
22.05,23.1525,2024-01-11T19:00:00Z,2024-01-11T19:30:00Z,
21.04,22.092,2024-01-11T19:30:00Z,2024-01-11T20:00:00Z,
21.17,22.2285,2024-01-11T20:00:00Z,2024-01-11T20:30:00Z,
18.92,19.866,2024-01-11T20:30:00Z,2024-01-11T21:00:00Z,
18.82,19.761,2024-01-11T21:00:00Z,2024-01-11T21:30:00Z,
17.7,18.585,2024-01-11T21:30:00Z,2024-01-11T22:00:00Z,
16.8,17.64,2024-01-11T22:00:00Z,2024-01-11T22:30:00Z,
14.76,15.498,2024-01-11T22:30:00Z,2024-01-11T23:00:00Z,
14.7,15.435,2024-01-11T23:00:00Z,2024-01-11T23:30:00Z,
14.55,15.2775,2024-01-11T23:30:00Z,2024-01-12T00:00:00Z,
13.96,14.658,2024-01-12T00:00:00Z,2024-01-12T00:30:00Z,
14.68,15.414,2024-01-12T00:30:00Z,2024-01-12T01:00:00Z,
14.55,15.2775,2024-01-12T01:00:00Z,2024-01-12T01:30:00Z,
14.41,15.1305,2024-01-12T01:30:00Z,2024-01-12T02:00:00Z,
14.49,15.2145,2024-01-12T02:00:00Z,2024-01-12T02:30:00Z,
14.07,14.7735,2024-01-12T02:30:00Z,2024-01-12T03:00:00Z,
14.55,15.2775,2024-01-12T03:00:00Z,2024-01-12T03:30:00Z,
14.01,14.7105,2024-01-12T03:30:00Z,2024-01-12T04:00:00Z,
14.55,15.2775,2024-01-12T04:00:00Z,2024-01-12T04:30:00Z,
14.55,15.2775,2024-01-12T04:30:00Z,2024-01-12T05:00:00Z,
14.34,15.057,2024-01-12T05:00:00Z,2024-01-12T05:30:00Z,
14.34,15.057,2024-01-12T05:30:00Z,2024-01-12T06:00:00Z,
17.77,18.6585,2024-01-12T06:00:00Z,2024-01-12T06:30:00Z,
19.91,20.9055,2024-01-12T06:30:00Z,2024-01-12T07:00:00Z,
22.89,24.0345,2024-01-12T07:00:00Z,2024-01-12T07:30:00Z,
24.19,25.3995,2024-01-12T07:30:00Z,2024-01-12T08:00:00Z,
22.7,23.835,2024-01-12T08:00:00Z,2024-01-12T08:30:00Z,
24.86,26.103,2024-01-12T08:30:00Z,2024-01-12T09:00:00Z,
22.09,23.1945,2024-01-12T09:00:00Z,2024-01-12T09:30:00Z,
22.7,23.835,2024-01-12T09:30:00Z,2024-01-12T10:00:00Z,
20.83,21.8715,2024-01-12T10:00:00Z,2024-01-12T10:30:00Z,
21.08,22.134,2024-01-12T10:30:00Z,2024-01-12T11:00:00Z,
19.53,20.5065,2024-01-12T11:00:00Z,2024-01-12T11:30:00Z,
20.08,21.084,2024-01-12T11:30:00Z,2024-01-12T12:00:00Z,
19.99,20.9895,2024-01-12T12:00:00Z,2024-01-12T12:30:00Z,
18.65,19.5825,2024-01-12T12:30:00Z,2024-01-12T13:00:00Z,
19.34,20.307,2024-01-12T13:00:00Z,2024-01-12T13:30:00Z,
17.66,18.543,2024-01-12T13:30:00Z,2024-01-12T14:00:00Z,
20.16,21.168,2024-01-12T14:00:00Z,2024-01-12T14:30:00Z,
18.94,19.887,2024-01-12T14:30:00Z,2024-01-12T15:00:00Z,
20.16,21.168,2024-01-12T15:00:00Z,2024-01-12T15:30:00Z,
21.46,22.533,2024-01-12T15:30:00Z,2024-01-12T16:00:00Z,
32.32,33.936,2024-01-12T16:00:00Z,2024-01-12T16:30:00Z,
36.1,37.905,2024-01-12T16:30:00Z,2024-01-12T17:00:00Z,
32.74,34.377,2024-01-12T17:00:00Z,2024-01-12T17:30:00Z,
33.16,34.818,2024-01-12T17:30:00Z,2024-01-12T18:00:00Z,
33.58,35.259,2024-01-12T18:00:00Z,2024-01-12T18:30:00Z,
31.9,33.495,2024-01-12T18:30:00Z,2024-01-12T19:00:00Z,
21.0,22.05,2024-01-12T19:00:00Z,2024-01-12T19:30:00Z,
18.14,19.047,2024-01-12T19:30:00Z,2024-01-12T20:00:00Z,
18.48,19.404,2024-01-12T20:00:00Z,2024-01-12T20:30:00Z,
17.72,18.606,2024-01-12T20:30:00Z,2024-01-12T21:00:00Z,
17.45,18.3225,2024-01-12T21:00:00Z,2024-01-12T21:30:00Z,
15.77,16.5585,2024-01-12T21:30:00Z,2024-01-12T22:00:00Z,
14.91,15.6555,2024-01-12T22:00:00Z,2024-01-12T22:30:00Z,
14.91,15.6555,2024-01-12T22:30:00Z,2024-01-12T23:00:00Z,
17.66,18.543,2024-01-12T23:00:00Z,2024-01-12T23:30:00Z,
16.8,17.64,2024-01-12T23:30:00Z,2024-01-13T00:00:00Z,
14.03,14.7315,2024-01-13T00:00:00Z,2024-01-13T00:30:00Z,
18.48,19.404,2024-01-13T00:30:00Z,2024-01-13T01:00:00Z,
16.13,16.9365,2024-01-13T01:00:00Z,2024-01-13T01:30:00Z,
14.7,15.435,2024-01-13T01:30:00Z,2024-01-13T02:00:00Z,
14.7,15.435,2024-01-13T02:00:00Z,2024-01-13T02:30:00Z,
14.28,14.994,2024-01-13T02:30:00Z,2024-01-13T03:00:00Z,
14.64,15.372,2024-01-13T03:00:00Z,2024-01-13T03:30:00Z,
13.65,14.3325,2024-01-13T03:30:00Z,2024-01-13T04:00:00Z,
13.86,14.553,2024-01-13T04:00:00Z,2024-01-13T04:30:00Z,
13.65,14.3325,2024-01-13T04:30:00Z,2024-01-13T05:00:00Z,
14.66,15.393,2024-01-13T05:00:00Z,2024-01-13T05:30:00Z,
14.95,15.6975,2024-01-13T05:30:00Z,2024-01-13T06:00:00Z,
15.04,15.792,2024-01-13T06:00:00Z,2024-01-13T06:30:00Z,
14.7,15.435,2024-01-13T06:30:00Z,2024-01-13T07:00:00Z,
15.64,16.422,2024-01-13T07:00:00Z,2024-01-13T07:30:00Z,
16.8,17.64,2024-01-13T07:30:00Z,2024-01-13T08:00:00Z,
16.02,16.821,2024-01-13T08:00:00Z,2024-01-13T08:30:00Z,
19.74,20.727,2024-01-13T08:30:00Z,2024-01-13T09:00:00Z,
18.06,18.963,2024-01-13T09:00:00Z,2024-01-13T09:30:00Z,
19.13,20.0865,2024-01-13T09:30:00Z,2024-01-13T10:00:00Z,
17.72,18.606,2024-01-13T10:00:00Z,2024-01-13T10:30:00Z,
17.47,18.3435,2024-01-13T10:30:00Z,2024-01-13T11:00:00Z,
14.03,14.7315,2024-01-13T11:00:00Z,2024-01-13T11:30:00Z,
14.03,14.7315,2024-01-13T11:30:00Z,2024-01-13T12:00:00Z,
14.03,14.7315,2024-01-13T12:00:00Z,2024-01-13T12:30:00Z,
14.28,14.994,2024-01-13T12:30:00Z,2024-01-13T13:00:00Z,
14.49,15.2145,2024-01-13T13:00:00Z,2024-01-13T13:30:00Z,
14.03,14.7315,2024-01-13T13:30:00Z,2024-01-13T14:00:00Z,
14.7,15.435,2024-01-13T14:00:00Z,2024-01-13T14:30:00Z,
14.7,15.435,2024-01-13T14:30:00Z,2024-01-13T15:00:00Z,
15.22,15.981,2024-01-13T15:00:00Z,2024-01-13T15:30:00Z,
17.64,18.522,2024-01-13T15:30:00Z,2024-01-13T16:00:00Z,
31.69,33.2745,2024-01-13T16:00:00Z,2024-01-13T16:30:00Z,
35.26,37.023,2024-01-13T16:30:00Z,2024-01-13T17:00:00Z,
33.58,35.259,2024-01-13T17:00:00Z,2024-01-13T17:30:00Z,
33.58,35.259,2024-01-13T17:30:00Z,2024-01-13T18:00:00Z,
32.68,34.314,2024-01-13T18:00:00Z,2024-01-13T18:30:00Z,
30.64,32.172,2024-01-13T18:30:00Z,2024-01-13T19:00:00Z,
21.94,23.037,2024-01-13T19:00:00Z,2024-01-13T19:30:00Z,
17.57,18.4485,2024-01-13T19:30:00Z,2024-01-13T20:00:00Z,
17.14,17.997,2024-01-13T20:00:00Z,2024-01-13T20:30:00Z,
16.46,17.283,2024-01-13T20:30:00Z,2024-01-13T21:00:00Z,
18.06,18.963,2024-01-13T21:00:00Z,2024-01-13T21:30:00Z,
14.7,15.435,2024-01-13T21:30:00Z,2024-01-13T22:00:00Z,
16.46,17.283,2024-01-13T22:00:00Z,2024-01-13T22:30:00Z,
14.03,14.7315,2024-01-13T22:30:00Z,2024-01-13T23:00:00Z,
14.64,15.372,2024-01-13T23:00:00Z,2024-01-13T23:30:00Z,
17.81,18.7005,2024-01-13T23:30:00Z,2024-01-14T00:00:00Z,
14.64,15.372,2024-01-14T00:00:00Z,2024-01-14T00:30:00Z,
17.64,18.522,2024-01-14T00:30:00Z,2024-01-14T01:00:00Z,
18.73,19.6665,2024-01-14T01:00:00Z,2024-01-14T01:30:00Z,
14.91,15.6555,2024-01-14T01:30:00Z,2024-01-14T02:00:00Z,
14.83,15.5715,2024-01-14T02:00:00Z,2024-01-14T02:30:00Z,
14.66,15.393,2024-01-14T02:30:00Z,2024-01-14T03:00:00Z,
15.46,16.233,2024-01-14T03:00:00Z,2024-01-14T03:30:00Z,
14.64,15.372,2024-01-14T03:30:00Z,2024-01-14T04:00:00Z,
14.64,15.372,2024-01-14T04:00:00Z,2024-01-14T04:30:00Z,
13.27,13.9335,2024-01-14T04:30:00Z,2024-01-14T05:00:00Z,
13.86,14.553,2024-01-14T05:00:00Z,2024-01-14T05:30:00Z,
13.73,14.4165,2024-01-14T05:30:00Z,2024-01-14T06:00:00Z,
14.45,15.1725,2024-01-14T06:00:00Z,2024-01-14T06:30:00Z,
13.69,14.3745,2024-01-14T06:30:00Z,2024-01-14T07:00:00Z,
14.64,15.372,2024-01-14T07:00:00Z,2024-01-14T07:30:00Z,
14.64,15.372,2024-01-14T07:30:00Z,2024-01-14T08:00:00Z,
14.64,15.372,2024-01-14T08:00:00Z,2024-01-14T08:30:00Z,
16.99,17.8395,2024-01-14T08:30:00Z,2024-01-14T09:00:00Z,
16.46,17.283,2024-01-14T09:00:00Z,2024-01-14T09:30:00Z,
19.11,20.0655,2024-01-14T09:30:00Z,2024-01-14T10:00:00Z,
16.06,16.863,2024-01-14T10:00:00Z,2024-01-14T10:30:00Z,
16.17,16.9785,2024-01-14T10:30:00Z,2024-01-14T11:00:00Z,
14.64,15.372,2024-01-14T11:00:00Z,2024-01-14T11:30:00Z,
15.39,16.1595,2024-01-14T11:30:00Z,2024-01-14T12:00:00Z,
14.64,15.372,2024-01-14T12:00:00Z,2024-01-14T12:30:00Z,
14.64,15.372,2024-01-14T12:30:00Z,2024-01-14T13:00:00Z,
18.9,19.845,2024-01-14T13:00:00Z,2024-01-14T13:30:00Z,
14.64,15.372,2024-01-14T13:30:00Z,2024-01-14T14:00:00Z,
16.46,17.283,2024-01-14T14:00:00Z,2024-01-14T14:30:00Z,
14.13,14.8365,2024-01-14T14:30:00Z,2024-01-14T15:00:00Z,
16.38,17.199,2024-01-14T15:00:00Z,2024-01-14T15:30:00Z,
18.9,19.845,2024-01-14T15:30:00Z,2024-01-14T16:00:00Z,
28.16,29.568,2024-01-14T16:00:00Z,2024-01-14T16:30:00Z,
33.16,34.818,2024-01-14T16:30:00Z,2024-01-14T17:00:00Z,
32.66,34.293,2024-01-14T17:00:00Z,2024-01-14T17:30:00Z,
31.14,32.697,2024-01-14T17:30:00Z,2024-01-14T18:00:00Z,
32.36,33.978,2024-01-14T18:00:00Z,2024-01-14T18:30:00Z,
27.64,29.022,2024-01-14T18:30:00Z,2024-01-14T19:00:00Z,
16.8,17.64,2024-01-14T19:00:00Z,2024-01-14T19:30:00Z,
15.02,15.771,2024-01-14T19:30:00Z,2024-01-14T20:00:00Z,
15.25,16.0125,2024-01-14T20:00:00Z,2024-01-14T20:30:00Z,
15.08,15.834,2024-01-14T20:30:00Z,2024-01-14T21:00:00Z,
15.75,16.5375,2024-01-14T21:00:00Z,2024-01-14T21:30:00Z,
15.02,15.771,2024-01-14T21:30:00Z,2024-01-14T22:00:00Z,
14.07,14.7735,2024-01-14T22:00:00Z,2024-01-14T22:30:00Z,
13.65,14.3325,2024-01-14T22:30:00Z,2024-01-14T23:00:00Z,
13.8,14.49,2024-01-14T23:00:00Z,2024-01-14T23:30:00Z,
14.7,15.435,2024-01-14T23:30:00Z,2024-01-15T00:00:00Z,
13.65,14.3325,2024-01-15T00:00:00Z,2024-01-15T00:30:00Z,
14.89,15.6345,2024-01-15T00:30:00Z,2024-01-15T01:00:00Z,
13.65,14.3325,2024-01-15T01:00:00Z,2024-01-15T01:30:00Z,
12.47,13.0935,2024-01-15T01:30:00Z,2024-01-15T02:00:00Z,
13.65,14.3325,2024-01-15T02:00:00Z,2024-01-15T02:30:00Z,
13.06,13.713,2024-01-15T02:30:00Z,2024-01-15T03:00:00Z,
14.15,14.8575,2024-01-15T03:00:00Z,2024-01-15T03:30:00Z,
13.8,14.49,2024-01-15T03:30:00Z,2024-01-15T04:00:00Z,
14.11,14.8155,2024-01-15T04:00:00Z,2024-01-15T04:30:00Z,
14.11,14.8155,2024-01-15T04:30:00Z,2024-01-15T05:00:00Z,
16.19,16.9995,2024-01-15T05:00:00Z,2024-01-15T05:30:00Z,
14.74,15.477,2024-01-15T05:30:00Z,2024-01-15T06:00:00Z,
16.8,17.64,2024-01-15T06:00:00Z,2024-01-15T06:30:00Z,
14.7,15.435,2024-01-15T06:30:00Z,2024-01-15T07:00:00Z,
15.14,15.897,2024-01-15T07:00:00Z,2024-01-15T07:30:00Z,
20.58,21.609,2024-01-15T07:30:00Z,2024-01-15T08:00:00Z,
17.47,18.3435,2024-01-15T08:00:00Z,2024-01-15T08:30:00Z,
17.79,18.6795,2024-01-15T08:30:00Z,2024-01-15T09:00:00Z,
17.47,18.3435,2024-01-15T09:00:00Z,2024-01-15T09:30:00Z,
17.43,18.3015,2024-01-15T09:30:00Z,2024-01-15T10:00:00Z,
17.16,18.018,2024-01-15T10:00:00Z,2024-01-15T10:30:00Z,
14.28,14.994,2024-01-15T10:30:00Z,2024-01-15T11:00:00Z,
15.5,16.275,2024-01-15T11:00:00Z,2024-01-15T11:30:00Z,
16.38,17.199,2024-01-15T11:30:00Z,2024-01-15T12:00:00Z,
16.57,17.3985,2024-01-15T12:00:00Z,2024-01-15T12:30:00Z,
16.8,17.64,2024-01-15T12:30:00Z,2024-01-15T13:00:00Z,
15.78,16.569,2024-01-15T13:00:00Z,2024-01-15T13:30:00Z,
14.11,14.8155,2024-01-15T13:30:00Z,2024-01-15T14:00:00Z,
16.8,17.64,2024-01-15T14:00:00Z,2024-01-15T14:30:00Z,
16.57,17.3985,2024-01-15T14:30:00Z,2024-01-15T15:00:00Z,
14.11,14.8155,2024-01-15T15:00:00Z,2024-01-15T15:30:00Z,
20.34,21.357,2024-01-15T15:30:00Z,2024-01-15T16:00:00Z,
29.13,30.5865,2024-01-15T16:00:00Z,2024-01-15T16:30:00Z,
35.41,37.1805,2024-01-15T16:30:00Z,2024-01-15T17:00:00Z,
33.71,35.3955,2024-01-15T17:00:00Z,2024-01-15T17:30:00Z,
34.55,36.2775,2024-01-15T17:30:00Z,2024-01-15T18:00:00Z,
34.63,36.3615,2024-01-15T18:00:00Z,2024-01-15T18:30:00Z,
35.18,36.939,2024-01-15T18:30:00Z,2024-01-15T19:00:00Z,
21.5,22.575,2024-01-15T19:00:00Z,2024-01-15T19:30:00Z,
20.16,21.168,2024-01-15T19:30:00Z,2024-01-15T20:00:00Z,
21.5,22.575,2024-01-15T20:00:00Z,2024-01-15T20:30:00Z,
17.72,18.606,2024-01-15T20:30:00Z,2024-01-15T21:00:00Z,
20.71,21.7455,2024-01-15T21:00:00Z,2024-01-15T21:30:00Z,
15.88,16.674,2024-01-15T21:30:00Z,2024-01-15T22:00:00Z,
15.75,16.5375,2024-01-15T22:00:00Z,2024-01-15T22:30:00Z,
14.91,15.6555,2024-01-15T22:30:00Z,2024-01-15T23:00:00Z,
14.53,15.2565,2024-01-15T23:00:00Z,2024-01-15T23:30:00Z,
13.4,14.07,2024-01-15T23:30:00Z,2024-01-16T00:00:00Z,
12.64,13.272,2024-01-16T00:00:00Z,2024-01-16T00:30:00Z,
14.26,14.973,2024-01-16T00:30:00Z,2024-01-16T01:00:00Z,
14.49,15.2145,2024-01-16T01:00:00Z,2024-01-16T01:30:00Z,
14.28,14.994,2024-01-16T01:30:00Z,2024-01-16T02:00:00Z,
14.45,15.1725,2024-01-16T02:00:00Z,2024-01-16T02:30:00Z,
14.03,14.7315,2024-01-16T02:30:00Z,2024-01-16T03:00:00Z,
15.33,16.0965,2024-01-16T03:00:00Z,2024-01-16T03:30:00Z,
14.07,14.7735,2024-01-16T03:30:00Z,2024-01-16T04:00:00Z,
14.83,15.5715,2024-01-16T04:00:00Z,2024-01-16T04:30:00Z,
12.81,13.4505,2024-01-16T04:30:00Z,2024-01-16T05:00:00Z,
15.77,16.5585,2024-01-16T05:00:00Z,2024-01-16T05:30:00Z,
15.54,16.317,2024-01-16T05:30:00Z,2024-01-16T06:00:00Z,
17.7,18.585,2024-01-16T06:00:00Z,2024-01-16T06:30:00Z,
20.83,21.8715,2024-01-16T06:30:00Z,2024-01-16T07:00:00Z,
22.91,24.0555,2024-01-16T07:00:00Z,2024-01-16T07:30:00Z,
23.52,24.696,2024-01-16T07:30:00Z,2024-01-16T08:00:00Z,
23.18,24.339,2024-01-16T08:00:00Z,2024-01-16T08:30:00Z,
23.86,25.053,2024-01-16T08:30:00Z,2024-01-16T09:00:00Z,
22.76,23.898,2024-01-16T09:00:00Z,2024-01-16T09:30:00Z,
22.18,23.289,2024-01-16T09:30:00Z,2024-01-16T10:00:00Z,
21.21,22.2705,2024-01-16T10:00:00Z,2024-01-16T10:30:00Z,
19.95,20.9475,2024-01-16T10:30:00Z,2024-01-16T11:00:00Z,
18.27,19.1835,2024-01-16T11:00:00Z,2024-01-16T11:30:00Z,
17.74,18.627,2024-01-16T11:30:00Z,2024-01-16T12:00:00Z,
17.43,18.3015,2024-01-16T12:00:00Z,2024-01-16T12:30:00Z,
16.97,17.8185,2024-01-16T12:30:00Z,2024-01-16T13:00:00Z,
17.85,18.7425,2024-01-16T13:00:00Z,2024-01-16T13:30:00Z,
17.22,18.081,2024-01-16T13:30:00Z,2024-01-16T14:00:00Z,
18.9,19.845,2024-01-16T14:00:00Z,2024-01-16T14:30:00Z,
18.61,19.5405,2024-01-16T14:30:00Z,2024-01-16T15:00:00Z,
18.82,19.761,2024-01-16T15:00:00Z,2024-01-16T15:30:00Z,
20.37,21.3885,2024-01-16T15:30:00Z,2024-01-16T16:00:00Z,
34.42,36.141,2024-01-16T16:00:00Z,2024-01-16T16:30:00Z,
35.68,37.464,2024-01-16T16:30:00Z,2024-01-16T17:00:00Z,
34.67,36.4035,2024-01-16T17:00:00Z,2024-01-16T17:30:00Z,
34.57,36.2985,2024-01-16T17:30:00Z,2024-01-16T18:00:00Z,
33.62,35.301,2024-01-16T18:00:00Z,2024-01-16T18:30:00Z,
32.78,34.419,2024-01-16T18:30:00Z,2024-01-16T19:00:00Z,
18.9,19.845,2024-01-16T19:00:00Z,2024-01-16T19:30:00Z,
17.22,18.081,2024-01-16T19:30:00Z,2024-01-16T20:00:00Z,
16.82,17.661,2024-01-16T20:00:00Z,2024-01-16T20:30:00Z,
16.02,16.821,2024-01-16T20:30:00Z,2024-01-16T21:00:00Z,
16.03,16.8315,2024-01-16T21:00:00Z,2024-01-16T21:30:00Z,
13.44,14.112,2024-01-16T21:30:00Z,2024-01-16T22:00:00Z,
14.2,14.91,2024-01-16T22:00:00Z,2024-01-16T22:30:00Z,
12.81,13.4505,2024-01-16T22:30:00Z,2024-01-16T23:00:00Z,
13.23,13.8915,2024-01-16T23:00:00Z,2024-01-16T23:30:00Z,
12.6,13.23,2024-01-16T23:30:00Z,2024-01-17T00:00:00Z,
12.92,13.566,2024-01-17T00:00:00Z,2024-01-17T00:30:00Z,
14.28,14.994,2024-01-17T00:30:00Z,2024-01-17T01:00:00Z,
13.76,14.448,2024-01-17T01:00:00Z,2024-01-17T01:30:00Z,
13.67,14.3535,2024-01-17T01:30:00Z,2024-01-17T02:00:00Z,
12.96,13.608,2024-01-17T02:00:00Z,2024-01-17T02:30:00Z,
13.15,13.8075,2024-01-17T02:30:00Z,2024-01-17T03:00:00Z,
13.67,14.3535,2024-01-17T03:00:00Z,2024-01-17T03:30:00Z,
13.67,14.3535,2024-01-17T03:30:00Z,2024-01-17T04:00:00Z,
14.78,15.519,2024-01-17T04:00:00Z,2024-01-17T04:30:00Z,
13.31,13.9755,2024-01-17T04:30:00Z,2024-01-17T05:00:00Z,
13.65,14.3325,2024-01-17T05:00:00Z,2024-01-17T05:30:00Z,
13.67,14.3535,2024-01-17T05:30:00Z,2024-01-17T06:00:00Z,
14.86,15.603,2024-01-17T06:00:00Z,2024-01-17T06:30:00Z,
17.81,18.7005,2024-01-17T06:30:00Z,2024-01-17T07:00:00Z,
15.14,15.897,2024-01-17T07:00:00Z,2024-01-17T07:30:00Z,
20.16,21.168,2024-01-17T07:30:00Z,2024-01-17T08:00:00Z,
16.32,17.136,2024-01-17T08:00:00Z,2024-01-17T08:30:00Z,
19.0,19.95,2024-01-17T08:30:00Z,2024-01-17T09:00:00Z,
20.08,21.084,2024-01-17T09:00:00Z,2024-01-17T09:30:00Z,
20.16,21.168,2024-01-17T09:30:00Z,2024-01-17T10:00:00Z,
21.08,22.134,2024-01-17T10:00:00Z,2024-01-17T10:30:00Z,
20.16,21.168,2024-01-17T10:30:00Z,2024-01-17T11:00:00Z,
20.65,21.6825,2024-01-17T11:00:00Z,2024-01-17T11:30:00Z,
20.83,21.8715,2024-01-17T11:30:00Z,2024-01-17T12:00:00Z,
21.17,22.2285,2024-01-17T12:00:00Z,2024-01-17T12:30:00Z,
20.16,21.168,2024-01-17T12:30:00Z,2024-01-17T13:00:00Z,
21.17,22.2285,2024-01-17T13:00:00Z,2024-01-17T13:30:00Z,
18.9,19.845,2024-01-17T13:30:00Z,2024-01-17T14:00:00Z,
20.78,21.819,2024-01-17T14:00:00Z,2024-01-17T14:30:00Z,
21.21,22.2705,2024-01-17T14:30:00Z,2024-01-17T15:00:00Z,
19.72,20.706,2024-01-17T15:00:00Z,2024-01-17T15:30:00Z,
22.26,23.373,2024-01-17T15:30:00Z,2024-01-17T16:00:00Z,
33.16,34.818,2024-01-17T16:00:00Z,2024-01-17T16:30:00Z,
35.78,37.569,2024-01-17T16:30:00Z,2024-01-17T17:00:00Z,
33.49,35.1645,2024-01-17T17:00:00Z,2024-01-17T17:30:00Z,
35.26,37.023,2024-01-17T17:30:00Z,2024-01-17T18:00:00Z,
34.0,35.7,2024-01-17T18:00:00Z,2024-01-17T18:30:00Z,
34.21,35.9205,2024-01-17T18:30:00Z,2024-01-17T19:00:00Z,
21.65,22.7325,2024-01-17T19:00:00Z,2024-01-17T19:30:00Z,
19.26,20.223,2024-01-17T19:30:00Z,2024-01-17T20:00:00Z,
19.82,20.811,2024-01-17T20:00:00Z,2024-01-17T20:30:00Z,
16.38,17.199,2024-01-17T20:30:00Z,2024-01-17T21:00:00Z,
16.75,17.5875,2024-01-17T21:00:00Z,2024-01-17T21:30:00Z,
16.38,17.199,2024-01-17T21:30:00Z,2024-01-17T22:00:00Z,
16.36,17.178,2024-01-17T22:00:00Z,2024-01-17T22:30:00Z,
14.22,14.931,2024-01-17T22:30:00Z,2024-01-17T23:00:00Z,
13.65,14.3325,2024-01-17T23:00:00Z,2024-01-17T23:30:00Z,
14.18,14.889,2024-01-17T23:30:00Z,2024-01-18T00:00:00Z,
13.46,14.133,2024-01-18T00:00:00Z,2024-01-18T00:30:00Z,
18.29,19.2045,2024-01-18T00:30:00Z,2024-01-18T01:00:00Z,
16.8,17.64,2024-01-18T01:00:00Z,2024-01-18T01:30:00Z,
13.92,14.616,2024-01-18T01:30:00Z,2024-01-18T02:00:00Z,
13.02,13.671,2024-01-18T02:00:00Z,2024-01-18T02:30:00Z,
12.92,13.566,2024-01-18T02:30:00Z,2024-01-18T03:00:00Z,
12.92,13.566,2024-01-18T03:00:00Z,2024-01-18T03:30:00Z,
12.6,13.23,2024-01-18T03:30:00Z,2024-01-18T04:00:00Z,
13.23,13.8915,2024-01-18T04:00:00Z,2024-01-18T04:30:00Z,
12.68,13.314,2024-01-18T04:30:00Z,2024-01-18T05:00:00Z,
14.38,15.099,2024-01-18T05:00:00Z,2024-01-18T05:30:00Z,
13.02,13.671,2024-01-18T05:30:00Z,2024-01-18T06:00:00Z,
13.88,14.574,2024-01-18T06:00:00Z,2024-01-18T06:30:00Z,
15.54,16.317,2024-01-18T06:30:00Z,2024-01-18T07:00:00Z,
18.69,19.6245,2024-01-18T07:00:00Z,2024-01-18T07:30:00Z,
19.95,20.9475,2024-01-18T07:30:00Z,2024-01-18T08:00:00Z,
20.16,21.168,2024-01-18T08:00:00Z,2024-01-18T08:30:00Z,
20.16,21.168,2024-01-18T08:30:00Z,2024-01-18T09:00:00Z,
20.08,21.084,2024-01-18T09:00:00Z,2024-01-18T09:30:00Z,
19.82,20.811,2024-01-18T09:30:00Z,2024-01-18T10:00:00Z,
17.68,18.564,2024-01-18T10:00:00Z,2024-01-18T10:30:00Z,
15.79,16.5795,2024-01-18T10:30:00Z,2024-01-18T11:00:00Z,
16.13,16.9365,2024-01-18T11:00:00Z,2024-01-18T11:30:00Z,
15.96,16.758,2024-01-18T11:30:00Z,2024-01-18T12:00:00Z,
15.33,16.0965,2024-01-18T12:00:00Z,2024-01-18T12:30:00Z,
13.65,14.3325,2024-01-18T12:30:00Z,2024-01-18T13:00:00Z,
15.96,16.758,2024-01-18T13:00:00Z,2024-01-18T13:30:00Z,
13.69,14.3745,2024-01-18T13:30:00Z,2024-01-18T14:00:00Z,
14.78,15.519,2024-01-18T14:00:00Z,2024-01-18T14:30:00Z,
15.12,15.876,2024-01-18T14:30:00Z,2024-01-18T15:00:00Z,
14.7,15.435,2024-01-18T15:00:00Z,2024-01-18T15:30:00Z,
18.27,19.1835,2024-01-18T15:30:00Z,2024-01-18T16:00:00Z,
28.75,30.1875,2024-01-18T16:00:00Z,2024-01-18T16:30:00Z,
31.9,33.495,2024-01-18T16:30:00Z,2024-01-18T17:00:00Z,
29.59,31.0695,2024-01-18T17:00:00Z,2024-01-18T17:30:00Z,
30.65,32.1825,2024-01-18T17:30:00Z,2024-01-18T18:00:00Z,
30.57,32.0985,2024-01-18T18:00:00Z,2024-01-18T18:30:00Z,
28.79,30.2295,2024-01-18T18:30:00Z,2024-01-18T19:00:00Z,
16.38,17.199,2024-01-18T19:00:00Z,2024-01-18T19:30:00Z,
13.86,14.553,2024-01-18T19:30:00Z,2024-01-18T20:00:00Z,
15.96,16.758,2024-01-18T20:00:00Z,2024-01-18T20:30:00Z,
16.06,16.863,2024-01-18T20:30:00Z,2024-01-18T21:00:00Z,
19.25,20.2125,2024-01-18T21:00:00Z,2024-01-18T21:30:00Z,
15.1,15.855,2024-01-18T21:30:00Z,2024-01-18T22:00:00Z,
14.49,15.2145,2024-01-18T22:00:00Z,2024-01-18T22:30:00Z,
13.4,14.07,2024-01-18T22:30:00Z,2024-01-18T23:00:00Z,
13.03,13.6815,2024-01-18T23:00:00Z,2024-01-18T23:30:00Z,
12.6,13.23,2024-01-18T23:30:00Z,2024-01-19T00:00:00Z,
12.6,13.23,2024-01-19T00:00:00Z,2024-01-19T00:30:00Z,
16.39,17.2095,2024-01-19T00:30:00Z,2024-01-19T01:00:00Z,
13.31,13.9755,2024-01-19T01:00:00Z,2024-01-19T01:30:00Z,
12.6,13.23,2024-01-19T01:30:00Z,2024-01-19T02:00:00Z,
12.47,13.0935,2024-01-19T02:00:00Z,2024-01-19T02:30:00Z,
11.97,12.5685,2024-01-19T02:30:00Z,2024-01-19T03:00:00Z,
12.64,13.272,2024-01-19T03:00:00Z,2024-01-19T03:30:00Z,
12.43,13.0515,2024-01-19T03:30:00Z,2024-01-19T04:00:00Z,
13.65,14.3325,2024-01-19T04:00:00Z,2024-01-19T04:30:00Z,
12.81,13.4505,2024-01-19T04:30:00Z,2024-01-19T05:00:00Z,
13.65,14.3325,2024-01-19T05:00:00Z,2024-01-19T05:30:00Z,
12.77,13.4085,2024-01-19T05:30:00Z,2024-01-19T06:00:00Z,
15.75,16.5375,2024-01-19T06:00:00Z,2024-01-19T06:30:00Z,
18.36,19.278,2024-01-19T06:30:00Z,2024-01-19T07:00:00Z,
15.72,16.506,2024-01-19T07:00:00Z,2024-01-19T07:30:00Z,
19.76,20.748,2024-01-19T07:30:00Z,2024-01-19T08:00:00Z,
18.48,19.404,2024-01-19T08:00:00Z,2024-01-19T08:30:00Z,
18.48,19.404,2024-01-19T08:30:00Z,2024-01-19T09:00:00Z,
17.85,18.7425,2024-01-19T09:00:00Z,2024-01-19T09:30:00Z,
16.8,17.64,2024-01-19T09:30:00Z,2024-01-19T10:00:00Z,
15.75,16.5375,2024-01-19T10:00:00Z,2024-01-19T10:30:00Z,
14.78,15.519,2024-01-19T10:30:00Z,2024-01-19T11:00:00Z,
14.11,14.8155,2024-01-19T11:00:00Z,2024-01-19T11:30:00Z,
13.4,14.07,2024-01-19T11:30:00Z,2024-01-19T12:00:00Z,
13.65,14.3325,2024-01-19T12:00:00Z,2024-01-19T12:30:00Z,
13.31,13.9755,2024-01-19T12:30:00Z,2024-01-19T13:00:00Z,
13.23,13.8915,2024-01-19T13:00:00Z,2024-01-19T13:30:00Z,
12.33,12.9465,2024-01-19T13:30:00Z,2024-01-19T14:00:00Z,
13.31,13.9755,2024-01-19T14:00:00Z,2024-01-19T14:30:00Z,
14.18,14.889,2024-01-19T14:30:00Z,2024-01-19T15:00:00Z,
14.05,14.7525,2024-01-19T15:00:00Z,2024-01-19T15:30:00Z,
15.75,16.5375,2024-01-19T15:30:00Z,2024-01-19T16:00:00Z,
29.15,30.6075,2024-01-19T16:00:00Z,2024-01-19T16:30:00Z,
30.85,32.3925,2024-01-19T16:30:00Z,2024-01-19T17:00:00Z,
30.35,31.8675,2024-01-19T17:00:00Z,2024-01-19T17:30:00Z,
30.47,31.9935,2024-01-19T17:30:00Z,2024-01-19T18:00:00Z,
29.28,30.744,2024-01-19T18:00:00Z,2024-01-19T18:30:00Z,
28.33,29.7465,2024-01-19T18:30:00Z,2024-01-19T19:00:00Z,
15.75,16.5375,2024-01-19T19:00:00Z,2024-01-19T19:30:00Z,
13.67,14.3535,2024-01-19T19:30:00Z,2024-01-19T20:00:00Z,
14.78,15.519,2024-01-19T20:00:00Z,2024-01-19T20:30:00Z,
15.22,15.981,2024-01-19T20:30:00Z,2024-01-19T21:00:00Z,
15.12,15.876,2024-01-19T21:00:00Z,2024-01-19T21:30:00Z,
14.78,15.519,2024-01-19T21:30:00Z,2024-01-19T22:00:00Z,
14.07,14.7735,2024-01-19T22:00:00Z,2024-01-19T22:30:00Z,
13.06,13.713,2024-01-19T22:30:00Z,2024-01-19T23:00:00Z,
12.81,13.4505,2024-01-19T23:00:00Z,2024-01-19T23:30:00Z,
14.43,15.1515,2024-01-19T23:30:00Z,2024-01-20T00:00:00Z,
12.39,13.0095,2024-01-20T00:00:00Z,2024-01-20T00:30:00Z,
13.82,14.511,2024-01-20T00:30:00Z,2024-01-20T01:00:00Z,
12.6,13.23,2024-01-20T01:00:00Z,2024-01-20T01:30:00Z,
11.55,12.1275,2024-01-20T01:30:00Z,2024-01-20T02:00:00Z,
11.93,12.5265,2024-01-20T02:00:00Z,2024-01-20T02:30:00Z,
11.55,12.1275,2024-01-20T02:30:00Z,2024-01-20T03:00:00Z,
12.51,13.1355,2024-01-20T03:00:00Z,2024-01-20T03:30:00Z,
11.42,11.991,2024-01-20T03:30:00Z,2024-01-20T04:00:00Z,
12.6,13.23,2024-01-20T04:00:00Z,2024-01-20T04:30:00Z,
11.76,12.348,2024-01-20T04:30:00Z,2024-01-20T05:00:00Z,
13.02,13.671,2024-01-20T05:00:00Z,2024-01-20T05:30:00Z,
12.6,13.23,2024-01-20T05:30:00Z,2024-01-20T06:00:00Z,
13.34,14.007,2024-01-20T06:00:00Z,2024-01-20T06:30:00Z,
13.23,13.8915,2024-01-20T06:30:00Z,2024-01-20T07:00:00Z,
14.28,14.994,2024-01-20T07:00:00Z,2024-01-20T07:30:00Z,
13.86,14.553,2024-01-20T07:30:00Z,2024-01-20T08:00:00Z,
12.6,13.23,2024-01-20T08:00:00Z,2024-01-20T08:30:00Z,
16.63,17.4615,2024-01-20T08:30:00Z,2024-01-20T09:00:00Z,
14.49,15.2145,2024-01-20T09:00:00Z,2024-01-20T09:30:00Z,
15.96,16.758,2024-01-20T09:30:00Z,2024-01-20T10:00:00Z,
13.44,14.112,2024-01-20T10:00:00Z,2024-01-20T10:30:00Z,
13.71,14.3955,2024-01-20T10:30:00Z,2024-01-20T11:00:00Z,
13.78,14.469,2024-01-20T11:00:00Z,2024-01-20T11:30:00Z,
14.2,14.91,2024-01-20T11:30:00Z,2024-01-20T12:00:00Z,
12.1,12.705,2024-01-20T12:00:00Z,2024-01-20T12:30:00Z,
12.6,13.23,2024-01-20T12:30:00Z,2024-01-20T13:00:00Z,
13.78,14.469,2024-01-20T13:00:00Z,2024-01-20T13:30:00Z,
13.23,13.8915,2024-01-20T13:30:00Z,2024-01-20T14:00:00Z,
15.84,16.632,2024-01-20T14:00:00Z,2024-01-20T14:30:00Z,
12.75,13.3875,2024-01-20T14:30:00Z,2024-01-20T15:00:00Z,
14.7,15.435,2024-01-20T15:00:00Z,2024-01-20T15:30:00Z,
16.8,17.64,2024-01-20T15:30:00Z,2024-01-20T16:00:00Z,
28.79,30.2295,2024-01-20T16:00:00Z,2024-01-20T16:30:00Z,
31.61,33.1905,2024-01-20T16:30:00Z,2024-01-20T17:00:00Z,
30.85,32.3925,2024-01-20T17:00:00Z,2024-01-20T17:30:00Z,
31.14,32.697,2024-01-20T17:30:00Z,2024-01-20T18:00:00Z,
30.12,31.626,2024-01-20T18:00:00Z,2024-01-20T18:30:00Z,
28.9,30.345,2024-01-20T18:30:00Z,2024-01-20T19:00:00Z,
16.72,17.556,2024-01-20T19:00:00Z,2024-01-20T19:30:00Z,
14.45,15.1725,2024-01-20T19:30:00Z,2024-01-20T20:00:00Z,
14.57,15.2985,2024-01-20T20:00:00Z,2024-01-20T20:30:00Z,
14.32,15.036,2024-01-20T20:30:00Z,2024-01-20T21:00:00Z,
14.11,14.8155,2024-01-20T21:00:00Z,2024-01-20T21:30:00Z,
13.84,14.532,2024-01-20T21:30:00Z,2024-01-20T22:00:00Z,
14.51,15.2355,2024-01-20T22:00:00Z,2024-01-20T22:30:00Z,
12.6,13.23,2024-01-20T22:30:00Z,2024-01-20T23:00:00Z,
11.97,12.5685,2024-01-20T23:00:00Z,2024-01-20T23:30:00Z,
11.93,12.5265,2024-01-20T23:30:00Z,2024-01-21T00:00:00Z,
10.08,10.584,2024-01-21T00:00:00Z,2024-01-21T00:30:00Z,
12.22,12.831,2024-01-21T00:30:00Z,2024-01-21T01:00:00Z,
11.13,11.6865,2024-01-21T01:00:00Z,2024-01-21T01:30:00Z,
10.86,11.403,2024-01-21T01:30:00Z,2024-01-21T02:00:00Z,
10.71,11.2455,2024-01-21T02:00:00Z,2024-01-21T02:30:00Z,
9.81,10.3005,2024-01-21T02:30:00Z,2024-01-21T03:00:00Z,
9.24,9.702,2024-01-21T03:00:00Z,2024-01-21T03:30:00Z,
8.3,8.715,2024-01-21T03:30:00Z,2024-01-21T04:00:00Z,
10.86,11.403,2024-01-21T04:00:00Z,2024-01-21T04:30:00Z,
8.82,9.261,2024-01-21T04:30:00Z,2024-01-21T05:00:00Z,
9.45,9.9225,2024-01-21T05:00:00Z,2024-01-21T05:30:00Z,
8.61,9.0405,2024-01-21T05:30:00Z,2024-01-21T06:00:00Z,
8.19,8.5995,2024-01-21T06:00:00Z,2024-01-21T06:30:00Z,
10.86,11.403,2024-01-21T06:30:00Z,2024-01-21T07:00:00Z,
10.08,10.584,2024-01-21T07:00:00Z,2024-01-21T07:30:00Z,
10.86,11.403,2024-01-21T07:30:00Z,2024-01-21T08:00:00Z,
9.24,9.702,2024-01-21T08:00:00Z,2024-01-21T08:30:00Z,
12.96,13.608,2024-01-21T08:30:00Z,2024-01-21T09:00:00Z,
10.12,10.626,2024-01-21T09:00:00Z,2024-01-21T09:30:00Z,
12.18,12.789,2024-01-21T09:30:00Z,2024-01-21T10:00:00Z,
12.96,13.608,2024-01-21T10:00:00Z,2024-01-21T10:30:00Z,
13.19,13.8495,2024-01-21T10:30:00Z,2024-01-21T11:00:00Z,
15.0,15.75,2024-01-21T11:00:00Z,2024-01-21T11:30:00Z,
14.49,15.2145,2024-01-21T11:30:00Z,2024-01-21T12:00:00Z,
14.7,15.435,2024-01-21T12:00:00Z,2024-01-21T12:30:00Z,
14.7,15.435,2024-01-21T12:30:00Z,2024-01-21T13:00:00Z,
15.75,16.5375,2024-01-21T13:00:00Z,2024-01-21T13:30:00Z,
14.7,15.435,2024-01-21T13:30:00Z,2024-01-21T14:00:00Z,
13.86,14.553,2024-01-21T14:00:00Z,2024-01-21T14:30:00Z,
13.27,13.9335,2024-01-21T14:30:00Z,2024-01-21T15:00:00Z,
12.83,13.4715,2024-01-21T15:00:00Z,2024-01-21T15:30:00Z,
13.44,14.112,2024-01-21T15:30:00Z,2024-01-21T16:00:00Z,
25.37,26.6385,2024-01-21T16:00:00Z,2024-01-21T16:30:00Z,
29.59,31.0695,2024-01-21T16:30:00Z,2024-01-21T17:00:00Z,
30.47,31.9935,2024-01-21T17:00:00Z,2024-01-21T17:30:00Z,
30.41,31.9305,2024-01-21T17:30:00Z,2024-01-21T18:00:00Z,
31.82,33.411,2024-01-21T18:00:00Z,2024-01-21T18:30:00Z,
30.6,32.13,2024-01-21T18:30:00Z,2024-01-21T19:00:00Z,
16.8,17.64,2024-01-21T19:00:00Z,2024-01-21T19:30:00Z,
14.97,15.7185,2024-01-21T19:30:00Z,2024-01-21T20:00:00Z,
14.61,15.3405,2024-01-21T20:00:00Z,2024-01-21T20:30:00Z,
14.28,14.994,2024-01-21T20:30:00Z,2024-01-21T21:00:00Z,
14.66,15.393,2024-01-21T21:00:00Z,2024-01-21T21:30:00Z,
15.09,15.8445,2024-01-21T21:30:00Z,2024-01-21T22:00:00Z,
12.96,13.608,2024-01-21T22:00:00Z,2024-01-21T22:30:00Z,
10.86,11.403,2024-01-21T22:30:00Z,2024-01-21T23:00:00Z,
10.84,11.382,2024-01-21T23:00:00Z,2024-01-21T23:30:00Z,
8.69,9.1245,2024-01-21T23:30:00Z,2024-01-22T00:00:00Z,
8.4,8.82,2024-01-22T00:00:00Z,2024-01-22T00:30:00Z,
10.02,10.521,2024-01-22T00:30:00Z,2024-01-22T01:00:00Z,
7.39,7.7595,2024-01-22T01:00:00Z,2024-01-22T01:30:00Z,
3.61,3.7905,2024-01-22T01:30:00Z,2024-01-22T02:00:00Z,
4.62,4.851,2024-01-22T02:00:00Z,2024-01-22T02:30:00Z,
1.47,1.5435,2024-01-22T02:30:00Z,2024-01-22T03:00:00Z,
4.28,4.494,2024-01-22T03:00:00Z,2024-01-22T03:30:00Z,
0.92,0.966,2024-01-22T03:30:00Z,2024-01-22T04:00:00Z,
3.36,3.528,2024-01-22T04:00:00Z,2024-01-22T04:30:00Z,
1.89,1.9845,2024-01-22T04:30:00Z,2024-01-22T05:00:00Z,
6.05,6.3525,2024-01-22T05:00:00Z,2024-01-22T05:30:00Z,
9.34,9.807,2024-01-22T05:30:00Z,2024-01-22T06:00:00Z,
11.34,11.907,2024-01-22T06:00:00Z,2024-01-22T06:30:00Z,
14.73,15.4665,2024-01-22T06:30:00Z,2024-01-22T07:00:00Z,
14.7,15.435,2024-01-22T07:00:00Z,2024-01-22T07:30:00Z,
18.48,19.404,2024-01-22T07:30:00Z,2024-01-22T08:00:00Z,
15.61,16.3905,2024-01-22T08:00:00Z,2024-01-22T08:30:00Z,
16.13,16.9365,2024-01-22T08:30:00Z,2024-01-22T09:00:00Z,
16.15,16.9575,2024-01-22T09:00:00Z,2024-01-22T09:30:00Z,
16.3,17.115,2024-01-22T09:30:00Z,2024-01-22T10:00:00Z,
16.55,17.3775,2024-01-22T10:00:00Z,2024-01-22T10:30:00Z,
14.76,15.498,2024-01-22T10:30:00Z,2024-01-22T11:00:00Z,
15.16,15.918,2024-01-22T11:00:00Z,2024-01-22T11:30:00Z,
15.08,15.834,2024-01-22T11:30:00Z,2024-01-22T12:00:00Z,
11.34,11.907,2024-01-22T12:00:00Z,2024-01-22T12:30:00Z,
11.55,12.1275,2024-01-22T12:30:00Z,2024-01-22T13:00:00Z,
11.17,11.7285,2024-01-22T13:00:00Z,2024-01-22T13:30:00Z,
10.71,11.2455,2024-01-22T13:30:00Z,2024-01-22T14:00:00Z,
12.35,12.9675,2024-01-22T14:00:00Z,2024-01-22T14:30:00Z,
12.0,12.6,2024-01-22T14:30:00Z,2024-01-22T15:00:00Z,
12.18,12.789,2024-01-22T15:00:00Z,2024-01-22T15:30:00Z,
12.81,13.4505,2024-01-22T15:30:00Z,2024-01-22T16:00:00Z,
28.39,29.8095,2024-01-22T16:00:00Z,2024-01-22T16:30:00Z,
30.56,32.088,2024-01-22T16:30:00Z,2024-01-22T17:00:00Z,
31.5,33.075,2024-01-22T17:00:00Z,2024-01-22T17:30:00Z,
31.5,33.075,2024-01-22T17:30:00Z,2024-01-22T18:00:00Z,
30.56,32.088,2024-01-22T18:00:00Z,2024-01-22T18:30:00Z,
30.16,31.668,2024-01-22T18:30:00Z,2024-01-22T19:00:00Z,
16.06,16.863,2024-01-22T19:00:00Z,2024-01-22T19:30:00Z,
14.7,15.435,2024-01-22T19:30:00Z,2024-01-22T20:00:00Z,
14.7,15.435,2024-01-22T20:00:00Z,2024-01-22T20:30:00Z,
14.6,15.33,2024-01-22T20:30:00Z,2024-01-22T21:00:00Z,
13.5,14.175,2024-01-22T21:00:00Z,2024-01-22T21:30:00Z,
12.56,13.188,2024-01-22T21:30:00Z,2024-01-22T22:00:00Z,
12.35,12.9675,2024-01-22T22:00:00Z,2024-01-22T22:30:00Z,
8.82,9.261,2024-01-22T22:30:00Z,2024-01-22T23:00:00Z,
9.26,9.723,2024-01-22T23:00:00Z,2024-01-22T23:30:00Z,
5.75,6.0375,2024-01-22T23:30:00Z,2024-01-23T00:00:00Z,
5.12,5.376,2024-01-23T00:00:00Z,2024-01-23T00:30:00Z,
8.06,8.463,2024-01-23T00:30:00Z,2024-01-23T01:00:00Z,
7.83,8.2215,2024-01-23T01:00:00Z,2024-01-23T01:30:00Z,
6.51,6.8355,2024-01-23T01:30:00Z,2024-01-23T02:00:00Z,
6.32,6.636,2024-01-23T02:00:00Z,2024-01-23T02:30:00Z,
6.28,6.594,2024-01-23T02:30:00Z,2024-01-23T03:00:00Z,
6.62,6.951,2024-01-23T03:00:00Z,2024-01-23T03:30:00Z,
6.62,6.951,2024-01-23T03:30:00Z,2024-01-23T04:00:00Z,
6.55,6.8775,2024-01-23T04:00:00Z,2024-01-23T04:30:00Z,
7.75,8.1375,2024-01-23T04:30:00Z,2024-01-23T05:00:00Z,
8.4,8.82,2024-01-23T05:00:00Z,2024-01-23T05:30:00Z,
12.18,12.789,2024-01-23T05:30:00Z,2024-01-23T06:00:00Z,
15.75,16.5375,2024-01-23T06:00:00Z,2024-01-23T06:30:00Z,
15.75,16.5375,2024-01-23T06:30:00Z,2024-01-23T07:00:00Z,
15.75,16.5375,2024-01-23T07:00:00Z,2024-01-23T07:30:00Z,
17.12,17.976,2024-01-23T07:30:00Z,2024-01-23T08:00:00Z,
16.13,16.9365,2024-01-23T08:00:00Z,2024-01-23T08:30:00Z,
17.2,18.06,2024-01-23T08:30:00Z,2024-01-23T09:00:00Z,
16.25,17.0625,2024-01-23T09:00:00Z,2024-01-23T09:30:00Z,
15.64,16.422,2024-01-23T09:30:00Z,2024-01-23T10:00:00Z,
14.78,15.519,2024-01-23T10:00:00Z,2024-01-23T10:30:00Z,
13.65,14.3325,2024-01-23T10:30:00Z,2024-01-23T11:00:00Z,
13.02,13.671,2024-01-23T11:00:00Z,2024-01-23T11:30:00Z,
13.65,14.3325,2024-01-23T11:30:00Z,2024-01-23T12:00:00Z,
13.44,14.112,2024-01-23T12:00:00Z,2024-01-23T12:30:00Z,
14.07,14.7735,2024-01-23T12:30:00Z,2024-01-23T13:00:00Z,
13.21,13.8705,2024-01-23T13:00:00Z,2024-01-23T13:30:00Z,
12.58,13.209,2024-01-23T13:30:00Z,2024-01-23T14:00:00Z,
13.44,14.112,2024-01-23T14:00:00Z,2024-01-23T14:30:00Z,
12.58,13.209,2024-01-23T14:30:00Z,2024-01-23T15:00:00Z,
12.94,13.587,2024-01-23T15:00:00Z,2024-01-23T15:30:00Z,
13.02,13.671,2024-01-23T15:30:00Z,2024-01-23T16:00:00Z,
26.12,27.426,2024-01-23T16:00:00Z,2024-01-23T16:30:00Z,
29.59,31.0695,2024-01-23T16:30:00Z,2024-01-23T17:00:00Z,
29.13,30.5865,2024-01-23T17:00:00Z,2024-01-23T17:30:00Z,
29.21,30.6705,2024-01-23T17:30:00Z,2024-01-23T18:00:00Z,
27.45,28.8225,2024-01-23T18:00:00Z,2024-01-23T18:30:00Z,
27.03,28.3815,2024-01-23T18:30:00Z,2024-01-23T19:00:00Z,
13.65,14.3325,2024-01-23T19:00:00Z,2024-01-23T19:30:00Z,
13.23,13.8915,2024-01-23T19:30:00Z,2024-01-23T20:00:00Z,
13.61,14.2905,2024-01-23T20:00:00Z,2024-01-23T20:30:00Z,
12.6,13.23,2024-01-23T20:30:00Z,2024-01-23T21:00:00Z,
13.02,13.671,2024-01-23T21:00:00Z,2024-01-23T21:30:00Z,
12.56,13.188,2024-01-23T21:30:00Z,2024-01-23T22:00:00Z,
9.01,9.4605,2024-01-23T22:00:00Z,2024-01-23T22:30:00Z,
4.62,4.851,2024-01-23T22:30:00Z,2024-01-23T23:00:00Z,
4.2,4.41,2024-01-23T23:00:00Z,2024-01-23T23:30:00Z,
0.52,0.546,2024-01-23T23:30:00Z,2024-01-24T00:00:00Z,
0.84,0.882,2024-01-24T00:00:00Z,2024-01-24T00:30:00Z,
3.76,3.948,2024-01-24T00:30:00Z,2024-01-24T01:00:00Z,
2.1,2.205,2024-01-24T01:00:00Z,2024-01-24T01:30:00Z,
0.02,0.021,2024-01-24T01:30:00Z,2024-01-24T02:00:00Z,
1.72,1.806,2024-01-24T02:00:00Z,2024-01-24T02:30:00Z,
0.67,0.7035,2024-01-24T02:30:00Z,2024-01-24T03:00:00Z,
0.21,0.2205,2024-01-24T03:00:00Z,2024-01-24T03:30:00Z,
-1.88,-1.974,2024-01-24T03:30:00Z,2024-01-24T04:00:00Z,
-1.71,-1.7955,2024-01-24T04:00:00Z,2024-01-24T04:30:00Z,
0.0,0.0,2024-01-24T04:30:00Z,2024-01-24T05:00:00Z,
2.52,2.646,2024-01-24T05:00:00Z,2024-01-24T05:30:00Z,
6.3,6.615,2024-01-24T05:30:00Z,2024-01-24T06:00:00Z,
9.81,10.3005,2024-01-24T06:00:00Z,2024-01-24T06:30:00Z,
12.73,13.3665,2024-01-24T06:30:00Z,2024-01-24T07:00:00Z,
13.99,14.6895,2024-01-24T07:00:00Z,2024-01-24T07:30:00Z,
13.72,14.406,2024-01-24T07:30:00Z,2024-01-24T08:00:00Z,
13.12,13.776,2024-01-24T08:00:00Z,2024-01-24T08:30:00Z,
13.34,14.007,2024-01-24T08:30:00Z,2024-01-24T09:00:00Z,
13.78,14.469,2024-01-24T09:00:00Z,2024-01-24T09:30:00Z,
13.23,13.8915,2024-01-24T09:30:00Z,2024-01-24T10:00:00Z,
13.15,13.8075,2024-01-24T10:00:00Z,2024-01-24T10:30:00Z,
11.51,12.0855,2024-01-24T10:30:00Z,2024-01-24T11:00:00Z,
10.73,11.2665,2024-01-24T11:00:00Z,2024-01-24T11:30:00Z,
11.55,12.1275,2024-01-24T11:30:00Z,2024-01-24T12:00:00Z,
11.76,12.348,2024-01-24T12:00:00Z,2024-01-24T12:30:00Z,
12.01,12.6105,2024-01-24T12:30:00Z,2024-01-24T13:00:00Z,
12.79,13.4295,2024-01-24T13:00:00Z,2024-01-24T13:30:00Z,
12.56,13.188,2024-01-24T13:30:00Z,2024-01-24T14:00:00Z,
14.7,15.435,2024-01-24T14:00:00Z,2024-01-24T14:30:00Z,
14.7,15.435,2024-01-24T14:30:00Z,2024-01-24T15:00:00Z,
13.86,14.553,2024-01-24T15:00:00Z,2024-01-24T15:30:00Z,
13.26,13.923,2024-01-24T15:30:00Z,2024-01-24T16:00:00Z,
25.54,26.817,2024-01-24T16:00:00Z,2024-01-24T16:30:00Z,
29.17,30.6285,2024-01-24T16:30:00Z,2024-01-24T17:00:00Z,
29.36,30.828,2024-01-24T17:00:00Z,2024-01-24T17:30:00Z,
29.7,31.185,2024-01-24T17:30:00Z,2024-01-24T18:00:00Z,
29.63,31.1115,2024-01-24T18:00:00Z,2024-01-24T18:30:00Z,
29.32,30.786,2024-01-24T18:30:00Z,2024-01-24T19:00:00Z,
16.8,17.64,2024-01-24T19:00:00Z,2024-01-24T19:30:00Z,
16.02,16.821,2024-01-24T19:30:00Z,2024-01-24T20:00:00Z,
16.8,17.64,2024-01-24T20:00:00Z,2024-01-24T20:30:00Z,
14.74,15.477,2024-01-24T20:30:00Z,2024-01-24T21:00:00Z,
14.99,15.7395,2024-01-24T21:00:00Z,2024-01-24T21:30:00Z,
13.82,14.511,2024-01-24T21:30:00Z,2024-01-24T22:00:00Z,
14.91,15.6555,2024-01-24T22:00:00Z,2024-01-24T22:30:00Z,
14.07,14.7735,2024-01-24T22:30:00Z,2024-01-24T23:00:00Z,
12.98,13.629,2024-01-24T23:00:00Z,2024-01-24T23:30:00Z,
12.98,13.629,2024-01-24T23:30:00Z,2024-01-25T00:00:00Z,
12.6,13.23,2024-01-25T00:00:00Z,2024-01-25T00:30:00Z,
13.9,14.595,2024-01-25T00:30:00Z,2024-01-25T01:00:00Z,
16.44,17.262,2024-01-25T01:00:00Z,2024-01-25T01:30:00Z,
14.91,15.6555,2024-01-25T01:30:00Z,2024-01-25T02:00:00Z,
14.49,15.2145,2024-01-25T02:00:00Z,2024-01-25T02:30:00Z,
12.96,13.608,2024-01-25T02:30:00Z,2024-01-25T03:00:00Z,
12.18,12.789,2024-01-25T03:00:00Z,2024-01-25T03:30:00Z,
11.19,11.7495,2024-01-25T03:30:00Z,2024-01-25T04:00:00Z,
12.75,13.3875,2024-01-25T04:00:00Z,2024-01-25T04:30:00Z,
10.5,11.025,2024-01-25T04:30:00Z,2024-01-25T05:00:00Z,
14.03,14.7315,2024-01-25T05:00:00Z,2024-01-25T05:30:00Z,
12.89,13.5345,2024-01-25T05:30:00Z,2024-01-25T06:00:00Z,
15.96,16.758,2024-01-25T06:00:00Z,2024-01-25T06:30:00Z,
17.64,18.522,2024-01-25T06:30:00Z,2024-01-25T07:00:00Z,
18.06,18.963,2024-01-25T07:00:00Z,2024-01-25T07:30:00Z,
18.44,19.362,2024-01-25T07:30:00Z,2024-01-25T08:00:00Z,
17.3,18.165,2024-01-25T08:00:00Z,2024-01-25T08:30:00Z,
17.22,18.081,2024-01-25T08:30:00Z,2024-01-25T09:00:00Z,
15.67,16.4535,2024-01-25T09:00:00Z,2024-01-25T09:30:00Z,
14.45,15.1725,2024-01-25T09:30:00Z,2024-01-25T10:00:00Z,
15.46,16.233,2024-01-25T10:00:00Z,2024-01-25T10:30:00Z,
14.13,14.8365,2024-01-25T10:30:00Z,2024-01-25T11:00:00Z,
13.21,13.8705,2024-01-25T11:00:00Z,2024-01-25T11:30:00Z,
14.22,14.931,2024-01-25T11:30:00Z,2024-01-25T12:00:00Z,
13.84,14.532,2024-01-25T12:00:00Z,2024-01-25T12:30:00Z,
13.9,14.595,2024-01-25T12:30:00Z,2024-01-25T13:00:00Z,
14.68,15.414,2024-01-25T13:00:00Z,2024-01-25T13:30:00Z,
13.65,14.3325,2024-01-25T13:30:00Z,2024-01-25T14:00:00Z,
15.75,16.5375,2024-01-25T14:00:00Z,2024-01-25T14:30:00Z,
13.86,14.553,2024-01-25T14:30:00Z,2024-01-25T15:00:00Z,
14.1,14.805,2024-01-25T15:00:00Z,2024-01-25T15:30:00Z,
15.12,15.876,2024-01-25T15:30:00Z,2024-01-25T16:00:00Z,
26.99,28.3395,2024-01-25T16:00:00Z,2024-01-25T16:30:00Z,
29.46,30.933,2024-01-25T16:30:00Z,2024-01-25T17:00:00Z,
30.85,32.3925,2024-01-25T17:00:00Z,2024-01-25T17:30:00Z,
30.68,32.214,2024-01-25T17:30:00Z,2024-01-25T18:00:00Z,
30.1,31.605,2024-01-25T18:00:00Z,2024-01-25T18:30:00Z,
29.8,31.29,2024-01-25T18:30:00Z,2024-01-25T19:00:00Z,
15.2,15.96,2024-01-25T19:00:00Z,2024-01-25T19:30:00Z,
14.28,14.994,2024-01-25T19:30:00Z,2024-01-25T20:00:00Z,
14.07,14.7735,2024-01-25T20:00:00Z,2024-01-25T20:30:00Z,
14.28,14.994,2024-01-25T20:30:00Z,2024-01-25T21:00:00Z,
13.25,13.9125,2024-01-25T21:00:00Z,2024-01-25T21:30:00Z,
12.6,13.23,2024-01-25T21:30:00Z,2024-01-25T22:00:00Z,
12.81,13.4505,2024-01-25T22:00:00Z,2024-01-25T22:30:00Z,
8.67,9.1035,2024-01-25T22:30:00Z,2024-01-25T23:00:00Z,
10.98,11.529,2024-01-25T23:00:00Z,2024-01-25T23:30:00Z,
10.33,10.8465,2024-01-25T23:30:00Z,2024-01-26T00:00:00Z,
8.4,8.82,2024-01-26T00:00:00Z,2024-01-26T00:30:00Z,
10.92,11.466,2024-01-26T00:30:00Z,2024-01-26T01:00:00Z,
10.29,10.8045,2024-01-26T01:00:00Z,2024-01-26T01:30:00Z,
6.57,6.8985,2024-01-26T01:30:00Z,2024-01-26T02:00:00Z,
8.53,8.9565,2024-01-26T02:00:00Z,2024-01-26T02:30:00Z,
7.56,7.938,2024-01-26T02:30:00Z,2024-01-26T03:00:00Z,
7.98,8.379,2024-01-26T03:00:00Z,2024-01-26T03:30:00Z,
6.7,7.035,2024-01-26T03:30:00Z,2024-01-26T04:00:00Z,
8.38,8.799,2024-01-26T04:00:00Z,2024-01-26T04:30:00Z,
8.38,8.799,2024-01-26T04:30:00Z,2024-01-26T05:00:00Z,
9.79,10.2795,2024-01-26T05:00:00Z,2024-01-26T05:30:00Z,
11.05,11.6025,2024-01-26T05:30:00Z,2024-01-26T06:00:00Z,
11.55,12.1275,2024-01-26T06:00:00Z,2024-01-26T06:30:00Z,
15.04,15.792,2024-01-26T06:30:00Z,2024-01-26T07:00:00Z,
12.81,13.4505,2024-01-26T07:00:00Z,2024-01-26T07:30:00Z,
16.36,17.178,2024-01-26T07:30:00Z,2024-01-26T08:00:00Z,
15.58,16.359,2024-01-26T08:00:00Z,2024-01-26T08:30:00Z,
16.38,17.199,2024-01-26T08:30:00Z,2024-01-26T09:00:00Z,
15.75,16.5375,2024-01-26T09:00:00Z,2024-01-26T09:30:00Z,
14.95,15.6975,2024-01-26T09:30:00Z,2024-01-26T10:00:00Z,
12.96,13.608,2024-01-26T10:00:00Z,2024-01-26T10:30:00Z,
11.13,11.6865,2024-01-26T10:30:00Z,2024-01-26T11:00:00Z,
11.34,11.907,2024-01-26T11:00:00Z,2024-01-26T11:30:00Z,
10.96,11.508,2024-01-26T11:30:00Z,2024-01-26T12:00:00Z,
10.65,11.1825,2024-01-26T12:00:00Z,2024-01-26T12:30:00Z,
10.44,10.962,2024-01-26T12:30:00Z,2024-01-26T13:00:00Z,
9.87,10.3635,2024-01-26T13:00:00Z,2024-01-26T13:30:00Z,
10.44,10.962,2024-01-26T13:30:00Z,2024-01-26T14:00:00Z,
10.44,10.962,2024-01-26T14:00:00Z,2024-01-26T14:30:00Z,
11.55,12.1275,2024-01-26T14:30:00Z,2024-01-26T15:00:00Z,
13.23,13.8915,2024-01-26T15:00:00Z,2024-01-26T15:30:00Z,
11.8,12.39,2024-01-26T15:30:00Z,2024-01-26T16:00:00Z,
24.76,25.998,2024-01-26T16:00:00Z,2024-01-26T16:30:00Z,
28.6,30.03,2024-01-26T16:30:00Z,2024-01-26T17:00:00Z,
30.56,32.088,2024-01-26T17:00:00Z,2024-01-26T17:30:00Z,
30.28,31.794,2024-01-26T17:30:00Z,2024-01-26T18:00:00Z,
30.43,31.9515,2024-01-26T18:00:00Z,2024-01-26T18:30:00Z,
29.97,31.4685,2024-01-26T18:30:00Z,2024-01-26T19:00:00Z,
16.38,17.199,2024-01-26T19:00:00Z,2024-01-26T19:30:00Z,
15.44,16.212,2024-01-26T19:30:00Z,2024-01-26T20:00:00Z,
13.94,14.637,2024-01-26T20:00:00Z,2024-01-26T20:30:00Z,
12.6,13.23,2024-01-26T20:30:00Z,2024-01-26T21:00:00Z,
13.9,14.595,2024-01-26T21:00:00Z,2024-01-26T21:30:00Z,
13.84,14.532,2024-01-26T21:30:00Z,2024-01-26T22:00:00Z,
13.82,14.511,2024-01-26T22:00:00Z,2024-01-26T22:30:00Z,
12.64,13.272,2024-01-26T22:30:00Z,2024-01-26T23:00:00Z,
12.14,12.747,2024-01-26T23:00:00Z,2024-01-26T23:30:00Z,
10.94,11.487,2024-01-26T23:30:00Z,2024-01-27T00:00:00Z,
10.18,10.689,2024-01-27T00:00:00Z,2024-01-27T00:30:00Z,
13.08,13.734,2024-01-27T00:30:00Z,2024-01-27T01:00:00Z,
12.22,12.831,2024-01-27T01:00:00Z,2024-01-27T01:30:00Z,
10.5,11.025,2024-01-27T01:30:00Z,2024-01-27T02:00:00Z,
11.34,11.907,2024-01-27T02:00:00Z,2024-01-27T02:30:00Z,
10.5,11.025,2024-01-27T02:30:00Z,2024-01-27T03:00:00Z,
10.92,11.466,2024-01-27T03:00:00Z,2024-01-27T03:30:00Z,
10.65,11.1825,2024-01-27T03:30:00Z,2024-01-27T04:00:00Z,
10.92,11.466,2024-01-27T04:00:00Z,2024-01-27T04:30:00Z,
10.75,11.2875,2024-01-27T04:30:00Z,2024-01-27T05:00:00Z,
10.71,11.2455,2024-01-27T05:00:00Z,2024-01-27T05:30:00Z,
11.19,11.7495,2024-01-27T05:30:00Z,2024-01-27T06:00:00Z,
12.43,13.0515,2024-01-27T06:00:00Z,2024-01-27T06:30:00Z,
12.87,13.5135,2024-01-27T06:30:00Z,2024-01-27T07:00:00Z,
12.6,13.23,2024-01-27T07:00:00Z,2024-01-27T07:30:00Z,
14.13,14.8365,2024-01-27T07:30:00Z,2024-01-27T08:00:00Z,
13.02,13.671,2024-01-27T08:00:00Z,2024-01-27T08:30:00Z,
16.8,17.64,2024-01-27T08:30:00Z,2024-01-27T09:00:00Z,
14.7,15.435,2024-01-27T09:00:00Z,2024-01-27T09:30:00Z,
15.54,16.317,2024-01-27T09:30:00Z,2024-01-27T10:00:00Z,
12.56,13.188,2024-01-27T10:00:00Z,2024-01-27T10:30:00Z,
12.17,12.7785,2024-01-27T10:30:00Z,2024-01-27T11:00:00Z,
10.5,11.025,2024-01-27T11:00:00Z,2024-01-27T11:30:00Z,
10.5,11.025,2024-01-27T11:30:00Z,2024-01-27T12:00:00Z,
9.83,10.3215,2024-01-27T12:00:00Z,2024-01-27T12:30:00Z,
10.46,10.983,2024-01-27T12:30:00Z,2024-01-27T13:00:00Z,
10.5,11.025,2024-01-27T13:00:00Z,2024-01-27T13:30:00Z,
9.66,10.143,2024-01-27T13:30:00Z,2024-01-27T14:00:00Z,
12.87,13.5135,2024-01-27T14:00:00Z,2024-01-27T14:30:00Z,
12.87,13.5135,2024-01-27T14:30:00Z,2024-01-27T15:00:00Z,
14.7,15.435,2024-01-27T15:00:00Z,2024-01-27T15:30:00Z,
14.7,15.435,2024-01-27T15:30:00Z,2024-01-27T16:00:00Z,
26.65,27.9825,2024-01-27T16:00:00Z,2024-01-27T16:30:00Z,
30.43,31.9515,2024-01-27T16:30:00Z,2024-01-27T17:00:00Z,
30.85,32.3925,2024-01-27T17:00:00Z,2024-01-27T17:30:00Z,
30.85,32.3925,2024-01-27T17:30:00Z,2024-01-27T18:00:00Z,
31.02,32.571,2024-01-27T18:00:00Z,2024-01-27T18:30:00Z,
28.12,29.526,2024-01-27T18:30:00Z,2024-01-27T19:00:00Z,
17.3,18.165,2024-01-27T19:00:00Z,2024-01-27T19:30:00Z,
12.6,13.23,2024-01-27T19:30:00Z,2024-01-27T20:00:00Z,
13.99,14.6895,2024-01-27T20:00:00Z,2024-01-27T20:30:00Z,
12.6,13.23,2024-01-27T20:30:00Z,2024-01-27T21:00:00Z,
13.9,14.595,2024-01-27T21:00:00Z,2024-01-27T21:30:00Z,
11.76,12.348,2024-01-27T21:30:00Z,2024-01-27T22:00:00Z,
12.6,13.23,2024-01-27T22:00:00Z,2024-01-27T22:30:00Z,
12.14,12.747,2024-01-27T22:30:00Z,2024-01-27T23:00:00Z,
11.97,12.5685,2024-01-27T23:00:00Z,2024-01-27T23:30:00Z,
9.24,9.702,2024-01-27T23:30:00Z,2024-01-28T00:00:00Z,
7.83,8.2215,2024-01-28T00:00:00Z,2024-01-28T00:30:00Z,
11.8,12.39,2024-01-28T00:30:00Z,2024-01-28T01:00:00Z,
10.48,11.004,2024-01-28T01:00:00Z,2024-01-28T01:30:00Z,
7.2,7.56,2024-01-28T01:30:00Z,2024-01-28T02:00:00Z,
10.08,10.584,2024-01-28T02:00:00Z,2024-01-28T02:30:00Z,
7.56,7.938,2024-01-28T02:30:00Z,2024-01-28T03:00:00Z,
8.4,8.82,2024-01-28T03:00:00Z,2024-01-28T03:30:00Z,
6.59,6.9195,2024-01-28T03:30:00Z,2024-01-28T04:00:00Z,
6.59,6.9195,2024-01-28T04:00:00Z,2024-01-28T04:30:00Z,
6.28,6.594,2024-01-28T04:30:00Z,2024-01-28T05:00:00Z,
9.03,9.4815,2024-01-28T05:00:00Z,2024-01-28T05:30:00Z,
9.39,9.8595,2024-01-28T05:30:00Z,2024-01-28T06:00:00Z,
10.33,10.8465,2024-01-28T06:00:00Z,2024-01-28T06:30:00Z,
11.02,11.571,2024-01-28T06:30:00Z,2024-01-28T07:00:00Z,
10.31,10.8255,2024-01-28T07:00:00Z,2024-01-28T07:30:00Z,
9.14,9.597,2024-01-28T07:30:00Z,2024-01-28T08:00:00Z,
7.46,7.833,2024-01-28T08:00:00Z,2024-01-28T08:30:00Z,
13.12,13.776,2024-01-28T08:30:00Z,2024-01-28T09:00:00Z,
7.96,8.358,2024-01-28T09:00:00Z,2024-01-28T09:30:00Z,
9.74,10.227,2024-01-28T09:30:00Z,2024-01-28T10:00:00Z,
8.99,9.4395,2024-01-28T10:00:00Z,2024-01-28T10:30:00Z,
8.78,9.219,2024-01-28T10:30:00Z,2024-01-28T11:00:00Z,
6.3,6.615,2024-01-28T11:00:00Z,2024-01-28T11:30:00Z,
7.9,8.295,2024-01-28T11:30:00Z,2024-01-28T12:00:00Z,
6.51,6.8355,2024-01-28T12:00:00Z,2024-01-28T12:30:00Z,
7.56,7.938,2024-01-28T12:30:00Z,2024-01-28T13:00:00Z,
7.5,7.875,2024-01-28T13:00:00Z,2024-01-28T13:30:00Z,
6.34,6.657,2024-01-28T13:30:00Z,2024-01-28T14:00:00Z,
9.05,9.5025,2024-01-28T14:00:00Z,2024-01-28T14:30:00Z,
7.75,8.1375,2024-01-28T14:30:00Z,2024-01-28T15:00:00Z,
9.45,9.9225,2024-01-28T15:00:00Z,2024-01-28T15:30:00Z,
13.12,13.776,2024-01-28T15:30:00Z,2024-01-28T16:00:00Z,
24.72,25.956,2024-01-28T16:00:00Z,2024-01-28T16:30:00Z,
28.62,30.051,2024-01-28T16:30:00Z,2024-01-28T17:00:00Z,
30.43,31.9515,2024-01-28T17:00:00Z,2024-01-28T17:30:00Z,
29.48,30.954,2024-01-28T17:30:00Z,2024-01-28T18:00:00Z,
27.28,28.644,2024-01-28T18:00:00Z,2024-01-28T18:30:00Z,
24.76,25.998,2024-01-28T18:30:00Z,2024-01-28T19:00:00Z,
15.27,16.0335,2024-01-28T19:00:00Z,2024-01-28T19:30:00Z,
12.24,12.852,2024-01-28T19:30:00Z,2024-01-28T20:00:00Z,
13.65,14.3325,2024-01-28T20:00:00Z,2024-01-28T20:30:00Z,
11.55,12.1275,2024-01-28T20:30:00Z,2024-01-28T21:00:00Z,
13.02,13.671,2024-01-28T21:00:00Z,2024-01-28T21:30:00Z,
10.69,11.2245,2024-01-28T21:30:00Z,2024-01-28T22:00:00Z,
11.55,12.1275,2024-01-28T22:00:00Z,2024-01-28T22:30:00Z,
9.45,9.9225,2024-01-28T22:30:00Z,2024-01-28T23:00:00Z,
11.76,12.348,2024-01-28T23:00:00Z,2024-01-28T23:30:00Z,
11.55,12.1275,2024-01-28T23:30:00Z,2024-01-29T00:00:00Z,
8.5,8.925,2024-01-29T00:00:00Z,2024-01-29T00:30:00Z,
14.47,15.1935,2024-01-29T00:30:00Z,2024-01-29T01:00:00Z,
13.23,13.8915,2024-01-29T01:00:00Z,2024-01-29T01:30:00Z,
13.1,13.755,2024-01-29T01:30:00Z,2024-01-29T02:00:00Z,
14.74,15.477,2024-01-29T02:00:00Z,2024-01-29T02:30:00Z,
14.78,15.519,2024-01-29T02:30:00Z,2024-01-29T03:00:00Z,
16.8,17.64,2024-01-29T03:00:00Z,2024-01-29T03:30:00Z,
16.17,16.9785,2024-01-29T03:30:00Z,2024-01-29T04:00:00Z,
16.38,17.199,2024-01-29T04:00:00Z,2024-01-29T04:30:00Z,
12.83,13.4715,2024-01-29T04:30:00Z,2024-01-29T05:00:00Z,
13.27,13.9335,2024-01-29T05:00:00Z,2024-01-29T05:30:00Z,
13.02,13.671,2024-01-29T05:30:00Z,2024-01-29T06:00:00Z,
16.8,17.64,2024-01-29T06:00:00Z,2024-01-29T06:30:00Z,
15.12,15.876,2024-01-29T06:30:00Z,2024-01-29T07:00:00Z,
13.02,13.671,2024-01-29T07:00:00Z,2024-01-29T07:30:00Z,
16.8,17.64,2024-01-29T07:30:00Z,2024-01-29T08:00:00Z,
13.27,13.9335,2024-01-29T08:00:00Z,2024-01-29T08:30:00Z,
16.08,16.884,2024-01-29T08:30:00Z,2024-01-29T09:00:00Z,
15.5,16.275,2024-01-29T09:00:00Z,2024-01-29T09:30:00Z,
15.64,16.422,2024-01-29T09:30:00Z,2024-01-29T10:00:00Z,
15.75,16.5375,2024-01-29T10:00:00Z,2024-01-29T10:30:00Z,
14.87,15.6135,2024-01-29T10:30:00Z,2024-01-29T11:00:00Z,
13.5,14.175,2024-01-29T11:00:00Z,2024-01-29T11:30:00Z,
14.49,15.2145,2024-01-29T11:30:00Z,2024-01-29T12:00:00Z,
13.82,14.511,2024-01-29T12:00:00Z,2024-01-29T12:30:00Z,
12.83,13.4715,2024-01-29T12:30:00Z,2024-01-29T13:00:00Z,
14.53,15.2565,2024-01-29T13:00:00Z,2024-01-29T13:30:00Z,
12.34,12.957,2024-01-29T13:30:00Z,2024-01-29T14:00:00Z,
15.71,16.4955,2024-01-29T14:00:00Z,2024-01-29T14:30:00Z,
14.28,14.994,2024-01-29T14:30:00Z,2024-01-29T15:00:00Z,
13.86,14.553,2024-01-29T15:00:00Z,2024-01-29T15:30:00Z,
16.8,17.64,2024-01-29T15:30:00Z,2024-01-29T16:00:00Z,
28.56,29.988,2024-01-29T16:00:00Z,2024-01-29T16:30:00Z,
32.28,33.894,2024-01-29T16:30:00Z,2024-01-29T17:00:00Z,
30.43,31.9515,2024-01-29T17:00:00Z,2024-01-29T17:30:00Z,
30.64,32.172,2024-01-29T17:30:00Z,2024-01-29T18:00:00Z,
30.85,32.3925,2024-01-29T18:00:00Z,2024-01-29T18:30:00Z,
28.12,29.526,2024-01-29T18:30:00Z,2024-01-29T19:00:00Z,
16.38,17.199,2024-01-29T19:00:00Z,2024-01-29T19:30:00Z,
11.76,12.348,2024-01-29T19:30:00Z,2024-01-29T20:00:00Z,
14.7,15.435,2024-01-29T20:00:00Z,2024-01-29T20:30:00Z,
11.11,11.6655,2024-01-29T20:30:00Z,2024-01-29T21:00:00Z,
13.61,14.2905,2024-01-29T21:00:00Z,2024-01-29T21:30:00Z,
13.44,14.112,2024-01-29T21:30:00Z,2024-01-29T22:00:00Z,
16.52,17.346,2024-01-29T22:00:00Z,2024-01-29T22:30:00Z,
12.81,13.4505,2024-01-29T22:30:00Z,2024-01-29T23:00:00Z,
13.86,14.553,2024-01-29T23:00:00Z,2024-01-29T23:30:00Z,
12.89,13.5345,2024-01-29T23:30:00Z,2024-01-30T00:00:00Z,
12.54,13.167,2024-01-30T00:00:00Z,2024-01-30T00:30:00Z,
15.12,15.876,2024-01-30T00:30:00Z,2024-01-30T01:00:00Z,
12.6,13.23,2024-01-30T01:00:00Z,2024-01-30T01:30:00Z,
11.42,11.991,2024-01-30T01:30:00Z,2024-01-30T02:00:00Z,
12.1,12.705,2024-01-30T02:00:00Z,2024-01-30T02:30:00Z,
11.17,11.7285,2024-01-30T02:30:00Z,2024-01-30T03:00:00Z,
11.13,11.6865,2024-01-30T03:00:00Z,2024-01-30T03:30:00Z,
11.13,11.6865,2024-01-30T03:30:00Z,2024-01-30T04:00:00Z,
12.39,13.0095,2024-01-30T04:00:00Z,2024-01-30T04:30:00Z,
12.37,12.9885,2024-01-30T04:30:00Z,2024-01-30T05:00:00Z,
13.61,14.2905,2024-01-30T05:00:00Z,2024-01-30T05:30:00Z,
12.6,13.23,2024-01-30T05:30:00Z,2024-01-30T06:00:00Z,
15.33,16.0965,2024-01-30T06:00:00Z,2024-01-30T06:30:00Z,
14.07,14.7735,2024-01-30T06:30:00Z,2024-01-30T07:00:00Z,
14.7,15.435,2024-01-30T07:00:00Z,2024-01-30T07:30:00Z,
17.64,18.522,2024-01-30T07:30:00Z,2024-01-30T08:00:00Z,
14.7,15.435,2024-01-30T08:00:00Z,2024-01-30T08:30:00Z,
17.72,18.606,2024-01-30T08:30:00Z,2024-01-30T09:00:00Z,
15.46,16.233,2024-01-30T09:00:00Z,2024-01-30T09:30:00Z,
15.46,16.233,2024-01-30T09:30:00Z,2024-01-30T10:00:00Z,
13.88,14.574,2024-01-30T10:00:00Z,2024-01-30T10:30:00Z,
13.86,14.553,2024-01-30T10:30:00Z,2024-01-30T11:00:00Z,
13.38,14.049,2024-01-30T11:00:00Z,2024-01-30T11:30:00Z,
13.5,14.175,2024-01-30T11:30:00Z,2024-01-30T12:00:00Z,
12.6,13.23,2024-01-30T12:00:00Z,2024-01-30T12:30:00Z,
12.37,12.9885,2024-01-30T12:30:00Z,2024-01-30T13:00:00Z,
13.65,14.3325,2024-01-30T13:00:00Z,2024-01-30T13:30:00Z,
13.44,14.112,2024-01-30T13:30:00Z,2024-01-30T14:00:00Z,
14.22,14.931,2024-01-30T14:00:00Z,2024-01-30T14:30:00Z,
14.7,15.435,2024-01-30T14:30:00Z,2024-01-30T15:00:00Z,
13.86,14.553,2024-01-30T15:00:00Z,2024-01-30T15:30:00Z,
15.79,16.5795,2024-01-30T15:30:00Z,2024-01-30T16:00:00Z,
28.24,29.652,2024-01-30T16:00:00Z,2024-01-30T16:30:00Z,
30.94,32.487,2024-01-30T16:30:00Z,2024-01-30T17:00:00Z,
29.95,31.4475,2024-01-30T17:00:00Z,2024-01-30T17:30:00Z,
30.64,32.172,2024-01-30T17:30:00Z,2024-01-30T18:00:00Z,
31.82,33.411,2024-01-30T18:00:00Z,2024-01-30T18:30:00Z,
31.14,32.697,2024-01-30T18:30:00Z,2024-01-30T19:00:00Z,
18.21,19.1205,2024-01-30T19:00:00Z,2024-01-30T19:30:00Z,
15.79,16.5795,2024-01-30T19:30:00Z,2024-01-30T20:00:00Z,
16.8,17.64,2024-01-30T20:00:00Z,2024-01-30T20:30:00Z,
14.28,14.994,2024-01-30T20:30:00Z,2024-01-30T21:00:00Z,
17.01,17.8605,2024-01-30T21:00:00Z,2024-01-30T21:30:00Z,
13.25,13.9125,2024-01-30T21:30:00Z,2024-01-30T22:00:00Z,
13.25,13.9125,2024-01-30T22:00:00Z,2024-01-30T22:30:00Z,
11.91,12.5055,2024-01-30T22:30:00Z,2024-01-30T23:00:00Z,
13.65,14.3325,2024-01-30T23:00:00Z,2024-01-30T23:30:00Z,
13.92,14.616,2024-01-30T23:30:00Z,2024-01-31T00:00:00Z,
13.23,13.8915,2024-01-31T00:00:00Z,2024-01-31T00:30:00Z,
14.11,14.8155,2024-01-31T00:30:00Z,2024-01-31T01:00:00Z,
14.99,15.7395,2024-01-31T01:00:00Z,2024-01-31T01:30:00Z,
12.77,13.4085,2024-01-31T01:30:00Z,2024-01-31T02:00:00Z,
13.1,13.755,2024-01-31T02:00:00Z,2024-01-31T02:30:00Z,
12.18,12.789,2024-01-31T02:30:00Z,2024-01-31T03:00:00Z,
12.35,12.9675,2024-01-31T03:00:00Z,2024-01-31T03:30:00Z,
12.08,12.684,2024-01-31T03:30:00Z,2024-01-31T04:00:00Z,
12.22,12.831,2024-01-31T04:00:00Z,2024-01-31T04:30:00Z,
11.68,12.264,2024-01-31T04:30:00Z,2024-01-31T05:00:00Z,
11.55,12.1275,2024-01-31T05:00:00Z,2024-01-31T05:30:00Z,
11.55,12.1275,2024-01-31T05:30:00Z,2024-01-31T06:00:00Z,
12.6,13.23,2024-01-31T06:00:00Z,2024-01-31T06:30:00Z,
13.44,14.112,2024-01-31T06:30:00Z,2024-01-31T07:00:00Z,
15.25,16.0125,2024-01-31T07:00:00Z,2024-01-31T07:30:00Z,
16.53,17.3565,2024-01-31T07:30:00Z,2024-01-31T08:00:00Z,
16.38,17.199,2024-01-31T08:00:00Z,2024-01-31T08:30:00Z,
16.46,17.283,2024-01-31T08:30:00Z,2024-01-31T09:00:00Z,
15.32,16.086,2024-01-31T09:00:00Z,2024-01-31T09:30:00Z,
15.12,15.876,2024-01-31T09:30:00Z,2024-01-31T10:00:00Z,
13.78,14.469,2024-01-31T10:00:00Z,2024-01-31T10:30:00Z,
13.31,13.9755,2024-01-31T10:30:00Z,2024-01-31T11:00:00Z,
11.76,12.348,2024-01-31T11:00:00Z,2024-01-31T11:30:00Z,
13.44,14.112,2024-01-31T11:30:00Z,2024-01-31T12:00:00Z,
13.31,13.9755,2024-01-31T12:00:00Z,2024-01-31T12:30:00Z,
12.7,13.335,2024-01-31T12:30:00Z,2024-01-31T13:00:00Z,
12.56,13.188,2024-01-31T13:00:00Z,2024-01-31T13:30:00Z,
11.88,12.474,2024-01-31T13:30:00Z,2024-01-31T14:00:00Z,
13.31,13.9755,2024-01-31T14:00:00Z,2024-01-31T14:30:00Z,
12.6,13.23,2024-01-31T14:30:00Z,2024-01-31T15:00:00Z,
12.28,12.894,2024-01-31T15:00:00Z,2024-01-31T15:30:00Z,
13.42,14.091,2024-01-31T15:30:00Z,2024-01-31T16:00:00Z,
27.62,29.001,2024-01-31T16:00:00Z,2024-01-31T16:30:00Z,
30.22,31.731,2024-01-31T16:30:00Z,2024-01-31T17:00:00Z,
29.06,30.513,2024-01-31T17:00:00Z,2024-01-31T17:30:00Z,
29.8,31.29,2024-01-31T17:30:00Z,2024-01-31T18:00:00Z,
29.38,30.849,2024-01-31T18:00:00Z,2024-01-31T18:30:00Z,
28.33,29.7465,2024-01-31T18:30:00Z,2024-01-31T19:00:00Z,
14.07,14.7735,2024-01-31T19:00:00Z,2024-01-31T19:30:00Z,
14.34,15.057,2024-01-31T19:30:00Z,2024-01-31T20:00:00Z,
13.31,13.9755,2024-01-31T20:00:00Z,2024-01-31T20:30:00Z,
13.12,13.776,2024-01-31T20:30:00Z,2024-01-31T21:00:00Z,
13.31,13.9755,2024-01-31T21:00:00Z,2024-01-31T21:30:00Z,
12.08,12.684,2024-01-31T21:30:00Z,2024-01-31T22:00:00Z,
12.77,13.4085,2024-01-31T22:00:00Z,2024-01-31T22:30:00Z,
7.56,7.938,2024-01-31T22:30:00Z,2024-01-31T23:00:00Z,
9.45,9.9225,2024-01-31T23:00:00Z,2024-01-31T23:30:00Z,
9.22,9.681,2024-01-31T23:30:00Z,2024-02-01T00:00:00Z,
7.44,7.812,2024-02-01T00:00:00Z,2024-02-01T00:30:00Z,
11.05,11.6025,2024-02-01T00:30:00Z,2024-02-01T01:00:00Z,
9.45,9.9225,2024-02-01T01:00:00Z,2024-02-01T01:30:00Z,
9.26,9.723,2024-02-01T01:30:00Z,2024-02-01T02:00:00Z,
9.45,9.9225,2024-02-01T02:00:00Z,2024-02-01T02:30:00Z,
8.99,9.4395,2024-02-01T02:30:00Z,2024-02-01T03:00:00Z,
9.09,9.5445,2024-02-01T03:00:00Z,2024-02-01T03:30:00Z,
8.61,9.0405,2024-02-01T03:30:00Z,2024-02-01T04:00:00Z,
10.35,10.8675,2024-02-01T04:00:00Z,2024-02-01T04:30:00Z,
8.53,8.9565,2024-02-01T04:30:00Z,2024-02-01T05:00:00Z,
11.74,12.327,2024-02-01T05:00:00Z,2024-02-01T05:30:00Z,
12.39,13.0095,2024-02-01T05:30:00Z,2024-02-01T06:00:00Z,
14.95,15.6975,2024-02-01T06:00:00Z,2024-02-01T06:30:00Z,
15.16,15.918,2024-02-01T06:30:00Z,2024-02-01T07:00:00Z,
16.55,17.3775,2024-02-01T07:00:00Z,2024-02-01T07:30:00Z,
18.27,19.1835,2024-02-01T07:30:00Z,2024-02-01T08:00:00Z,
16.23,17.0415,2024-02-01T08:00:00Z,2024-02-01T08:30:00Z,
18.06,18.963,2024-02-01T08:30:00Z,2024-02-01T09:00:00Z,
16.17,16.9785,2024-02-01T09:00:00Z,2024-02-01T09:30:00Z,
15.58,16.359,2024-02-01T09:30:00Z,2024-02-01T10:00:00Z,
14.78,15.519,2024-02-01T10:00:00Z,2024-02-01T10:30:00Z,
13.88,14.574,2024-02-01T10:30:00Z,2024-02-01T11:00:00Z,
13.02,13.671,2024-02-01T11:00:00Z,2024-02-01T11:30:00Z,
13.65,14.3325,2024-02-01T11:30:00Z,2024-02-01T12:00:00Z,
12.6,13.23,2024-02-01T12:00:00Z,2024-02-01T12:30:00Z,
11.76,12.348,2024-02-01T12:30:00Z,2024-02-01T13:00:00Z,
12.75,13.3875,2024-02-01T13:00:00Z,2024-02-01T13:30:00Z,
12.35,12.9675,2024-02-01T13:30:00Z,2024-02-01T14:00:00Z,
13.88,14.574,2024-02-01T14:00:00Z,2024-02-01T14:30:00Z,
13.88,14.574,2024-02-01T14:30:00Z,2024-02-01T15:00:00Z,
13.76,14.448,2024-02-01T15:00:00Z,2024-02-01T15:30:00Z,
14.09,14.7945,2024-02-01T15:30:00Z,2024-02-01T16:00:00Z,
28.22,29.631,2024-02-01T16:00:00Z,2024-02-01T16:30:00Z,
31.06,32.613,2024-02-01T16:30:00Z,2024-02-01T17:00:00Z,
30.64,32.172,2024-02-01T17:00:00Z,2024-02-01T17:30:00Z,
30.68,32.214,2024-02-01T17:30:00Z,2024-02-01T18:00:00Z,
30.85,32.3925,2024-02-01T18:00:00Z,2024-02-01T18:30:00Z,
28.22,29.631,2024-02-01T18:30:00Z,2024-02-01T19:00:00Z,
15.58,16.359,2024-02-01T19:00:00Z,2024-02-01T19:30:00Z,
14.89,15.6345,2024-02-01T19:30:00Z,2024-02-01T20:00:00Z,
15.12,15.876,2024-02-01T20:00:00Z,2024-02-01T20:30:00Z,
14.36,15.078,2024-02-01T20:30:00Z,2024-02-01T21:00:00Z,
15.77,16.5585,2024-02-01T21:00:00Z,2024-02-01T21:30:00Z,
14.45,15.1725,2024-02-01T21:30:00Z,2024-02-01T22:00:00Z,
13.88,14.574,2024-02-01T22:00:00Z,2024-02-01T22:30:00Z,
11.34,11.907,2024-02-01T22:30:00Z,2024-02-01T23:00:00Z,
11.09,11.6445,2024-02-01T23:00:00Z,2024-02-01T23:30:00Z,
11.09,11.6445,2024-02-01T23:30:00Z,2024-02-02T00:00:00Z,
10.29,10.8045,2024-02-02T00:00:00Z,2024-02-02T00:30:00Z,
10.79,11.3295,2024-02-02T00:30:00Z,2024-02-02T01:00:00Z,
10.5,11.025,2024-02-02T01:00:00Z,2024-02-02T01:30:00Z,
9.14,9.597,2024-02-02T01:30:00Z,2024-02-02T02:00:00Z,
10.5,11.025,2024-02-02T02:00:00Z,2024-02-02T02:30:00Z,
10.08,10.584,2024-02-02T02:30:00Z,2024-02-02T03:00:00Z,
10.5,11.025,2024-02-02T03:00:00Z,2024-02-02T03:30:00Z,
9.56,10.038,2024-02-02T03:30:00Z,2024-02-02T04:00:00Z,
10.1,10.605,2024-02-02T04:00:00Z,2024-02-02T04:30:00Z,
10.1,10.605,2024-02-02T04:30:00Z,2024-02-02T05:00:00Z,
10.06,10.563,2024-02-02T05:00:00Z,2024-02-02T05:30:00Z,
9.45,9.9225,2024-02-02T05:30:00Z,2024-02-02T06:00:00Z,
11.51,12.0855,2024-02-02T06:00:00Z,2024-02-02T06:30:00Z,
15.71,16.4955,2024-02-02T06:30:00Z,2024-02-02T07:00:00Z,
14.11,14.8155,2024-02-02T07:00:00Z,2024-02-02T07:30:00Z,
15.79,16.5795,2024-02-02T07:30:00Z,2024-02-02T08:00:00Z,
14.28,14.994,2024-02-02T08:00:00Z,2024-02-02T08:30:00Z,
15.75,16.5375,2024-02-02T08:30:00Z,2024-02-02T09:00:00Z,
15.12,15.876,2024-02-02T09:00:00Z,2024-02-02T09:30:00Z,
15.33,16.0965,2024-02-02T09:30:00Z,2024-02-02T10:00:00Z,
14.91,15.6555,2024-02-02T10:00:00Z,2024-02-02T10:30:00Z,
14.09,14.7945,2024-02-02T10:30:00Z,2024-02-02T11:00:00Z,
12.6,13.23,2024-02-02T11:00:00Z,2024-02-02T11:30:00Z,
12.94,13.587,2024-02-02T11:30:00Z,2024-02-02T12:00:00Z,
11.76,12.348,2024-02-02T12:00:00Z,2024-02-02T12:30:00Z,
13.23,13.8915,2024-02-02T12:30:00Z,2024-02-02T13:00:00Z,
12.35,12.9675,2024-02-02T13:00:00Z,2024-02-02T13:30:00Z,
11.28,11.844,2024-02-02T13:30:00Z,2024-02-02T14:00:00Z,
11.76,12.348,2024-02-02T14:00:00Z,2024-02-02T14:30:00Z,
11.26,11.823,2024-02-02T14:30:00Z,2024-02-02T15:00:00Z,
10.5,11.025,2024-02-02T15:00:00Z,2024-02-02T15:30:00Z,
12.43,13.0515,2024-02-02T15:30:00Z,2024-02-02T16:00:00Z,
24.76,25.998,2024-02-02T16:00:00Z,2024-02-02T16:30:00Z,
28.12,29.526,2024-02-02T16:30:00Z,2024-02-02T17:00:00Z,
29.17,30.6285,2024-02-02T17:00:00Z,2024-02-02T17:30:00Z,
28.96,30.408,2024-02-02T17:30:00Z,2024-02-02T18:00:00Z,
29.11,30.5655,2024-02-02T18:00:00Z,2024-02-02T18:30:00Z,
28.04,29.442,2024-02-02T18:30:00Z,2024-02-02T19:00:00Z,
17.01,17.8605,2024-02-02T19:00:00Z,2024-02-02T19:30:00Z,
14.7,15.435,2024-02-02T19:30:00Z,2024-02-02T20:00:00Z,
13.57,14.2485,2024-02-02T20:00:00Z,2024-02-02T20:30:00Z,
10.1,10.605,2024-02-02T20:30:00Z,2024-02-02T21:00:00Z,
13.02,13.671,2024-02-02T21:00:00Z,2024-02-02T21:30:00Z,
7.56,7.938,2024-02-02T21:30:00Z,2024-02-02T22:00:00Z,
9.28,9.744,2024-02-02T22:00:00Z,2024-02-02T22:30:00Z,
7.35,7.7175,2024-02-02T22:30:00Z,2024-02-02T23:00:00Z,
5.78,6.069,2024-02-02T23:00:00Z,2024-02-02T23:30:00Z,
4.16,4.368,2024-02-02T23:30:00Z,2024-02-03T00:00:00Z,
5.04,5.292,2024-02-03T00:00:00Z,2024-02-03T00:30:00Z,
8.06,8.463,2024-02-03T00:30:00Z,2024-02-03T01:00:00Z,
6.31,6.6255,2024-02-03T01:00:00Z,2024-02-03T01:30:00Z,
2.73,2.8665,2024-02-03T01:30:00Z,2024-02-03T02:00:00Z,
1.22,1.281,2024-02-03T02:00:00Z,2024-02-03T02:30:00Z,
0.0,0.0,2024-02-03T02:30:00Z,2024-02-03T03:00:00Z,
1.68,1.764,2024-02-03T03:00:00Z,2024-02-03T03:30:00Z,
0.0,0.0,2024-02-03T03:30:00Z,2024-02-03T04:00:00Z,
2.96,3.108,2024-02-03T04:00:00Z,2024-02-03T04:30:00Z,
2.94,3.087,2024-02-03T04:30:00Z,2024-02-03T05:00:00Z,
4.2,4.41,2024-02-03T05:00:00Z,2024-02-03T05:30:00Z,
4.81,5.0505,2024-02-03T05:30:00Z,2024-02-03T06:00:00Z,
6.43,6.7515,2024-02-03T06:00:00Z,2024-02-03T06:30:00Z,
6.51,6.8355,2024-02-03T06:30:00Z,2024-02-03T07:00:00Z,
6.01,6.3105,2024-02-03T07:00:00Z,2024-02-03T07:30:00Z,
11.55,12.1275,2024-02-03T07:30:00Z,2024-02-03T08:00:00Z,
9.93,10.4265,2024-02-03T08:00:00Z,2024-02-03T08:30:00Z,
14.74,15.477,2024-02-03T08:30:00Z,2024-02-03T09:00:00Z,
10.65,11.1825,2024-02-03T09:00:00Z,2024-02-03T09:30:00Z,
13.4,14.07,2024-02-03T09:30:00Z,2024-02-03T10:00:00Z,
13.4,14.07,2024-02-03T10:00:00Z,2024-02-03T10:30:00Z,
12.6,13.23,2024-02-03T10:30:00Z,2024-02-03T11:00:00Z,
11.7,12.285,2024-02-03T11:00:00Z,2024-02-03T11:30:00Z,
12.6,13.23,2024-02-03T11:30:00Z,2024-02-03T12:00:00Z,
13.04,13.692,2024-02-03T12:00:00Z,2024-02-03T12:30:00Z,
12.6,13.23,2024-02-03T12:30:00Z,2024-02-03T13:00:00Z,
13.02,13.671,2024-02-03T13:00:00Z,2024-02-03T13:30:00Z,
11.55,12.1275,2024-02-03T13:30:00Z,2024-02-03T14:00:00Z,
11.55,12.1275,2024-02-03T14:00:00Z,2024-02-03T14:30:00Z,
11.55,12.1275,2024-02-03T14:30:00Z,2024-02-03T15:00:00Z,
10.46,10.983,2024-02-03T15:00:00Z,2024-02-03T15:30:00Z,
10.5,11.025,2024-02-03T15:30:00Z,2024-02-03T16:00:00Z,
26.25,27.5625,2024-02-03T16:00:00Z,2024-02-03T16:30:00Z,
30.41,31.9305,2024-02-03T16:30:00Z,2024-02-03T17:00:00Z,
30.43,31.9515,2024-02-03T17:00:00Z,2024-02-03T17:30:00Z,
30.47,31.9935,2024-02-03T17:30:00Z,2024-02-03T18:00:00Z,
30.35,31.8675,2024-02-03T18:00:00Z,2024-02-03T18:30:00Z,
29.38,30.849,2024-02-03T18:30:00Z,2024-02-03T19:00:00Z,
15.54,16.317,2024-02-03T19:00:00Z,2024-02-03T19:30:00Z,
11.76,12.348,2024-02-03T19:30:00Z,2024-02-03T20:00:00Z,
13.44,14.112,2024-02-03T20:00:00Z,2024-02-03T20:30:00Z,
10.5,11.025,2024-02-03T20:30:00Z,2024-02-03T21:00:00Z,
13.02,13.671,2024-02-03T21:00:00Z,2024-02-03T21:30:00Z,
7.76,8.148,2024-02-03T21:30:00Z,2024-02-03T22:00:00Z,
9.93,10.4265,2024-02-03T22:00:00Z,2024-02-03T22:30:00Z,
5.88,6.174,2024-02-03T22:30:00Z,2024-02-03T23:00:00Z,
9.28,9.744,2024-02-03T23:00:00Z,2024-02-03T23:30:00Z,
6.05,6.3525,2024-02-03T23:30:00Z,2024-02-04T00:00:00Z,
2.94,3.087,2024-02-04T00:00:00Z,2024-02-04T00:30:00Z,
5.88,6.174,2024-02-04T00:30:00Z,2024-02-04T01:00:00Z,
3.36,3.528,2024-02-04T01:00:00Z,2024-02-04T01:30:00Z,
0.21,0.2205,2024-02-04T01:30:00Z,2024-02-04T02:00:00Z,
1.68,1.764,2024-02-04T02:00:00Z,2024-02-04T02:30:00Z,
0.84,0.882,2024-02-04T02:30:00Z,2024-02-04T03:00:00Z,
1.26,1.323,2024-02-04T03:00:00Z,2024-02-04T03:30:00Z,
0.0,0.0,2024-02-04T03:30:00Z,2024-02-04T04:00:00Z,
0.34,0.357,2024-02-04T04:00:00Z,2024-02-04T04:30:00Z,
0.0,0.0,2024-02-04T04:30:00Z,2024-02-04T05:00:00Z,
0.0,0.0,2024-02-04T05:00:00Z,2024-02-04T05:30:00Z,
0.0,0.0,2024-02-04T05:30:00Z,2024-02-04T06:00:00Z,
1.53,1.6065,2024-02-04T06:00:00Z,2024-02-04T06:30:00Z,
2.35,2.4675,2024-02-04T06:30:00Z,2024-02-04T07:00:00Z,
-0.67,-0.7035,2024-02-04T07:00:00Z,2024-02-04T07:30:00Z,
2.98,3.129,2024-02-04T07:30:00Z,2024-02-04T08:00:00Z,
-1.58,-1.659,2024-02-04T08:00:00Z,2024-02-04T08:30:00Z,
5.14,5.397,2024-02-04T08:30:00Z,2024-02-04T09:00:00Z,
1.68,1.764,2024-02-04T09:00:00Z,2024-02-04T09:30:00Z,
7.29,7.6545,2024-02-04T09:30:00Z,2024-02-04T10:00:00Z,
4.18,4.389,2024-02-04T10:00:00Z,2024-02-04T10:30:00Z,
6.17,6.4785,2024-02-04T10:30:00Z,2024-02-04T11:00:00Z,
6.4,6.72,2024-02-04T11:00:00Z,2024-02-04T11:30:00Z,
8.74,9.177,2024-02-04T11:30:00Z,2024-02-04T12:00:00Z,
7.69,8.0745,2024-02-04T12:00:00Z,2024-02-04T12:30:00Z,
8.8,9.24,2024-02-04T12:30:00Z,2024-02-04T13:00:00Z,
8.4,8.82,2024-02-04T13:00:00Z,2024-02-04T13:30:00Z,
7.01,7.3605,2024-02-04T13:30:00Z,2024-02-04T14:00:00Z,
7.35,7.7175,2024-02-04T14:00:00Z,2024-02-04T14:30:00Z,
7.77,8.1585,2024-02-04T14:30:00Z,2024-02-04T15:00:00Z,
8.9,9.345,2024-02-04T15:00:00Z,2024-02-04T15:30:00Z,
8.4,8.82,2024-02-04T15:30:00Z,2024-02-04T16:00:00Z,
24.34,25.557,2024-02-04T16:00:00Z,2024-02-04T16:30:00Z,
26.96,28.308,2024-02-04T16:30:00Z,2024-02-04T17:00:00Z,
28.75,30.1875,2024-02-04T17:00:00Z,2024-02-04T17:30:00Z,
28.12,29.526,2024-02-04T17:30:00Z,2024-02-04T18:00:00Z,
29.53,31.0065,2024-02-04T18:00:00Z,2024-02-04T18:30:00Z,
28.75,30.1875,2024-02-04T18:30:00Z,2024-02-04T19:00:00Z,
15.54,16.317,2024-02-04T19:00:00Z,2024-02-04T19:30:00Z,
12.24,12.852,2024-02-04T19:30:00Z,2024-02-04T20:00:00Z,
10.96,11.508,2024-02-04T20:00:00Z,2024-02-04T20:30:00Z,
7.98,8.379,2024-02-04T20:30:00Z,2024-02-04T21:00:00Z,
9.74,10.227,2024-02-04T21:00:00Z,2024-02-04T21:30:00Z,
5.04,5.292,2024-02-04T21:30:00Z,2024-02-04T22:00:00Z,
6.85,7.1925,2024-02-04T22:00:00Z,2024-02-04T22:30:00Z,
5.25,5.5125,2024-02-04T22:30:00Z,2024-02-04T23:00:00Z,
3.36,3.528,2024-02-04T23:00:00Z,2024-02-04T23:30:00Z,
0.0,0.0,2024-02-04T23:30:00Z,2024-02-05T00:00:00Z,
-2.1,-2.205,2024-02-05T00:00:00Z,2024-02-05T00:30:00Z,
1.05,1.1025,2024-02-05T00:30:00Z,2024-02-05T01:00:00Z,
1.05,1.1025,2024-02-05T01:00:00Z,2024-02-05T01:30:00Z,
-1.64,-1.722,2024-02-05T01:30:00Z,2024-02-05T02:00:00Z,
0.84,0.882,2024-02-05T02:00:00Z,2024-02-05T02:30:00Z,
0.0,0.0,2024-02-05T02:30:00Z,2024-02-05T03:00:00Z,
-0.63,-0.6615,2024-02-05T03:00:00Z,2024-02-05T03:30:00Z,
-2.56,-2.688,2024-02-05T03:30:00Z,2024-02-05T04:00:00Z,
0.0,0.0,2024-02-05T04:00:00Z,2024-02-05T04:30:00Z,
-1.64,-1.722,2024-02-05T04:30:00Z,2024-02-05T05:00:00Z,
5.04,5.292,2024-02-05T05:00:00Z,2024-02-05T05:30:00Z,
7.73,8.1165,2024-02-05T05:30:00Z,2024-02-05T06:00:00Z,
11.89,12.4845,2024-02-05T06:00:00Z,2024-02-05T06:30:00Z,
17.64,18.522,2024-02-05T06:30:00Z,2024-02-05T07:00:00Z,
12.39,13.0095,2024-02-05T07:00:00Z,2024-02-05T07:30:00Z,
17.64,18.522,2024-02-05T07:30:00Z,2024-02-05T08:00:00Z,
14.91,15.6555,2024-02-05T08:00:00Z,2024-02-05T08:30:00Z,
16.95,17.7975,2024-02-05T08:30:00Z,2024-02-05T09:00:00Z,
13.73,14.4165,2024-02-05T09:00:00Z,2024-02-05T09:30:00Z,
14.83,15.5715,2024-02-05T09:30:00Z,2024-02-05T10:00:00Z,
14.07,14.7735,2024-02-05T10:00:00Z,2024-02-05T10:30:00Z,
14.05,14.7525,2024-02-05T10:30:00Z,2024-02-05T11:00:00Z,
14.22,14.931,2024-02-05T11:00:00Z,2024-02-05T11:30:00Z,
15.94,16.737,2024-02-05T11:30:00Z,2024-02-05T12:00:00Z,
14.28,14.994,2024-02-05T12:00:00Z,2024-02-05T12:30:00Z,
14.11,14.8155,2024-02-05T12:30:00Z,2024-02-05T13:00:00Z,
14.45,15.1725,2024-02-05T13:00:00Z,2024-02-05T13:30:00Z,
13.65,14.3325,2024-02-05T13:30:00Z,2024-02-05T14:00:00Z,
13.59,14.2695,2024-02-05T14:00:00Z,2024-02-05T14:30:00Z,
13.17,13.8285,2024-02-05T14:30:00Z,2024-02-05T15:00:00Z,
13.21,13.8705,2024-02-05T15:00:00Z,2024-02-05T15:30:00Z,
13.5,14.175,2024-02-05T15:30:00Z,2024-02-05T16:00:00Z,
26.65,27.9825,2024-02-05T16:00:00Z,2024-02-05T16:30:00Z,
29.8,31.29,2024-02-05T16:30:00Z,2024-02-05T17:00:00Z,
29.8,31.29,2024-02-05T17:00:00Z,2024-02-05T17:30:00Z,
30.14,31.647,2024-02-05T17:30:00Z,2024-02-05T18:00:00Z,
29.63,31.1115,2024-02-05T18:00:00Z,2024-02-05T18:30:00Z,
27.7,29.085,2024-02-05T18:30:00Z,2024-02-05T19:00:00Z,
15.12,15.876,2024-02-05T19:00:00Z,2024-02-05T19:30:00Z,
14.7,15.435,2024-02-05T19:30:00Z,2024-02-05T20:00:00Z,
13.96,14.658,2024-02-05T20:00:00Z,2024-02-05T20:30:00Z,
12.1,12.705,2024-02-05T20:30:00Z,2024-02-05T21:00:00Z,
12.54,13.167,2024-02-05T21:00:00Z,2024-02-05T21:30:00Z,
4.6,4.83,2024-02-05T21:30:00Z,2024-02-05T22:00:00Z,
8.06,8.463,2024-02-05T22:00:00Z,2024-02-05T22:30:00Z,
4.2,4.41,2024-02-05T22:30:00Z,2024-02-05T23:00:00Z,
6.62,6.951,2024-02-05T23:00:00Z,2024-02-05T23:30:00Z,
3.23,3.3915,2024-02-05T23:30:00Z,2024-02-06T00:00:00Z,
2.25,2.3625,2024-02-06T00:00:00Z,2024-02-06T00:30:00Z,
5.04,5.292,2024-02-06T00:30:00Z,2024-02-06T01:00:00Z,
1.94,2.037,2024-02-06T01:00:00Z,2024-02-06T01:30:00Z,
2.81,2.9505,2024-02-06T01:30:00Z,2024-02-06T02:00:00Z,
2.31,2.4255,2024-02-06T02:00:00Z,2024-02-06T02:30:00Z,
2.31,2.4255,2024-02-06T02:30:00Z,2024-02-06T03:00:00Z,
2.1,2.205,2024-02-06T03:00:00Z,2024-02-06T03:30:00Z,
1.32,1.386,2024-02-06T03:30:00Z,2024-02-06T04:00:00Z,
5.04,5.292,2024-02-06T04:00:00Z,2024-02-06T04:30:00Z,
3.02,3.171,2024-02-06T04:30:00Z,2024-02-06T05:00:00Z,
6.89,7.2345,2024-02-06T05:00:00Z,2024-02-06T05:30:00Z,
9.58,10.059,2024-02-06T05:30:00Z,2024-02-06T06:00:00Z,
10.5,11.025,2024-02-06T06:00:00Z,2024-02-06T06:30:00Z,
13.65,14.3325,2024-02-06T06:30:00Z,2024-02-06T07:00:00Z,
14.28,14.994,2024-02-06T07:00:00Z,2024-02-06T07:30:00Z,
15.58,16.359,2024-02-06T07:30:00Z,2024-02-06T08:00:00Z,
14.07,14.7735,2024-02-06T08:00:00Z,2024-02-06T08:30:00Z,
14.7,15.435,2024-02-06T08:30:00Z,2024-02-06T09:00:00Z,
14.28,14.994,2024-02-06T09:00:00Z,2024-02-06T09:30:00Z,
14.7,15.435,2024-02-06T09:30:00Z,2024-02-06T10:00:00Z,
13.36,14.028,2024-02-06T10:00:00Z,2024-02-06T10:30:00Z,
13.86,14.553,2024-02-06T10:30:00Z,2024-02-06T11:00:00Z,
13.86,14.553,2024-02-06T11:00:00Z,2024-02-06T11:30:00Z,
14.36,15.078,2024-02-06T11:30:00Z,2024-02-06T12:00:00Z,
14.3,15.015,2024-02-06T12:00:00Z,2024-02-06T12:30:00Z,
13.82,14.511,2024-02-06T12:30:00Z,2024-02-06T13:00:00Z,
14.68,15.414,2024-02-06T13:00:00Z,2024-02-06T13:30:00Z,
13.86,14.553,2024-02-06T13:30:00Z,2024-02-06T14:00:00Z,
14.34,15.057,2024-02-06T14:00:00Z,2024-02-06T14:30:00Z,
14.41,15.1305,2024-02-06T14:30:00Z,2024-02-06T15:00:00Z,
12.68,13.314,2024-02-06T15:00:00Z,2024-02-06T15:30:00Z,
13.52,14.196,2024-02-06T15:30:00Z,2024-02-06T16:00:00Z,
26.34,27.657,2024-02-06T16:00:00Z,2024-02-06T16:30:00Z,
28.88,30.324,2024-02-06T16:30:00Z,2024-02-06T17:00:00Z,
28.79,30.2295,2024-02-06T17:00:00Z,2024-02-06T17:30:00Z,
29.99,31.4895,2024-02-06T17:30:00Z,2024-02-06T18:00:00Z,
30.18,31.689,2024-02-06T18:00:00Z,2024-02-06T18:30:00Z,
30.09,31.5945,2024-02-06T18:30:00Z,2024-02-06T19:00:00Z,
19.82,20.811,2024-02-06T19:00:00Z,2024-02-06T19:30:00Z,
17.07,17.9235,2024-02-06T19:30:00Z,2024-02-06T20:00:00Z,
18.48,19.404,2024-02-06T20:00:00Z,2024-02-06T20:30:00Z,
15.54,16.317,2024-02-06T20:30:00Z,2024-02-06T21:00:00Z,
16.8,17.64,2024-02-06T21:00:00Z,2024-02-06T21:30:00Z,
14.7,15.435,2024-02-06T21:30:00Z,2024-02-06T22:00:00Z,
14.7,15.435,2024-02-06T22:00:00Z,2024-02-06T22:30:00Z,
12.6,13.23,2024-02-06T22:30:00Z,2024-02-06T23:00:00Z,
12.94,13.587,2024-02-06T23:00:00Z,2024-02-06T23:30:00Z,
12.6,13.23,2024-02-06T23:30:00Z,2024-02-07T00:00:00Z,
13.15,13.8075,2024-02-07T00:00:00Z,2024-02-07T00:30:00Z,
16.06,16.863,2024-02-07T00:30:00Z,2024-02-07T01:00:00Z,
15.75,16.5375,2024-02-07T01:00:00Z,2024-02-07T01:30:00Z,
13.25,13.9125,2024-02-07T01:30:00Z,2024-02-07T02:00:00Z,
14.11,14.8155,2024-02-07T02:00:00Z,2024-02-07T02:30:00Z,
14.07,14.7735,2024-02-07T02:30:00Z,2024-02-07T03:00:00Z,
13.06,13.713,2024-02-07T03:00:00Z,2024-02-07T03:30:00Z,
13.15,13.8075,2024-02-07T03:30:00Z,2024-02-07T04:00:00Z,
13.12,13.776,2024-02-07T04:00:00Z,2024-02-07T04:30:00Z,
12.94,13.587,2024-02-07T04:30:00Z,2024-02-07T05:00:00Z,
12.73,13.3665,2024-02-07T05:00:00Z,2024-02-07T05:30:00Z,
12.75,13.3875,2024-02-07T05:30:00Z,2024-02-07T06:00:00Z,
16.38,17.199,2024-02-07T06:00:00Z,2024-02-07T06:30:00Z,
14.87,15.6135,2024-02-07T06:30:00Z,2024-02-07T07:00:00Z,
14.8,15.54,2024-02-07T07:00:00Z,2024-02-07T07:30:00Z,
17.47,18.3435,2024-02-07T07:30:00Z,2024-02-07T08:00:00Z,
16.48,17.304,2024-02-07T08:00:00Z,2024-02-07T08:30:00Z,
17.85,18.7425,2024-02-07T08:30:00Z,2024-02-07T09:00:00Z,
17.01,17.8605,2024-02-07T09:00:00Z,2024-02-07T09:30:00Z,
16.74,17.577,2024-02-07T09:30:00Z,2024-02-07T10:00:00Z,
15.46,16.233,2024-02-07T10:00:00Z,2024-02-07T10:30:00Z,
14.41,15.1305,2024-02-07T10:30:00Z,2024-02-07T11:00:00Z,
14.07,14.7735,2024-02-07T11:00:00Z,2024-02-07T11:30:00Z,
13.46,14.133,2024-02-07T11:30:00Z,2024-02-07T12:00:00Z,
13.76,14.448,2024-02-07T12:00:00Z,2024-02-07T12:30:00Z,
13.46,14.133,2024-02-07T12:30:00Z,2024-02-07T13:00:00Z,
14.78,15.519,2024-02-07T13:00:00Z,2024-02-07T13:30:00Z,
14.01,14.7105,2024-02-07T13:30:00Z,2024-02-07T14:00:00Z,
16.59,17.4195,2024-02-07T14:00:00Z,2024-02-07T14:30:00Z,
15.25,16.0125,2024-02-07T14:30:00Z,2024-02-07T15:00:00Z,
16.3,17.115,2024-02-07T15:00:00Z,2024-02-07T15:30:00Z,
16.8,17.64,2024-02-07T15:30:00Z,2024-02-07T16:00:00Z,
32.55,34.1775,2024-02-07T16:00:00Z,2024-02-07T16:30:00Z,
36.86,38.703,2024-02-07T16:30:00Z,2024-02-07T17:00:00Z,
35.05,36.8025,2024-02-07T17:00:00Z,2024-02-07T17:30:00Z,
38.18,40.089,2024-02-07T17:30:00Z,2024-02-07T18:00:00Z,
33.41,35.0805,2024-02-07T18:00:00Z,2024-02-07T18:30:00Z,
31.82,33.411,2024-02-07T18:30:00Z,2024-02-07T19:00:00Z,
20.79,21.8295,2024-02-07T19:00:00Z,2024-02-07T19:30:00Z,
18.9,19.845,2024-02-07T19:30:00Z,2024-02-07T20:00:00Z,
16.86,17.703,2024-02-07T20:00:00Z,2024-02-07T20:30:00Z,
14.49,15.2145,2024-02-07T20:30:00Z,2024-02-07T21:00:00Z,
16.59,17.4195,2024-02-07T21:00:00Z,2024-02-07T21:30:00Z,
13.02,13.671,2024-02-07T21:30:00Z,2024-02-07T22:00:00Z,
16.13,16.9365,2024-02-07T22:00:00Z,2024-02-07T22:30:00Z,
14.07,14.7735,2024-02-07T22:30:00Z,2024-02-07T23:00:00Z,
13.12,13.776,2024-02-07T23:00:00Z,2024-02-07T23:30:00Z,
13.65,14.3325,2024-02-07T23:30:00Z,2024-02-08T00:00:00Z,
12.39,13.0095,2024-02-08T00:00:00Z,2024-02-08T00:30:00Z,
14.49,15.2145,2024-02-08T00:30:00Z,2024-02-08T01:00:00Z,
13.78,14.469,2024-02-08T01:00:00Z,2024-02-08T01:30:00Z,
13.12,13.776,2024-02-08T01:30:00Z,2024-02-08T02:00:00Z,
13.12,13.776,2024-02-08T02:00:00Z,2024-02-08T02:30:00Z,
12.39,13.0095,2024-02-08T02:30:00Z,2024-02-08T03:00:00Z,
13.12,13.776,2024-02-08T03:00:00Z,2024-02-08T03:30:00Z,
12.39,13.0095,2024-02-08T03:30:00Z,2024-02-08T04:00:00Z,
12.45,13.0725,2024-02-08T04:00:00Z,2024-02-08T04:30:00Z,
12.39,13.0095,2024-02-08T04:30:00Z,2024-02-08T05:00:00Z,
13.29,13.9545,2024-02-08T05:00:00Z,2024-02-08T05:30:00Z,
12.6,13.23,2024-02-08T05:30:00Z,2024-02-08T06:00:00Z,
15.25,16.0125,2024-02-08T06:00:00Z,2024-02-08T06:30:00Z,
15.75,16.5375,2024-02-08T06:30:00Z,2024-02-08T07:00:00Z,
17.51,18.3855,2024-02-08T07:00:00Z,2024-02-08T07:30:00Z,
19.82,20.811,2024-02-08T07:30:00Z,2024-02-08T08:00:00Z,
18.46,19.383,2024-02-08T08:00:00Z,2024-02-08T08:30:00Z,
18.9,19.845,2024-02-08T08:30:00Z,2024-02-08T09:00:00Z,
16.38,17.199,2024-02-08T09:00:00Z,2024-02-08T09:30:00Z,
15.9,16.695,2024-02-08T09:30:00Z,2024-02-08T10:00:00Z,
15.92,16.716,2024-02-08T10:00:00Z,2024-02-08T10:30:00Z,
15.79,16.5795,2024-02-08T10:30:00Z,2024-02-08T11:00:00Z,
15.12,15.876,2024-02-08T11:00:00Z,2024-02-08T11:30:00Z,
14.8,15.54,2024-02-08T11:30:00Z,2024-02-08T12:00:00Z,
14.68,15.414,2024-02-08T12:00:00Z,2024-02-08T12:30:00Z,
15.12,15.876,2024-02-08T12:30:00Z,2024-02-08T13:00:00Z,
16.8,17.64,2024-02-08T13:00:00Z,2024-02-08T13:30:00Z,
14.89,15.6345,2024-02-08T13:30:00Z,2024-02-08T14:00:00Z,
15.46,16.233,2024-02-08T14:00:00Z,2024-02-08T14:30:00Z,
14.45,15.1725,2024-02-08T14:30:00Z,2024-02-08T15:00:00Z,
13.23,13.8915,2024-02-08T15:00:00Z,2024-02-08T15:30:00Z,
16.32,17.136,2024-02-08T15:30:00Z,2024-02-08T16:00:00Z,
26.65,27.9825,2024-02-08T16:00:00Z,2024-02-08T16:30:00Z,
27.72,29.106,2024-02-08T16:30:00Z,2024-02-08T17:00:00Z,
27.7,29.085,2024-02-08T17:00:00Z,2024-02-08T17:30:00Z,
28.77,30.2085,2024-02-08T17:30:00Z,2024-02-08T18:00:00Z,
28.26,29.673,2024-02-08T18:00:00Z,2024-02-08T18:30:00Z,
26.12,27.426,2024-02-08T18:30:00Z,2024-02-08T19:00:00Z,
15.33,16.0965,2024-02-08T19:00:00Z,2024-02-08T19:30:00Z,
14.91,15.6555,2024-02-08T19:30:00Z,2024-02-08T20:00:00Z,
14.49,15.2145,2024-02-08T20:00:00Z,2024-02-08T20:30:00Z,
14.05,14.7525,2024-02-08T20:30:00Z,2024-02-08T21:00:00Z,
16.38,17.199,2024-02-08T21:00:00Z,2024-02-08T21:30:00Z,
10.92,11.466,2024-02-08T21:30:00Z,2024-02-08T22:00:00Z,
13.02,13.671,2024-02-08T22:00:00Z,2024-02-08T22:30:00Z,
9.98,10.479,2024-02-08T22:30:00Z,2024-02-08T23:00:00Z,
9.68,10.164,2024-02-08T23:00:00Z,2024-02-08T23:30:00Z,
10.08,10.584,2024-02-08T23:30:00Z,2024-02-09T00:00:00Z,
7.35,7.7175,2024-02-09T00:00:00Z,2024-02-09T00:30:00Z,
10.14,10.647,2024-02-09T00:30:00Z,2024-02-09T01:00:00Z,
9.84,10.332,2024-02-09T01:00:00Z,2024-02-09T01:30:00Z,
6.3,6.615,2024-02-09T01:30:00Z,2024-02-09T02:00:00Z,
7.56,7.938,2024-02-09T02:00:00Z,2024-02-09T02:30:00Z,
6.3,6.615,2024-02-09T02:30:00Z,2024-02-09T03:00:00Z,
7.39,7.7595,2024-02-09T03:00:00Z,2024-02-09T03:30:00Z,
6.3,6.615,2024-02-09T03:30:00Z,2024-02-09T04:00:00Z,
6.06,6.363,2024-02-09T04:00:00Z,2024-02-09T04:30:00Z,
6.3,6.615,2024-02-09T04:30:00Z,2024-02-09T05:00:00Z,
8.04,8.442,2024-02-09T05:00:00Z,2024-02-09T05:30:00Z,
9.45,9.9225,2024-02-09T05:30:00Z,2024-02-09T06:00:00Z,
11.76,12.348,2024-02-09T06:00:00Z,2024-02-09T06:30:00Z,
13.44,14.112,2024-02-09T06:30:00Z,2024-02-09T07:00:00Z,
13.44,14.112,2024-02-09T07:00:00Z,2024-02-09T07:30:00Z,
14.7,15.435,2024-02-09T07:30:00Z,2024-02-09T08:00:00Z,
13.5,14.175,2024-02-09T08:00:00Z,2024-02-09T08:30:00Z,
14.55,15.2775,2024-02-09T08:30:00Z,2024-02-09T09:00:00Z,
14.34,15.057,2024-02-09T09:00:00Z,2024-02-09T09:30:00Z,
14.28,14.994,2024-02-09T09:30:00Z,2024-02-09T10:00:00Z,
13.93,14.6265,2024-02-09T10:00:00Z,2024-02-09T10:30:00Z,
14.01,14.7105,2024-02-09T10:30:00Z,2024-02-09T11:00:00Z,
13.78,14.469,2024-02-09T11:00:00Z,2024-02-09T11:30:00Z,
14.7,15.435,2024-02-09T11:30:00Z,2024-02-09T12:00:00Z,
15.77,16.5585,2024-02-09T12:00:00Z,2024-02-09T12:30:00Z,
15.6,16.38,2024-02-09T12:30:00Z,2024-02-09T13:00:00Z,
15.33,16.0965,2024-02-09T13:00:00Z,2024-02-09T13:30:00Z,
14.78,15.519,2024-02-09T13:30:00Z,2024-02-09T14:00:00Z,
14.7,15.435,2024-02-09T14:00:00Z,2024-02-09T14:30:00Z,
13.88,14.574,2024-02-09T14:30:00Z,2024-02-09T15:00:00Z,
14.68,15.414,2024-02-09T15:00:00Z,2024-02-09T15:30:00Z,
15.46,16.233,2024-02-09T15:30:00Z,2024-02-09T16:00:00Z,
26.86,28.203,2024-02-09T16:00:00Z,2024-02-09T16:30:00Z,
29.8,31.29,2024-02-09T16:30:00Z,2024-02-09T17:00:00Z,
28.12,29.526,2024-02-09T17:00:00Z,2024-02-09T17:30:00Z,
29.51,30.9855,2024-02-09T17:30:00Z,2024-02-09T18:00:00Z,
29.8,31.29,2024-02-09T18:00:00Z,2024-02-09T18:30:00Z,
29.72,31.206,2024-02-09T18:30:00Z,2024-02-09T19:00:00Z,
16.38,17.199,2024-02-09T19:00:00Z,2024-02-09T19:30:00Z,
14.6,15.33,2024-02-09T19:30:00Z,2024-02-09T20:00:00Z,
16.17,16.9785,2024-02-09T20:00:00Z,2024-02-09T20:30:00Z,
14.49,15.2145,2024-02-09T20:30:00Z,2024-02-09T21:00:00Z,
15.83,16.6215,2024-02-09T21:00:00Z,2024-02-09T21:30:00Z,
14.49,15.2145,2024-02-09T21:30:00Z,2024-02-09T22:00:00Z,
14.49,15.2145,2024-02-09T22:00:00Z,2024-02-09T22:30:00Z,
13.44,14.112,2024-02-09T22:30:00Z,2024-02-09T23:00:00Z,
12.46,13.083,2024-02-09T23:00:00Z,2024-02-09T23:30:00Z,
10.5,11.025,2024-02-09T23:30:00Z,2024-02-10T00:00:00Z,
10.08,10.584,2024-02-10T00:00:00Z,2024-02-10T00:30:00Z,
12.83,13.4715,2024-02-10T00:30:00Z,2024-02-10T01:00:00Z,
12.5,13.125,2024-02-10T01:00:00Z,2024-02-10T01:30:00Z,
12.16,12.768,2024-02-10T01:30:00Z,2024-02-10T02:00:00Z,
12.16,12.768,2024-02-10T02:00:00Z,2024-02-10T02:30:00Z,
12.44,13.062,2024-02-10T02:30:00Z,2024-02-10T03:00:00Z,
12.16,12.768,2024-02-10T03:00:00Z,2024-02-10T03:30:00Z,
12.16,12.768,2024-02-10T03:30:00Z,2024-02-10T04:00:00Z,
13.63,14.3115,2024-02-10T04:00:00Z,2024-02-10T04:30:00Z,
13.47,14.1435,2024-02-10T04:30:00Z,2024-02-10T05:00:00Z,
13.0,13.65,2024-02-10T05:00:00Z,2024-02-10T05:30:00Z,
12.16,12.768,2024-02-10T05:30:00Z,2024-02-10T06:00:00Z,
14.7,15.435,2024-02-10T06:00:00Z,2024-02-10T06:30:00Z,
14.28,14.994,2024-02-10T06:30:00Z,2024-02-10T07:00:00Z,
13.65,14.3325,2024-02-10T07:00:00Z,2024-02-10T07:30:00Z,
14.7,15.435,2024-02-10T07:30:00Z,2024-02-10T08:00:00Z,
13.44,14.112,2024-02-10T08:00:00Z,2024-02-10T08:30:00Z,
15.12,15.876,2024-02-10T08:30:00Z,2024-02-10T09:00:00Z,
13.44,14.112,2024-02-10T09:00:00Z,2024-02-10T09:30:00Z,
14.47,15.1935,2024-02-10T09:30:00Z,2024-02-10T10:00:00Z,
14.11,14.8155,2024-02-10T10:00:00Z,2024-02-10T10:30:00Z,
14.7,15.435,2024-02-10T10:30:00Z,2024-02-10T11:00:00Z,
14.03,14.7315,2024-02-10T11:00:00Z,2024-02-10T11:30:00Z,
14.11,14.8155,2024-02-10T11:30:00Z,2024-02-10T12:00:00Z,
15.12,15.876,2024-02-10T12:00:00Z,2024-02-10T12:30:00Z,
15.96,16.758,2024-02-10T12:30:00Z,2024-02-10T13:00:00Z,
14.7,15.435,2024-02-10T13:00:00Z,2024-02-10T13:30:00Z,
13.02,13.671,2024-02-10T13:30:00Z,2024-02-10T14:00:00Z,
15.69,16.4745,2024-02-10T14:00:00Z,2024-02-10T14:30:00Z,
14.7,15.435,2024-02-10T14:30:00Z,2024-02-10T15:00:00Z,
15.75,16.5375,2024-02-10T15:00:00Z,2024-02-10T15:30:00Z,
14.18,14.889,2024-02-10T15:30:00Z,2024-02-10T16:00:00Z,
27.78,29.169,2024-02-10T16:00:00Z,2024-02-10T16:30:00Z,
31.21,32.7705,2024-02-10T16:30:00Z,2024-02-10T17:00:00Z,
31.31,32.8755,2024-02-10T17:00:00Z,2024-02-10T17:30:00Z,
32.32,33.936,2024-02-10T17:30:00Z,2024-02-10T18:00:00Z,
31.54,33.117,2024-02-10T18:00:00Z,2024-02-10T18:30:00Z,
30.85,32.3925,2024-02-10T18:30:00Z,2024-02-10T19:00:00Z,
17.81,18.7005,2024-02-10T19:00:00Z,2024-02-10T19:30:00Z,
14.78,15.519,2024-02-10T19:30:00Z,2024-02-10T20:00:00Z,
16.13,16.9365,2024-02-10T20:00:00Z,2024-02-10T20:30:00Z,
15.12,15.876,2024-02-10T20:30:00Z,2024-02-10T21:00:00Z,
14.78,15.519,2024-02-10T21:00:00Z,2024-02-10T21:30:00Z,
13.38,14.049,2024-02-10T21:30:00Z,2024-02-10T22:00:00Z,
14.36,15.078,2024-02-10T22:00:00Z,2024-02-10T22:30:00Z,
12.92,13.566,2024-02-10T22:30:00Z,2024-02-10T23:00:00Z,
13.61,14.2905,2024-02-10T23:00:00Z,2024-02-10T23:30:00Z,
14.28,14.994,2024-02-10T23:30:00Z,2024-02-11T00:00:00Z,
12.75,13.3875,2024-02-11T00:00:00Z,2024-02-11T00:30:00Z,
16.8,17.64,2024-02-11T00:30:00Z,2024-02-11T01:00:00Z,
15.75,16.5375,2024-02-11T01:00:00Z,2024-02-11T01:30:00Z,
14.2,14.91,2024-02-11T01:30:00Z,2024-02-11T02:00:00Z,
15.25,16.0125,2024-02-11T02:00:00Z,2024-02-11T02:30:00Z,
13.57,14.2485,2024-02-11T02:30:00Z,2024-02-11T03:00:00Z,
14.55,15.2775,2024-02-11T03:00:00Z,2024-02-11T03:30:00Z,
13.31,13.9755,2024-02-11T03:30:00Z,2024-02-11T04:00:00Z,
13.31,13.9755,2024-02-11T04:00:00Z,2024-02-11T04:30:00Z,
13.02,13.671,2024-02-11T04:30:00Z,2024-02-11T05:00:00Z,
12.85,13.4925,2024-02-11T05:00:00Z,2024-02-11T05:30:00Z,
12.7,13.335,2024-02-11T05:30:00Z,2024-02-11T06:00:00Z,
13.23,13.8915,2024-02-11T06:00:00Z,2024-02-11T06:30:00Z,
13.48,14.154,2024-02-11T06:30:00Z,2024-02-11T07:00:00Z,
12.7,13.335,2024-02-11T07:00:00Z,2024-02-11T07:30:00Z,
13.0,13.65,2024-02-11T07:30:00Z,2024-02-11T08:00:00Z,
13.02,13.671,2024-02-11T08:00:00Z,2024-02-11T08:30:00Z,
14.7,15.435,2024-02-11T08:30:00Z,2024-02-11T09:00:00Z,
15.22,15.981,2024-02-11T09:00:00Z,2024-02-11T09:30:00Z,
16.8,17.64,2024-02-11T09:30:00Z,2024-02-11T10:00:00Z,
15.96,16.758,2024-02-11T10:00:00Z,2024-02-11T10:30:00Z,
16.11,16.9155,2024-02-11T10:30:00Z,2024-02-11T11:00:00Z,
15.46,16.233,2024-02-11T11:00:00Z,2024-02-11T11:30:00Z,
16.04,16.842,2024-02-11T11:30:00Z,2024-02-11T12:00:00Z,
16.0,16.8,2024-02-11T12:00:00Z,2024-02-11T12:30:00Z,
14.7,15.435,2024-02-11T12:30:00Z,2024-02-11T13:00:00Z,
12.83,13.4715,2024-02-11T13:00:00Z,2024-02-11T13:30:00Z,
11.34,11.907,2024-02-11T13:30:00Z,2024-02-11T14:00:00Z,
12.47,13.0935,2024-02-11T14:00:00Z,2024-02-11T14:30:00Z,
10.5,11.025,2024-02-11T14:30:00Z,2024-02-11T15:00:00Z,
12.47,13.0935,2024-02-11T15:00:00Z,2024-02-11T15:30:00Z,
12.45,13.0725,2024-02-11T15:30:00Z,2024-02-11T16:00:00Z,
26.44,27.762,2024-02-11T16:00:00Z,2024-02-11T16:30:00Z,
30.2,31.71,2024-02-11T16:30:00Z,2024-02-11T17:00:00Z,
31.48,33.054,2024-02-11T17:00:00Z,2024-02-11T17:30:00Z,
32.11,33.7155,2024-02-11T17:30:00Z,2024-02-11T18:00:00Z,
31.48,33.054,2024-02-11T18:00:00Z,2024-02-11T18:30:00Z,
28.54,29.967,2024-02-11T18:30:00Z,2024-02-11T19:00:00Z,
17.66,18.543,2024-02-11T19:00:00Z,2024-02-11T19:30:00Z,
15.1,15.855,2024-02-11T19:30:00Z,2024-02-11T20:00:00Z,
17.22,18.081,2024-02-11T20:00:00Z,2024-02-11T20:30:00Z,
13.88,14.574,2024-02-11T20:30:00Z,2024-02-11T21:00:00Z,
14.7,15.435,2024-02-11T21:00:00Z,2024-02-11T21:30:00Z,
12.47,13.0935,2024-02-11T21:30:00Z,2024-02-11T22:00:00Z,
13.23,13.8915,2024-02-11T22:00:00Z,2024-02-11T22:30:00Z,
9.87,10.3635,2024-02-11T22:30:00Z,2024-02-11T23:00:00Z,
15.77,16.5585,2024-02-11T23:00:00Z,2024-02-11T23:30:00Z,
12.77,13.4085,2024-02-11T23:30:00Z,2024-02-12T00:00:00Z,
10.37,10.8885,2024-02-12T00:00:00Z,2024-02-12T00:30:00Z,
12.92,13.566,2024-02-12T00:30:00Z,2024-02-12T01:00:00Z,
14.28,14.994,2024-02-12T01:00:00Z,2024-02-12T01:30:00Z,
11.95,12.5475,2024-02-12T01:30:00Z,2024-02-12T02:00:00Z,
13.31,13.9755,2024-02-12T02:00:00Z,2024-02-12T02:30:00Z,
11.74,12.327,2024-02-12T02:30:00Z,2024-02-12T03:00:00Z,
11.76,12.348,2024-02-12T03:00:00Z,2024-02-12T03:30:00Z,
10.71,11.2455,2024-02-12T03:30:00Z,2024-02-12T04:00:00Z,
12.81,13.4505,2024-02-12T04:00:00Z,2024-02-12T04:30:00Z,
10.08,10.584,2024-02-12T04:30:00Z,2024-02-12T05:00:00Z,
12.18,12.789,2024-02-12T05:00:00Z,2024-02-12T05:30:00Z,
13.5,14.175,2024-02-12T05:30:00Z,2024-02-12T06:00:00Z,
16.17,16.9785,2024-02-12T06:00:00Z,2024-02-12T06:30:00Z,
18.04,18.942,2024-02-12T06:30:00Z,2024-02-12T07:00:00Z,
17.02,17.871,2024-02-12T07:00:00Z,2024-02-12T07:30:00Z,
17.93,18.8265,2024-02-12T07:30:00Z,2024-02-12T08:00:00Z,
16.8,17.64,2024-02-12T08:00:00Z,2024-02-12T08:30:00Z,
17.81,18.7005,2024-02-12T08:30:00Z,2024-02-12T09:00:00Z,
15.98,16.779,2024-02-12T09:00:00Z,2024-02-12T09:30:00Z,
12.6,13.23,2024-02-12T09:30:00Z,2024-02-12T10:00:00Z,
13.65,14.3325,2024-02-12T10:00:00Z,2024-02-12T10:30:00Z,
12.18,12.789,2024-02-12T10:30:00Z,2024-02-12T11:00:00Z,
11.3,11.865,2024-02-12T11:00:00Z,2024-02-12T11:30:00Z,
10.92,11.466,2024-02-12T11:30:00Z,2024-02-12T12:00:00Z,
10.92,11.466,2024-02-12T12:00:00Z,2024-02-12T12:30:00Z,
10.5,11.025,2024-02-12T12:30:00Z,2024-02-12T13:00:00Z,
11.51,12.0855,2024-02-12T13:00:00Z,2024-02-12T13:30:00Z,
10.92,11.466,2024-02-12T13:30:00Z,2024-02-12T14:00:00Z,
12.64,13.272,2024-02-12T14:00:00Z,2024-02-12T14:30:00Z,
12.1,12.705,2024-02-12T14:30:00Z,2024-02-12T15:00:00Z,
12.87,13.5135,2024-02-12T15:00:00Z,2024-02-12T15:30:00Z,
13.61,14.2905,2024-02-12T15:30:00Z,2024-02-12T16:00:00Z,
23.92,25.116,2024-02-12T16:00:00Z,2024-02-12T16:30:00Z,
28.96,30.408,2024-02-12T16:30:00Z,2024-02-12T17:00:00Z,
28.96,30.408,2024-02-12T17:00:00Z,2024-02-12T17:30:00Z,
30.56,32.088,2024-02-12T17:30:00Z,2024-02-12T18:00:00Z,
29.66,31.143,2024-02-12T18:00:00Z,2024-02-12T18:30:00Z,
28.31,29.7255,2024-02-12T18:30:00Z,2024-02-12T19:00:00Z,
17.6,18.48,2024-02-12T19:00:00Z,2024-02-12T19:30:00Z,
13.9,14.595,2024-02-12T19:30:00Z,2024-02-12T20:00:00Z,
13.23,13.8915,2024-02-12T20:00:00Z,2024-02-12T20:30:00Z,
13.27,13.9335,2024-02-12T20:30:00Z,2024-02-12T21:00:00Z,
15.12,15.876,2024-02-12T21:00:00Z,2024-02-12T21:30:00Z,
9.24,9.702,2024-02-12T21:30:00Z,2024-02-12T22:00:00Z,
13.44,14.112,2024-02-12T22:00:00Z,2024-02-12T22:30:00Z,
8.05,8.4525,2024-02-12T22:30:00Z,2024-02-12T23:00:00Z,
12.58,13.209,2024-02-12T23:00:00Z,2024-02-12T23:30:00Z,
11.91,12.5055,2024-02-12T23:30:00Z,2024-02-13T00:00:00Z,
11.76,12.348,2024-02-13T00:00:00Z,2024-02-13T00:30:00Z,
14.07,14.7735,2024-02-13T00:30:00Z,2024-02-13T01:00:00Z,
12.6,13.23,2024-02-13T01:00:00Z,2024-02-13T01:30:00Z,
12.21,12.8205,2024-02-13T01:30:00Z,2024-02-13T02:00:00Z,
12.58,13.209,2024-02-13T02:00:00Z,2024-02-13T02:30:00Z,
12.18,12.789,2024-02-13T02:30:00Z,2024-02-13T03:00:00Z,
12.56,13.188,2024-02-13T03:00:00Z,2024-02-13T03:30:00Z,
12.18,12.789,2024-02-13T03:30:00Z,2024-02-13T04:00:00Z,
12.58,13.209,2024-02-13T04:00:00Z,2024-02-13T04:30:00Z,
12.58,13.209,2024-02-13T04:30:00Z,2024-02-13T05:00:00Z,
13.38,14.049,2024-02-13T05:00:00Z,2024-02-13T05:30:00Z,
13.23,13.8915,2024-02-13T05:30:00Z,2024-02-13T06:00:00Z,
14.28,14.994,2024-02-13T06:00:00Z,2024-02-13T06:30:00Z,
14.29,15.0045,2024-02-13T06:30:00Z,2024-02-13T07:00:00Z,
12.01,12.6105,2024-02-13T07:00:00Z,2024-02-13T07:30:00Z,
16.59,17.4195,2024-02-13T07:30:00Z,2024-02-13T08:00:00Z,
12.66,13.293,2024-02-13T08:00:00Z,2024-02-13T08:30:00Z,
15.37,16.1385,2024-02-13T08:30:00Z,2024-02-13T09:00:00Z,
13.65,14.3325,2024-02-13T09:00:00Z,2024-02-13T09:30:00Z,
13.65,14.3325,2024-02-13T09:30:00Z,2024-02-13T10:00:00Z,
12.6,13.23,2024-02-13T10:00:00Z,2024-02-13T10:30:00Z,
12.62,13.251,2024-02-13T10:30:00Z,2024-02-13T11:00:00Z,
12.58,13.209,2024-02-13T11:00:00Z,2024-02-13T11:30:00Z,
12.62,13.251,2024-02-13T11:30:00Z,2024-02-13T12:00:00Z,
12.73,13.3665,2024-02-13T12:00:00Z,2024-02-13T12:30:00Z,
12.58,13.209,2024-02-13T12:30:00Z,2024-02-13T13:00:00Z,
13.44,14.112,2024-02-13T13:00:00Z,2024-02-13T13:30:00Z,
13.15,13.8075,2024-02-13T13:30:00Z,2024-02-13T14:00:00Z,
14.28,14.994,2024-02-13T14:00:00Z,2024-02-13T14:30:00Z,
13.31,13.9755,2024-02-13T14:30:00Z,2024-02-13T15:00:00Z,
14.6,15.33,2024-02-13T15:00:00Z,2024-02-13T15:30:00Z,
14.8,15.54,2024-02-13T15:30:00Z,2024-02-13T16:00:00Z,
28.94,30.387,2024-02-13T16:00:00Z,2024-02-13T16:30:00Z,
29.8,31.29,2024-02-13T16:30:00Z,2024-02-13T17:00:00Z,
29.15,30.6075,2024-02-13T17:00:00Z,2024-02-13T17:30:00Z,
30.43,31.9515,2024-02-13T17:30:00Z,2024-02-13T18:00:00Z,
29.8,31.29,2024-02-13T18:00:00Z,2024-02-13T18:30:00Z,
29.82,31.311,2024-02-13T18:30:00Z,2024-02-13T19:00:00Z,
16.8,17.64,2024-02-13T19:00:00Z,2024-02-13T19:30:00Z,
14.07,14.7735,2024-02-13T19:30:00Z,2024-02-13T20:00:00Z,
13.57,14.2485,2024-02-13T20:00:00Z,2024-02-13T20:30:00Z,
14.18,14.889,2024-02-13T20:30:00Z,2024-02-13T21:00:00Z,
13.92,14.616,2024-02-13T21:00:00Z,2024-02-13T21:30:00Z,
13.88,14.574,2024-02-13T21:30:00Z,2024-02-13T22:00:00Z,
14.41,15.1305,2024-02-13T22:00:00Z,2024-02-13T22:30:00Z,
11.55,12.1275,2024-02-13T22:30:00Z,2024-02-13T23:00:00Z,
15.2,15.96,2024-02-13T23:00:00Z,2024-02-13T23:30:00Z,
13.65,14.3325,2024-02-13T23:30:00Z,2024-02-14T00:00:00Z,
12.47,13.0935,2024-02-14T00:00:00Z,2024-02-14T00:30:00Z,
15.14,15.897,2024-02-14T00:30:00Z,2024-02-14T01:00:00Z,
15.18,15.939,2024-02-14T01:00:00Z,2024-02-14T01:30:00Z,
13.08,13.734,2024-02-14T01:30:00Z,2024-02-14T02:00:00Z,
13.02,13.671,2024-02-14T02:00:00Z,2024-02-14T02:30:00Z,
12.14,12.747,2024-02-14T02:30:00Z,2024-02-14T03:00:00Z,
12.12,12.726,2024-02-14T03:00:00Z,2024-02-14T03:30:00Z,
12.12,12.726,2024-02-14T03:30:00Z,2024-02-14T04:00:00Z,
12.12,12.726,2024-02-14T04:00:00Z,2024-02-14T04:30:00Z,
12.12,12.726,2024-02-14T04:30:00Z,2024-02-14T05:00:00Z,
13.12,13.776,2024-02-14T05:00:00Z,2024-02-14T05:30:00Z,
11.49,12.0645,2024-02-14T05:30:00Z,2024-02-14T06:00:00Z,
14.45,15.1725,2024-02-14T06:00:00Z,2024-02-14T06:30:00Z,
14.27,14.9835,2024-02-14T06:30:00Z,2024-02-14T07:00:00Z,
13.02,13.671,2024-02-14T07:00:00Z,2024-02-14T07:30:00Z,
15.75,16.5375,2024-02-14T07:30:00Z,2024-02-14T08:00:00Z,
13.96,14.658,2024-02-14T08:00:00Z,2024-02-14T08:30:00Z,
15.75,16.5375,2024-02-14T08:30:00Z,2024-02-14T09:00:00Z,
14.91,15.6555,2024-02-14T09:00:00Z,2024-02-14T09:30:00Z,
15.12,15.876,2024-02-14T09:30:00Z,2024-02-14T10:00:00Z,
15.54,16.317,2024-02-14T10:00:00Z,2024-02-14T10:30:00Z,
14.78,15.519,2024-02-14T10:30:00Z,2024-02-14T11:00:00Z,
14.38,15.099,2024-02-14T11:00:00Z,2024-02-14T11:30:00Z,
14.34,15.057,2024-02-14T11:30:00Z,2024-02-14T12:00:00Z,
14.7,15.435,2024-02-14T12:00:00Z,2024-02-14T12:30:00Z,
13.23,13.8915,2024-02-14T12:30:00Z,2024-02-14T13:00:00Z,
13.86,14.553,2024-02-14T13:00:00Z,2024-02-14T13:30:00Z,
13.12,13.776,2024-02-14T13:30:00Z,2024-02-14T14:00:00Z,
14.49,15.2145,2024-02-14T14:00:00Z,2024-02-14T14:30:00Z,
12.68,13.314,2024-02-14T14:30:00Z,2024-02-14T15:00:00Z,
13.08,13.734,2024-02-14T15:00:00Z,2024-02-14T15:30:00Z,
13.02,13.671,2024-02-14T15:30:00Z,2024-02-14T16:00:00Z,
26.86,28.203,2024-02-14T16:00:00Z,2024-02-14T16:30:00Z,
28.12,29.526,2024-02-14T16:30:00Z,2024-02-14T17:00:00Z,
27.78,29.169,2024-02-14T17:00:00Z,2024-02-14T17:30:00Z,
29.38,30.849,2024-02-14T17:30:00Z,2024-02-14T18:00:00Z,
28.75,30.1875,2024-02-14T18:00:00Z,2024-02-14T18:30:00Z,
28.75,30.1875,2024-02-14T18:30:00Z,2024-02-14T19:00:00Z,
14.97,15.7185,2024-02-14T19:00:00Z,2024-02-14T19:30:00Z,
12.41,13.0305,2024-02-14T19:30:00Z,2024-02-14T20:00:00Z,
13.11,13.7655,2024-02-14T20:00:00Z,2024-02-14T20:30:00Z,
12.6,13.23,2024-02-14T20:30:00Z,2024-02-14T21:00:00Z,
14.11,14.8155,2024-02-14T21:00:00Z,2024-02-14T21:30:00Z,
13.14,13.797,2024-02-14T21:30:00Z,2024-02-14T22:00:00Z,
12.28,12.894,2024-02-14T22:00:00Z,2024-02-14T22:30:00Z,
11.53,12.1065,2024-02-14T22:30:00Z,2024-02-14T23:00:00Z,
12.31,12.9255,2024-02-14T23:00:00Z,2024-02-14T23:30:00Z,
10.92,11.466,2024-02-14T23:30:00Z,2024-02-15T00:00:00Z,
11.07,11.6235,2024-02-15T00:00:00Z,2024-02-15T00:30:00Z,
11.53,12.1065,2024-02-15T00:30:00Z,2024-02-15T01:00:00Z,
11.17,11.7285,2024-02-15T01:00:00Z,2024-02-15T01:30:00Z,
10.08,10.584,2024-02-15T01:30:00Z,2024-02-15T02:00:00Z,
10.5,11.025,2024-02-15T02:00:00Z,2024-02-15T02:30:00Z,
10.08,10.584,2024-02-15T02:30:00Z,2024-02-15T03:00:00Z,
10.84,11.382,2024-02-15T03:00:00Z,2024-02-15T03:30:00Z,
10.08,10.584,2024-02-15T03:30:00Z,2024-02-15T04:00:00Z,
10.84,11.382,2024-02-15T04:00:00Z,2024-02-15T04:30:00Z,
10.5,11.025,2024-02-15T04:30:00Z,2024-02-15T05:00:00Z,
11.72,12.306,2024-02-15T05:00:00Z,2024-02-15T05:30:00Z,
11.82,12.411,2024-02-15T05:30:00Z,2024-02-15T06:00:00Z,
13.27,13.9335,2024-02-15T06:00:00Z,2024-02-15T06:30:00Z,
13.02,13.671,2024-02-15T06:30:00Z,2024-02-15T07:00:00Z,
12.6,13.23,2024-02-15T07:00:00Z,2024-02-15T07:30:00Z,
14.7,15.435,2024-02-15T07:30:00Z,2024-02-15T08:00:00Z,
12.26,12.873,2024-02-15T08:00:00Z,2024-02-15T08:30:00Z,
13.9,14.595,2024-02-15T08:30:00Z,2024-02-15T09:00:00Z,
13.23,13.8915,2024-02-15T09:00:00Z,2024-02-15T09:30:00Z,
13.31,13.9755,2024-02-15T09:30:00Z,2024-02-15T10:00:00Z,
12.6,13.23,2024-02-15T10:00:00Z,2024-02-15T10:30:00Z,
11.91,12.5055,2024-02-15T10:30:00Z,2024-02-15T11:00:00Z,
11.76,12.348,2024-02-15T11:00:00Z,2024-02-15T11:30:00Z,
11.84,12.432,2024-02-15T11:30:00Z,2024-02-15T12:00:00Z,
11.84,12.432,2024-02-15T12:00:00Z,2024-02-15T12:30:00Z,
12.1,12.705,2024-02-15T12:30:00Z,2024-02-15T13:00:00Z,
12.12,12.726,2024-02-15T13:00:00Z,2024-02-15T13:30:00Z,
12.68,13.314,2024-02-15T13:30:00Z,2024-02-15T14:00:00Z,
14.66,15.393,2024-02-15T14:00:00Z,2024-02-15T14:30:00Z,
12.6,13.23,2024-02-15T14:30:00Z,2024-02-15T15:00:00Z,
13.67,14.3535,2024-02-15T15:00:00Z,2024-02-15T15:30:00Z,
15.12,15.876,2024-02-15T15:30:00Z,2024-02-15T16:00:00Z,
28.08,29.484,2024-02-15T16:00:00Z,2024-02-15T16:30:00Z,
29.13,30.5865,2024-02-15T16:30:00Z,2024-02-15T17:00:00Z,
26.73,28.0665,2024-02-15T17:00:00Z,2024-02-15T17:30:00Z,
29.46,30.933,2024-02-15T17:30:00Z,2024-02-15T18:00:00Z,
28.54,29.967,2024-02-15T18:00:00Z,2024-02-15T18:30:00Z,
28.22,29.631,2024-02-15T18:30:00Z,2024-02-15T19:00:00Z,
15.58,16.359,2024-02-15T19:00:00Z,2024-02-15T19:30:00Z,
14.11,14.8155,2024-02-15T19:30:00Z,2024-02-15T20:00:00Z,
13.44,14.112,2024-02-15T20:00:00Z,2024-02-15T20:30:00Z,
12.01,12.6105,2024-02-15T20:30:00Z,2024-02-15T21:00:00Z,
12.61,13.2405,2024-02-15T21:00:00Z,2024-02-15T21:30:00Z,
11.84,12.432,2024-02-15T21:30:00Z,2024-02-15T22:00:00Z,
12.39,13.0095,2024-02-15T22:00:00Z,2024-02-15T22:30:00Z,
11.66,12.243,2024-02-15T22:30:00Z,2024-02-15T23:00:00Z,
12.14,12.747,2024-02-15T23:00:00Z,2024-02-15T23:30:00Z,
11.7,12.285,2024-02-15T23:30:00Z,2024-02-16T00:00:00Z,
11.68,12.264,2024-02-16T00:00:00Z,2024-02-16T00:30:00Z,
12.18,12.789,2024-02-16T00:30:00Z,2024-02-16T01:00:00Z,
11.55,12.1275,2024-02-16T01:00:00Z,2024-02-16T01:30:00Z,
10.92,11.466,2024-02-16T01:30:00Z,2024-02-16T02:00:00Z,
11.42,11.991,2024-02-16T02:00:00Z,2024-02-16T02:30:00Z,
10.92,11.466,2024-02-16T02:30:00Z,2024-02-16T03:00:00Z,
11.05,11.6025,2024-02-16T03:00:00Z,2024-02-16T03:30:00Z,
10.71,11.2455,2024-02-16T03:30:00Z,2024-02-16T04:00:00Z,
10.9,11.445,2024-02-16T04:00:00Z,2024-02-16T04:30:00Z,
10.71,11.2455,2024-02-16T04:30:00Z,2024-02-16T05:00:00Z,
10.5,11.025,2024-02-16T05:00:00Z,2024-02-16T05:30:00Z,
10.14,10.647,2024-02-16T05:30:00Z,2024-02-16T06:00:00Z,
13.23,13.8915,2024-02-16T06:00:00Z,2024-02-16T06:30:00Z,
13.31,13.9755,2024-02-16T06:30:00Z,2024-02-16T07:00:00Z,
12.03,12.6315,2024-02-16T07:00:00Z,2024-02-16T07:30:00Z,
13.21,13.8705,2024-02-16T07:30:00Z,2024-02-16T08:00:00Z,
13.65,14.3325,2024-02-16T08:00:00Z,2024-02-16T08:30:00Z,
14.28,14.994,2024-02-16T08:30:00Z,2024-02-16T09:00:00Z,
13.69,14.3745,2024-02-16T09:00:00Z,2024-02-16T09:30:00Z,
12.48,13.104,2024-02-16T09:30:00Z,2024-02-16T10:00:00Z,
13.44,14.112,2024-02-16T10:00:00Z,2024-02-16T10:30:00Z,
12.6,13.23,2024-02-16T10:30:00Z,2024-02-16T11:00:00Z,
12.24,12.852,2024-02-16T11:00:00Z,2024-02-16T11:30:00Z,
12.28,12.894,2024-02-16T11:30:00Z,2024-02-16T12:00:00Z,
12.5,13.125,2024-02-16T12:00:00Z,2024-02-16T12:30:00Z,
12.31,12.9255,2024-02-16T12:30:00Z,2024-02-16T13:00:00Z,
12.14,12.747,2024-02-16T13:00:00Z,2024-02-16T13:30:00Z,
12.03,12.6315,2024-02-16T13:30:00Z,2024-02-16T14:00:00Z,
11.91,12.5055,2024-02-16T14:00:00Z,2024-02-16T14:30:00Z,
12.03,12.6315,2024-02-16T14:30:00Z,2024-02-16T15:00:00Z,
12.6,13.23,2024-02-16T15:00:00Z,2024-02-16T15:30:00Z,
12.6,13.23,2024-02-16T15:30:00Z,2024-02-16T16:00:00Z,
25.43,26.7015,2024-02-16T16:00:00Z,2024-02-16T16:30:00Z,
26.54,27.867,2024-02-16T16:30:00Z,2024-02-16T17:00:00Z,
26.25,27.5625,2024-02-16T17:00:00Z,2024-02-16T17:30:00Z,
28.9,30.345,2024-02-16T17:30:00Z,2024-02-16T18:00:00Z,
29.3,30.765,2024-02-16T18:00:00Z,2024-02-16T18:30:00Z,
28.12,29.526,2024-02-16T18:30:00Z,2024-02-16T19:00:00Z,
17.22,18.081,2024-02-16T19:00:00Z,2024-02-16T19:30:00Z,
14.3,15.015,2024-02-16T19:30:00Z,2024-02-16T20:00:00Z,
15.79,16.5795,2024-02-16T20:00:00Z,2024-02-16T20:30:00Z,
13.65,14.3325,2024-02-16T20:30:00Z,2024-02-16T21:00:00Z,
13.46,14.133,2024-02-16T21:00:00Z,2024-02-16T21:30:00Z,
11.91,12.5055,2024-02-16T21:30:00Z,2024-02-16T22:00:00Z,
13.44,14.112,2024-02-16T22:00:00Z,2024-02-16T22:30:00Z,
12.01,12.6105,2024-02-16T22:30:00Z,2024-02-16T23:00:00Z,
13.48,14.154,2024-02-16T23:00:00Z,2024-02-16T23:30:00Z,
13.65,14.3325,2024-02-16T23:30:00Z,2024-02-17T00:00:00Z,
12.77,13.4085,2024-02-17T00:00:00Z,2024-02-17T00:30:00Z,
13.86,14.553,2024-02-17T00:30:00Z,2024-02-17T01:00:00Z,
12.39,13.0095,2024-02-17T01:00:00Z,2024-02-17T01:30:00Z,
11.51,12.0855,2024-02-17T01:30:00Z,2024-02-17T02:00:00Z,
12.22,12.831,2024-02-17T02:00:00Z,2024-02-17T02:30:00Z,
11.51,12.0855,2024-02-17T02:30:00Z,2024-02-17T03:00:00Z,
11.51,12.0855,2024-02-17T03:00:00Z,2024-02-17T03:30:00Z,
11.51,12.0855,2024-02-17T03:30:00Z,2024-02-17T04:00:00Z,
11.51,12.0855,2024-02-17T04:00:00Z,2024-02-17T04:30:00Z,
11.51,12.0855,2024-02-17T04:30:00Z,2024-02-17T05:00:00Z,
11.51,12.0855,2024-02-17T05:00:00Z,2024-02-17T05:30:00Z,
11.51,12.0855,2024-02-17T05:30:00Z,2024-02-17T06:00:00Z,
12.01,12.6105,2024-02-17T06:00:00Z,2024-02-17T06:30:00Z,
12.92,13.566,2024-02-17T06:30:00Z,2024-02-17T07:00:00Z,
12.83,13.4715,2024-02-17T07:00:00Z,2024-02-17T07:30:00Z,
14.74,15.477,2024-02-17T07:30:00Z,2024-02-17T08:00:00Z,
13.84,14.532,2024-02-17T08:00:00Z,2024-02-17T08:30:00Z,
16.06,16.863,2024-02-17T08:30:00Z,2024-02-17T09:00:00Z,
14.7,15.435,2024-02-17T09:00:00Z,2024-02-17T09:30:00Z,
14.7,15.435,2024-02-17T09:30:00Z,2024-02-17T10:00:00Z,
14.49,15.2145,2024-02-17T10:00:00Z,2024-02-17T10:30:00Z,
13.44,14.112,2024-02-17T10:30:00Z,2024-02-17T11:00:00Z,
12.6,13.23,2024-02-17T11:00:00Z,2024-02-17T11:30:00Z,
12.43,13.0515,2024-02-17T11:30:00Z,2024-02-17T12:00:00Z,
11.76,12.348,2024-02-17T12:00:00Z,2024-02-17T12:30:00Z,
11.7,12.285,2024-02-17T12:30:00Z,2024-02-17T13:00:00Z,
11.7,12.285,2024-02-17T13:00:00Z,2024-02-17T13:30:00Z,
11.42,11.991,2024-02-17T13:30:00Z,2024-02-17T14:00:00Z,
11.97,12.5685,2024-02-17T14:00:00Z,2024-02-17T14:30:00Z,
11.7,12.285,2024-02-17T14:30:00Z,2024-02-17T15:00:00Z,
12.5,13.125,2024-02-17T15:00:00Z,2024-02-17T15:30:00Z,
11.76,12.348,2024-02-17T15:30:00Z,2024-02-17T16:00:00Z,
26.82,28.161,2024-02-17T16:00:00Z,2024-02-17T16:30:00Z,
26.86,28.203,2024-02-17T16:30:00Z,2024-02-17T17:00:00Z,
27.78,29.169,2024-02-17T17:00:00Z,2024-02-17T17:30:00Z,
29.46,30.933,2024-02-17T17:30:00Z,2024-02-17T18:00:00Z,
28.75,30.1875,2024-02-17T18:00:00Z,2024-02-17T18:30:00Z,
26.18,27.489,2024-02-17T18:30:00Z,2024-02-17T19:00:00Z,
14.43,15.1515,2024-02-17T19:00:00Z,2024-02-17T19:30:00Z,
12.03,12.6315,2024-02-17T19:30:00Z,2024-02-17T20:00:00Z,
13.44,14.112,2024-02-17T20:00:00Z,2024-02-17T20:30:00Z,
12.56,13.188,2024-02-17T20:30:00Z,2024-02-17T21:00:00Z,
12.81,13.4505,2024-02-17T21:00:00Z,2024-02-17T21:30:00Z,
12.18,12.789,2024-02-17T21:30:00Z,2024-02-17T22:00:00Z,
11.76,12.348,2024-02-17T22:00:00Z,2024-02-17T22:30:00Z,
12.28,12.894,2024-02-17T22:30:00Z,2024-02-17T23:00:00Z,
11.52,12.096,2024-02-17T23:00:00Z,2024-02-17T23:30:00Z,
8.44,8.862,2024-02-17T23:30:00Z,2024-02-18T00:00:00Z,
7.56,7.938,2024-02-18T00:00:00Z,2024-02-18T00:30:00Z,
9.64,10.122,2024-02-18T00:30:00Z,2024-02-18T01:00:00Z,
10.42,10.941,2024-02-18T01:00:00Z,2024-02-18T01:30:00Z,
9.98,10.479,2024-02-18T01:30:00Z,2024-02-18T02:00:00Z,
8.4,8.82,2024-02-18T02:00:00Z,2024-02-18T02:30:00Z,
8.4,8.82,2024-02-18T02:30:00Z,2024-02-18T03:00:00Z,
9.18,9.639,2024-02-18T03:00:00Z,2024-02-18T03:30:00Z,
9.45,9.9225,2024-02-18T03:30:00Z,2024-02-18T04:00:00Z,
9.22,9.681,2024-02-18T04:00:00Z,2024-02-18T04:30:00Z,
10.0,10.5,2024-02-18T04:30:00Z,2024-02-18T05:00:00Z,
9.45,9.9225,2024-02-18T05:00:00Z,2024-02-18T05:30:00Z,
10.44,10.962,2024-02-18T05:30:00Z,2024-02-18T06:00:00Z,
11.34,11.907,2024-02-18T06:00:00Z,2024-02-18T06:30:00Z,
11.97,12.5685,2024-02-18T06:30:00Z,2024-02-18T07:00:00Z,
11.13,11.6865,2024-02-18T07:00:00Z,2024-02-18T07:30:00Z,
12.18,12.789,2024-02-18T07:30:00Z,2024-02-18T08:00:00Z,
10.84,11.382,2024-02-18T08:00:00Z,2024-02-18T08:30:00Z,
12.33,12.9465,2024-02-18T08:30:00Z,2024-02-18T09:00:00Z,
12.39,13.0095,2024-02-18T09:00:00Z,2024-02-18T09:30:00Z,
12.73,13.3665,2024-02-18T09:30:00Z,2024-02-18T10:00:00Z,
13.78,14.469,2024-02-18T10:00:00Z,2024-02-18T10:30:00Z,
14.36,15.078,2024-02-18T10:30:00Z,2024-02-18T11:00:00Z,
14.28,14.994,2024-02-18T11:00:00Z,2024-02-18T11:30:00Z,
14.07,14.7735,2024-02-18T11:30:00Z,2024-02-18T12:00:00Z,
13.65,14.3325,2024-02-18T12:00:00Z,2024-02-18T12:30:00Z,
12.6,13.23,2024-02-18T12:30:00Z,2024-02-18T13:00:00Z,
12.6,13.23,2024-02-18T13:00:00Z,2024-02-18T13:30:00Z,
11.76,12.348,2024-02-18T13:30:00Z,2024-02-18T14:00:00Z,
11.91,12.5055,2024-02-18T14:00:00Z,2024-02-18T14:30:00Z,
11.28,11.844,2024-02-18T14:30:00Z,2024-02-18T15:00:00Z,
11.82,12.411,2024-02-18T15:00:00Z,2024-02-18T15:30:00Z,
11.56,12.138,2024-02-18T15:30:00Z,2024-02-18T16:00:00Z,
25.58,26.859,2024-02-18T16:00:00Z,2024-02-18T16:30:00Z,
27.01,28.3605,2024-02-18T16:30:00Z,2024-02-18T17:00:00Z,
26.96,28.308,2024-02-18T17:00:00Z,2024-02-18T17:30:00Z,
29.42,30.891,2024-02-18T17:30:00Z,2024-02-18T18:00:00Z,
29.44,30.912,2024-02-18T18:00:00Z,2024-02-18T18:30:00Z,
26.9,28.245,2024-02-18T18:30:00Z,2024-02-18T19:00:00Z,
14.57,15.2985,2024-02-18T19:00:00Z,2024-02-18T19:30:00Z,
13.08,13.734,2024-02-18T19:30:00Z,2024-02-18T20:00:00Z,
12.6,13.23,2024-02-18T20:00:00Z,2024-02-18T20:30:00Z,
11.02,11.571,2024-02-18T20:30:00Z,2024-02-18T21:00:00Z,
13.52,14.196,2024-02-18T21:00:00Z,2024-02-18T21:30:00Z,
11.8,12.39,2024-02-18T21:30:00Z,2024-02-18T22:00:00Z,
12.6,13.23,2024-02-18T22:00:00Z,2024-02-18T22:30:00Z,
11.07,11.6235,2024-02-18T22:30:00Z,2024-02-18T23:00:00Z,
11.97,12.5685,2024-02-18T23:00:00Z,2024-02-18T23:30:00Z,
11.0,11.55,2024-02-18T23:30:00Z,2024-02-19T00:00:00Z,
10.5,11.025,2024-02-19T00:00:00Z,2024-02-19T00:30:00Z,
10.92,11.466,2024-02-19T00:30:00Z,2024-02-19T01:00:00Z,
9.87,10.3635,2024-02-19T01:00:00Z,2024-02-19T01:30:00Z,
8.4,8.82,2024-02-19T01:30:00Z,2024-02-19T02:00:00Z,
9.45,9.9225,2024-02-19T02:00:00Z,2024-02-19T02:30:00Z,
8.4,8.82,2024-02-19T02:30:00Z,2024-02-19T03:00:00Z,
8.69,9.1245,2024-02-19T03:00:00Z,2024-02-19T03:30:00Z,
8.4,8.82,2024-02-19T03:30:00Z,2024-02-19T04:00:00Z,
9.34,9.807,2024-02-19T04:00:00Z,2024-02-19T04:30:00Z,
8.4,8.82,2024-02-19T04:30:00Z,2024-02-19T05:00:00Z,
10.71,11.2455,2024-02-19T05:00:00Z,2024-02-19T05:30:00Z,
11.76,12.348,2024-02-19T05:30:00Z,2024-02-19T06:00:00Z,
12.6,13.23,2024-02-19T06:00:00Z,2024-02-19T06:30:00Z,
13.54,14.217,2024-02-19T06:30:00Z,2024-02-19T07:00:00Z,
12.37,12.9885,2024-02-19T07:00:00Z,2024-02-19T07:30:00Z,
14.43,15.1515,2024-02-19T07:30:00Z,2024-02-19T08:00:00Z,
11.3,11.865,2024-02-19T08:00:00Z,2024-02-19T08:30:00Z,
12.52,13.146,2024-02-19T08:30:00Z,2024-02-19T09:00:00Z,
11.42,11.991,2024-02-19T09:00:00Z,2024-02-19T09:30:00Z,
11.3,11.865,2024-02-19T09:30:00Z,2024-02-19T10:00:00Z,
11.3,11.865,2024-02-19T10:00:00Z,2024-02-19T10:30:00Z,
11.3,11.865,2024-02-19T10:30:00Z,2024-02-19T11:00:00Z,
10.46,10.983,2024-02-19T11:00:00Z,2024-02-19T11:30:00Z,
10.29,10.8045,2024-02-19T11:30:00Z,2024-02-19T12:00:00Z,
10.29,10.8045,2024-02-19T12:00:00Z,2024-02-19T12:30:00Z,
10.42,10.941,2024-02-19T12:30:00Z,2024-02-19T13:00:00Z,
10.29,10.8045,2024-02-19T13:00:00Z,2024-02-19T13:30:00Z,
10.29,10.8045,2024-02-19T13:30:00Z,2024-02-19T14:00:00Z,
11.3,11.865,2024-02-19T14:00:00Z,2024-02-19T14:30:00Z,
11.76,12.348,2024-02-19T14:30:00Z,2024-02-19T15:00:00Z,
12.6,13.23,2024-02-19T15:00:00Z,2024-02-19T15:30:00Z,
12.35,12.9675,2024-02-19T15:30:00Z,2024-02-19T16:00:00Z,
24.91,26.1555,2024-02-19T16:00:00Z,2024-02-19T16:30:00Z,
27.45,28.8225,2024-02-19T16:30:00Z,2024-02-19T17:00:00Z,
26.44,27.762,2024-02-19T17:00:00Z,2024-02-19T17:30:00Z,
28.31,29.7255,2024-02-19T17:30:00Z,2024-02-19T18:00:00Z,
27.83,29.2215,2024-02-19T18:00:00Z,2024-02-19T18:30:00Z,
26.56,27.888,2024-02-19T18:30:00Z,2024-02-19T19:00:00Z,
15.96,16.758,2024-02-19T19:00:00Z,2024-02-19T19:30:00Z,
13.65,14.3325,2024-02-19T19:30:00Z,2024-02-19T20:00:00Z,
12.85,13.4925,2024-02-19T20:00:00Z,2024-02-19T20:30:00Z,
11.55,12.1275,2024-02-19T20:30:00Z,2024-02-19T21:00:00Z,
11.7,12.285,2024-02-19T21:00:00Z,2024-02-19T21:30:00Z,
12.24,12.852,2024-02-19T21:30:00Z,2024-02-19T22:00:00Z,
12.33,12.9465,2024-02-19T22:00:00Z,2024-02-19T22:30:00Z,
10.08,10.584,2024-02-19T22:30:00Z,2024-02-19T23:00:00Z,
10.54,11.067,2024-02-19T23:00:00Z,2024-02-19T23:30:00Z,
7.35,7.7175,2024-02-19T23:30:00Z,2024-02-20T00:00:00Z,
7.56,7.938,2024-02-20T00:00:00Z,2024-02-20T00:30:00Z,
9.45,9.9225,2024-02-20T00:30:00Z,2024-02-20T01:00:00Z,
10.29,10.8045,2024-02-20T01:00:00Z,2024-02-20T01:30:00Z,
10.27,10.7835,2024-02-20T01:30:00Z,2024-02-20T02:00:00Z,
10.5,11.025,2024-02-20T02:00:00Z,2024-02-20T02:30:00Z,
8.79,9.2295,2024-02-20T02:30:00Z,2024-02-20T03:00:00Z,
10.29,10.8045,2024-02-20T03:00:00Z,2024-02-20T03:30:00Z,
7.98,8.379,2024-02-20T03:30:00Z,2024-02-20T04:00:00Z,
10.52,11.046,2024-02-20T04:00:00Z,2024-02-20T04:30:00Z,
8.74,9.177,2024-02-20T04:30:00Z,2024-02-20T05:00:00Z,
12.59,13.2195,2024-02-20T05:00:00Z,2024-02-20T05:30:00Z,
12.16,12.768,2024-02-20T05:30:00Z,2024-02-20T06:00:00Z,
13.1,13.755,2024-02-20T06:00:00Z,2024-02-20T06:30:00Z,
15.33,16.0965,2024-02-20T06:30:00Z,2024-02-20T07:00:00Z,
14.72,15.456,2024-02-20T07:00:00Z,2024-02-20T07:30:00Z,
15.79,16.5795,2024-02-20T07:30:00Z,2024-02-20T08:00:00Z,
12.64,13.272,2024-02-20T08:00:00Z,2024-02-20T08:30:00Z,
14.07,14.7735,2024-02-20T08:30:00Z,2024-02-20T09:00:00Z,
12.18,12.789,2024-02-20T09:00:00Z,2024-02-20T09:30:00Z,
12.01,12.6105,2024-02-20T09:30:00Z,2024-02-20T10:00:00Z,
11.54,12.117,2024-02-20T10:00:00Z,2024-02-20T10:30:00Z,
11.34,11.907,2024-02-20T10:30:00Z,2024-02-20T11:00:00Z,
10.5,11.025,2024-02-20T11:00:00Z,2024-02-20T11:30:00Z,
10.5,11.025,2024-02-20T11:30:00Z,2024-02-20T12:00:00Z,
10.5,11.025,2024-02-20T12:00:00Z,2024-02-20T12:30:00Z,
10.5,11.025,2024-02-20T12:30:00Z,2024-02-20T13:00:00Z,
10.5,11.025,2024-02-20T13:00:00Z,2024-02-20T13:30:00Z,
10.92,11.466,2024-02-20T13:30:00Z,2024-02-20T14:00:00Z,
11.34,11.907,2024-02-20T14:00:00Z,2024-02-20T14:30:00Z,
11.13,11.6865,2024-02-20T14:30:00Z,2024-02-20T15:00:00Z,
12.39,13.0095,2024-02-20T15:00:00Z,2024-02-20T15:30:00Z,
12.43,13.0515,2024-02-20T15:30:00Z,2024-02-20T16:00:00Z,
24.34,25.557,2024-02-20T16:00:00Z,2024-02-20T16:30:00Z,
25.81,27.1005,2024-02-20T16:30:00Z,2024-02-20T17:00:00Z,
24.49,25.7145,2024-02-20T17:00:00Z,2024-02-20T17:30:00Z,
26.67,28.0035,2024-02-20T17:30:00Z,2024-02-20T18:00:00Z,
27.34,28.707,2024-02-20T18:00:00Z,2024-02-20T18:30:00Z,
27.7,29.085,2024-02-20T18:30:00Z,2024-02-20T19:00:00Z,
14.66,15.393,2024-02-20T19:00:00Z,2024-02-20T19:30:00Z,
14.13,14.8365,2024-02-20T19:30:00Z,2024-02-20T20:00:00Z,
13.57,14.2485,2024-02-20T20:00:00Z,2024-02-20T20:30:00Z,
12.5,13.125,2024-02-20T20:30:00Z,2024-02-20T21:00:00Z,
13.23,13.8915,2024-02-20T21:00:00Z,2024-02-20T21:30:00Z,
11.74,12.327,2024-02-20T21:30:00Z,2024-02-20T22:00:00Z,
11.76,12.348,2024-02-20T22:00:00Z,2024-02-20T22:30:00Z,
11.34,11.907,2024-02-20T22:30:00Z,2024-02-20T23:00:00Z,
11.59,12.1695,2024-02-20T23:00:00Z,2024-02-20T23:30:00Z,
11.59,12.1695,2024-02-20T23:30:00Z,2024-02-21T00:00:00Z,
11.51,12.0855,2024-02-21T00:00:00Z,2024-02-21T00:30:00Z,
11.59,12.1695,2024-02-21T00:30:00Z,2024-02-21T01:00:00Z,
11.47,12.0435,2024-02-21T01:00:00Z,2024-02-21T01:30:00Z,
10.37,10.8885,2024-02-21T01:30:00Z,2024-02-21T02:00:00Z,
9.24,9.702,2024-02-21T02:00:00Z,2024-02-21T02:30:00Z,
6.95,7.2975,2024-02-21T02:30:00Z,2024-02-21T03:00:00Z,
9.66,10.143,2024-02-21T03:00:00Z,2024-02-21T03:30:00Z,
5.76,6.048,2024-02-21T03:30:00Z,2024-02-21T04:00:00Z,
8.82,9.261,2024-02-21T04:00:00Z,2024-02-21T04:30:00Z,
5.88,6.174,2024-02-21T04:30:00Z,2024-02-21T05:00:00Z,
9.24,9.702,2024-02-21T05:00:00Z,2024-02-21T05:30:00Z,
9.45,9.9225,2024-02-21T05:30:00Z,2024-02-21T06:00:00Z,
11.59,12.1695,2024-02-21T06:00:00Z,2024-02-21T06:30:00Z,
13.86,14.553,2024-02-21T06:30:00Z,2024-02-21T07:00:00Z,
11.78,12.369,2024-02-21T07:00:00Z,2024-02-21T07:30:00Z,
13.86,14.553,2024-02-21T07:30:00Z,2024-02-21T08:00:00Z,
11.59,12.1695,2024-02-21T08:00:00Z,2024-02-21T08:30:00Z,
13.08,13.734,2024-02-21T08:30:00Z,2024-02-21T09:00:00Z,
11.63,12.2115,2024-02-21T09:00:00Z,2024-02-21T09:30:00Z,
11.8,12.39,2024-02-21T09:30:00Z,2024-02-21T10:00:00Z,
11.36,11.928,2024-02-21T10:00:00Z,2024-02-21T10:30:00Z,
11.36,11.928,2024-02-21T10:30:00Z,2024-02-21T11:00:00Z,
10.75,11.2875,2024-02-21T11:00:00Z,2024-02-21T11:30:00Z,
10.84,11.382,2024-02-21T11:30:00Z,2024-02-21T12:00:00Z,
10.71,11.2455,2024-02-21T12:00:00Z,2024-02-21T12:30:00Z,
10.63,11.1615,2024-02-21T12:30:00Z,2024-02-21T13:00:00Z,
10.71,11.2455,2024-02-21T13:00:00Z,2024-02-21T13:30:00Z,
10.5,11.025,2024-02-21T13:30:00Z,2024-02-21T14:00:00Z,
10.42,10.941,2024-02-21T14:00:00Z,2024-02-21T14:30:00Z,
10.42,10.941,2024-02-21T14:30:00Z,2024-02-21T15:00:00Z,
9.87,10.3635,2024-02-21T15:00:00Z,2024-02-21T15:30:00Z,
10.54,11.067,2024-02-21T15:30:00Z,2024-02-21T16:00:00Z,
23.5,24.675,2024-02-21T16:00:00Z,2024-02-21T16:30:00Z,
25.6,26.88,2024-02-21T16:30:00Z,2024-02-21T17:00:00Z,
24.59,25.8195,2024-02-21T17:00:00Z,2024-02-21T17:30:00Z,
27.45,28.8225,2024-02-21T17:30:00Z,2024-02-21T18:00:00Z,
28.12,29.526,2024-02-21T18:00:00Z,2024-02-21T18:30:00Z,
27.45,28.8225,2024-02-21T18:30:00Z,2024-02-21T19:00:00Z,
14.78,15.519,2024-02-21T19:00:00Z,2024-02-21T19:30:00Z,
13.78,14.469,2024-02-21T19:30:00Z,2024-02-21T20:00:00Z,
13.44,14.112,2024-02-21T20:00:00Z,2024-02-21T20:30:00Z,
12.6,13.23,2024-02-21T20:30:00Z,2024-02-21T21:00:00Z,
12.43,13.0515,2024-02-21T21:00:00Z,2024-02-21T21:30:00Z,
10.5,11.025,2024-02-21T21:30:00Z,2024-02-21T22:00:00Z,
8.38,8.799,2024-02-21T22:00:00Z,2024-02-21T22:30:00Z,
4.39,4.6095,2024-02-21T22:30:00Z,2024-02-21T23:00:00Z,
6.09,6.3945,2024-02-21T23:00:00Z,2024-02-21T23:30:00Z,
3.36,3.528,2024-02-21T23:30:00Z,2024-02-22T00:00:00Z,
3.15,3.3075,2024-02-22T00:00:00Z,2024-02-22T00:30:00Z,
4.96,5.208,2024-02-22T00:30:00Z,2024-02-22T01:00:00Z,
5.04,5.292,2024-02-22T01:00:00Z,2024-02-22T01:30:00Z,
4.37,4.5885,2024-02-22T01:30:00Z,2024-02-22T02:00:00Z,
6.09,6.3945,2024-02-22T02:00:00Z,2024-02-22T02:30:00Z,
5.88,6.174,2024-02-22T02:30:00Z,2024-02-22T03:00:00Z,
6.3,6.615,2024-02-22T03:00:00Z,2024-02-22T03:30:00Z,
4.7,4.935,2024-02-22T03:30:00Z,2024-02-22T04:00:00Z,
8.38,8.799,2024-02-22T04:00:00Z,2024-02-22T04:30:00Z,
8.38,8.799,2024-02-22T04:30:00Z,2024-02-22T05:00:00Z,
9.45,9.9225,2024-02-22T05:00:00Z,2024-02-22T05:30:00Z,
10.08,10.584,2024-02-22T05:30:00Z,2024-02-22T06:00:00Z,
11.34,11.907,2024-02-22T06:00:00Z,2024-02-22T06:30:00Z,
11.68,12.264,2024-02-22T06:30:00Z,2024-02-22T07:00:00Z,
12.6,13.23,2024-02-22T07:00:00Z,2024-02-22T07:30:00Z,
15.81,16.6005,2024-02-22T07:30:00Z,2024-02-22T08:00:00Z,
12.5,13.125,2024-02-22T08:00:00Z,2024-02-22T08:30:00Z,
13.29,13.9545,2024-02-22T08:30:00Z,2024-02-22T09:00:00Z,
13.23,13.8915,2024-02-22T09:00:00Z,2024-02-22T09:30:00Z,
13.25,13.9125,2024-02-22T09:30:00Z,2024-02-22T10:00:00Z,
12.6,13.23,2024-02-22T10:00:00Z,2024-02-22T10:30:00Z,
11.99,12.5895,2024-02-22T10:30:00Z,2024-02-22T11:00:00Z,
12.66,13.293,2024-02-22T11:00:00Z,2024-02-22T11:30:00Z,
12.92,13.566,2024-02-22T11:30:00Z,2024-02-22T12:00:00Z,
12.81,13.4505,2024-02-22T12:00:00Z,2024-02-22T12:30:00Z,
12.81,13.4505,2024-02-22T12:30:00Z,2024-02-22T13:00:00Z,
12.24,12.852,2024-02-22T13:00:00Z,2024-02-22T13:30:00Z,
11.74,12.327,2024-02-22T13:30:00Z,2024-02-22T14:00:00Z,
11.74,12.327,2024-02-22T14:00:00Z,2024-02-22T14:30:00Z,
11.74,12.327,2024-02-22T14:30:00Z,2024-02-22T15:00:00Z,
9.7,10.185,2024-02-22T15:00:00Z,2024-02-22T15:30:00Z,
11.7,12.285,2024-02-22T15:30:00Z,2024-02-22T16:00:00Z,
24.55,25.7775,2024-02-22T16:00:00Z,2024-02-22T16:30:00Z,
26.23,27.5415,2024-02-22T16:30:00Z,2024-02-22T17:00:00Z,
27.58,28.959,2024-02-22T17:00:00Z,2024-02-22T17:30:00Z,
29.13,30.5865,2024-02-22T17:30:00Z,2024-02-22T18:00:00Z,
29.7,31.185,2024-02-22T18:00:00Z,2024-02-22T18:30:00Z,
27.91,29.3055,2024-02-22T18:30:00Z,2024-02-22T19:00:00Z,
14.7,15.435,2024-02-22T19:00:00Z,2024-02-22T19:30:00Z,
13.65,14.3325,2024-02-22T19:30:00Z,2024-02-22T20:00:00Z,
12.56,13.188,2024-02-22T20:00:00Z,2024-02-22T20:30:00Z,
10.82,11.361,2024-02-22T20:30:00Z,2024-02-22T21:00:00Z,
11.84,12.432,2024-02-22T21:00:00Z,2024-02-22T21:30:00Z,
11.55,12.1275,2024-02-22T21:30:00Z,2024-02-22T22:00:00Z,
9.85,10.3425,2024-02-22T22:00:00Z,2024-02-22T22:30:00Z,
8.06,8.463,2024-02-22T22:30:00Z,2024-02-22T23:00:00Z,
11.76,12.348,2024-02-22T23:00:00Z,2024-02-22T23:30:00Z,
11.4,11.97,2024-02-22T23:30:00Z,2024-02-23T00:00:00Z,
11.15,11.7075,2024-02-23T00:00:00Z,2024-02-23T00:30:00Z,
11.97,12.5685,2024-02-23T00:30:00Z,2024-02-23T01:00:00Z,
11.72,12.306,2024-02-23T01:00:00Z,2024-02-23T01:30:00Z,
10.92,11.466,2024-02-23T01:30:00Z,2024-02-23T02:00:00Z,
10.5,11.025,2024-02-23T02:00:00Z,2024-02-23T02:30:00Z,
9.87,10.3635,2024-02-23T02:30:00Z,2024-02-23T03:00:00Z,
9.24,9.702,2024-02-23T03:00:00Z,2024-02-23T03:30:00Z,
8.4,8.82,2024-02-23T03:30:00Z,2024-02-23T04:00:00Z,
8.4,8.82,2024-02-23T04:00:00Z,2024-02-23T04:30:00Z,
8.19,8.5995,2024-02-23T04:30:00Z,2024-02-23T05:00:00Z,
9.45,9.9225,2024-02-23T05:00:00Z,2024-02-23T05:30:00Z,
9.45,9.9225,2024-02-23T05:30:00Z,2024-02-23T06:00:00Z,
11.76,12.348,2024-02-23T06:00:00Z,2024-02-23T06:30:00Z,
11.53,12.1065,2024-02-23T06:30:00Z,2024-02-23T07:00:00Z,
12.18,12.789,2024-02-23T07:00:00Z,2024-02-23T07:30:00Z,
13.02,13.671,2024-02-23T07:30:00Z,2024-02-23T08:00:00Z,
14.28,14.994,2024-02-23T08:00:00Z,2024-02-23T08:30:00Z,
15.12,15.876,2024-02-23T08:30:00Z,2024-02-23T09:00:00Z,
14.45,15.1725,2024-02-23T09:00:00Z,2024-02-23T09:30:00Z,
13.65,14.3325,2024-02-23T09:30:00Z,2024-02-23T10:00:00Z,
11.51,12.0855,2024-02-23T10:00:00Z,2024-02-23T10:30:00Z,
11.4,11.97,2024-02-23T10:30:00Z,2024-02-23T11:00:00Z,
10.69,11.2245,2024-02-23T11:00:00Z,2024-02-23T11:30:00Z,
11.4,11.97,2024-02-23T11:30:00Z,2024-02-23T12:00:00Z,
11.97,12.5685,2024-02-23T12:00:00Z,2024-02-23T12:30:00Z,
12.02,12.621,2024-02-23T12:30:00Z,2024-02-23T13:00:00Z,
12.6,13.23,2024-02-23T13:00:00Z,2024-02-23T13:30:00Z,
12.6,13.23,2024-02-23T13:30:00Z,2024-02-23T14:00:00Z,
13.65,14.3325,2024-02-23T14:00:00Z,2024-02-23T14:30:00Z,
12.92,13.566,2024-02-23T14:30:00Z,2024-02-23T15:00:00Z,
12.26,12.873,2024-02-23T15:00:00Z,2024-02-23T15:30:00Z,
12.6,13.23,2024-02-23T15:30:00Z,2024-02-23T16:00:00Z,
25.85,27.1425,2024-02-23T16:00:00Z,2024-02-23T16:30:00Z,
28.33,29.7465,2024-02-23T16:30:00Z,2024-02-23T17:00:00Z,
29.8,31.29,2024-02-23T17:00:00Z,2024-02-23T17:30:00Z,
30.01,31.5105,2024-02-23T17:30:00Z,2024-02-23T18:00:00Z,
29.74,31.227,2024-02-23T18:00:00Z,2024-02-23T18:30:00Z,
29.59,31.0695,2024-02-23T18:30:00Z,2024-02-23T19:00:00Z,
17.01,17.8605,2024-02-23T19:00:00Z,2024-02-23T19:30:00Z,
16.55,17.3775,2024-02-23T19:30:00Z,2024-02-23T20:00:00Z,
15.42,16.191,2024-02-23T20:00:00Z,2024-02-23T20:30:00Z,
12.6,13.23,2024-02-23T20:30:00Z,2024-02-23T21:00:00Z,
13.34,14.007,2024-02-23T21:00:00Z,2024-02-23T21:30:00Z,
11.4,11.97,2024-02-23T21:30:00Z,2024-02-23T22:00:00Z,
12.6,13.23,2024-02-23T22:00:00Z,2024-02-23T22:30:00Z,
11.86,12.453,2024-02-23T22:30:00Z,2024-02-23T23:00:00Z,
12.15,12.7575,2024-02-23T23:00:00Z,2024-02-23T23:30:00Z,
12.2,12.81,2024-02-23T23:30:00Z,2024-02-24T00:00:00Z,
11.28,11.844,2024-02-24T00:00:00Z,2024-02-24T00:30:00Z,
13.65,14.3325,2024-02-24T00:30:00Z,2024-02-24T01:00:00Z,
13.86,14.553,2024-02-24T01:00:00Z,2024-02-24T01:30:00Z,
12.18,12.789,2024-02-24T01:30:00Z,2024-02-24T02:00:00Z,
11.49,12.0645,2024-02-24T02:00:00Z,2024-02-24T02:30:00Z,
11.49,12.0645,2024-02-24T02:30:00Z,2024-02-24T03:00:00Z,
11.49,12.0645,2024-02-24T03:00:00Z,2024-02-24T03:30:00Z,
11.3,11.865,2024-02-24T03:30:00Z,2024-02-24T04:00:00Z,
11.3,11.865,2024-02-24T04:00:00Z,2024-02-24T04:30:00Z,
11.28,11.844,2024-02-24T04:30:00Z,2024-02-24T05:00:00Z,
12.39,13.0095,2024-02-24T05:00:00Z,2024-02-24T05:30:00Z,
13.44,14.112,2024-02-24T05:30:00Z,2024-02-24T06:00:00Z,
13.65,14.3325,2024-02-24T06:00:00Z,2024-02-24T06:30:00Z,
14.7,15.435,2024-02-24T06:30:00Z,2024-02-24T07:00:00Z,
12.81,13.4505,2024-02-24T07:00:00Z,2024-02-24T07:30:00Z,
14.91,15.6555,2024-02-24T07:30:00Z,2024-02-24T08:00:00Z,
13.65,14.3325,2024-02-24T08:00:00Z,2024-02-24T08:30:00Z,
14.62,15.351,2024-02-24T08:30:00Z,2024-02-24T09:00:00Z,
14.7,15.435,2024-02-24T09:00:00Z,2024-02-24T09:30:00Z,
14.7,15.435,2024-02-24T09:30:00Z,2024-02-24T10:00:00Z,
13.48,14.154,2024-02-24T10:00:00Z,2024-02-24T10:30:00Z,
12.26,12.873,2024-02-24T10:30:00Z,2024-02-24T11:00:00Z,
13.44,14.112,2024-02-24T11:00:00Z,2024-02-24T11:30:00Z,
13.59,14.2695,2024-02-24T11:30:00Z,2024-02-24T12:00:00Z,
13.65,14.3325,2024-02-24T12:00:00Z,2024-02-24T12:30:00Z,
13.44,14.112,2024-02-24T12:30:00Z,2024-02-24T13:00:00Z,
13.65,14.3325,2024-02-24T13:00:00Z,2024-02-24T13:30:00Z,
11.4,11.97,2024-02-24T13:30:00Z,2024-02-24T14:00:00Z,
10.92,11.466,2024-02-24T14:00:00Z,2024-02-24T14:30:00Z,
10.71,11.2455,2024-02-24T14:30:00Z,2024-02-24T15:00:00Z,
11.28,11.844,2024-02-24T15:00:00Z,2024-02-24T15:30:00Z,
11.28,11.844,2024-02-24T15:30:00Z,2024-02-24T16:00:00Z,
26.02,27.321,2024-02-24T16:00:00Z,2024-02-24T16:30:00Z,
28.96,30.408,2024-02-24T16:30:00Z,2024-02-24T17:00:00Z,
27.7,29.085,2024-02-24T17:00:00Z,2024-02-24T17:30:00Z,
30.22,31.731,2024-02-24T17:30:00Z,2024-02-24T18:00:00Z,
29.8,31.29,2024-02-24T18:00:00Z,2024-02-24T18:30:00Z,
29.19,30.6495,2024-02-24T18:30:00Z,2024-02-24T19:00:00Z,
15.96,16.758,2024-02-24T19:00:00Z,2024-02-24T19:30:00Z,
15.54,16.317,2024-02-24T19:30:00Z,2024-02-24T20:00:00Z,
14.35,15.0675,2024-02-24T20:00:00Z,2024-02-24T20:30:00Z,
11.28,11.844,2024-02-24T20:30:00Z,2024-02-24T21:00:00Z,
13.36,14.028,2024-02-24T21:00:00Z,2024-02-24T21:30:00Z,
11.76,12.348,2024-02-24T21:30:00Z,2024-02-24T22:00:00Z,
11.68,12.264,2024-02-24T22:00:00Z,2024-02-24T22:30:00Z,
11.28,11.844,2024-02-24T22:30:00Z,2024-02-24T23:00:00Z,
13.44,14.112,2024-02-24T23:00:00Z,2024-02-24T23:30:00Z,
13.39,14.0595,2024-02-24T23:30:00Z,2024-02-25T00:00:00Z,
12.5,13.125,2024-02-25T00:00:00Z,2024-02-25T00:30:00Z,
15.22,15.981,2024-02-25T00:30:00Z,2024-02-25T01:00:00Z,
12.6,13.23,2024-02-25T01:00:00Z,2024-02-25T01:30:00Z,
11.38,11.949,2024-02-25T01:30:00Z,2024-02-25T02:00:00Z,
11.38,11.949,2024-02-25T02:00:00Z,2024-02-25T02:30:00Z,
11.38,11.949,2024-02-25T02:30:00Z,2024-02-25T03:00:00Z,
11.13,11.6865,2024-02-25T03:00:00Z,2024-02-25T03:30:00Z,
11.38,11.949,2024-02-25T03:30:00Z,2024-02-25T04:00:00Z,
10.81,11.3505,2024-02-25T04:00:00Z,2024-02-25T04:30:00Z,
10.71,11.2455,2024-02-25T04:30:00Z,2024-02-25T05:00:00Z,
10.71,11.2455,2024-02-25T05:00:00Z,2024-02-25T05:30:00Z,
10.5,11.025,2024-02-25T05:30:00Z,2024-02-25T06:00:00Z,
10.71,11.2455,2024-02-25T06:00:00Z,2024-02-25T06:30:00Z,
10.92,11.466,2024-02-25T06:30:00Z,2024-02-25T07:00:00Z,
11.34,11.907,2024-02-25T07:00:00Z,2024-02-25T07:30:00Z,
11.38,11.949,2024-02-25T07:30:00Z,2024-02-25T08:00:00Z,
11.38,11.949,2024-02-25T08:00:00Z,2024-02-25T08:30:00Z,
12.5,13.125,2024-02-25T08:30:00Z,2024-02-25T09:00:00Z,
11.76,12.348,2024-02-25T09:00:00Z,2024-02-25T09:30:00Z,
13.44,14.112,2024-02-25T09:30:00Z,2024-02-25T10:00:00Z,
11.76,12.348,2024-02-25T10:00:00Z,2024-02-25T10:30:00Z,
11.76,12.348,2024-02-25T10:30:00Z,2024-02-25T11:00:00Z,
12.6,13.23,2024-02-25T11:00:00Z,2024-02-25T11:30:00Z,
13.94,14.637,2024-02-25T11:30:00Z,2024-02-25T12:00:00Z,
13.86,14.553,2024-02-25T12:00:00Z,2024-02-25T12:30:00Z,
13.71,14.3955,2024-02-25T12:30:00Z,2024-02-25T13:00:00Z,
14.9,15.645,2024-02-25T13:00:00Z,2024-02-25T13:30:00Z,
12.64,13.272,2024-02-25T13:30:00Z,2024-02-25T14:00:00Z,
12.6,13.23,2024-02-25T14:00:00Z,2024-02-25T14:30:00Z,
12.43,13.0515,2024-02-25T14:30:00Z,2024-02-25T15:00:00Z,
12.81,13.4505,2024-02-25T15:00:00Z,2024-02-25T15:30:00Z,
13.0,13.65,2024-02-25T15:30:00Z,2024-02-25T16:00:00Z,
28.58,30.009,2024-02-25T16:00:00Z,2024-02-25T16:30:00Z,
28.79,30.2295,2024-02-25T16:30:00Z,2024-02-25T17:00:00Z,
28.58,30.009,2024-02-25T17:00:00Z,2024-02-25T17:30:00Z,
29.28,30.744,2024-02-25T17:30:00Z,2024-02-25T18:00:00Z,
28.1,29.505,2024-02-25T18:00:00Z,2024-02-25T18:30:00Z,
27.36,28.728,2024-02-25T18:30:00Z,2024-02-25T19:00:00Z,
14.7,15.435,2024-02-25T19:00:00Z,2024-02-25T19:30:00Z,
11.97,12.5685,2024-02-25T19:30:00Z,2024-02-25T20:00:00Z,
12.22,12.831,2024-02-25T20:00:00Z,2024-02-25T20:30:00Z,
11.76,12.348,2024-02-25T20:30:00Z,2024-02-25T21:00:00Z,
11.76,12.348,2024-02-25T21:00:00Z,2024-02-25T21:30:00Z,
10.71,11.2455,2024-02-25T21:30:00Z,2024-02-25T22:00:00Z,
10.77,11.3085,2024-02-25T22:00:00Z,2024-02-25T22:30:00Z,
8.5,8.925,2024-02-25T22:30:00Z,2024-02-25T23:00:00Z,
10.03,10.5315,2024-02-25T23:00:00Z,2024-02-25T23:30:00Z,
10.29,10.8045,2024-02-25T23:30:00Z,2024-02-26T00:00:00Z,
8.79,9.2295,2024-02-26T00:00:00Z,2024-02-26T00:30:00Z,
11.13,11.6865,2024-02-26T00:30:00Z,2024-02-26T01:00:00Z,
11.57,12.1485,2024-02-26T01:00:00Z,2024-02-26T01:30:00Z,
9.56,10.038,2024-02-26T01:30:00Z,2024-02-26T02:00:00Z,
10.75,11.2875,2024-02-26T02:00:00Z,2024-02-26T02:30:00Z,
9.47,9.9435,2024-02-26T02:30:00Z,2024-02-26T03:00:00Z,
10.71,11.2455,2024-02-26T03:00:00Z,2024-02-26T03:30:00Z,
9.45,9.9225,2024-02-26T03:30:00Z,2024-02-26T04:00:00Z,
9.51,9.9855,2024-02-26T04:00:00Z,2024-02-26T04:30:00Z,
9.43,9.9015,2024-02-26T04:30:00Z,2024-02-26T05:00:00Z,
10.92,11.466,2024-02-26T05:00:00Z,2024-02-26T05:30:00Z,
10.71,11.2455,2024-02-26T05:30:00Z,2024-02-26T06:00:00Z,
12.18,12.789,2024-02-26T06:00:00Z,2024-02-26T06:30:00Z,
12.6,13.23,2024-02-26T06:30:00Z,2024-02-26T07:00:00Z,
11.82,12.411,2024-02-26T07:00:00Z,2024-02-26T07:30:00Z,
15.54,16.317,2024-02-26T07:30:00Z,2024-02-26T08:00:00Z,
12.87,13.5135,2024-02-26T08:00:00Z,2024-02-26T08:30:00Z,
13.65,14.3325,2024-02-26T08:30:00Z,2024-02-26T09:00:00Z,
13.04,13.692,2024-02-26T09:00:00Z,2024-02-26T09:30:00Z,
12.18,12.789,2024-02-26T09:30:00Z,2024-02-26T10:00:00Z,
11.15,11.7075,2024-02-26T10:00:00Z,2024-02-26T10:30:00Z,
11.59,12.1695,2024-02-26T10:30:00Z,2024-02-26T11:00:00Z,
10.6,11.13,2024-02-26T11:00:00Z,2024-02-26T11:30:00Z,
11.34,11.907,2024-02-26T11:30:00Z,2024-02-26T12:00:00Z,
10.92,11.466,2024-02-26T12:00:00Z,2024-02-26T12:30:00Z,
10.71,11.2455,2024-02-26T12:30:00Z,2024-02-26T13:00:00Z,
11.97,12.5685,2024-02-26T13:00:00Z,2024-02-26T13:30:00Z,
11.3,11.865,2024-02-26T13:30:00Z,2024-02-26T14:00:00Z,
12.22,12.831,2024-02-26T14:00:00Z,2024-02-26T14:30:00Z,
11.48,12.054,2024-02-26T14:30:00Z,2024-02-26T15:00:00Z,
12.89,13.5345,2024-02-26T15:00:00Z,2024-02-26T15:30:00Z,
13.05,13.7025,2024-02-26T15:30:00Z,2024-02-26T16:00:00Z,
24.76,25.998,2024-02-26T16:00:00Z,2024-02-26T16:30:00Z,
28.12,29.526,2024-02-26T16:30:00Z,2024-02-26T17:00:00Z,
28.46,29.883,2024-02-26T17:00:00Z,2024-02-26T17:30:00Z,
29.46,30.933,2024-02-26T17:30:00Z,2024-02-26T18:00:00Z,
28.54,29.967,2024-02-26T18:00:00Z,2024-02-26T18:30:00Z,
27.41,28.7805,2024-02-26T18:30:00Z,2024-02-26T19:00:00Z,
15.22,15.981,2024-02-26T19:00:00Z,2024-02-26T19:30:00Z,
14.7,15.435,2024-02-26T19:30:00Z,2024-02-26T20:00:00Z,
14.36,15.078,2024-02-26T20:00:00Z,2024-02-26T20:30:00Z,
9.93,10.4265,2024-02-26T20:30:00Z,2024-02-26T21:00:00Z,
14.36,15.078,2024-02-26T21:00:00Z,2024-02-26T21:30:00Z,
12.6,13.23,2024-02-26T21:30:00Z,2024-02-26T22:00:00Z,
12.39,13.0095,2024-02-26T22:00:00Z,2024-02-26T22:30:00Z,
10.5,11.025,2024-02-26T22:30:00Z,2024-02-26T23:00:00Z,
11.34,11.907,2024-02-26T23:00:00Z,2024-02-26T23:30:00Z,
10.69,11.2245,2024-02-26T23:30:00Z,2024-02-27T00:00:00Z,
10.92,11.466,2024-02-27T00:00:00Z,2024-02-27T00:30:00Z,
11.73,12.3165,2024-02-27T00:30:00Z,2024-02-27T01:00:00Z,
11.11,11.6655,2024-02-27T01:00:00Z,2024-02-27T01:30:00Z,
10.69,11.2245,2024-02-27T01:30:00Z,2024-02-27T02:00:00Z,
10.92,11.466,2024-02-27T02:00:00Z,2024-02-27T02:30:00Z,
10.69,11.2245,2024-02-27T02:30:00Z,2024-02-27T03:00:00Z,
10.69,11.2245,2024-02-27T03:00:00Z,2024-02-27T03:30:00Z,
10.4,10.92,2024-02-27T03:30:00Z,2024-02-27T04:00:00Z,
10.92,11.466,2024-02-27T04:00:00Z,2024-02-27T04:30:00Z,
10.86,11.403,2024-02-27T04:30:00Z,2024-02-27T05:00:00Z,
13.23,13.8915,2024-02-27T05:00:00Z,2024-02-27T05:30:00Z,
12.79,13.4295,2024-02-27T05:30:00Z,2024-02-27T06:00:00Z,
13.65,14.3325,2024-02-27T06:00:00Z,2024-02-27T06:30:00Z,
13.48,14.154,2024-02-27T06:30:00Z,2024-02-27T07:00:00Z,
13.8,14.49,2024-02-27T07:00:00Z,2024-02-27T07:30:00Z,
16.8,17.64,2024-02-27T07:30:00Z,2024-02-27T08:00:00Z,
14.36,15.078,2024-02-27T08:00:00Z,2024-02-27T08:30:00Z,
15.12,15.876,2024-02-27T08:30:00Z,2024-02-27T09:00:00Z,
13.78,14.469,2024-02-27T09:00:00Z,2024-02-27T09:30:00Z,
13.76,14.448,2024-02-27T09:30:00Z,2024-02-27T10:00:00Z,
13.06,13.713,2024-02-27T10:00:00Z,2024-02-27T10:30:00Z,
12.68,13.314,2024-02-27T10:30:00Z,2024-02-27T11:00:00Z,
10.92,11.466,2024-02-27T11:00:00Z,2024-02-27T11:30:00Z,
10.92,11.466,2024-02-27T11:30:00Z,2024-02-27T12:00:00Z,
10.92,11.466,2024-02-27T12:00:00Z,2024-02-27T12:30:00Z,
10.69,11.2245,2024-02-27T12:30:00Z,2024-02-27T13:00:00Z,
10.92,11.466,2024-02-27T13:00:00Z,2024-02-27T13:30:00Z,
10.5,11.025,2024-02-27T13:30:00Z,2024-02-27T14:00:00Z,
11.49,12.0645,2024-02-27T14:00:00Z,2024-02-27T14:30:00Z,
11.34,11.907,2024-02-27T14:30:00Z,2024-02-27T15:00:00Z,
12.77,13.4085,2024-02-27T15:00:00Z,2024-02-27T15:30:00Z,
12.24,12.852,2024-02-27T15:30:00Z,2024-02-27T16:00:00Z,
26.1,27.405,2024-02-27T16:00:00Z,2024-02-27T16:30:00Z,
27.76,29.148,2024-02-27T16:30:00Z,2024-02-27T17:00:00Z,
29.13,30.5865,2024-02-27T17:00:00Z,2024-02-27T17:30:00Z,
29.95,31.4475,2024-02-27T17:30:00Z,2024-02-27T18:00:00Z,
30.22,31.731,2024-02-27T18:00:00Z,2024-02-27T18:30:00Z,
29.95,31.4475,2024-02-27T18:30:00Z,2024-02-27T19:00:00Z,
16.38,17.199,2024-02-27T19:00:00Z,2024-02-27T19:30:00Z,
14.97,15.7185,2024-02-27T19:30:00Z,2024-02-27T20:00:00Z,
14.11,14.8155,2024-02-27T20:00:00Z,2024-02-27T20:30:00Z,
12.79,13.4295,2024-02-27T20:30:00Z,2024-02-27T21:00:00Z,
13.59,14.2695,2024-02-27T21:00:00Z,2024-02-27T21:30:00Z,
12.75,13.3875,2024-02-27T21:30:00Z,2024-02-27T22:00:00Z,
12.77,13.4085,2024-02-27T22:00:00Z,2024-02-27T22:30:00Z,
11.84,12.432,2024-02-27T22:30:00Z,2024-02-27T23:00:00Z,
12.13,12.7365,2024-02-27T23:00:00Z,2024-02-27T23:30:00Z,
11.76,12.348,2024-02-27T23:30:00Z,2024-02-28T00:00:00Z,
11.24,11.802,2024-02-28T00:00:00Z,2024-02-28T00:30:00Z,
12.6,13.23,2024-02-28T00:30:00Z,2024-02-28T01:00:00Z,
12.56,13.188,2024-02-28T01:00:00Z,2024-02-28T01:30:00Z,
11.76,12.348,2024-02-28T01:30:00Z,2024-02-28T02:00:00Z,
12.43,13.0515,2024-02-28T02:00:00Z,2024-02-28T02:30:00Z,
13.02,13.671,2024-02-28T02:30:00Z,2024-02-28T03:00:00Z,
12.54,13.167,2024-02-28T03:00:00Z,2024-02-28T03:30:00Z,
11.53,12.1065,2024-02-28T03:30:00Z,2024-02-28T04:00:00Z,
12.6,13.23,2024-02-28T04:00:00Z,2024-02-28T04:30:00Z,
11.42,11.991,2024-02-28T04:30:00Z,2024-02-28T05:00:00Z,
12.85,13.4925,2024-02-28T05:00:00Z,2024-02-28T05:30:00Z,
11.59,12.1695,2024-02-28T05:30:00Z,2024-02-28T06:00:00Z,
14.77,15.5085,2024-02-28T06:00:00Z,2024-02-28T06:30:00Z,
16.8,17.64,2024-02-28T06:30:00Z,2024-02-28T07:00:00Z,
17.47,18.3435,2024-02-28T07:00:00Z,2024-02-28T07:30:00Z,
18.8,19.74,2024-02-28T07:30:00Z,2024-02-28T08:00:00Z,
15.04,15.792,2024-02-28T08:00:00Z,2024-02-28T08:30:00Z,
15.96,16.758,2024-02-28T08:30:00Z,2024-02-28T09:00:00Z,
14.11,14.8155,2024-02-28T09:00:00Z,2024-02-28T09:30:00Z,
12.94,13.587,2024-02-28T09:30:00Z,2024-02-28T10:00:00Z,
12.35,12.9675,2024-02-28T10:00:00Z,2024-02-28T10:30:00Z,
11.76,12.348,2024-02-28T10:30:00Z,2024-02-28T11:00:00Z,
11.89,12.4845,2024-02-28T11:00:00Z,2024-02-28T11:30:00Z,
11.93,12.5265,2024-02-28T11:30:00Z,2024-02-28T12:00:00Z,
11.7,12.285,2024-02-28T12:00:00Z,2024-02-28T12:30:00Z,
11.24,11.802,2024-02-28T12:30:00Z,2024-02-28T13:00:00Z,
11.38,11.949,2024-02-28T13:00:00Z,2024-02-28T13:30:00Z,
11.24,11.802,2024-02-28T13:30:00Z,2024-02-28T14:00:00Z,
11.24,11.802,2024-02-28T14:00:00Z,2024-02-28T14:30:00Z,
11.24,11.802,2024-02-28T14:30:00Z,2024-02-28T15:00:00Z,
11.24,11.802,2024-02-28T15:00:00Z,2024-02-28T15:30:00Z,
11.61,12.1905,2024-02-28T15:30:00Z,2024-02-28T16:00:00Z,
24.63,25.8615,2024-02-28T16:00:00Z,2024-02-28T16:30:00Z,
26.02,27.321,2024-02-28T16:30:00Z,2024-02-28T17:00:00Z,
28.12,29.526,2024-02-28T17:00:00Z,2024-02-28T17:30:00Z,
28.79,30.2295,2024-02-28T17:30:00Z,2024-02-28T18:00:00Z,
27.28,28.644,2024-02-28T18:00:00Z,2024-02-28T18:30:00Z,
25.59,26.8695,2024-02-28T18:30:00Z,2024-02-28T19:00:00Z,
12.6,13.23,2024-02-28T19:00:00Z,2024-02-28T19:30:00Z,
12.6,13.23,2024-02-28T19:30:00Z,2024-02-28T20:00:00Z,
11.76,12.348,2024-02-28T20:00:00Z,2024-02-28T20:30:00Z,
12.05,12.6525,2024-02-28T20:30:00Z,2024-02-28T21:00:00Z,
12.81,13.4505,2024-02-28T21:00:00Z,2024-02-28T21:30:00Z,
10.84,11.382,2024-02-28T21:30:00Z,2024-02-28T22:00:00Z,
11.24,11.802,2024-02-28T22:00:00Z,2024-02-28T22:30:00Z,
10.67,11.2035,2024-02-28T22:30:00Z,2024-02-28T23:00:00Z,
9.98,10.479,2024-02-28T23:00:00Z,2024-02-28T23:30:00Z,
7.35,7.7175,2024-02-28T23:30:00Z,2024-02-29T00:00:00Z,
6.82,7.161,2024-02-29T00:00:00Z,2024-02-29T00:30:00Z,
9.34,9.807,2024-02-29T00:30:00Z,2024-02-29T01:00:00Z,
8.36,8.778,2024-02-29T01:00:00Z,2024-02-29T01:30:00Z,
6.64,6.972,2024-02-29T01:30:00Z,2024-02-29T02:00:00Z,
7.52,7.896,2024-02-29T02:00:00Z,2024-02-29T02:30:00Z,
7.14,7.497,2024-02-29T02:30:00Z,2024-02-29T03:00:00Z,
7.14,7.497,2024-02-29T03:00:00Z,2024-02-29T03:30:00Z,
6.47,6.7935,2024-02-29T03:30:00Z,2024-02-29T04:00:00Z,
8.23,8.6415,2024-02-29T04:00:00Z,2024-02-29T04:30:00Z,
8.4,8.82,2024-02-29T04:30:00Z,2024-02-29T05:00:00Z,
10.0,10.5,2024-02-29T05:00:00Z,2024-02-29T05:30:00Z,
10.5,11.025,2024-02-29T05:30:00Z,2024-02-29T06:00:00Z,
12.18,12.789,2024-02-29T06:00:00Z,2024-02-29T06:30:00Z,
12.81,13.4505,2024-02-29T06:30:00Z,2024-02-29T07:00:00Z,
12.6,13.23,2024-02-29T07:00:00Z,2024-02-29T07:30:00Z,
14.01,14.7105,2024-02-29T07:30:00Z,2024-02-29T08:00:00Z,
12.68,13.314,2024-02-29T08:00:00Z,2024-02-29T08:30:00Z,
13.44,14.112,2024-02-29T08:30:00Z,2024-02-29T09:00:00Z,
13.23,13.8915,2024-02-29T09:00:00Z,2024-02-29T09:30:00Z,
13.42,14.091,2024-02-29T09:30:00Z,2024-02-29T10:00:00Z,
12.98,13.629,2024-02-29T10:00:00Z,2024-02-29T10:30:00Z,
12.83,13.4715,2024-02-29T10:30:00Z,2024-02-29T11:00:00Z,
13.42,14.091,2024-02-29T11:00:00Z,2024-02-29T11:30:00Z,
13.44,14.112,2024-02-29T11:30:00Z,2024-02-29T12:00:00Z,
13.65,14.3325,2024-02-29T12:00:00Z,2024-02-29T12:30:00Z,
13.65,14.3325,2024-02-29T12:30:00Z,2024-02-29T13:00:00Z,
15.12,15.876,2024-02-29T13:00:00Z,2024-02-29T13:30:00Z,
13.65,14.3325,2024-02-29T13:30:00Z,2024-02-29T14:00:00Z,
13.42,14.091,2024-02-29T14:00:00Z,2024-02-29T14:30:00Z,
12.68,13.314,2024-02-29T14:30:00Z,2024-02-29T15:00:00Z,
13.21,13.8705,2024-02-29T15:00:00Z,2024-02-29T15:30:00Z,
13.65,14.3325,2024-02-29T15:30:00Z,2024-02-29T16:00:00Z,
25.6,26.88,2024-02-29T16:00:00Z,2024-02-29T16:30:00Z,
28.37,29.7885,2024-02-29T16:30:00Z,2024-02-29T17:00:00Z,
28.46,29.883,2024-02-29T17:00:00Z,2024-02-29T17:30:00Z,
29.48,30.954,2024-02-29T17:30:00Z,2024-02-29T18:00:00Z,
28.94,30.387,2024-02-29T18:00:00Z,2024-02-29T18:30:00Z,
29.8,31.29,2024-02-29T18:30:00Z,2024-02-29T19:00:00Z,
15.75,16.5375,2024-02-29T19:00:00Z,2024-02-29T19:30:00Z,
15.75,16.5375,2024-02-29T19:30:00Z,2024-02-29T20:00:00Z,
16.3,17.115,2024-02-29T20:00:00Z,2024-02-29T20:30:00Z,
14.38,15.099,2024-02-29T20:30:00Z,2024-02-29T21:00:00Z,
15.54,16.317,2024-02-29T21:00:00Z,2024-02-29T21:30:00Z,
12.77,13.4085,2024-02-29T21:30:00Z,2024-02-29T22:00:00Z,
13.08,13.734,2024-02-29T22:00:00Z,2024-02-29T22:30:00Z,
12.18,12.789,2024-02-29T22:30:00Z,2024-02-29T23:00:00Z,
12.66,13.293,2024-02-29T23:00:00Z,2024-02-29T23:30:00Z,
12.98,13.629,2024-02-29T23:30:00Z,2024-03-01T00:00:00Z,
12.94,13.587,2024-03-01T00:00:00Z,2024-03-01T00:30:00Z,
14.7,15.435,2024-03-01T00:30:00Z,2024-03-01T01:00:00Z,
13.56,14.238,2024-03-01T01:00:00Z,2024-03-01T01:30:00Z,
12.35,12.9675,2024-03-01T01:30:00Z,2024-03-01T02:00:00Z,
12.01,12.6105,2024-03-01T02:00:00Z,2024-03-01T02:30:00Z,
11.55,12.1275,2024-03-01T02:30:00Z,2024-03-01T03:00:00Z,
11.55,12.1275,2024-03-01T03:00:00Z,2024-03-01T03:30:00Z,
10.92,11.466,2024-03-01T03:30:00Z,2024-03-01T04:00:00Z,
11.55,12.1275,2024-03-01T04:00:00Z,2024-03-01T04:30:00Z,
11.55,12.1275,2024-03-01T04:30:00Z,2024-03-01T05:00:00Z,
12.98,13.629,2024-03-01T05:00:00Z,2024-03-01T05:30:00Z,
13.31,13.9755,2024-03-01T05:30:00Z,2024-03-01T06:00:00Z,
14.7,15.435,2024-03-01T06:00:00Z,2024-03-01T06:30:00Z,
17.22,18.081,2024-03-01T06:30:00Z,2024-03-01T07:00:00Z,
13.44,14.112,2024-03-01T07:00:00Z,2024-03-01T07:30:00Z,
16.31,17.1255,2024-03-01T07:30:00Z,2024-03-01T08:00:00Z,
15.86,16.653,2024-03-01T08:00:00Z,2024-03-01T08:30:00Z,
16.8,17.64,2024-03-01T08:30:00Z,2024-03-01T09:00:00Z,
15.18,15.939,2024-03-01T09:00:00Z,2024-03-01T09:30:00Z,
14.28,14.994,2024-03-01T09:30:00Z,2024-03-01T10:00:00Z,
12.2,12.81,2024-03-01T10:00:00Z,2024-03-01T10:30:00Z,
11.66,12.243,2024-03-01T10:30:00Z,2024-03-01T11:00:00Z,
12.2,12.81,2024-03-01T11:00:00Z,2024-03-01T11:30:00Z,
12.2,12.81,2024-03-01T11:30:00Z,2024-03-01T12:00:00Z,
11.89,12.4845,2024-03-01T12:00:00Z,2024-03-01T12:30:00Z,
11.55,12.1275,2024-03-01T12:30:00Z,2024-03-01T13:00:00Z,
11.8,12.39,2024-03-01T13:00:00Z,2024-03-01T13:30:00Z,
11.8,12.39,2024-03-01T13:30:00Z,2024-03-01T14:00:00Z,
12.9,13.545,2024-03-01T14:00:00Z,2024-03-01T14:30:00Z,
12.14,12.747,2024-03-01T14:30:00Z,2024-03-01T15:00:00Z,
12.66,13.293,2024-03-01T15:00:00Z,2024-03-01T15:30:00Z,
13.86,14.553,2024-03-01T15:30:00Z,2024-03-01T16:00:00Z,
28.54,29.967,2024-03-01T16:00:00Z,2024-03-01T16:30:00Z,
31.06,32.613,2024-03-01T16:30:00Z,2024-03-01T17:00:00Z,
29.8,31.29,2024-03-01T17:00:00Z,2024-03-01T17:30:00Z,
30.64,32.172,2024-03-01T17:30:00Z,2024-03-01T18:00:00Z,
29.19,30.6495,2024-03-01T18:00:00Z,2024-03-01T18:30:00Z,
28.96,30.408,2024-03-01T18:30:00Z,2024-03-01T19:00:00Z,
16.48,17.304,2024-03-01T19:00:00Z,2024-03-01T19:30:00Z,
15.5,16.275,2024-03-01T19:30:00Z,2024-03-01T20:00:00Z,
14.38,15.099,2024-03-01T20:00:00Z,2024-03-01T20:30:00Z,
13.69,14.3745,2024-03-01T20:30:00Z,2024-03-01T21:00:00Z,
15.12,15.876,2024-03-01T21:00:00Z,2024-03-01T21:30:00Z,
13.63,14.3115,2024-03-01T21:30:00Z,2024-03-01T22:00:00Z,
13.23,13.8915,2024-03-01T22:00:00Z,2024-03-01T22:30:00Z,
12.2,12.81,2024-03-01T22:30:00Z,2024-03-01T23:00:00Z,
13.44,14.112,2024-03-01T23:00:00Z,2024-03-01T23:30:00Z,
13.44,14.112,2024-03-01T23:30:00Z,2024-03-02T00:00:00Z,
13.25,13.9125,2024-03-02T00:00:00Z,2024-03-02T00:30:00Z,
15.12,15.876,2024-03-02T00:30:00Z,2024-03-02T01:00:00Z,
13.36,14.028,2024-03-02T01:00:00Z,2024-03-02T01:30:00Z,
12.56,13.188,2024-03-02T01:30:00Z,2024-03-02T02:00:00Z,
13.29,13.9545,2024-03-02T02:00:00Z,2024-03-02T02:30:00Z,
12.6,13.23,2024-03-02T02:30:00Z,2024-03-02T03:00:00Z,
13.1,13.755,2024-03-02T03:00:00Z,2024-03-02T03:30:00Z,
12.56,13.188,2024-03-02T03:30:00Z,2024-03-02T04:00:00Z,
12.56,13.188,2024-03-02T04:00:00Z,2024-03-02T04:30:00Z,
12.25,12.8625,2024-03-02T04:30:00Z,2024-03-02T05:00:00Z,
12.18,12.789,2024-03-02T05:00:00Z,2024-03-02T05:30:00Z,
12.56,13.188,2024-03-02T05:30:00Z,2024-03-02T06:00:00Z,
11.27,11.8335,2024-03-02T06:00:00Z,2024-03-02T06:30:00Z,
10.08,10.584,2024-03-02T06:30:00Z,2024-03-02T07:00:00Z,
12.18,12.789,2024-03-02T07:00:00Z,2024-03-02T07:30:00Z,
11.38,11.949,2024-03-02T07:30:00Z,2024-03-02T08:00:00Z,
13.92,14.616,2024-03-02T08:00:00Z,2024-03-02T08:30:00Z,
15.35,16.1175,2024-03-02T08:30:00Z,2024-03-02T09:00:00Z,
15.54,16.317,2024-03-02T09:00:00Z,2024-03-02T09:30:00Z,
15.54,16.317,2024-03-02T09:30:00Z,2024-03-02T10:00:00Z,
15.54,16.317,2024-03-02T10:00:00Z,2024-03-02T10:30:00Z,
15.12,15.876,2024-03-02T10:30:00Z,2024-03-02T11:00:00Z,
15.12,15.876,2024-03-02T11:00:00Z,2024-03-02T11:30:00Z,
14.78,15.519,2024-03-02T11:30:00Z,2024-03-02T12:00:00Z,
13.5,14.175,2024-03-02T12:00:00Z,2024-03-02T12:30:00Z,
13.71,14.3955,2024-03-02T12:30:00Z,2024-03-02T13:00:00Z,
12.92,13.566,2024-03-02T13:00:00Z,2024-03-02T13:30:00Z,
12.56,13.188,2024-03-02T13:30:00Z,2024-03-02T14:00:00Z,
12.56,13.188,2024-03-02T14:00:00Z,2024-03-02T14:30:00Z,
10.5,11.025,2024-03-02T14:30:00Z,2024-03-02T15:00:00Z,
13.12,13.776,2024-03-02T15:00:00Z,2024-03-02T15:30:00Z,
12.81,13.4505,2024-03-02T15:30:00Z,2024-03-02T16:00:00Z,
27.07,28.4235,2024-03-02T16:00:00Z,2024-03-02T16:30:00Z,
29.17,30.6285,2024-03-02T16:30:00Z,2024-03-02T17:00:00Z,
29.38,30.849,2024-03-02T17:00:00Z,2024-03-02T17:30:00Z,
31.06,32.613,2024-03-02T17:30:00Z,2024-03-02T18:00:00Z,
31.14,32.697,2024-03-02T18:00:00Z,2024-03-02T18:30:00Z,
30.64,32.172,2024-03-02T18:30:00Z,2024-03-02T19:00:00Z,
17.66,18.543,2024-03-02T19:00:00Z,2024-03-02T19:30:00Z,
15.27,16.0335,2024-03-02T19:30:00Z,2024-03-02T20:00:00Z,
15.54,16.317,2024-03-02T20:00:00Z,2024-03-02T20:30:00Z,
13.08,13.734,2024-03-02T20:30:00Z,2024-03-02T21:00:00Z,
13.9,14.595,2024-03-02T21:00:00Z,2024-03-02T21:30:00Z,
14.34,15.057,2024-03-02T21:30:00Z,2024-03-02T22:00:00Z,
14.49,15.2145,2024-03-02T22:00:00Z,2024-03-02T22:30:00Z,
14.07,14.7735,2024-03-02T22:30:00Z,2024-03-02T23:00:00Z,
12.98,13.629,2024-03-02T23:00:00Z,2024-03-02T23:30:00Z,
11.68,12.264,2024-03-02T23:30:00Z,2024-03-03T00:00:00Z,
11.76,12.348,2024-03-03T00:00:00Z,2024-03-03T00:30:00Z,
14.28,14.994,2024-03-03T00:30:00Z,2024-03-03T01:00:00Z,
13.23,13.8915,2024-03-03T01:00:00Z,2024-03-03T01:30:00Z,
12.6,13.23,2024-03-03T01:30:00Z,2024-03-03T02:00:00Z,
12.6,13.23,2024-03-03T02:00:00Z,2024-03-03T02:30:00Z,
12.6,13.23,2024-03-03T02:30:00Z,2024-03-03T03:00:00Z,
12.37,12.9885,2024-03-03T03:00:00Z,2024-03-03T03:30:00Z,
12.01,12.6105,2024-03-03T03:30:00Z,2024-03-03T04:00:00Z,
12.12,12.726,2024-03-03T04:00:00Z,2024-03-03T04:30:00Z,
11.99,12.5895,2024-03-03T04:30:00Z,2024-03-03T05:00:00Z,
11.93,12.5265,2024-03-03T05:00:00Z,2024-03-03T05:30:00Z,
12.37,12.9885,2024-03-03T05:30:00Z,2024-03-03T06:00:00Z,
13.29,13.9545,2024-03-03T06:00:00Z,2024-03-03T06:30:00Z,
14.07,14.7735,2024-03-03T06:30:00Z,2024-03-03T07:00:00Z,
13.02,13.671,2024-03-03T07:00:00Z,2024-03-03T07:30:00Z,
13.96,14.658,2024-03-03T07:30:00Z,2024-03-03T08:00:00Z,
13.04,13.692,2024-03-03T08:00:00Z,2024-03-03T08:30:00Z,
14.7,15.435,2024-03-03T08:30:00Z,2024-03-03T09:00:00Z,
12.6,13.23,2024-03-03T09:00:00Z,2024-03-03T09:30:00Z,
12.6,13.23,2024-03-03T09:30:00Z,2024-03-03T10:00:00Z,
12.37,12.9885,2024-03-03T10:00:00Z,2024-03-03T10:30:00Z,
13.12,13.776,2024-03-03T10:30:00Z,2024-03-03T11:00:00Z,
11.76,12.348,2024-03-03T11:00:00Z,2024-03-03T11:30:00Z,
13.36,14.028,2024-03-03T11:30:00Z,2024-03-03T12:00:00Z,
13.46,14.133,2024-03-03T12:00:00Z,2024-03-03T12:30:00Z,
13.65,14.3325,2024-03-03T12:30:00Z,2024-03-03T13:00:00Z,
15.33,16.0965,2024-03-03T13:00:00Z,2024-03-03T13:30:00Z,
14.2,14.91,2024-03-03T13:30:00Z,2024-03-03T14:00:00Z,
12.08,12.684,2024-03-03T14:00:00Z,2024-03-03T14:30:00Z,
13.12,13.776,2024-03-03T14:30:00Z,2024-03-03T15:00:00Z,
12.08,12.684,2024-03-03T15:00:00Z,2024-03-03T15:30:00Z,
12.6,13.23,2024-03-03T15:30:00Z,2024-03-03T16:00:00Z,
24.02,25.221,2024-03-03T16:00:00Z,2024-03-03T16:30:00Z,
28.96,30.408,2024-03-03T16:30:00Z,2024-03-03T17:00:00Z,
29.36,30.828,2024-03-03T17:00:00Z,2024-03-03T17:30:00Z,
31.5,33.075,2024-03-03T17:30:00Z,2024-03-03T18:00:00Z,
32.74,34.377,2024-03-03T18:00:00Z,2024-03-03T18:30:00Z,
32.28,33.894,2024-03-03T18:30:00Z,2024-03-03T19:00:00Z,
18.75,19.6875,2024-03-03T19:00:00Z,2024-03-03T19:30:00Z,
16.28,17.094,2024-03-03T19:30:00Z,2024-03-03T20:00:00Z,
17.22,18.081,2024-03-03T20:00:00Z,2024-03-03T20:30:00Z,
14.11,14.8155,2024-03-03T20:30:00Z,2024-03-03T21:00:00Z,
17.81,18.7005,2024-03-03T21:00:00Z,2024-03-03T21:30:00Z,
14.18,14.889,2024-03-03T21:30:00Z,2024-03-03T22:00:00Z,
12.6,13.23,2024-03-03T22:00:00Z,2024-03-03T22:30:00Z,
11.77,12.3585,2024-03-03T22:30:00Z,2024-03-03T23:00:00Z,
12.18,12.789,2024-03-03T23:00:00Z,2024-03-03T23:30:00Z,
12.18,12.789,2024-03-03T23:30:00Z,2024-03-04T00:00:00Z,
10.5,11.025,2024-03-04T00:00:00Z,2024-03-04T00:30:00Z,
12.77,13.4085,2024-03-04T00:30:00Z,2024-03-04T01:00:00Z,
12.81,13.4505,2024-03-04T01:00:00Z,2024-03-04T01:30:00Z,
12.1,12.705,2024-03-04T01:30:00Z,2024-03-04T02:00:00Z,
10.83,11.3715,2024-03-04T02:00:00Z,2024-03-04T02:30:00Z,
10.5,11.025,2024-03-04T02:30:00Z,2024-03-04T03:00:00Z,
12.31,12.9255,2024-03-04T03:00:00Z,2024-03-04T03:30:00Z,
11.86,12.453,2024-03-04T03:30:00Z,2024-03-04T04:00:00Z,
14.03,14.7315,2024-03-04T04:00:00Z,2024-03-04T04:30:00Z,
12.39,13.0095,2024-03-04T04:30:00Z,2024-03-04T05:00:00Z,
14.36,15.078,2024-03-04T05:00:00Z,2024-03-04T05:30:00Z,
14.7,15.435,2024-03-04T05:30:00Z,2024-03-04T06:00:00Z,
15.75,16.5375,2024-03-04T06:00:00Z,2024-03-04T06:30:00Z,
17.09,17.9445,2024-03-04T06:30:00Z,2024-03-04T07:00:00Z,
18.34,19.257,2024-03-04T07:00:00Z,2024-03-04T07:30:00Z,
19.24,20.202,2024-03-04T07:30:00Z,2024-03-04T08:00:00Z,
17.09,17.9445,2024-03-04T08:00:00Z,2024-03-04T08:30:00Z,
16.93,17.7765,2024-03-04T08:30:00Z,2024-03-04T09:00:00Z,
15.75,16.5375,2024-03-04T09:00:00Z,2024-03-04T09:30:00Z,
13.65,14.3325,2024-03-04T09:30:00Z,2024-03-04T10:00:00Z,
12.79,13.4295,2024-03-04T10:00:00Z,2024-03-04T10:30:00Z,
12.18,12.789,2024-03-04T10:30:00Z,2024-03-04T11:00:00Z,
11.55,12.1275,2024-03-04T11:00:00Z,2024-03-04T11:30:00Z,
10.5,11.025,2024-03-04T11:30:00Z,2024-03-04T12:00:00Z,
12.05,12.6525,2024-03-04T12:00:00Z,2024-03-04T12:30:00Z,
10.5,11.025,2024-03-04T12:30:00Z,2024-03-04T13:00:00Z,
11.63,12.2115,2024-03-04T13:00:00Z,2024-03-04T13:30:00Z,
10.5,11.025,2024-03-04T13:30:00Z,2024-03-04T14:00:00Z,
13.02,13.671,2024-03-04T14:00:00Z,2024-03-04T14:30:00Z,
11.55,12.1275,2024-03-04T14:30:00Z,2024-03-04T15:00:00Z,
12.39,13.0095,2024-03-04T15:00:00Z,2024-03-04T15:30:00Z,
12.96,13.608,2024-03-04T15:30:00Z,2024-03-04T16:00:00Z,
27.99,29.3895,2024-03-04T16:00:00Z,2024-03-04T16:30:00Z,
27.7,29.085,2024-03-04T16:30:00Z,2024-03-04T17:00:00Z,
30.47,31.9935,2024-03-04T17:00:00Z,2024-03-04T17:30:00Z,
30.85,32.3925,2024-03-04T17:30:00Z,2024-03-04T18:00:00Z,
31.9,33.495,2024-03-04T18:00:00Z,2024-03-04T18:30:00Z,
29.74,31.227,2024-03-04T18:30:00Z,2024-03-04T19:00:00Z,
15.96,16.758,2024-03-04T19:00:00Z,2024-03-04T19:30:00Z,
13.65,14.3325,2024-03-04T19:30:00Z,2024-03-04T20:00:00Z,
13.76,14.448,2024-03-04T20:00:00Z,2024-03-04T20:30:00Z,
14.03,14.7315,2024-03-04T20:30:00Z,2024-03-04T21:00:00Z,
15.02,15.771,2024-03-04T21:00:00Z,2024-03-04T21:30:00Z,
13.63,14.3115,2024-03-04T21:30:00Z,2024-03-04T22:00:00Z,
13.65,14.3325,2024-03-04T22:00:00Z,2024-03-04T22:30:00Z,
10.63,11.1615,2024-03-04T22:30:00Z,2024-03-04T23:00:00Z,
10.88,11.424,2024-03-04T23:00:00Z,2024-03-04T23:30:00Z,
9.85,10.3425,2024-03-04T23:30:00Z,2024-03-05T00:00:00Z,
9.24,9.702,2024-03-05T00:00:00Z,2024-03-05T00:30:00Z,
12.6,13.23,2024-03-05T00:30:00Z,2024-03-05T01:00:00Z,
10.82,11.361,2024-03-05T01:00:00Z,2024-03-05T01:30:00Z,
10.64,11.172,2024-03-05T01:30:00Z,2024-03-05T02:00:00Z,
10.67,11.2035,2024-03-05T02:00:00Z,2024-03-05T02:30:00Z,
10.75,11.2875,2024-03-05T02:30:00Z,2024-03-05T03:00:00Z,
10.58,11.109,2024-03-05T03:00:00Z,2024-03-05T03:30:00Z,
10.5,11.025,2024-03-05T03:30:00Z,2024-03-05T04:00:00Z,
11.82,12.411,2024-03-05T04:00:00Z,2024-03-05T04:30:00Z,
11.55,12.1275,2024-03-05T04:30:00Z,2024-03-05T05:00:00Z,
13.23,13.8915,2024-03-05T05:00:00Z,2024-03-05T05:30:00Z,
13.27,13.9335,2024-03-05T05:30:00Z,2024-03-05T06:00:00Z,
14.54,15.267,2024-03-05T06:00:00Z,2024-03-05T06:30:00Z,
13.86,14.553,2024-03-05T06:30:00Z,2024-03-05T07:00:00Z,
13.27,13.9335,2024-03-05T07:00:00Z,2024-03-05T07:30:00Z,
14.91,15.6555,2024-03-05T07:30:00Z,2024-03-05T08:00:00Z,
14.74,15.477,2024-03-05T08:00:00Z,2024-03-05T08:30:00Z,
15.27,16.0335,2024-03-05T08:30:00Z,2024-03-05T09:00:00Z,
15.96,16.758,2024-03-05T09:00:00Z,2024-03-05T09:30:00Z,
13.82,14.511,2024-03-05T09:30:00Z,2024-03-05T10:00:00Z,
13.27,13.9335,2024-03-05T10:00:00Z,2024-03-05T10:30:00Z,
13.27,13.9335,2024-03-05T10:30:00Z,2024-03-05T11:00:00Z,
12.31,12.9255,2024-03-05T11:00:00Z,2024-03-05T11:30:00Z,
13.27,13.9335,2024-03-05T11:30:00Z,2024-03-05T12:00:00Z,
13.27,13.9335,2024-03-05T12:00:00Z,2024-03-05T12:30:00Z,
13.27,13.9335,2024-03-05T12:30:00Z,2024-03-05T13:00:00Z,
13.27,13.9335,2024-03-05T13:00:00Z,2024-03-05T13:30:00Z,
13.27,13.9335,2024-03-05T13:30:00Z,2024-03-05T14:00:00Z,
14.28,14.994,2024-03-05T14:00:00Z,2024-03-05T14:30:00Z,
14.28,14.994,2024-03-05T14:30:00Z,2024-03-05T15:00:00Z,
13.48,14.154,2024-03-05T15:00:00Z,2024-03-05T15:30:00Z,
13.63,14.3115,2024-03-05T15:30:00Z,2024-03-05T16:00:00Z,
27.6,28.98,2024-03-05T16:00:00Z,2024-03-05T16:30:00Z,
30.54,32.067,2024-03-05T16:30:00Z,2024-03-05T17:00:00Z,
31.54,33.117,2024-03-05T17:00:00Z,2024-03-05T17:30:00Z,
32.66,34.293,2024-03-05T17:30:00Z,2024-03-05T18:00:00Z,
35.05,36.8025,2024-03-05T18:00:00Z,2024-03-05T18:30:00Z,
34.42,36.141,2024-03-05T18:30:00Z,2024-03-05T19:00:00Z,
18.94,19.887,2024-03-05T19:00:00Z,2024-03-05T19:30:00Z,
17.45,18.3225,2024-03-05T19:30:00Z,2024-03-05T20:00:00Z,
16.7,17.535,2024-03-05T20:00:00Z,2024-03-05T20:30:00Z,
14.7,15.435,2024-03-05T20:30:00Z,2024-03-05T21:00:00Z,
16.36,17.178,2024-03-05T21:00:00Z,2024-03-05T21:30:00Z,
14.45,15.1725,2024-03-05T21:30:00Z,2024-03-05T22:00:00Z,
13.27,13.9335,2024-03-05T22:00:00Z,2024-03-05T22:30:00Z,
12.68,13.314,2024-03-05T22:30:00Z,2024-03-05T23:00:00Z,
13.73,14.4165,2024-03-05T23:00:00Z,2024-03-05T23:30:00Z,
13.44,14.112,2024-03-05T23:30:00Z,2024-03-06T00:00:00Z,
12.6,13.23,2024-03-06T00:00:00Z,2024-03-06T00:30:00Z,
13.61,14.2905,2024-03-06T00:30:00Z,2024-03-06T01:00:00Z,
13.65,14.3325,2024-03-06T01:00:00Z,2024-03-06T01:30:00Z,
12.6,13.23,2024-03-06T01:30:00Z,2024-03-06T02:00:00Z,
13.21,13.8705,2024-03-06T02:00:00Z,2024-03-06T02:30:00Z,
12.81,13.4505,2024-03-06T02:30:00Z,2024-03-06T03:00:00Z,
12.83,13.4715,2024-03-06T03:00:00Z,2024-03-06T03:30:00Z,
12.54,13.167,2024-03-06T03:30:00Z,2024-03-06T04:00:00Z,
13.23,13.8915,2024-03-06T04:00:00Z,2024-03-06T04:30:00Z,
13.02,13.671,2024-03-06T04:30:00Z,2024-03-06T05:00:00Z,
15.22,15.981,2024-03-06T05:00:00Z,2024-03-06T05:30:00Z,
14.83,15.5715,2024-03-06T05:30:00Z,2024-03-06T06:00:00Z,
17.98,18.879,2024-03-06T06:00:00Z,2024-03-06T06:30:00Z,
19.82,20.811,2024-03-06T06:30:00Z,2024-03-06T07:00:00Z,
18.52,19.446,2024-03-06T07:00:00Z,2024-03-06T07:30:00Z,
19.82,20.811,2024-03-06T07:30:00Z,2024-03-06T08:00:00Z,
16.34,17.157,2024-03-06T08:00:00Z,2024-03-06T08:30:00Z,
16.38,17.199,2024-03-06T08:30:00Z,2024-03-06T09:00:00Z,
15.2,15.96,2024-03-06T09:00:00Z,2024-03-06T09:30:00Z,
14.62,15.351,2024-03-06T09:30:00Z,2024-03-06T10:00:00Z,
13.73,14.4165,2024-03-06T10:00:00Z,2024-03-06T10:30:00Z,
12.87,13.5135,2024-03-06T10:30:00Z,2024-03-06T11:00:00Z,
13.21,13.8705,2024-03-06T11:00:00Z,2024-03-06T11:30:00Z,
13.02,13.671,2024-03-06T11:30:00Z,2024-03-06T12:00:00Z,
13.25,13.9125,2024-03-06T12:00:00Z,2024-03-06T12:30:00Z,
12.39,13.0095,2024-03-06T12:30:00Z,2024-03-06T13:00:00Z,
13.23,13.8915,2024-03-06T13:00:00Z,2024-03-06T13:30:00Z,
12.18,12.789,2024-03-06T13:30:00Z,2024-03-06T14:00:00Z,
13.59,14.2695,2024-03-06T14:00:00Z,2024-03-06T14:30:00Z,
13.21,13.8705,2024-03-06T14:30:00Z,2024-03-06T15:00:00Z,
13.73,14.4165,2024-03-06T15:00:00Z,2024-03-06T15:30:00Z,
14.6,15.33,2024-03-06T15:30:00Z,2024-03-06T16:00:00Z,
27.43,28.8015,2024-03-06T16:00:00Z,2024-03-06T16:30:00Z,
29.9,31.395,2024-03-06T16:30:00Z,2024-03-06T17:00:00Z,
34.21,35.9205,2024-03-06T17:00:00Z,2024-03-06T17:30:00Z,
34.84,36.582,2024-03-06T17:30:00Z,2024-03-06T18:00:00Z,
33.66,35.343,2024-03-06T18:00:00Z,2024-03-06T18:30:00Z,
33.5,35.175,2024-03-06T18:30:00Z,2024-03-06T19:00:00Z,
17.85,18.7425,2024-03-06T19:00:00Z,2024-03-06T19:30:00Z,
16.8,17.64,2024-03-06T19:30:00Z,2024-03-06T20:00:00Z,
14.87,15.6135,2024-03-06T20:00:00Z,2024-03-06T20:30:00Z,
14.28,14.994,2024-03-06T20:30:00Z,2024-03-06T21:00:00Z,
15.12,15.876,2024-03-06T21:00:00Z,2024-03-06T21:30:00Z,
14.28,14.994,2024-03-06T21:30:00Z,2024-03-06T22:00:00Z,
13.73,14.4165,2024-03-06T22:00:00Z,2024-03-06T22:30:00Z,
12.6,13.23,2024-03-06T22:30:00Z,2024-03-06T23:00:00Z,
12.6,13.23,2024-03-06T23:00:00Z,2024-03-06T23:30:00Z,
13.02,13.671,2024-03-06T23:30:00Z,2024-03-07T00:00:00Z,
12.22,12.831,2024-03-07T00:00:00Z,2024-03-07T00:30:00Z,
13.25,13.9125,2024-03-07T00:30:00Z,2024-03-07T01:00:00Z,
13.02,13.671,2024-03-07T01:00:00Z,2024-03-07T01:30:00Z,
13.1,13.755,2024-03-07T01:30:00Z,2024-03-07T02:00:00Z,
13.02,13.671,2024-03-07T02:00:00Z,2024-03-07T02:30:00Z,
13.02,13.671,2024-03-07T02:30:00Z,2024-03-07T03:00:00Z,
13.02,13.671,2024-03-07T03:00:00Z,2024-03-07T03:30:00Z,
12.6,13.23,2024-03-07T03:30:00Z,2024-03-07T04:00:00Z,
13.02,13.671,2024-03-07T04:00:00Z,2024-03-07T04:30:00Z,
12.08,12.684,2024-03-07T04:30:00Z,2024-03-07T05:00:00Z,
15.46,16.233,2024-03-07T05:00:00Z,2024-03-07T05:30:00Z,
14.62,15.351,2024-03-07T05:30:00Z,2024-03-07T06:00:00Z,
17.64,18.522,2024-03-07T06:00:00Z,2024-03-07T06:30:00Z,
18.73,19.6665,2024-03-07T06:30:00Z,2024-03-07T07:00:00Z,
16.17,16.9785,2024-03-07T07:00:00Z,2024-03-07T07:30:00Z,
18.27,19.1835,2024-03-07T07:30:00Z,2024-03-07T08:00:00Z,
16.82,17.661,2024-03-07T08:00:00Z,2024-03-07T08:30:00Z,
16.73,17.5665,2024-03-07T08:30:00Z,2024-03-07T09:00:00Z,
14.49,15.2145,2024-03-07T09:00:00Z,2024-03-07T09:30:00Z,
13.02,13.671,2024-03-07T09:30:00Z,2024-03-07T10:00:00Z,
12.38,12.999,2024-03-07T10:00:00Z,2024-03-07T10:30:00Z,
11.78,12.369,2024-03-07T10:30:00Z,2024-03-07T11:00:00Z,
11.34,11.907,2024-03-07T11:00:00Z,2024-03-07T11:30:00Z,
12.12,12.726,2024-03-07T11:30:00Z,2024-03-07T12:00:00Z,
12.18,12.789,2024-03-07T12:00:00Z,2024-03-07T12:30:00Z,
11.55,12.1275,2024-03-07T12:30:00Z,2024-03-07T13:00:00Z,
12.41,13.0305,2024-03-07T13:00:00Z,2024-03-07T13:30:00Z,
12.39,13.0095,2024-03-07T13:30:00Z,2024-03-07T14:00:00Z,
11.97,12.5685,2024-03-07T14:00:00Z,2024-03-07T14:30:00Z,
10.95,11.4975,2024-03-07T14:30:00Z,2024-03-07T15:00:00Z,
13.02,13.671,2024-03-07T15:00:00Z,2024-03-07T15:30:00Z,
13.02,13.671,2024-03-07T15:30:00Z,2024-03-07T16:00:00Z,
26.5,27.825,2024-03-07T16:00:00Z,2024-03-07T16:30:00Z,
28.96,30.408,2024-03-07T16:30:00Z,2024-03-07T17:00:00Z,
31.27,32.8335,2024-03-07T17:00:00Z,2024-03-07T17:30:00Z,
31.9,33.495,2024-03-07T17:30:00Z,2024-03-07T18:00:00Z,
30.64,32.172,2024-03-07T18:00:00Z,2024-03-07T18:30:00Z,
30.32,31.836,2024-03-07T18:30:00Z,2024-03-07T19:00:00Z,
15.67,16.4535,2024-03-07T19:00:00Z,2024-03-07T19:30:00Z,
14.91,15.6555,2024-03-07T19:30:00Z,2024-03-07T20:00:00Z,
14.43,15.1515,2024-03-07T20:00:00Z,2024-03-07T20:30:00Z,
14.18,14.889,2024-03-07T20:30:00Z,2024-03-07T21:00:00Z,
14.7,15.435,2024-03-07T21:00:00Z,2024-03-07T21:30:00Z,
13.43,14.1015,2024-03-07T21:30:00Z,2024-03-07T22:00:00Z,
14.43,15.1515,2024-03-07T22:00:00Z,2024-03-07T22:30:00Z,
12.04,12.642,2024-03-07T22:30:00Z,2024-03-07T23:00:00Z,
12.6,13.23,2024-03-07T23:00:00Z,2024-03-07T23:30:00Z,
12.6,13.23,2024-03-07T23:30:00Z,2024-03-08T00:00:00Z,
12.37,12.9885,2024-03-08T00:00:00Z,2024-03-08T00:30:00Z,
13.65,14.3325,2024-03-08T00:30:00Z,2024-03-08T01:00:00Z,
13.15,13.8075,2024-03-08T01:00:00Z,2024-03-08T01:30:00Z,
12.31,12.9255,2024-03-08T01:30:00Z,2024-03-08T02:00:00Z,
12.24,12.852,2024-03-08T02:00:00Z,2024-03-08T02:30:00Z,
12.05,12.6525,2024-03-08T02:30:00Z,2024-03-08T03:00:00Z,
12.6,13.23,2024-03-08T03:00:00Z,2024-03-08T03:30:00Z,
12.01,12.6105,2024-03-08T03:30:00Z,2024-03-08T04:00:00Z,
13.34,14.007,2024-03-08T04:00:00Z,2024-03-08T04:30:00Z,
12.18,12.789,2024-03-08T04:30:00Z,2024-03-08T05:00:00Z,
14.11,14.8155,2024-03-08T05:00:00Z,2024-03-08T05:30:00Z,
15.22,15.981,2024-03-08T05:30:00Z,2024-03-08T06:00:00Z,
15.18,15.939,2024-03-08T06:00:00Z,2024-03-08T06:30:00Z,
18.27,19.1835,2024-03-08T06:30:00Z,2024-03-08T07:00:00Z,
14.7,15.435,2024-03-08T07:00:00Z,2024-03-08T07:30:00Z,
16.99,17.8395,2024-03-08T07:30:00Z,2024-03-08T08:00:00Z,
15.48,16.254,2024-03-08T08:00:00Z,2024-03-08T08:30:00Z,
15.25,16.0125,2024-03-08T08:30:00Z,2024-03-08T09:00:00Z,
13.71,14.3955,2024-03-08T09:00:00Z,2024-03-08T09:30:00Z,
13.44,14.112,2024-03-08T09:30:00Z,2024-03-08T10:00:00Z,
11.07,11.6235,2024-03-08T10:00:00Z,2024-03-08T10:30:00Z,
9.24,9.702,2024-03-08T10:30:00Z,2024-03-08T11:00:00Z,
10.08,10.584,2024-03-08T11:00:00Z,2024-03-08T11:30:00Z,
9.45,9.9225,2024-03-08T11:30:00Z,2024-03-08T12:00:00Z,
9.74,10.227,2024-03-08T12:00:00Z,2024-03-08T12:30:00Z,
8.4,8.82,2024-03-08T12:30:00Z,2024-03-08T13:00:00Z,
8.4,8.82,2024-03-08T13:00:00Z,2024-03-08T13:30:00Z,
7.85,8.2425,2024-03-08T13:30:00Z,2024-03-08T14:00:00Z,
8.82,9.261,2024-03-08T14:00:00Z,2024-03-08T14:30:00Z,
8.82,9.261,2024-03-08T14:30:00Z,2024-03-08T15:00:00Z,
10.24,10.752,2024-03-08T15:00:00Z,2024-03-08T15:30:00Z,
10.73,11.2665,2024-03-08T15:30:00Z,2024-03-08T16:00:00Z,
24.02,25.221,2024-03-08T16:00:00Z,2024-03-08T16:30:00Z,
27.18,28.539,2024-03-08T16:30:00Z,2024-03-08T17:00:00Z,
26.89,28.2345,2024-03-08T17:00:00Z,2024-03-08T17:30:00Z,
29.63,31.1115,2024-03-08T17:30:00Z,2024-03-08T18:00:00Z,
30.12,31.626,2024-03-08T18:00:00Z,2024-03-08T18:30:00Z,
30.05,31.5525,2024-03-08T18:30:00Z,2024-03-08T19:00:00Z,
18.14,19.047,2024-03-08T19:00:00Z,2024-03-08T19:30:00Z,
15.96,16.758,2024-03-08T19:30:00Z,2024-03-08T20:00:00Z,
14.07,14.7735,2024-03-08T20:00:00Z,2024-03-08T20:30:00Z,
12.08,12.684,2024-03-08T20:30:00Z,2024-03-08T21:00:00Z,
13.44,14.112,2024-03-08T21:00:00Z,2024-03-08T21:30:00Z,
11.38,11.949,2024-03-08T21:30:00Z,2024-03-08T22:00:00Z,
12.96,13.608,2024-03-08T22:00:00Z,2024-03-08T22:30:00Z,
9.24,9.702,2024-03-08T22:30:00Z,2024-03-08T23:00:00Z,
8.42,8.841,2024-03-08T23:00:00Z,2024-03-08T23:30:00Z,
6.09,6.3945,2024-03-08T23:30:00Z,2024-03-09T00:00:00Z,
6.09,6.3945,2024-03-09T00:00:00Z,2024-03-09T00:30:00Z,
8.4,8.82,2024-03-09T00:30:00Z,2024-03-09T01:00:00Z,
8.25,8.6625,2024-03-09T01:00:00Z,2024-03-09T01:30:00Z,
5.25,5.5125,2024-03-09T01:30:00Z,2024-03-09T02:00:00Z,
6.93,7.2765,2024-03-09T02:00:00Z,2024-03-09T02:30:00Z,
6.51,6.8355,2024-03-09T02:30:00Z,2024-03-09T03:00:00Z,
7.41,7.7805,2024-03-09T03:00:00Z,2024-03-09T03:30:00Z,
5.78,6.069,2024-03-09T03:30:00Z,2024-03-09T04:00:00Z,
6.85,7.1925,2024-03-09T04:00:00Z,2024-03-09T04:30:00Z,
6.85,7.1925,2024-03-09T04:30:00Z,2024-03-09T05:00:00Z,
7.06,7.413,2024-03-09T05:00:00Z,2024-03-09T05:30:00Z,
6.78,7.119,2024-03-09T05:30:00Z,2024-03-09T06:00:00Z,
6.09,6.3945,2024-03-09T06:00:00Z,2024-03-09T06:30:00Z,
8.4,8.82,2024-03-09T06:30:00Z,2024-03-09T07:00:00Z,
6.51,6.8355,2024-03-09T07:00:00Z,2024-03-09T07:30:00Z,
9.24,9.702,2024-03-09T07:30:00Z,2024-03-09T08:00:00Z,
6.32,6.636,2024-03-09T08:00:00Z,2024-03-09T08:30:00Z,
9.45,9.9225,2024-03-09T08:30:00Z,2024-03-09T09:00:00Z,
6.72,7.056,2024-03-09T09:00:00Z,2024-03-09T09:30:00Z,
7.41,7.7805,2024-03-09T09:30:00Z,2024-03-09T10:00:00Z,
5.25,5.5125,2024-03-09T10:00:00Z,2024-03-09T10:30:00Z,
5.04,5.292,2024-03-09T10:30:00Z,2024-03-09T11:00:00Z,
5.88,6.174,2024-03-09T11:00:00Z,2024-03-09T11:30:00Z,
7.35,7.7175,2024-03-09T11:30:00Z,2024-03-09T12:00:00Z,
7.14,7.497,2024-03-09T12:00:00Z,2024-03-09T12:30:00Z,
6.3,6.615,2024-03-09T12:30:00Z,2024-03-09T13:00:00Z,
8.92,9.366,2024-03-09T13:00:00Z,2024-03-09T13:30:00Z,
7.62,8.001,2024-03-09T13:30:00Z,2024-03-09T14:00:00Z,
6.82,7.161,2024-03-09T14:00:00Z,2024-03-09T14:30:00Z,
7.52,7.896,2024-03-09T14:30:00Z,2024-03-09T15:00:00Z,
9.45,9.9225,2024-03-09T15:00:00Z,2024-03-09T15:30:00Z,
9.87,10.3635,2024-03-09T15:30:00Z,2024-03-09T16:00:00Z,
25.33,26.5965,2024-03-09T16:00:00Z,2024-03-09T16:30:00Z,
25.98,27.279,2024-03-09T16:30:00Z,2024-03-09T17:00:00Z,
26.57,27.8985,2024-03-09T17:00:00Z,2024-03-09T17:30:00Z,
28.67,30.1035,2024-03-09T17:30:00Z,2024-03-09T18:00:00Z,
28.75,30.1875,2024-03-09T18:00:00Z,2024-03-09T18:30:00Z,
28.96,30.408,2024-03-09T18:30:00Z,2024-03-09T19:00:00Z,
14.76,15.498,2024-03-09T19:00:00Z,2024-03-09T19:30:00Z,
12.14,12.747,2024-03-09T19:30:00Z,2024-03-09T20:00:00Z,
13.12,13.776,2024-03-09T20:00:00Z,2024-03-09T20:30:00Z,
11.02,11.571,2024-03-09T20:30:00Z,2024-03-09T21:00:00Z,
12.85,13.4925,2024-03-09T21:00:00Z,2024-03-09T21:30:00Z,
10.33,10.8465,2024-03-09T21:30:00Z,2024-03-09T22:00:00Z,
10.5,11.025,2024-03-09T22:00:00Z,2024-03-09T22:30:00Z,
8.4,8.82,2024-03-09T22:30:00Z,2024-03-09T23:00:00Z,
10.75,11.2875,2024-03-09T23:00:00Z,2024-03-09T23:30:00Z,
9.45,9.9225,2024-03-09T23:30:00Z,2024-03-10T00:00:00Z,
7.56,7.938,2024-03-10T00:00:00Z,2024-03-10T00:30:00Z,
10.71,11.2455,2024-03-10T00:30:00Z,2024-03-10T01:00:00Z,
9.03,9.4815,2024-03-10T01:00:00Z,2024-03-10T01:30:00Z,
7.98,8.379,2024-03-10T01:30:00Z,2024-03-10T02:00:00Z,
8.08,8.484,2024-03-10T02:00:00Z,2024-03-10T02:30:00Z,
7.56,7.938,2024-03-10T02:30:00Z,2024-03-10T03:00:00Z,
7.39,7.7595,2024-03-10T03:00:00Z,2024-03-10T03:30:00Z,
6.3,6.615,2024-03-10T03:30:00Z,2024-03-10T04:00:00Z,
6.72,7.056,2024-03-10T04:00:00Z,2024-03-10T04:30:00Z,
5.59,5.8695,2024-03-10T04:30:00Z,2024-03-10T05:00:00Z,
7.56,7.938,2024-03-10T05:00:00Z,2024-03-10T05:30:00Z,
7.12,7.476,2024-03-10T05:30:00Z,2024-03-10T06:00:00Z,
9.64,10.122,2024-03-10T06:00:00Z,2024-03-10T06:30:00Z,
10.73,11.2665,2024-03-10T06:30:00Z,2024-03-10T07:00:00Z,
9.45,9.9225,2024-03-10T07:00:00Z,2024-03-10T07:30:00Z,
10.5,11.025,2024-03-10T07:30:00Z,2024-03-10T08:00:00Z,
8.4,8.82,2024-03-10T08:00:00Z,2024-03-10T08:30:00Z,
12.18,12.789,2024-03-10T08:30:00Z,2024-03-10T09:00:00Z,
10.75,11.2875,2024-03-10T09:00:00Z,2024-03-10T09:30:00Z,
12.85,13.4925,2024-03-10T09:30:00Z,2024-03-10T10:00:00Z,
12.85,13.4925,2024-03-10T10:00:00Z,2024-03-10T10:30:00Z,
13.86,14.553,2024-03-10T10:30:00Z,2024-03-10T11:00:00Z,
13.71,14.3955,2024-03-10T11:00:00Z,2024-03-10T11:30:00Z,
14.95,15.6975,2024-03-10T11:30:00Z,2024-03-10T12:00:00Z,
15.75,16.5375,2024-03-10T12:00:00Z,2024-03-10T12:30:00Z,
15.54,16.317,2024-03-10T12:30:00Z,2024-03-10T13:00:00Z,
15.96,16.758,2024-03-10T13:00:00Z,2024-03-10T13:30:00Z,
15.18,15.939,2024-03-10T13:30:00Z,2024-03-10T14:00:00Z,
14.91,15.6555,2024-03-10T14:00:00Z,2024-03-10T14:30:00Z,
14.07,14.7735,2024-03-10T14:30:00Z,2024-03-10T15:00:00Z,
12.85,13.4925,2024-03-10T15:00:00Z,2024-03-10T15:30:00Z,
13.79,14.4795,2024-03-10T15:30:00Z,2024-03-10T16:00:00Z,
26.84,28.182,2024-03-10T16:00:00Z,2024-03-10T16:30:00Z,
28.75,30.1875,2024-03-10T16:30:00Z,2024-03-10T17:00:00Z,
29.28,30.744,2024-03-10T17:00:00Z,2024-03-10T17:30:00Z,
30.51,32.0355,2024-03-10T17:30:00Z,2024-03-10T18:00:00Z,
30.41,31.9305,2024-03-10T18:00:00Z,2024-03-10T18:30:00Z,
30.01,31.5105,2024-03-10T18:30:00Z,2024-03-10T19:00:00Z,
16.8,17.64,2024-03-10T19:00:00Z,2024-03-10T19:30:00Z,
14.28,14.994,2024-03-10T19:30:00Z,2024-03-10T20:00:00Z,
16.17,16.9785,2024-03-10T20:00:00Z,2024-03-10T20:30:00Z,
13.86,14.553,2024-03-10T20:30:00Z,2024-03-10T21:00:00Z,
16.37,17.1885,2024-03-10T21:00:00Z,2024-03-10T21:30:00Z,
13.46,14.133,2024-03-10T21:30:00Z,2024-03-10T22:00:00Z,
12.96,13.608,2024-03-10T22:00:00Z,2024-03-10T22:30:00Z,
11.76,12.348,2024-03-10T22:30:00Z,2024-03-10T23:00:00Z,
12.77,13.4085,2024-03-10T23:00:00Z,2024-03-10T23:30:00Z,
12.28,12.894,2024-03-10T23:30:00Z,2024-03-11T00:00:00Z,
11.89,12.4845,2024-03-11T00:00:00Z,2024-03-11T00:30:00Z,
14.28,14.994,2024-03-11T00:30:00Z,2024-03-11T01:00:00Z,
12.87,13.5135,2024-03-11T01:00:00Z,2024-03-11T01:30:00Z,
12.87,13.5135,2024-03-11T01:30:00Z,2024-03-11T02:00:00Z,
12.87,13.5135,2024-03-11T02:00:00Z,2024-03-11T02:30:00Z,
12.87,13.5135,2024-03-11T02:30:00Z,2024-03-11T03:00:00Z,
12.87,13.5135,2024-03-11T03:00:00Z,2024-03-11T03:30:00Z,
12.35,12.9675,2024-03-11T03:30:00Z,2024-03-11T04:00:00Z,
12.87,13.5135,2024-03-11T04:00:00Z,2024-03-11T04:30:00Z,
11.55,12.1275,2024-03-11T04:30:00Z,2024-03-11T05:00:00Z,
15.35,16.1175,2024-03-11T05:00:00Z,2024-03-11T05:30:00Z,
13.69,14.3745,2024-03-11T05:30:00Z,2024-03-11T06:00:00Z,
16.17,16.9785,2024-03-11T06:00:00Z,2024-03-11T06:30:00Z,
13.44,14.112,2024-03-11T06:30:00Z,2024-03-11T07:00:00Z,
13.78,14.469,2024-03-11T07:00:00Z,2024-03-11T07:30:00Z,
17.64,18.522,2024-03-11T07:30:00Z,2024-03-11T08:00:00Z,
14.15,14.8575,2024-03-11T08:00:00Z,2024-03-11T08:30:00Z,
15.79,16.5795,2024-03-11T08:30:00Z,2024-03-11T09:00:00Z,
15.33,16.0965,2024-03-11T09:00:00Z,2024-03-11T09:30:00Z,
15.33,16.0965,2024-03-11T09:30:00Z,2024-03-11T10:00:00Z,
14.74,15.477,2024-03-11T10:00:00Z,2024-03-11T10:30:00Z,
14.91,15.6555,2024-03-11T10:30:00Z,2024-03-11T11:00:00Z,
15.12,15.876,2024-03-11T11:00:00Z,2024-03-11T11:30:00Z,
15.54,16.317,2024-03-11T11:30:00Z,2024-03-11T12:00:00Z,
16.03,16.8315,2024-03-11T12:00:00Z,2024-03-11T12:30:00Z,
15.25,16.0125,2024-03-11T12:30:00Z,2024-03-11T13:00:00Z,
16.13,16.9365,2024-03-11T13:00:00Z,2024-03-11T13:30:00Z,
16.13,16.9365,2024-03-11T13:30:00Z,2024-03-11T14:00:00Z,
15.37,16.1385,2024-03-11T14:00:00Z,2024-03-11T14:30:00Z,
14.7,15.435,2024-03-11T14:30:00Z,2024-03-11T15:00:00Z,
14.97,15.7185,2024-03-11T15:00:00Z,2024-03-11T15:30:00Z,
15.88,16.674,2024-03-11T15:30:00Z,2024-03-11T16:00:00Z,
29.17,30.6285,2024-03-11T16:00:00Z,2024-03-11T16:30:00Z,
30.2,31.71,2024-03-11T16:30:00Z,2024-03-11T17:00:00Z,
30.85,32.3925,2024-03-11T17:00:00Z,2024-03-11T17:30:00Z,
32.18,33.789,2024-03-11T17:30:00Z,2024-03-11T18:00:00Z,
31.48,33.054,2024-03-11T18:00:00Z,2024-03-11T18:30:00Z,
30.79,32.3295,2024-03-11T18:30:00Z,2024-03-11T19:00:00Z,
17.49,18.3645,2024-03-11T19:00:00Z,2024-03-11T19:30:00Z,
15.73,16.5165,2024-03-11T19:30:00Z,2024-03-11T20:00:00Z,
15.79,16.5795,2024-03-11T20:00:00Z,2024-03-11T20:30:00Z,
13.65,14.3325,2024-03-11T20:30:00Z,2024-03-11T21:00:00Z,
14.9,15.645,2024-03-11T21:00:00Z,2024-03-11T21:30:00Z,
13.82,14.511,2024-03-11T21:30:00Z,2024-03-11T22:00:00Z,
13.67,14.3535,2024-03-11T22:00:00Z,2024-03-11T22:30:00Z,
12.52,13.146,2024-03-11T22:30:00Z,2024-03-11T23:00:00Z,
13.23,13.8915,2024-03-11T23:00:00Z,2024-03-11T23:30:00Z,
12.6,13.23,2024-03-11T23:30:00Z,2024-03-12T00:00:00Z,
11.97,12.5685,2024-03-12T00:00:00Z,2024-03-12T00:30:00Z,
13.82,14.511,2024-03-12T00:30:00Z,2024-03-12T01:00:00Z,
12.47,13.0935,2024-03-12T01:00:00Z,2024-03-12T01:30:00Z,
11.34,11.907,2024-03-12T01:30:00Z,2024-03-12T02:00:00Z,
12.03,12.6315,2024-03-12T02:00:00Z,2024-03-12T02:30:00Z,
11.74,12.327,2024-03-12T02:30:00Z,2024-03-12T03:00:00Z,
11.97,12.5685,2024-03-12T03:00:00Z,2024-03-12T03:30:00Z,
11.82,12.411,2024-03-12T03:30:00Z,2024-03-12T04:00:00Z,
12.7,13.335,2024-03-12T04:00:00Z,2024-03-12T04:30:00Z,
12.56,13.188,2024-03-12T04:30:00Z,2024-03-12T05:00:00Z,
14.7,15.435,2024-03-12T05:00:00Z,2024-03-12T05:30:00Z,
13.25,13.9125,2024-03-12T05:30:00Z,2024-03-12T06:00:00Z,
15.29,16.0545,2024-03-12T06:00:00Z,2024-03-12T06:30:00Z,
17.09,17.9445,2024-03-12T06:30:00Z,2024-03-12T07:00:00Z,
14.7,15.435,2024-03-12T07:00:00Z,2024-03-12T07:30:00Z,
17.32,18.186,2024-03-12T07:30:00Z,2024-03-12T08:00:00Z,
15.94,16.737,2024-03-12T08:00:00Z,2024-03-12T08:30:00Z,
16.38,17.199,2024-03-12T08:30:00Z,2024-03-12T09:00:00Z,
15.5,16.275,2024-03-12T09:00:00Z,2024-03-12T09:30:00Z,
14.72,15.456,2024-03-12T09:30:00Z,2024-03-12T10:00:00Z,
14.72,15.456,2024-03-12T10:00:00Z,2024-03-12T10:30:00Z,
14.28,14.994,2024-03-12T10:30:00Z,2024-03-12T11:00:00Z,
14.07,14.7735,2024-03-12T11:00:00Z,2024-03-12T11:30:00Z,
13.92,14.616,2024-03-12T11:30:00Z,2024-03-12T12:00:00Z,
13.65,14.3325,2024-03-12T12:00:00Z,2024-03-12T12:30:00Z,
12.18,12.789,2024-03-12T12:30:00Z,2024-03-12T13:00:00Z,
13.23,13.8915,2024-03-12T13:00:00Z,2024-03-12T13:30:00Z,
12.18,12.789,2024-03-12T13:30:00Z,2024-03-12T14:00:00Z,
13.19,13.8495,2024-03-12T14:00:00Z,2024-03-12T14:30:00Z,
12.01,12.6105,2024-03-12T14:30:00Z,2024-03-12T15:00:00Z,
12.58,13.209,2024-03-12T15:00:00Z,2024-03-12T15:30:00Z,
13.44,14.112,2024-03-12T15:30:00Z,2024-03-12T16:00:00Z,
24.98,26.229,2024-03-12T16:00:00Z,2024-03-12T16:30:00Z,
27.49,28.8645,2024-03-12T16:30:00Z,2024-03-12T17:00:00Z,
26.86,28.203,2024-03-12T17:00:00Z,2024-03-12T17:30:00Z,
28.22,29.631,2024-03-12T17:30:00Z,2024-03-12T18:00:00Z,
30.07,31.5735,2024-03-12T18:00:00Z,2024-03-12T18:30:00Z,
29.13,30.5865,2024-03-12T18:30:00Z,2024-03-12T19:00:00Z,
15.37,16.1385,2024-03-12T19:00:00Z,2024-03-12T19:30:00Z,
13.78,14.469,2024-03-12T19:30:00Z,2024-03-12T20:00:00Z,
13.23,13.8915,2024-03-12T20:00:00Z,2024-03-12T20:30:00Z,
13.65,14.3325,2024-03-12T20:30:00Z,2024-03-12T21:00:00Z,
13.12,13.776,2024-03-12T21:00:00Z,2024-03-12T21:30:00Z,
11.93,12.5265,2024-03-12T21:30:00Z,2024-03-12T22:00:00Z,
13.1,13.755,2024-03-12T22:00:00Z,2024-03-12T22:30:00Z,
11.34,11.907,2024-03-12T22:30:00Z,2024-03-12T23:00:00Z,
12.43,13.0515,2024-03-12T23:00:00Z,2024-03-12T23:30:00Z,
9.66,10.143,2024-03-12T23:30:00Z,2024-03-13T00:00:00Z,
9.66,10.143,2024-03-13T00:00:00Z,2024-03-13T00:30:00Z,
10.98,11.529,2024-03-13T00:30:00Z,2024-03-13T01:00:00Z,
10.08,10.584,2024-03-13T01:00:00Z,2024-03-13T01:30:00Z,
8.02,8.421,2024-03-13T01:30:00Z,2024-03-13T02:00:00Z,
8.76,9.198,2024-03-13T02:00:00Z,2024-03-13T02:30:00Z,
8.4,8.82,2024-03-13T02:30:00Z,2024-03-13T03:00:00Z,
8.69,9.1245,2024-03-13T03:00:00Z,2024-03-13T03:30:00Z,
8.15,8.5575,2024-03-13T03:30:00Z,2024-03-13T04:00:00Z,
10.29,10.8045,2024-03-13T04:00:00Z,2024-03-13T04:30:00Z,
10.29,10.8045,2024-03-13T04:30:00Z,2024-03-13T05:00:00Z,
11.76,12.348,2024-03-13T05:00:00Z,2024-03-13T05:30:00Z,
13.23,13.8915,2024-03-13T05:30:00Z,2024-03-13T06:00:00Z,
14.7,15.435,2024-03-13T06:00:00Z,2024-03-13T06:30:00Z,
16.93,17.7765,2024-03-13T06:30:00Z,2024-03-13T07:00:00Z,
14.38,15.099,2024-03-13T07:00:00Z,2024-03-13T07:30:00Z,
17.01,17.8605,2024-03-13T07:30:00Z,2024-03-13T08:00:00Z,
14.7,15.435,2024-03-13T08:00:00Z,2024-03-13T08:30:00Z,
14.78,15.519,2024-03-13T08:30:00Z,2024-03-13T09:00:00Z,
13.86,14.553,2024-03-13T09:00:00Z,2024-03-13T09:30:00Z,
14.07,14.7735,2024-03-13T09:30:00Z,2024-03-13T10:00:00Z,
13.86,14.553,2024-03-13T10:00:00Z,2024-03-13T10:30:00Z,
13.65,14.3325,2024-03-13T10:30:00Z,2024-03-13T11:00:00Z,
13.02,13.671,2024-03-13T11:00:00Z,2024-03-13T11:30:00Z,
12.6,13.23,2024-03-13T11:30:00Z,2024-03-13T12:00:00Z,
11.97,12.5685,2024-03-13T12:00:00Z,2024-03-13T12:30:00Z,
12.41,13.0305,2024-03-13T12:30:00Z,2024-03-13T13:00:00Z,
12.6,13.23,2024-03-13T13:00:00Z,2024-03-13T13:30:00Z,
12.08,12.684,2024-03-13T13:30:00Z,2024-03-13T14:00:00Z,
12.1,12.705,2024-03-13T14:00:00Z,2024-03-13T14:30:00Z,
11.91,12.5055,2024-03-13T14:30:00Z,2024-03-13T15:00:00Z,
10.92,11.466,2024-03-13T15:00:00Z,2024-03-13T15:30:00Z,
11.82,12.411,2024-03-13T15:30:00Z,2024-03-13T16:00:00Z,
26.86,28.203,2024-03-13T16:00:00Z,2024-03-13T16:30:00Z,
26.85,28.1925,2024-03-13T16:30:00Z,2024-03-13T17:00:00Z,
26.92,28.266,2024-03-13T17:00:00Z,2024-03-13T17:30:00Z,
28.79,30.2295,2024-03-13T17:30:00Z,2024-03-13T18:00:00Z,
30.72,32.256,2024-03-13T18:00:00Z,2024-03-13T18:30:00Z,
31.14,32.697,2024-03-13T18:30:00Z,2024-03-13T19:00:00Z,
16.17,16.9785,2024-03-13T19:00:00Z,2024-03-13T19:30:00Z,
14.35,15.0675,2024-03-13T19:30:00Z,2024-03-13T20:00:00Z,
14.18,14.889,2024-03-13T20:00:00Z,2024-03-13T20:30:00Z,
12.16,12.768,2024-03-13T20:30:00Z,2024-03-13T21:00:00Z,
13.86,14.553,2024-03-13T21:00:00Z,2024-03-13T21:30:00Z,
12.77,13.4085,2024-03-13T21:30:00Z,2024-03-13T22:00:00Z,
11.55,12.1275,2024-03-13T22:00:00Z,2024-03-13T22:30:00Z,
10.4,10.92,2024-03-13T22:30:00Z,2024-03-13T23:00:00Z,
12.5,13.125,2024-03-13T23:00:00Z,2024-03-13T23:30:00Z,
10.98,11.529,2024-03-13T23:30:00Z,2024-03-14T00:00:00Z,
9.72,10.206,2024-03-14T00:00:00Z,2024-03-14T00:30:00Z,
11.63,12.2115,2024-03-14T00:30:00Z,2024-03-14T01:00:00Z,
11.55,12.1275,2024-03-14T01:00:00Z,2024-03-14T01:30:00Z,
10.27,10.7835,2024-03-14T01:30:00Z,2024-03-14T02:00:00Z,
10.5,11.025,2024-03-14T02:00:00Z,2024-03-14T02:30:00Z,
10.08,10.584,2024-03-14T02:30:00Z,2024-03-14T03:00:00Z,
9.44,9.912,2024-03-14T03:00:00Z,2024-03-14T03:30:00Z,
8.4,8.82,2024-03-14T03:30:00Z,2024-03-14T04:00:00Z,
9.68,10.164,2024-03-14T04:00:00Z,2024-03-14T04:30:00Z,
9.51,9.9855,2024-03-14T04:30:00Z,2024-03-14T05:00:00Z,
11.86,12.453,2024-03-14T05:00:00Z,2024-03-14T05:30:00Z,
12.6,13.23,2024-03-14T05:30:00Z,2024-03-14T06:00:00Z,
14.68,15.414,2024-03-14T06:00:00Z,2024-03-14T06:30:00Z,
15.96,16.758,2024-03-14T06:30:00Z,2024-03-14T07:00:00Z,
12.6,13.23,2024-03-14T07:00:00Z,2024-03-14T07:30:00Z,
15.02,15.771,2024-03-14T07:30:00Z,2024-03-14T08:00:00Z,
13.65,14.3325,2024-03-14T08:00:00Z,2024-03-14T08:30:00Z,
14.11,14.8155,2024-03-14T08:30:00Z,2024-03-14T09:00:00Z,
14.45,15.1725,2024-03-14T09:00:00Z,2024-03-14T09:30:00Z,
14.45,15.1725,2024-03-14T09:30:00Z,2024-03-14T10:00:00Z,
13.67,14.3535,2024-03-14T10:00:00Z,2024-03-14T10:30:00Z,
13.02,13.671,2024-03-14T10:30:00Z,2024-03-14T11:00:00Z,
13.63,14.3115,2024-03-14T11:00:00Z,2024-03-14T11:30:00Z,
12.77,13.4085,2024-03-14T11:30:00Z,2024-03-14T12:00:00Z,
13.23,13.8915,2024-03-14T12:00:00Z,2024-03-14T12:30:00Z,
12.99,13.6395,2024-03-14T12:30:00Z,2024-03-14T13:00:00Z,
11.97,12.5685,2024-03-14T13:00:00Z,2024-03-14T13:30:00Z,
11.66,12.243,2024-03-14T13:30:00Z,2024-03-14T14:00:00Z,
11.34,11.907,2024-03-14T14:00:00Z,2024-03-14T14:30:00Z,
11.34,11.907,2024-03-14T14:30:00Z,2024-03-14T15:00:00Z,
11.02,11.571,2024-03-14T15:00:00Z,2024-03-14T15:30:00Z,
11.66,12.243,2024-03-14T15:30:00Z,2024-03-14T16:00:00Z,
25.6,26.88,2024-03-14T16:00:00Z,2024-03-14T16:30:00Z,
27.7,29.085,2024-03-14T16:30:00Z,2024-03-14T17:00:00Z,
28.18,29.589,2024-03-14T17:00:00Z,2024-03-14T17:30:00Z,
29.8,31.29,2024-03-14T17:30:00Z,2024-03-14T18:00:00Z,
29.38,30.849,2024-03-14T18:00:00Z,2024-03-14T18:30:00Z,
29.38,30.849,2024-03-14T18:30:00Z,2024-03-14T19:00:00Z,
14.7,15.435,2024-03-14T19:00:00Z,2024-03-14T19:30:00Z,
13.65,14.3325,2024-03-14T19:30:00Z,2024-03-14T20:00:00Z,
13.1,13.755,2024-03-14T20:00:00Z,2024-03-14T20:30:00Z,
11.97,12.5685,2024-03-14T20:30:00Z,2024-03-14T21:00:00Z,
13.44,14.112,2024-03-14T21:00:00Z,2024-03-14T21:30:00Z,
12.39,13.0095,2024-03-14T21:30:00Z,2024-03-14T22:00:00Z,
11.09,11.6445,2024-03-14T22:00:00Z,2024-03-14T22:30:00Z,
5.73,6.0165,2024-03-14T22:30:00Z,2024-03-14T23:00:00Z,
10.12,10.626,2024-03-14T23:00:00Z,2024-03-14T23:30:00Z,
9.24,9.702,2024-03-14T23:30:00Z,2024-03-15T00:00:00Z,
9.11,9.5655,2024-03-15T00:00:00Z,2024-03-15T00:30:00Z,
9.53,10.0065,2024-03-15T00:30:00Z,2024-03-15T01:00:00Z,
9.32,9.786,2024-03-15T01:00:00Z,2024-03-15T01:30:00Z,
8.17,8.5785,2024-03-15T01:30:00Z,2024-03-15T02:00:00Z,
9.41,9.8805,2024-03-15T02:00:00Z,2024-03-15T02:30:00Z,
8.42,8.841,2024-03-15T02:30:00Z,2024-03-15T03:00:00Z,
8.53,8.9565,2024-03-15T03:00:00Z,2024-03-15T03:30:00Z,
8.21,8.6205,2024-03-15T03:30:00Z,2024-03-15T04:00:00Z,
8.53,8.9565,2024-03-15T04:00:00Z,2024-03-15T04:30:00Z,
8.17,8.5785,2024-03-15T04:30:00Z,2024-03-15T05:00:00Z,
9.28,9.744,2024-03-15T05:00:00Z,2024-03-15T05:30:00Z,
9.68,10.164,2024-03-15T05:30:00Z,2024-03-15T06:00:00Z,
12.37,12.9885,2024-03-15T06:00:00Z,2024-03-15T06:30:00Z,
12.5,13.125,2024-03-15T06:30:00Z,2024-03-15T07:00:00Z,
12.37,12.9885,2024-03-15T07:00:00Z,2024-03-15T07:30:00Z,
14.43,15.1515,2024-03-15T07:30:00Z,2024-03-15T08:00:00Z,
14.24,14.952,2024-03-15T08:00:00Z,2024-03-15T08:30:00Z,
14.28,14.994,2024-03-15T08:30:00Z,2024-03-15T09:00:00Z,
15.12,15.876,2024-03-15T09:00:00Z,2024-03-15T09:30:00Z,
13.78,14.469,2024-03-15T09:30:00Z,2024-03-15T10:00:00Z,
13.57,14.2485,2024-03-15T10:00:00Z,2024-03-15T10:30:00Z,
12.43,13.0515,2024-03-15T10:30:00Z,2024-03-15T11:00:00Z,
12.6,13.23,2024-03-15T11:00:00Z,2024-03-15T11:30:00Z,
12.39,13.0095,2024-03-15T11:30:00Z,2024-03-15T12:00:00Z,
12.98,13.629,2024-03-15T12:00:00Z,2024-03-15T12:30:00Z,
12.37,12.9885,2024-03-15T12:30:00Z,2024-03-15T13:00:00Z,
11.05,11.6025,2024-03-15T13:00:00Z,2024-03-15T13:30:00Z,
10.5,11.025,2024-03-15T13:30:00Z,2024-03-15T14:00:00Z,
10.5,11.025,2024-03-15T14:00:00Z,2024-03-15T14:30:00Z,
10.92,11.466,2024-03-15T14:30:00Z,2024-03-15T15:00:00Z,
12.37,12.9885,2024-03-15T15:00:00Z,2024-03-15T15:30:00Z,
12.37,12.9885,2024-03-15T15:30:00Z,2024-03-15T16:00:00Z,
27.11,28.4655,2024-03-15T16:00:00Z,2024-03-15T16:30:00Z,
25.85,27.1425,2024-03-15T16:30:00Z,2024-03-15T17:00:00Z,
26.5,27.825,2024-03-15T17:00:00Z,2024-03-15T17:30:00Z,
28.75,30.1875,2024-03-15T17:30:00Z,2024-03-15T18:00:00Z,
30.18,31.689,2024-03-15T18:00:00Z,2024-03-15T18:30:00Z,
30.81,32.3505,2024-03-15T18:30:00Z,2024-03-15T19:00:00Z,
17.81,18.7005,2024-03-15T19:00:00Z,2024-03-15T19:30:00Z,
15.94,16.737,2024-03-15T19:30:00Z,2024-03-15T20:00:00Z,
16.38,17.199,2024-03-15T20:00:00Z,2024-03-15T20:30:00Z,
15.12,15.876,2024-03-15T20:30:00Z,2024-03-15T21:00:00Z,
15.54,16.317,2024-03-15T21:00:00Z,2024-03-15T21:30:00Z,
13.86,14.553,2024-03-15T21:30:00Z,2024-03-15T22:00:00Z,
12.64,13.272,2024-03-15T22:00:00Z,2024-03-15T22:30:00Z,
12.02,12.621,2024-03-15T22:30:00Z,2024-03-15T23:00:00Z,
12.43,13.0515,2024-03-15T23:00:00Z,2024-03-15T23:30:00Z,
11.34,11.907,2024-03-15T23:30:00Z,2024-03-16T00:00:00Z,
12.5,13.125,2024-03-16T00:00:00Z,2024-03-16T00:30:00Z,
13.34,14.007,2024-03-16T00:30:00Z,2024-03-16T01:00:00Z,
12.62,13.251,2024-03-16T01:00:00Z,2024-03-16T01:30:00Z,
12.43,13.0515,2024-03-16T01:30:00Z,2024-03-16T02:00:00Z,
12.39,13.0095,2024-03-16T02:00:00Z,2024-03-16T02:30:00Z,
12.18,12.789,2024-03-16T02:30:00Z,2024-03-16T03:00:00Z,
12.39,13.0095,2024-03-16T03:00:00Z,2024-03-16T03:30:00Z,
11.61,12.1905,2024-03-16T03:30:00Z,2024-03-16T04:00:00Z,
12.31,12.9255,2024-03-16T04:00:00Z,2024-03-16T04:30:00Z,
12.37,12.9885,2024-03-16T04:30:00Z,2024-03-16T05:00:00Z,
12.52,13.146,2024-03-16T05:00:00Z,2024-03-16T05:30:00Z,
12.6,13.23,2024-03-16T05:30:00Z,2024-03-16T06:00:00Z,
13.78,14.469,2024-03-16T06:00:00Z,2024-03-16T06:30:00Z,
13.1,13.755,2024-03-16T06:30:00Z,2024-03-16T07:00:00Z,
13.96,14.658,2024-03-16T07:00:00Z,2024-03-16T07:30:00Z,
14.7,15.435,2024-03-16T07:30:00Z,2024-03-16T08:00:00Z,
15.54,16.317,2024-03-16T08:00:00Z,2024-03-16T08:30:00Z,
16.8,17.64,2024-03-16T08:30:00Z,2024-03-16T09:00:00Z,
16.95,17.7975,2024-03-16T09:00:00Z,2024-03-16T09:30:00Z,
16.13,16.9365,2024-03-16T09:30:00Z,2024-03-16T10:00:00Z,
15.91,16.7055,2024-03-16T10:00:00Z,2024-03-16T10:30:00Z,
15.06,15.813,2024-03-16T10:30:00Z,2024-03-16T11:00:00Z,
14.7,15.435,2024-03-16T11:00:00Z,2024-03-16T11:30:00Z,
14.18,14.889,2024-03-16T11:30:00Z,2024-03-16T12:00:00Z,
13.52,14.196,2024-03-16T12:00:00Z,2024-03-16T12:30:00Z,
13.5,14.175,2024-03-16T12:30:00Z,2024-03-16T13:00:00Z,
13.65,14.3325,2024-03-16T13:00:00Z,2024-03-16T13:30:00Z,
13.0,13.65,2024-03-16T13:30:00Z,2024-03-16T14:00:00Z,
11.55,12.1275,2024-03-16T14:00:00Z,2024-03-16T14:30:00Z,
11.97,12.5685,2024-03-16T14:30:00Z,2024-03-16T15:00:00Z,
12.33,12.9465,2024-03-16T15:00:00Z,2024-03-16T15:30:00Z,
11.97,12.5685,2024-03-16T15:30:00Z,2024-03-16T16:00:00Z,
26.44,27.762,2024-03-16T16:00:00Z,2024-03-16T16:30:00Z,
27.7,29.085,2024-03-16T16:30:00Z,2024-03-16T17:00:00Z,
28.16,29.568,2024-03-16T17:00:00Z,2024-03-16T17:30:00Z,
29.38,30.849,2024-03-16T17:30:00Z,2024-03-16T18:00:00Z,
29.53,31.0065,2024-03-16T18:00:00Z,2024-03-16T18:30:00Z,
28.44,29.862,2024-03-16T18:30:00Z,2024-03-16T19:00:00Z,
14.78,15.519,2024-03-16T19:00:00Z,2024-03-16T19:30:00Z,
13.96,14.658,2024-03-16T19:30:00Z,2024-03-16T20:00:00Z,
13.63,14.3115,2024-03-16T20:00:00Z,2024-03-16T20:30:00Z,
13.02,13.671,2024-03-16T20:30:00Z,2024-03-16T21:00:00Z,
13.94,14.637,2024-03-16T21:00:00Z,2024-03-16T21:30:00Z,
12.62,13.251,2024-03-16T21:30:00Z,2024-03-16T22:00:00Z,
13.86,14.553,2024-03-16T22:00:00Z,2024-03-16T22:30:00Z,
11.34,11.907,2024-03-16T22:30:00Z,2024-03-16T23:00:00Z,
13.86,14.553,2024-03-16T23:00:00Z,2024-03-16T23:30:00Z,
12.6,13.23,2024-03-16T23:30:00Z,2024-03-17T00:00:00Z,
11.13,11.6865,2024-03-17T00:00:00Z,2024-03-17T00:30:00Z,
13.42,14.091,2024-03-17T00:30:00Z,2024-03-17T01:00:00Z,
12.6,13.23,2024-03-17T01:00:00Z,2024-03-17T01:30:00Z,
11.13,11.6865,2024-03-17T01:30:00Z,2024-03-17T02:00:00Z,
10.5,11.025,2024-03-17T02:00:00Z,2024-03-17T02:30:00Z,
10.71,11.2455,2024-03-17T02:30:00Z,2024-03-17T03:00:00Z,
10.71,11.2455,2024-03-17T03:00:00Z,2024-03-17T03:30:00Z,
11.55,12.1275,2024-03-17T03:30:00Z,2024-03-17T04:00:00Z,
12.89,13.5345,2024-03-17T04:00:00Z,2024-03-17T04:30:00Z,
11.09,11.6445,2024-03-17T04:30:00Z,2024-03-17T05:00:00Z,
11.76,12.348,2024-03-17T05:00:00Z,2024-03-17T05:30:00Z,
11.76,12.348,2024-03-17T05:30:00Z,2024-03-17T06:00:00Z,
11.34,11.907,2024-03-17T06:00:00Z,2024-03-17T06:30:00Z,
12.13,12.7365,2024-03-17T06:30:00Z,2024-03-17T07:00:00Z,
11.97,12.5685,2024-03-17T07:00:00Z,2024-03-17T07:30:00Z,
11.69,12.2745,2024-03-17T07:30:00Z,2024-03-17T08:00:00Z,
12.87,13.5135,2024-03-17T08:00:00Z,2024-03-17T08:30:00Z,
15.12,15.876,2024-03-17T08:30:00Z,2024-03-17T09:00:00Z,
15.75,16.5375,2024-03-17T09:00:00Z,2024-03-17T09:30:00Z,
15.75,16.5375,2024-03-17T09:30:00Z,2024-03-17T10:00:00Z,
15.58,16.359,2024-03-17T10:00:00Z,2024-03-17T10:30:00Z,
15.75,16.5375,2024-03-17T10:30:00Z,2024-03-17T11:00:00Z,
15.12,15.876,2024-03-17T11:00:00Z,2024-03-17T11:30:00Z,
15.96,16.758,2024-03-17T11:30:00Z,2024-03-17T12:00:00Z,
15.12,15.876,2024-03-17T12:00:00Z,2024-03-17T12:30:00Z,
14.28,14.994,2024-03-17T12:30:00Z,2024-03-17T13:00:00Z,
13.73,14.4165,2024-03-17T13:00:00Z,2024-03-17T13:30:00Z,
13.44,14.112,2024-03-17T13:30:00Z,2024-03-17T14:00:00Z,
12.18,12.789,2024-03-17T14:00:00Z,2024-03-17T14:30:00Z,
12.6,13.23,2024-03-17T14:30:00Z,2024-03-17T15:00:00Z,
13.0,13.65,2024-03-17T15:00:00Z,2024-03-17T15:30:00Z,
13.04,13.692,2024-03-17T15:30:00Z,2024-03-17T16:00:00Z,
26.86,28.203,2024-03-17T16:00:00Z,2024-03-17T16:30:00Z,
30.14,31.647,2024-03-17T16:30:00Z,2024-03-17T17:00:00Z,
29.59,31.0695,2024-03-17T17:00:00Z,2024-03-17T17:30:00Z,
31.98,33.579,2024-03-17T17:30:00Z,2024-03-17T18:00:00Z,
31.48,33.054,2024-03-17T18:00:00Z,2024-03-17T18:30:00Z,
31.29,32.8545,2024-03-17T18:30:00Z,2024-03-17T19:00:00Z,
17.77,18.6585,2024-03-17T19:00:00Z,2024-03-17T19:30:00Z,
15.12,15.876,2024-03-17T19:30:00Z,2024-03-17T20:00:00Z,
15.54,16.317,2024-03-17T20:00:00Z,2024-03-17T20:30:00Z,
13.19,13.8495,2024-03-17T20:30:00Z,2024-03-17T21:00:00Z,
14.28,14.994,2024-03-17T21:00:00Z,2024-03-17T21:30:00Z,
13.23,13.8915,2024-03-17T21:30:00Z,2024-03-17T22:00:00Z,
13.02,13.671,2024-03-17T22:00:00Z,2024-03-17T22:30:00Z,
11.76,12.348,2024-03-17T22:30:00Z,2024-03-17T23:00:00Z,
13.65,14.3325,2024-03-17T23:00:00Z,2024-03-17T23:30:00Z,
11.76,12.348,2024-03-17T23:30:00Z,2024-03-18T00:00:00Z,
12.6,13.23,2024-03-18T00:00:00Z,2024-03-18T00:30:00Z,
14.7,15.435,2024-03-18T00:30:00Z,2024-03-18T01:00:00Z,
13.78,14.469,2024-03-18T01:00:00Z,2024-03-18T01:30:00Z,
12.6,13.23,2024-03-18T01:30:00Z,2024-03-18T02:00:00Z,
12.5,13.125,2024-03-18T02:00:00Z,2024-03-18T02:30:00Z,
11.91,12.5055,2024-03-18T02:30:00Z,2024-03-18T03:00:00Z,
11.76,12.348,2024-03-18T03:00:00Z,2024-03-18T03:30:00Z,
11.55,12.1275,2024-03-18T03:30:00Z,2024-03-18T04:00:00Z,
12.18,12.789,2024-03-18T04:00:00Z,2024-03-18T04:30:00Z,
11.55,12.1275,2024-03-18T04:30:00Z,2024-03-18T05:00:00Z,
14.7,15.435,2024-03-18T05:00:00Z,2024-03-18T05:30:00Z,
14.91,15.6555,2024-03-18T05:30:00Z,2024-03-18T06:00:00Z,
15.75,16.5375,2024-03-18T06:00:00Z,2024-03-18T06:30:00Z,
17.43,18.3015,2024-03-18T06:30:00Z,2024-03-18T07:00:00Z,
17.64,18.522,2024-03-18T07:00:00Z,2024-03-18T07:30:00Z,
19.49,20.4645,2024-03-18T07:30:00Z,2024-03-18T08:00:00Z,
18.71,19.6455,2024-03-18T08:00:00Z,2024-03-18T08:30:00Z,
18.9,19.845,2024-03-18T08:30:00Z,2024-03-18T09:00:00Z,
17.85,18.7425,2024-03-18T09:00:00Z,2024-03-18T09:30:00Z,
17.45,18.3225,2024-03-18T09:30:00Z,2024-03-18T10:00:00Z,
15.29,16.0545,2024-03-18T10:00:00Z,2024-03-18T10:30:00Z,
12.6,13.23,2024-03-18T10:30:00Z,2024-03-18T11:00:00Z,
14.7,15.435,2024-03-18T11:00:00Z,2024-03-18T11:30:00Z,
14.2,14.91,2024-03-18T11:30:00Z,2024-03-18T12:00:00Z,
13.65,14.3325,2024-03-18T12:00:00Z,2024-03-18T12:30:00Z,
12.81,13.4505,2024-03-18T12:30:00Z,2024-03-18T13:00:00Z,
12.66,13.293,2024-03-18T13:00:00Z,2024-03-18T13:30:00Z,
12.31,12.9255,2024-03-18T13:30:00Z,2024-03-18T14:00:00Z,
12.6,13.23,2024-03-18T14:00:00Z,2024-03-18T14:30:00Z,
12.6,13.23,2024-03-18T14:30:00Z,2024-03-18T15:00:00Z,
12.1,12.705,2024-03-18T15:00:00Z,2024-03-18T15:30:00Z,
12.68,13.314,2024-03-18T15:30:00Z,2024-03-18T16:00:00Z,
26.08,27.384,2024-03-18T16:00:00Z,2024-03-18T16:30:00Z,
28.07,29.4735,2024-03-18T16:30:00Z,2024-03-18T17:00:00Z,
28.75,30.1875,2024-03-18T17:00:00Z,2024-03-18T17:30:00Z,
30.22,31.731,2024-03-18T17:30:00Z,2024-03-18T18:00:00Z,
33.31,34.9755,2024-03-18T18:00:00Z,2024-03-18T18:30:00Z,
32.53,34.1565,2024-03-18T18:30:00Z,2024-03-18T19:00:00Z,
18.14,19.047,2024-03-18T19:00:00Z,2024-03-18T19:30:00Z,
16.13,16.9365,2024-03-18T19:30:00Z,2024-03-18T20:00:00Z,
13.57,14.2485,2024-03-18T20:00:00Z,2024-03-18T20:30:00Z,
14.07,14.7735,2024-03-18T20:30:00Z,2024-03-18T21:00:00Z,
13.61,14.2905,2024-03-18T21:00:00Z,2024-03-18T21:30:00Z,
11.59,12.1695,2024-03-18T21:30:00Z,2024-03-18T22:00:00Z,
14.07,14.7735,2024-03-18T22:00:00Z,2024-03-18T22:30:00Z,
11.13,11.6865,2024-03-18T22:30:00Z,2024-03-18T23:00:00Z,
12.64,13.272,2024-03-18T23:00:00Z,2024-03-18T23:30:00Z,
10.42,10.941,2024-03-18T23:30:00Z,2024-03-19T00:00:00Z,
10.18,10.689,2024-03-19T00:00:00Z,2024-03-19T00:30:00Z,
11.26,11.823,2024-03-19T00:30:00Z,2024-03-19T01:00:00Z,
10.9,11.445,2024-03-19T01:00:00Z,2024-03-19T01:30:00Z,
9.18,9.639,2024-03-19T01:30:00Z,2024-03-19T02:00:00Z,
9.81,10.3005,2024-03-19T02:00:00Z,2024-03-19T02:30:00Z,
9.66,10.143,2024-03-19T02:30:00Z,2024-03-19T03:00:00Z,
9.47,9.9435,2024-03-19T03:00:00Z,2024-03-19T03:30:00Z,
9.45,9.9225,2024-03-19T03:30:00Z,2024-03-19T04:00:00Z,
9.64,10.122,2024-03-19T04:00:00Z,2024-03-19T04:30:00Z,
8.92,9.366,2024-03-19T04:30:00Z,2024-03-19T05:00:00Z,
10.92,11.466,2024-03-19T05:00:00Z,2024-03-19T05:30:00Z,
13.63,14.3115,2024-03-19T05:30:00Z,2024-03-19T06:00:00Z,
15.12,15.876,2024-03-19T06:00:00Z,2024-03-19T06:30:00Z,
18.44,19.362,2024-03-19T06:30:00Z,2024-03-19T07:00:00Z,
13.99,14.6895,2024-03-19T07:00:00Z,2024-03-19T07:30:00Z,
17.58,18.459,2024-03-19T07:30:00Z,2024-03-19T08:00:00Z,
13.44,14.112,2024-03-19T08:00:00Z,2024-03-19T08:30:00Z,
14.28,14.994,2024-03-19T08:30:00Z,2024-03-19T09:00:00Z,
13.86,14.553,2024-03-19T09:00:00Z,2024-03-19T09:30:00Z,
13.86,14.553,2024-03-19T09:30:00Z,2024-03-19T10:00:00Z,
12.9,13.545,2024-03-19T10:00:00Z,2024-03-19T10:30:00Z,
12.98,13.629,2024-03-19T10:30:00Z,2024-03-19T11:00:00Z,
13.23,13.8915,2024-03-19T11:00:00Z,2024-03-19T11:30:00Z,
13.23,13.8915,2024-03-19T11:30:00Z,2024-03-19T12:00:00Z,
14.34,15.057,2024-03-19T12:00:00Z,2024-03-19T12:30:00Z,
14.28,14.994,2024-03-19T12:30:00Z,2024-03-19T13:00:00Z,
15.96,16.758,2024-03-19T13:00:00Z,2024-03-19T13:30:00Z,
13.86,14.553,2024-03-19T13:30:00Z,2024-03-19T14:00:00Z,
14.28,14.994,2024-03-19T14:00:00Z,2024-03-19T14:30:00Z,
13.73,14.4165,2024-03-19T14:30:00Z,2024-03-19T15:00:00Z,
13.86,14.553,2024-03-19T15:00:00Z,2024-03-19T15:30:00Z,
14.07,14.7735,2024-03-19T15:30:00Z,2024-03-19T16:00:00Z,
29.59,31.0695,2024-03-19T16:00:00Z,2024-03-19T16:30:00Z,
29.67,31.1535,2024-03-19T16:30:00Z,2024-03-19T17:00:00Z,
31.82,33.411,2024-03-19T17:00:00Z,2024-03-19T17:30:00Z,
33.58,35.259,2024-03-19T17:30:00Z,2024-03-19T18:00:00Z,
35.49,37.2645,2024-03-19T18:00:00Z,2024-03-19T18:30:00Z,
36.23,38.0415,2024-03-19T18:30:00Z,2024-03-19T19:00:00Z,
21.44,22.512,2024-03-19T19:00:00Z,2024-03-19T19:30:00Z,
18.94,19.887,2024-03-19T19:30:00Z,2024-03-19T20:00:00Z,
18.63,19.5615,2024-03-19T20:00:00Z,2024-03-19T20:30:00Z,
14.91,15.6555,2024-03-19T20:30:00Z,2024-03-19T21:00:00Z,
18.48,19.404,2024-03-19T21:00:00Z,2024-03-19T21:30:00Z,
15.02,15.771,2024-03-19T21:30:00Z,2024-03-19T22:00:00Z,
16.17,16.9785,2024-03-19T22:00:00Z,2024-03-19T22:30:00Z,
14.01,14.7105,2024-03-19T22:30:00Z,2024-03-19T23:00:00Z,
14.72,15.456,2024-03-19T23:00:00Z,2024-03-19T23:30:00Z,
14.7,15.435,2024-03-19T23:30:00Z,2024-03-20T00:00:00Z,
13.86,14.553,2024-03-20T00:00:00Z,2024-03-20T00:30:00Z,
15.49,16.2645,2024-03-20T00:30:00Z,2024-03-20T01:00:00Z,
15.29,16.0545,2024-03-20T01:00:00Z,2024-03-20T01:30:00Z,
13.76,14.448,2024-03-20T01:30:00Z,2024-03-20T02:00:00Z,
13.38,14.049,2024-03-20T02:00:00Z,2024-03-20T02:30:00Z,
13.23,13.8915,2024-03-20T02:30:00Z,2024-03-20T03:00:00Z,
13.36,14.028,2024-03-20T03:00:00Z,2024-03-20T03:30:00Z,
12.6,13.23,2024-03-20T03:30:00Z,2024-03-20T04:00:00Z,
13.46,14.133,2024-03-20T04:00:00Z,2024-03-20T04:30:00Z,
13.42,14.091,2024-03-20T04:30:00Z,2024-03-20T05:00:00Z,
15.12,15.876,2024-03-20T05:00:00Z,2024-03-20T05:30:00Z,
13.86,14.553,2024-03-20T05:30:00Z,2024-03-20T06:00:00Z,
17.85,18.7425,2024-03-20T06:00:00Z,2024-03-20T06:30:00Z,
21.0,22.05,2024-03-20T06:30:00Z,2024-03-20T07:00:00Z,
15.44,16.212,2024-03-20T07:00:00Z,2024-03-20T07:30:00Z,
17.98,18.879,2024-03-20T07:30:00Z,2024-03-20T08:00:00Z,
17.47,18.3435,2024-03-20T08:00:00Z,2024-03-20T08:30:00Z,
17.47,18.3435,2024-03-20T08:30:00Z,2024-03-20T09:00:00Z,
18.88,19.824,2024-03-20T09:00:00Z,2024-03-20T09:30:00Z,
17.91,18.8055,2024-03-20T09:30:00Z,2024-03-20T10:00:00Z,
17.37,18.2385,2024-03-20T10:00:00Z,2024-03-20T10:30:00Z,
17.2,18.06,2024-03-20T10:30:00Z,2024-03-20T11:00:00Z,
16.38,17.199,2024-03-20T11:00:00Z,2024-03-20T11:30:00Z,
15.33,16.0965,2024-03-20T11:30:00Z,2024-03-20T12:00:00Z,
15.22,15.981,2024-03-20T12:00:00Z,2024-03-20T12:30:00Z,
14.7,15.435,2024-03-20T12:30:00Z,2024-03-20T13:00:00Z,
14.36,15.078,2024-03-20T13:00:00Z,2024-03-20T13:30:00Z,
14.28,14.994,2024-03-20T13:30:00Z,2024-03-20T14:00:00Z,
14.47,15.1935,2024-03-20T14:00:00Z,2024-03-20T14:30:00Z,
14.53,15.2565,2024-03-20T14:30:00Z,2024-03-20T15:00:00Z,
16.8,17.64,2024-03-20T15:00:00Z,2024-03-20T15:30:00Z,
15.75,16.5375,2024-03-20T15:30:00Z,2024-03-20T16:00:00Z,
29.98,31.479,2024-03-20T16:00:00Z,2024-03-20T16:30:00Z,
31.48,33.054,2024-03-20T16:30:00Z,2024-03-20T17:00:00Z,
35.85,37.6425,2024-03-20T17:00:00Z,2024-03-20T17:30:00Z,
37.78,39.669,2024-03-20T17:30:00Z,2024-03-20T18:00:00Z,
38.2,40.11,2024-03-20T18:00:00Z,2024-03-20T18:30:00Z,
40.72,42.756,2024-03-20T18:30:00Z,2024-03-20T19:00:00Z,
22.87,24.0135,2024-03-20T19:00:00Z,2024-03-20T19:30:00Z,
20.01,21.0105,2024-03-20T19:30:00Z,2024-03-20T20:00:00Z,
17.47,18.3435,2024-03-20T20:00:00Z,2024-03-20T20:30:00Z,
14.38,15.099,2024-03-20T20:30:00Z,2024-03-20T21:00:00Z,
15.75,16.5375,2024-03-20T21:00:00Z,2024-03-20T21:30:00Z,
15.96,16.758,2024-03-20T21:30:00Z,2024-03-20T22:00:00Z,
16.59,17.4195,2024-03-20T22:00:00Z,2024-03-20T22:30:00Z,
13.67,14.3535,2024-03-20T22:30:00Z,2024-03-20T23:00:00Z,
14.7,15.435,2024-03-20T23:00:00Z,2024-03-20T23:30:00Z,
15.96,16.758,2024-03-20T23:30:00Z,2024-03-21T00:00:00Z,
14.11,14.8155,2024-03-21T00:00:00Z,2024-03-21T00:30:00Z,
16.64,17.472,2024-03-21T00:30:00Z,2024-03-21T01:00:00Z,
15.79,16.5795,2024-03-21T01:00:00Z,2024-03-21T01:30:00Z,
14.26,14.973,2024-03-21T01:30:00Z,2024-03-21T02:00:00Z,
13.1,13.755,2024-03-21T02:00:00Z,2024-03-21T02:30:00Z,
12.81,13.4505,2024-03-21T02:30:00Z,2024-03-21T03:00:00Z,
12.68,13.314,2024-03-21T03:00:00Z,2024-03-21T03:30:00Z,
12.16,12.768,2024-03-21T03:30:00Z,2024-03-21T04:00:00Z,
12.52,13.146,2024-03-21T04:00:00Z,2024-03-21T04:30:00Z,
11.55,12.1275,2024-03-21T04:30:00Z,2024-03-21T05:00:00Z,
14.07,14.7735,2024-03-21T05:00:00Z,2024-03-21T05:30:00Z,
14.53,15.2565,2024-03-21T05:30:00Z,2024-03-21T06:00:00Z,
16.7,17.535,2024-03-21T06:00:00Z,2024-03-21T06:30:00Z,
19.53,20.5065,2024-03-21T06:30:00Z,2024-03-21T07:00:00Z,
15.98,16.779,2024-03-21T07:00:00Z,2024-03-21T07:30:00Z,
18.12,19.026,2024-03-21T07:30:00Z,2024-03-21T08:00:00Z,
14.45,15.1725,2024-03-21T08:00:00Z,2024-03-21T08:30:00Z,
14.49,15.2145,2024-03-21T08:30:00Z,2024-03-21T09:00:00Z,
14.24,14.952,2024-03-21T09:00:00Z,2024-03-21T09:30:00Z,
13.94,14.637,2024-03-21T09:30:00Z,2024-03-21T10:00:00Z,
13.94,14.637,2024-03-21T10:00:00Z,2024-03-21T10:30:00Z,
13.47,14.1435,2024-03-21T10:30:00Z,2024-03-21T11:00:00Z,
12.6,13.23,2024-03-21T11:00:00Z,2024-03-21T11:30:00Z,
11.76,12.348,2024-03-21T11:30:00Z,2024-03-21T12:00:00Z,
10.5,11.025,2024-03-21T12:00:00Z,2024-03-21T12:30:00Z,
10.5,11.025,2024-03-21T12:30:00Z,2024-03-21T13:00:00Z,
11.76,12.348,2024-03-21T13:00:00Z,2024-03-21T13:30:00Z,
10.08,10.584,2024-03-21T13:30:00Z,2024-03-21T14:00:00Z,
11.15,11.7075,2024-03-21T14:00:00Z,2024-03-21T14:30:00Z,
10.08,10.584,2024-03-21T14:30:00Z,2024-03-21T15:00:00Z,
11.34,11.907,2024-03-21T15:00:00Z,2024-03-21T15:30:00Z,
12.16,12.768,2024-03-21T15:30:00Z,2024-03-21T16:00:00Z,
25.64,26.922,2024-03-21T16:00:00Z,2024-03-21T16:30:00Z,
26.84,28.182,2024-03-21T16:30:00Z,2024-03-21T17:00:00Z,
28.12,29.526,2024-03-21T17:00:00Z,2024-03-21T17:30:00Z,
31.06,32.613,2024-03-21T17:30:00Z,2024-03-21T18:00:00Z,
33.5,35.175,2024-03-21T18:00:00Z,2024-03-21T18:30:00Z,
34.42,36.141,2024-03-21T18:30:00Z,2024-03-21T19:00:00Z,
17.01,17.8605,2024-03-21T19:00:00Z,2024-03-21T19:30:00Z,
14.76,15.498,2024-03-21T19:30:00Z,2024-03-21T20:00:00Z,
14.57,15.2985,2024-03-21T20:00:00Z,2024-03-21T20:30:00Z,
12.18,12.789,2024-03-21T20:30:00Z,2024-03-21T21:00:00Z,
13.36,14.028,2024-03-21T21:00:00Z,2024-03-21T21:30:00Z,
11.02,11.571,2024-03-21T21:30:00Z,2024-03-21T22:00:00Z,
11.44,12.012,2024-03-21T22:00:00Z,2024-03-21T22:30:00Z,
6.3,6.615,2024-03-21T22:30:00Z,2024-03-21T23:00:00Z,
7.56,7.938,2024-03-21T23:00:00Z,2024-03-21T23:30:00Z,
5.88,6.174,2024-03-21T23:30:00Z,2024-03-22T00:00:00Z,
6.22,6.531,2024-03-22T00:00:00Z,2024-03-22T00:30:00Z,
9.03,9.4815,2024-03-22T00:30:00Z,2024-03-22T01:00:00Z,
8.34,8.757,2024-03-22T01:00:00Z,2024-03-22T01:30:00Z,
7.01,7.3605,2024-03-22T01:30:00Z,2024-03-22T02:00:00Z,
7.41,7.7805,2024-03-22T02:00:00Z,2024-03-22T02:30:00Z,
6.93,7.2765,2024-03-22T02:30:00Z,2024-03-22T03:00:00Z,
6.3,6.615,2024-03-22T03:00:00Z,2024-03-22T03:30:00Z,
6.3,6.615,2024-03-22T03:30:00Z,2024-03-22T04:00:00Z,
6.72,7.056,2024-03-22T04:00:00Z,2024-03-22T04:30:00Z,
6.72,7.056,2024-03-22T04:30:00Z,2024-03-22T05:00:00Z,
8.19,8.5995,2024-03-22T05:00:00Z,2024-03-22T05:30:00Z,
8.4,8.82,2024-03-22T05:30:00Z,2024-03-22T06:00:00Z,
10.42,10.941,2024-03-22T06:00:00Z,2024-03-22T06:30:00Z,
13.57,14.2485,2024-03-22T06:30:00Z,2024-03-22T07:00:00Z,
12.16,12.768,2024-03-22T07:00:00Z,2024-03-22T07:30:00Z,
13.57,14.2485,2024-03-22T07:30:00Z,2024-03-22T08:00:00Z,
13.27,13.9335,2024-03-22T08:00:00Z,2024-03-22T08:30:00Z,
13.15,13.8075,2024-03-22T08:30:00Z,2024-03-22T09:00:00Z,
13.52,14.196,2024-03-22T09:00:00Z,2024-03-22T09:30:00Z,
12.6,13.23,2024-03-22T09:30:00Z,2024-03-22T10:00:00Z,
11.76,12.348,2024-03-22T10:00:00Z,2024-03-22T10:30:00Z,
11.26,11.823,2024-03-22T10:30:00Z,2024-03-22T11:00:00Z,
9.45,9.9225,2024-03-22T11:00:00Z,2024-03-22T11:30:00Z,
9.53,10.0065,2024-03-22T11:30:00Z,2024-03-22T12:00:00Z,
10.69,11.2245,2024-03-22T12:00:00Z,2024-03-22T12:30:00Z,
9.24,9.702,2024-03-22T12:30:00Z,2024-03-22T13:00:00Z,
12.6,13.23,2024-03-22T13:00:00Z,2024-03-22T13:30:00Z,
11.34,11.907,2024-03-22T13:30:00Z,2024-03-22T14:00:00Z,
9.82,10.311,2024-03-22T14:00:00Z,2024-03-22T14:30:00Z,
8.92,9.366,2024-03-22T14:30:00Z,2024-03-22T15:00:00Z,
8.5,8.925,2024-03-22T15:00:00Z,2024-03-22T15:30:00Z,
10.84,11.382,2024-03-22T15:30:00Z,2024-03-22T16:00:00Z,
25.01,26.2605,2024-03-22T16:00:00Z,2024-03-22T16:30:00Z,
25.6,26.88,2024-03-22T16:30:00Z,2024-03-22T17:00:00Z,
26.15,27.4575,2024-03-22T17:00:00Z,2024-03-22T17:30:00Z,
28.39,29.8095,2024-03-22T17:30:00Z,2024-03-22T18:00:00Z,
30.64,32.172,2024-03-22T18:00:00Z,2024-03-22T18:30:00Z,
31.96,33.558,2024-03-22T18:30:00Z,2024-03-22T19:00:00Z,
18.14,19.047,2024-03-22T19:00:00Z,2024-03-22T19:30:00Z,
15.52,16.296,2024-03-22T19:30:00Z,2024-03-22T20:00:00Z,
13.76,14.448,2024-03-22T20:00:00Z,2024-03-22T20:30:00Z,
11.09,11.6445,2024-03-22T20:30:00Z,2024-03-22T21:00:00Z,
11.76,12.348,2024-03-22T21:00:00Z,2024-03-22T21:30:00Z,
10.44,10.962,2024-03-22T21:30:00Z,2024-03-22T22:00:00Z,
9.58,10.059,2024-03-22T22:00:00Z,2024-03-22T22:30:00Z,
7.56,7.938,2024-03-22T22:30:00Z,2024-03-22T23:00:00Z,
4.43,4.6515,2024-03-22T23:00:00Z,2024-03-22T23:30:00Z,
1.26,1.323,2024-03-22T23:30:00Z,2024-03-23T00:00:00Z,
1.05,1.1025,2024-03-23T00:00:00Z,2024-03-23T00:30:00Z,
3.78,3.969,2024-03-23T00:30:00Z,2024-03-23T01:00:00Z,
2.08,2.184,2024-03-23T01:00:00Z,2024-03-23T01:30:00Z,
0.0,0.0,2024-03-23T01:30:00Z,2024-03-23T02:00:00Z,
0.84,0.882,2024-03-23T02:00:00Z,2024-03-23T02:30:00Z,
0.34,0.357,2024-03-23T02:30:00Z,2024-03-23T03:00:00Z,
0.02,0.021,2024-03-23T03:00:00Z,2024-03-23T03:30:00Z,
0.0,0.0,2024-03-23T03:30:00Z,2024-03-23T04:00:00Z,
0.42,0.441,2024-03-23T04:00:00Z,2024-03-23T04:30:00Z,
0.0,0.0,2024-03-23T04:30:00Z,2024-03-23T05:00:00Z,
0.21,0.2205,2024-03-23T05:00:00Z,2024-03-23T05:30:00Z,
0.84,0.882,2024-03-23T05:30:00Z,2024-03-23T06:00:00Z,
1.05,1.1025,2024-03-23T06:00:00Z,2024-03-23T06:30:00Z,
1.68,1.764,2024-03-23T06:30:00Z,2024-03-23T07:00:00Z,
1.05,1.1025,2024-03-23T07:00:00Z,2024-03-23T07:30:00Z,
1.95,2.0475,2024-03-23T07:30:00Z,2024-03-23T08:00:00Z,
-0.63,-0.6615,2024-03-23T08:00:00Z,2024-03-23T08:30:00Z,
1.11,1.1655,2024-03-23T08:30:00Z,2024-03-23T09:00:00Z,
0.25,0.2625,2024-03-23T09:00:00Z,2024-03-23T09:30:00Z,
0.21,0.2205,2024-03-23T09:30:00Z,2024-03-23T10:00:00Z,
0.46,0.483,2024-03-23T10:00:00Z,2024-03-23T10:30:00Z,
0.0,0.0,2024-03-23T10:30:00Z,2024-03-23T11:00:00Z,
0.0,0.0,2024-03-23T11:00:00Z,2024-03-23T11:30:00Z,
0.0,0.0,2024-03-23T11:30:00Z,2024-03-23T12:00:00Z,
0.0,0.0,2024-03-23T12:00:00Z,2024-03-23T12:30:00Z,
0.0,0.0,2024-03-23T12:30:00Z,2024-03-23T13:00:00Z,
0.0,0.0,2024-03-23T13:00:00Z,2024-03-23T13:30:00Z,
0.0,0.0,2024-03-23T13:30:00Z,2024-03-23T14:00:00Z,
0.0,0.0,2024-03-23T14:00:00Z,2024-03-23T14:30:00Z,
0.84,0.882,2024-03-23T14:30:00Z,2024-03-23T15:00:00Z,
-0.61,-0.6405,2024-03-23T15:00:00Z,2024-03-23T15:30:00Z,
0.84,0.882,2024-03-23T15:30:00Z,2024-03-23T16:00:00Z,
15.1,15.855,2024-03-23T16:00:00Z,2024-03-23T16:30:00Z,
21.95,23.0475,2024-03-23T16:30:00Z,2024-03-23T17:00:00Z,
21.5,22.575,2024-03-23T17:00:00Z,2024-03-23T17:30:00Z,
26.71,28.0455,2024-03-23T17:30:00Z,2024-03-23T18:00:00Z,
24.34,25.557,2024-03-23T18:00:00Z,2024-03-23T18:30:00Z,
25.64,26.922,2024-03-23T18:30:00Z,2024-03-23T19:00:00Z,
11.59,12.1695,2024-03-23T19:00:00Z,2024-03-23T19:30:00Z,
9.43,9.9015,2024-03-23T19:30:00Z,2024-03-23T20:00:00Z,
10.92,11.466,2024-03-23T20:00:00Z,2024-03-23T20:30:00Z,
6.28,6.594,2024-03-23T20:30:00Z,2024-03-23T21:00:00Z,
9.28,9.744,2024-03-23T21:00:00Z,2024-03-23T21:30:00Z,
4.57,4.7985,2024-03-23T21:30:00Z,2024-03-23T22:00:00Z,
8.19,8.5995,2024-03-23T22:00:00Z,2024-03-23T22:30:00Z,
1.89,1.9845,2024-03-23T22:30:00Z,2024-03-23T23:00:00Z,
2.31,2.4255,2024-03-23T23:00:00Z,2024-03-23T23:30:00Z,
0.21,0.2205,2024-03-23T23:30:00Z,2024-03-24T00:00:00Z,
0.21,0.2205,2024-03-24T00:00:00Z,2024-03-24T00:30:00Z,
4.2,4.41,2024-03-24T00:30:00Z,2024-03-24T01:00:00Z,
2.52,2.646,2024-03-24T01:00:00Z,2024-03-24T01:30:00Z,
0.82,0.861,2024-03-24T01:30:00Z,2024-03-24T02:00:00Z,
0.0,0.0,2024-03-24T02:00:00Z,2024-03-24T02:30:00Z,
0.0,0.0,2024-03-24T02:30:00Z,2024-03-24T03:00:00Z,
0.0,0.0,2024-03-24T03:00:00Z,2024-03-24T03:30:00Z,
0.0,0.0,2024-03-24T03:30:00Z,2024-03-24T04:00:00Z,
0.04,0.042,2024-03-24T04:00:00Z,2024-03-24T04:30:00Z,
0.21,0.2205,2024-03-24T04:30:00Z,2024-03-24T05:00:00Z,
0.21,0.2205,2024-03-24T05:00:00Z,2024-03-24T05:30:00Z,
0.21,0.2205,2024-03-24T05:30:00Z,2024-03-24T06:00:00Z,
0.0,0.0,2024-03-24T06:00:00Z,2024-03-24T06:30:00Z,
2.2,2.31,2024-03-24T06:30:00Z,2024-03-24T07:00:00Z,
0.21,0.2205,2024-03-24T07:00:00Z,2024-03-24T07:30:00Z,
0.42,0.441,2024-03-24T07:30:00Z,2024-03-24T08:00:00Z,
-3.78,-3.969,2024-03-24T08:00:00Z,2024-03-24T08:30:00Z,
-1.03,-1.0815,2024-03-24T08:30:00Z,2024-03-24T09:00:00Z,
-1.03,-1.0815,2024-03-24T09:00:00Z,2024-03-24T09:30:00Z,
0.21,0.2205,2024-03-24T09:30:00Z,2024-03-24T10:00:00Z,
2.65,2.7825,2024-03-24T10:00:00Z,2024-03-24T10:30:00Z,
6.13,6.4365,2024-03-24T10:30:00Z,2024-03-24T11:00:00Z,
5.25,5.5125,2024-03-24T11:00:00Z,2024-03-24T11:30:00Z,
11.76,12.348,2024-03-24T11:30:00Z,2024-03-24T12:00:00Z,
13.65,14.3325,2024-03-24T12:00:00Z,2024-03-24T12:30:00Z,
14.7,15.435,2024-03-24T12:30:00Z,2024-03-24T13:00:00Z,
14.34,15.057,2024-03-24T13:00:00Z,2024-03-24T13:30:00Z,
14.11,14.8155,2024-03-24T13:30:00Z,2024-03-24T14:00:00Z,
14.01,14.7105,2024-03-24T14:00:00Z,2024-03-24T14:30:00Z,
12.39,13.0095,2024-03-24T14:30:00Z,2024-03-24T15:00:00Z,
12.96,13.608,2024-03-24T15:00:00Z,2024-03-24T15:30:00Z,
13.86,14.553,2024-03-24T15:30:00Z,2024-03-24T16:00:00Z,
27.45,28.8225,2024-03-24T16:00:00Z,2024-03-24T16:30:00Z,
28.16,29.568,2024-03-24T16:30:00Z,2024-03-24T17:00:00Z,
26.15,27.4575,2024-03-24T17:00:00Z,2024-03-24T17:30:00Z,
30.96,32.508,2024-03-24T17:30:00Z,2024-03-24T18:00:00Z,
31.06,32.613,2024-03-24T18:00:00Z,2024-03-24T18:30:00Z,
32.95,34.5975,2024-03-24T18:30:00Z,2024-03-24T19:00:00Z,
19.72,20.706,2024-03-24T19:00:00Z,2024-03-24T19:30:00Z,
16.13,16.9365,2024-03-24T19:30:00Z,2024-03-24T20:00:00Z,
19.74,20.727,2024-03-24T20:00:00Z,2024-03-24T20:30:00Z,
16.3,17.115,2024-03-24T20:30:00Z,2024-03-24T21:00:00Z,
17.85,18.7425,2024-03-24T21:00:00Z,2024-03-24T21:30:00Z,
14.43,15.1515,2024-03-24T21:30:00Z,2024-03-24T22:00:00Z,
16.38,17.199,2024-03-24T22:00:00Z,2024-03-24T22:30:00Z,
10.71,11.2455,2024-03-24T22:30:00Z,2024-03-24T23:00:00Z,
14.7,15.435,2024-03-24T23:00:00Z,2024-03-24T23:30:00Z,
13.44,14.112,2024-03-24T23:30:00Z,2024-03-25T00:00:00Z,
13.61,14.2905,2024-03-25T00:00:00Z,2024-03-25T00:30:00Z,
14.7,15.435,2024-03-25T00:30:00Z,2024-03-25T01:00:00Z,
13.65,14.3325,2024-03-25T01:00:00Z,2024-03-25T01:30:00Z,
12.62,13.251,2024-03-25T01:30:00Z,2024-03-25T02:00:00Z,
12.54,13.167,2024-03-25T02:00:00Z,2024-03-25T02:30:00Z,
12.18,12.789,2024-03-25T02:30:00Z,2024-03-25T03:00:00Z,
12.28,12.894,2024-03-25T03:00:00Z,2024-03-25T03:30:00Z,
11.76,12.348,2024-03-25T03:30:00Z,2024-03-25T04:00:00Z,
12.6,13.23,2024-03-25T04:00:00Z,2024-03-25T04:30:00Z,
12.16,12.768,2024-03-25T04:30:00Z,2024-03-25T05:00:00Z,
14.15,14.8575,2024-03-25T05:00:00Z,2024-03-25T05:30:00Z,
15.54,16.317,2024-03-25T05:30:00Z,2024-03-25T06:00:00Z,
19.95,20.9475,2024-03-25T06:00:00Z,2024-03-25T06:30:00Z,
21.08,22.134,2024-03-25T06:30:00Z,2024-03-25T07:00:00Z,
13.44,14.112,2024-03-25T07:00:00Z,2024-03-25T07:30:00Z,
16.25,17.0625,2024-03-25T07:30:00Z,2024-03-25T08:00:00Z,
15.12,15.876,2024-03-25T08:00:00Z,2024-03-25T08:30:00Z,
15.75,16.5375,2024-03-25T08:30:00Z,2024-03-25T09:00:00Z,
15.96,16.758,2024-03-25T09:00:00Z,2024-03-25T09:30:00Z,
15.83,16.6215,2024-03-25T09:30:00Z,2024-03-25T10:00:00Z,
14.99,15.7395,2024-03-25T10:00:00Z,2024-03-25T10:30:00Z,
14.74,15.477,2024-03-25T10:30:00Z,2024-03-25T11:00:00Z,
13.44,14.112,2024-03-25T11:00:00Z,2024-03-25T11:30:00Z,
13.65,14.3325,2024-03-25T11:30:00Z,2024-03-25T12:00:00Z,
13.86,14.553,2024-03-25T12:00:00Z,2024-03-25T12:30:00Z,
13.34,14.007,2024-03-25T12:30:00Z,2024-03-25T13:00:00Z,
13.25,13.9125,2024-03-25T13:00:00Z,2024-03-25T13:30:00Z,
12.64,13.272,2024-03-25T13:30:00Z,2024-03-25T14:00:00Z,
12.79,13.4295,2024-03-25T14:00:00Z,2024-03-25T14:30:00Z,
12.6,13.23,2024-03-25T14:30:00Z,2024-03-25T15:00:00Z,
13.23,13.8915,2024-03-25T15:00:00Z,2024-03-25T15:30:00Z,
13.21,13.8705,2024-03-25T15:30:00Z,2024-03-25T16:00:00Z,
28.18,29.589,2024-03-25T16:00:00Z,2024-03-25T16:30:00Z,
30.18,31.689,2024-03-25T16:30:00Z,2024-03-25T17:00:00Z,
33.64,35.322,2024-03-25T17:00:00Z,2024-03-25T17:30:00Z,
35.05,36.8025,2024-03-25T17:30:00Z,2024-03-25T18:00:00Z,
34.63,36.3615,2024-03-25T18:00:00Z,2024-03-25T18:30:00Z,
35.18,36.939,2024-03-25T18:30:00Z,2024-03-25T19:00:00Z,
16.55,17.3775,2024-03-25T19:00:00Z,2024-03-25T19:30:00Z,
14.11,14.8155,2024-03-25T19:30:00Z,2024-03-25T20:00:00Z,
14.73,15.4665,2024-03-25T20:00:00Z,2024-03-25T20:30:00Z,
13.44,14.112,2024-03-25T20:30:00Z,2024-03-25T21:00:00Z,
14.32,15.036,2024-03-25T21:00:00Z,2024-03-25T21:30:00Z,
14.96,15.708,2024-03-25T21:30:00Z,2024-03-25T22:00:00Z,
15.75,16.5375,2024-03-25T22:00:00Z,2024-03-25T22:30:00Z,
12.45,13.0725,2024-03-25T22:30:00Z,2024-03-25T23:00:00Z,
14.07,14.7735,2024-03-25T23:00:00Z,2024-03-25T23:30:00Z,
13.27,13.9335,2024-03-25T23:30:00Z,2024-03-26T00:00:00Z,
11.84,12.432,2024-03-26T00:00:00Z,2024-03-26T00:30:00Z,
12.98,13.629,2024-03-26T00:30:00Z,2024-03-26T01:00:00Z,
12.5,13.125,2024-03-26T01:00:00Z,2024-03-26T01:30:00Z,
11.61,12.1905,2024-03-26T01:30:00Z,2024-03-26T02:00:00Z,
11.86,12.453,2024-03-26T02:00:00Z,2024-03-26T02:30:00Z,
11.86,12.453,2024-03-26T02:30:00Z,2024-03-26T03:00:00Z,
11.76,12.348,2024-03-26T03:00:00Z,2024-03-26T03:30:00Z,
11.76,12.348,2024-03-26T03:30:00Z,2024-03-26T04:00:00Z,
11.95,12.5475,2024-03-26T04:00:00Z,2024-03-26T04:30:00Z,
11.73,12.3165,2024-03-26T04:30:00Z,2024-03-26T05:00:00Z,
13.99,14.6895,2024-03-26T05:00:00Z,2024-03-26T05:30:00Z,
14.28,14.994,2024-03-26T05:30:00Z,2024-03-26T06:00:00Z,
14.57,15.2985,2024-03-26T06:00:00Z,2024-03-26T06:30:00Z,
15.62,16.401,2024-03-26T06:30:00Z,2024-03-26T07:00:00Z,
14.28,14.994,2024-03-26T07:00:00Z,2024-03-26T07:30:00Z,
14.87,15.6135,2024-03-26T07:30:00Z,2024-03-26T08:00:00Z,
17.47,18.3435,2024-03-26T08:00:00Z,2024-03-26T08:30:00Z,
17.47,18.3435,2024-03-26T08:30:00Z,2024-03-26T09:00:00Z,
17.85,18.7425,2024-03-26T09:00:00Z,2024-03-26T09:30:00Z,
16.81,17.6505,2024-03-26T09:30:00Z,2024-03-26T10:00:00Z,
17.85,18.7425,2024-03-26T10:00:00Z,2024-03-26T10:30:00Z,
17.64,18.522,2024-03-26T10:30:00Z,2024-03-26T11:00:00Z,
16.93,17.7765,2024-03-26T11:00:00Z,2024-03-26T11:30:00Z,
17.14,17.997,2024-03-26T11:30:00Z,2024-03-26T12:00:00Z,
17.43,18.3015,2024-03-26T12:00:00Z,2024-03-26T12:30:00Z,
16.8,17.64,2024-03-26T12:30:00Z,2024-03-26T13:00:00Z,
16.8,17.64,2024-03-26T13:00:00Z,2024-03-26T13:30:00Z,
15.92,16.716,2024-03-26T13:30:00Z,2024-03-26T14:00:00Z,
15.33,16.0965,2024-03-26T14:00:00Z,2024-03-26T14:30:00Z,
14.7,15.435,2024-03-26T14:30:00Z,2024-03-26T15:00:00Z,
14.38,15.099,2024-03-26T15:00:00Z,2024-03-26T15:30:00Z,
13.86,14.553,2024-03-26T15:30:00Z,2024-03-26T16:00:00Z,
26.88,28.224,2024-03-26T16:00:00Z,2024-03-26T16:30:00Z,
28.12,29.526,2024-03-26T16:30:00Z,2024-03-26T17:00:00Z,
30.64,32.172,2024-03-26T17:00:00Z,2024-03-26T17:30:00Z,
31.46,33.033,2024-03-26T17:30:00Z,2024-03-26T18:00:00Z,
30.16,31.668,2024-03-26T18:00:00Z,2024-03-26T18:30:00Z,
30.35,31.8675,2024-03-26T18:30:00Z,2024-03-26T19:00:00Z,
14.97,15.7185,2024-03-26T19:00:00Z,2024-03-26T19:30:00Z,
11.84,12.432,2024-03-26T19:30:00Z,2024-03-26T20:00:00Z,
13.9,14.595,2024-03-26T20:00:00Z,2024-03-26T20:30:00Z,
13.15,13.8075,2024-03-26T20:30:00Z,2024-03-26T21:00:00Z,
14.41,15.1305,2024-03-26T21:00:00Z,2024-03-26T21:30:00Z,
11.55,12.1275,2024-03-26T21:30:00Z,2024-03-26T22:00:00Z,
12.39,13.0095,2024-03-26T22:00:00Z,2024-03-26T22:30:00Z,
8.61,9.0405,2024-03-26T22:30:00Z,2024-03-26T23:00:00Z,
11.95,12.5475,2024-03-26T23:00:00Z,2024-03-26T23:30:00Z,
9.45,9.9225,2024-03-26T23:30:00Z,2024-03-27T00:00:00Z,
9.03,9.4815,2024-03-27T00:00:00Z,2024-03-27T00:30:00Z,
11.55,12.1275,2024-03-27T00:30:00Z,2024-03-27T01:00:00Z,
10.5,11.025,2024-03-27T01:00:00Z,2024-03-27T01:30:00Z,
9.98,10.479,2024-03-27T01:30:00Z,2024-03-27T02:00:00Z,
9.58,10.059,2024-03-27T02:00:00Z,2024-03-27T02:30:00Z,
8.5,8.925,2024-03-27T02:30:00Z,2024-03-27T03:00:00Z,
10.08,10.584,2024-03-27T03:00:00Z,2024-03-27T03:30:00Z,
9.26,9.723,2024-03-27T03:30:00Z,2024-03-27T04:00:00Z,
9.07,9.5235,2024-03-27T04:00:00Z,2024-03-27T04:30:00Z,
8.4,8.82,2024-03-27T04:30:00Z,2024-03-27T05:00:00Z,
11.13,11.6865,2024-03-27T05:00:00Z,2024-03-27T05:30:00Z,
11.55,12.1275,2024-03-27T05:30:00Z,2024-03-27T06:00:00Z,
11.89,12.4845,2024-03-27T06:00:00Z,2024-03-27T06:30:00Z,
14.7,15.435,2024-03-27T06:30:00Z,2024-03-27T07:00:00Z,
12.81,13.4505,2024-03-27T07:00:00Z,2024-03-27T07:30:00Z,
14.45,15.1725,2024-03-27T07:30:00Z,2024-03-27T08:00:00Z,
13.65,14.3325,2024-03-27T08:00:00Z,2024-03-27T08:30:00Z,
13.27,13.9335,2024-03-27T08:30:00Z,2024-03-27T09:00:00Z,
13.46,14.133,2024-03-27T09:00:00Z,2024-03-27T09:30:00Z,
12.1,12.705,2024-03-27T09:30:00Z,2024-03-27T10:00:00Z,
12.33,12.9465,2024-03-27T10:00:00Z,2024-03-27T10:30:00Z,
12.1,12.705,2024-03-27T10:30:00Z,2024-03-27T11:00:00Z,
12.18,12.789,2024-03-27T11:00:00Z,2024-03-27T11:30:00Z,
12.43,13.0515,2024-03-27T11:30:00Z,2024-03-27T12:00:00Z,
13.02,13.671,2024-03-27T12:00:00Z,2024-03-27T12:30:00Z,
13.65,14.3325,2024-03-27T12:30:00Z,2024-03-27T13:00:00Z,
12.08,12.684,2024-03-27T13:00:00Z,2024-03-27T13:30:00Z,
12.6,13.23,2024-03-27T13:30:00Z,2024-03-27T14:00:00Z,
11.91,12.5055,2024-03-27T14:00:00Z,2024-03-27T14:30:00Z,
12.6,13.23,2024-03-27T14:30:00Z,2024-03-27T15:00:00Z,
12.6,13.23,2024-03-27T15:00:00Z,2024-03-27T15:30:00Z,
12.81,13.4505,2024-03-27T15:30:00Z,2024-03-27T16:00:00Z,
27.43,28.8015,2024-03-27T16:00:00Z,2024-03-27T16:30:00Z,
27.41,28.7805,2024-03-27T16:30:00Z,2024-03-27T17:00:00Z,
29.8,31.29,2024-03-27T17:00:00Z,2024-03-27T17:30:00Z,
33.16,34.818,2024-03-27T17:30:00Z,2024-03-27T18:00:00Z,
31.38,32.949,2024-03-27T18:00:00Z,2024-03-27T18:30:00Z,
32.95,34.5975,2024-03-27T18:30:00Z,2024-03-27T19:00:00Z,
17.89,18.7845,2024-03-27T19:00:00Z,2024-03-27T19:30:00Z,
15.75,16.5375,2024-03-27T19:30:00Z,2024-03-27T20:00:00Z,
14.6,15.33,2024-03-27T20:00:00Z,2024-03-27T20:30:00Z,
13.12,13.776,2024-03-27T20:30:00Z,2024-03-27T21:00:00Z,
15.68,16.464,2024-03-27T21:00:00Z,2024-03-27T21:30:00Z,
14.7,15.435,2024-03-27T21:30:00Z,2024-03-27T22:00:00Z,
14.7,15.435,2024-03-27T22:00:00Z,2024-03-27T22:30:00Z,
13.76,14.448,2024-03-27T22:30:00Z,2024-03-27T23:00:00Z,
14.49,15.2145,2024-03-27T23:00:00Z,2024-03-27T23:30:00Z,
13.65,14.3325,2024-03-27T23:30:00Z,2024-03-28T00:00:00Z,
12.5,13.125,2024-03-28T00:00:00Z,2024-03-28T00:30:00Z,
14.51,15.2355,2024-03-28T00:30:00Z,2024-03-28T01:00:00Z,
12.87,13.5135,2024-03-28T01:00:00Z,2024-03-28T01:30:00Z,
10.71,11.2455,2024-03-28T01:30:00Z,2024-03-28T02:00:00Z,
12.39,13.0095,2024-03-28T02:00:00Z,2024-03-28T02:30:00Z,
9.79,10.2795,2024-03-28T02:30:00Z,2024-03-28T03:00:00Z,
11.66,12.243,2024-03-28T03:00:00Z,2024-03-28T03:30:00Z,
8.99,9.4395,2024-03-28T03:30:00Z,2024-03-28T04:00:00Z,
11.7,12.285,2024-03-28T04:00:00Z,2024-03-28T04:30:00Z,
9.64,10.122,2024-03-28T04:30:00Z,2024-03-28T05:00:00Z,
10.82,11.361,2024-03-28T05:00:00Z,2024-03-28T05:30:00Z,
11.17,11.7285,2024-03-28T05:30:00Z,2024-03-28T06:00:00Z,
11.7,12.285,2024-03-28T06:00:00Z,2024-03-28T06:30:00Z,
16.38,17.199,2024-03-28T06:30:00Z,2024-03-28T07:00:00Z,
13.15,13.8075,2024-03-28T07:00:00Z,2024-03-28T07:30:00Z,
15.96,16.758,2024-03-28T07:30:00Z,2024-03-28T08:00:00Z,
15.71,16.4955,2024-03-28T08:00:00Z,2024-03-28T08:30:00Z,
14.07,14.7735,2024-03-28T08:30:00Z,2024-03-28T09:00:00Z,
15.35,16.1175,2024-03-28T09:00:00Z,2024-03-28T09:30:00Z,
15.04,15.792,2024-03-28T09:30:00Z,2024-03-28T10:00:00Z,
14.53,15.2565,2024-03-28T10:00:00Z,2024-03-28T10:30:00Z,
13.8,14.49,2024-03-28T10:30:00Z,2024-03-28T11:00:00Z,
14.18,14.889,2024-03-28T11:00:00Z,2024-03-28T11:30:00Z,
13.44,14.112,2024-03-28T11:30:00Z,2024-03-28T12:00:00Z,
13.8,14.49,2024-03-28T12:00:00Z,2024-03-28T12:30:00Z,
12.81,13.4505,2024-03-28T12:30:00Z,2024-03-28T13:00:00Z,
12.6,13.23,2024-03-28T13:00:00Z,2024-03-28T13:30:00Z,
11.55,12.1275,2024-03-28T13:30:00Z,2024-03-28T14:00:00Z,
10.71,11.2455,2024-03-28T14:00:00Z,2024-03-28T14:30:00Z,
10.58,11.109,2024-03-28T14:30:00Z,2024-03-28T15:00:00Z,
11.34,11.907,2024-03-28T15:00:00Z,2024-03-28T15:30:00Z,
11.97,12.5685,2024-03-28T15:30:00Z,2024-03-28T16:00:00Z,
26.02,27.321,2024-03-28T16:00:00Z,2024-03-28T16:30:00Z,
26.02,27.321,2024-03-28T16:30:00Z,2024-03-28T17:00:00Z,
27.7,29.085,2024-03-28T17:00:00Z,2024-03-28T17:30:00Z,
29.8,31.29,2024-03-28T17:30:00Z,2024-03-28T18:00:00Z,
31.58,33.159,2024-03-28T18:00:00Z,2024-03-28T18:30:00Z,
31.9,33.495,2024-03-28T18:30:00Z,2024-03-28T19:00:00Z,
18.9,19.845,2024-03-28T19:00:00Z,2024-03-28T19:30:00Z,
17.64,18.522,2024-03-28T19:30:00Z,2024-03-28T20:00:00Z,
15.22,15.981,2024-03-28T20:00:00Z,2024-03-28T20:30:00Z,
13.17,13.8285,2024-03-28T20:30:00Z,2024-03-28T21:00:00Z,
14.18,14.889,2024-03-28T21:00:00Z,2024-03-28T21:30:00Z,
12.1,12.705,2024-03-28T21:30:00Z,2024-03-28T22:00:00Z,
11.7,12.285,2024-03-28T22:00:00Z,2024-03-28T22:30:00Z,
7.73,8.1165,2024-03-28T22:30:00Z,2024-03-28T23:00:00Z,
13.02,13.671,2024-03-28T23:00:00Z,2024-03-28T23:30:00Z,
10.5,11.025,2024-03-28T23:30:00Z,2024-03-29T00:00:00Z,
9.93,10.4265,2024-03-29T00:00:00Z,2024-03-29T00:30:00Z,
12.6,13.23,2024-03-29T00:30:00Z,2024-03-29T01:00:00Z,
12.47,13.0935,2024-03-29T01:00:00Z,2024-03-29T01:30:00Z,
10.5,11.025,2024-03-29T01:30:00Z,2024-03-29T02:00:00Z,
11.34,11.907,2024-03-29T02:00:00Z,2024-03-29T02:30:00Z,
10.92,11.466,2024-03-29T02:30:00Z,2024-03-29T03:00:00Z,
11.33,11.8965,2024-03-29T03:00:00Z,2024-03-29T03:30:00Z,
10.71,11.2455,2024-03-29T03:30:00Z,2024-03-29T04:00:00Z,
11.76,12.348,2024-03-29T04:00:00Z,2024-03-29T04:30:00Z,
11.55,12.1275,2024-03-29T04:30:00Z,2024-03-29T05:00:00Z,
12.6,13.23,2024-03-29T05:00:00Z,2024-03-29T05:30:00Z,
13.27,13.9335,2024-03-29T05:30:00Z,2024-03-29T06:00:00Z,
12.81,13.4505,2024-03-29T06:00:00Z,2024-03-29T06:30:00Z,
15.96,16.758,2024-03-29T06:30:00Z,2024-03-29T07:00:00Z,
16.17,16.9785,2024-03-29T07:00:00Z,2024-03-29T07:30:00Z,
17.89,18.7845,2024-03-29T07:30:00Z,2024-03-29T08:00:00Z,
17.64,18.522,2024-03-29T08:00:00Z,2024-03-29T08:30:00Z,
17.14,17.997,2024-03-29T08:30:00Z,2024-03-29T09:00:00Z,
18.69,19.6245,2024-03-29T09:00:00Z,2024-03-29T09:30:00Z,
16.8,17.64,2024-03-29T09:30:00Z,2024-03-29T10:00:00Z,
15.75,16.5375,2024-03-29T10:00:00Z,2024-03-29T10:30:00Z,
14.36,15.078,2024-03-29T10:30:00Z,2024-03-29T11:00:00Z,
12.05,12.6525,2024-03-29T11:00:00Z,2024-03-29T11:30:00Z,
11.8,12.39,2024-03-29T11:30:00Z,2024-03-29T12:00:00Z,
11.57,12.1485,2024-03-29T12:00:00Z,2024-03-29T12:30:00Z,
9.53,10.0065,2024-03-29T12:30:00Z,2024-03-29T13:00:00Z,
9.24,9.702,2024-03-29T13:00:00Z,2024-03-29T13:30:00Z,
7.88,8.274,2024-03-29T13:30:00Z,2024-03-29T14:00:00Z,
8.4,8.82,2024-03-29T14:00:00Z,2024-03-29T14:30:00Z,
6.49,6.8145,2024-03-29T14:30:00Z,2024-03-29T15:00:00Z,
7.58,7.959,2024-03-29T15:00:00Z,2024-03-29T15:30:00Z,
8.4,8.82,2024-03-29T15:30:00Z,2024-03-29T16:00:00Z,
26.57,27.8985,2024-03-29T16:00:00Z,2024-03-29T16:30:00Z,
26.82,28.161,2024-03-29T16:30:00Z,2024-03-29T17:00:00Z,
28.75,30.1875,2024-03-29T17:00:00Z,2024-03-29T17:30:00Z,
30.87,32.4135,2024-03-29T17:30:00Z,2024-03-29T18:00:00Z,
31.27,32.8335,2024-03-29T18:00:00Z,2024-03-29T18:30:00Z,
31.9,33.495,2024-03-29T18:30:00Z,2024-03-29T19:00:00Z,
18.67,19.6035,2024-03-29T19:00:00Z,2024-03-29T19:30:00Z,
17.01,17.8605,2024-03-29T19:30:00Z,2024-03-29T20:00:00Z,
16.8,17.64,2024-03-29T20:00:00Z,2024-03-29T20:30:00Z,
15.08,15.834,2024-03-29T20:30:00Z,2024-03-29T21:00:00Z,
15.27,16.0335,2024-03-29T21:00:00Z,2024-03-29T21:30:00Z,
12.6,13.23,2024-03-29T21:30:00Z,2024-03-29T22:00:00Z,
12.39,13.0095,2024-03-29T22:00:00Z,2024-03-29T22:30:00Z,
11.55,12.1275,2024-03-29T22:30:00Z,2024-03-29T23:00:00Z,
13.65,14.3325,2024-03-29T23:00:00Z,2024-03-29T23:30:00Z,
12.81,13.4505,2024-03-29T23:30:00Z,2024-03-30T00:00:00Z,
12.18,12.789,2024-03-30T00:00:00Z,2024-03-30T00:30:00Z,
14.57,15.2985,2024-03-30T00:30:00Z,2024-03-30T01:00:00Z,
13.57,14.2485,2024-03-30T01:00:00Z,2024-03-30T01:30:00Z,
12.6,13.23,2024-03-30T01:30:00Z,2024-03-30T02:00:00Z,
14.18,14.889,2024-03-30T02:00:00Z,2024-03-30T02:30:00Z,
12.81,13.4505,2024-03-30T02:30:00Z,2024-03-30T03:00:00Z,
12.98,13.629,2024-03-30T03:00:00Z,2024-03-30T03:30:00Z,
12.41,13.0305,2024-03-30T03:30:00Z,2024-03-30T04:00:00Z,
13.23,13.8915,2024-03-30T04:00:00Z,2024-03-30T04:30:00Z,
13.36,14.028,2024-03-30T04:30:00Z,2024-03-30T05:00:00Z,
12.7,13.335,2024-03-30T05:00:00Z,2024-03-30T05:30:00Z,
12.92,13.566,2024-03-30T05:30:00Z,2024-03-30T06:00:00Z,
13.57,14.2485,2024-03-30T06:00:00Z,2024-03-30T06:30:00Z,
14.24,14.952,2024-03-30T06:30:00Z,2024-03-30T07:00:00Z,
14.18,14.889,2024-03-30T07:00:00Z,2024-03-30T07:30:00Z,
14.62,15.351,2024-03-30T07:30:00Z,2024-03-30T08:00:00Z,
14.89,15.6345,2024-03-30T08:00:00Z,2024-03-30T08:30:00Z,
15.72,16.506,2024-03-30T08:30:00Z,2024-03-30T09:00:00Z,
16.72,17.556,2024-03-30T09:00:00Z,2024-03-30T09:30:00Z,
16.7,17.535,2024-03-30T09:30:00Z,2024-03-30T10:00:00Z,
16.48,17.304,2024-03-30T10:00:00Z,2024-03-30T10:30:00Z,
14.49,15.2145,2024-03-30T10:30:00Z,2024-03-30T11:00:00Z,
13.61,14.2905,2024-03-30T11:00:00Z,2024-03-30T11:30:00Z,
13.42,14.091,2024-03-30T11:30:00Z,2024-03-30T12:00:00Z,
14.28,14.994,2024-03-30T12:00:00Z,2024-03-30T12:30:00Z,
14.09,14.7945,2024-03-30T12:30:00Z,2024-03-30T13:00:00Z,
12.56,13.188,2024-03-30T13:00:00Z,2024-03-30T13:30:00Z,
12.33,12.9465,2024-03-30T13:30:00Z,2024-03-30T14:00:00Z,
12.01,12.6105,2024-03-30T14:00:00Z,2024-03-30T14:30:00Z,
12.1,12.705,2024-03-30T14:30:00Z,2024-03-30T15:00:00Z,
11.66,12.243,2024-03-30T15:00:00Z,2024-03-30T15:30:00Z,
11.43,12.0015,2024-03-30T15:30:00Z,2024-03-30T16:00:00Z,
25.28,26.544,2024-03-30T16:00:00Z,2024-03-30T16:30:00Z,
27.89,29.2845,2024-03-30T16:30:00Z,2024-03-30T17:00:00Z,
29.13,30.5865,2024-03-30T17:00:00Z,2024-03-30T17:30:00Z,
32.32,33.936,2024-03-30T17:30:00Z,2024-03-30T18:00:00Z,
33.08,34.734,2024-03-30T18:00:00Z,2024-03-30T18:30:00Z,
35.3,37.065,2024-03-30T18:30:00Z,2024-03-30T19:00:00Z,
20.7,21.735,2024-03-30T19:00:00Z,2024-03-30T19:30:00Z,
20.43,21.4515,2024-03-30T19:30:00Z,2024-03-30T20:00:00Z,
19.95,20.9475,2024-03-30T20:00:00Z,2024-03-30T20:30:00Z,
16.8,17.64,2024-03-30T20:30:00Z,2024-03-30T21:00:00Z,
16.51,17.3355,2024-03-30T21:00:00Z,2024-03-30T21:30:00Z,
13.65,14.3325,2024-03-30T21:30:00Z,2024-03-30T22:00:00Z,
14.51,15.2355,2024-03-30T22:00:00Z,2024-03-30T22:30:00Z,
14.6,15.33,2024-03-30T22:30:00Z,2024-03-30T23:00:00Z,
15.54,16.317,2024-03-30T23:00:00Z,2024-03-30T23:30:00Z,
13.86,14.553,2024-03-30T23:30:00Z,2024-03-31T00:00:00Z,
13.23,13.8915,2024-03-31T00:00:00Z,2024-03-31T00:30:00Z,
15.33,16.0965,2024-03-31T00:30:00Z,2024-03-31T01:00:00Z,
17.18,18.039,2024-03-31T01:00:00Z,2024-03-31T01:30:00Z,
15.54,16.317,2024-03-31T01:30:00Z,2024-03-31T02:00:00Z,
14.89,15.6345,2024-03-31T02:00:00Z,2024-03-31T02:30:00Z,
13.61,14.2905,2024-03-31T02:30:00Z,2024-03-31T03:00:00Z,
15.54,16.317,2024-03-31T03:00:00Z,2024-03-31T03:30:00Z,
14.03,14.7315,2024-03-31T03:30:00Z,2024-03-31T04:00:00Z,
12.6,13.23,2024-03-31T04:00:00Z,2024-03-31T04:30:00Z,
12.35,12.9675,2024-03-31T04:30:00Z,2024-03-31T05:00:00Z,
12.85,13.4925,2024-03-31T05:00:00Z,2024-03-31T05:30:00Z,
12.81,13.4505,2024-03-31T05:30:00Z,2024-03-31T06:00:00Z,
12.18,12.789,2024-03-31T06:00:00Z,2024-03-31T06:30:00Z,
14.26,14.973,2024-03-31T06:30:00Z,2024-03-31T07:00:00Z,
13.38,14.049,2024-03-31T07:00:00Z,2024-03-31T07:30:00Z,
14.11,14.8155,2024-03-31T07:30:00Z,2024-03-31T08:00:00Z,
13.76,14.448,2024-03-31T08:00:00Z,2024-03-31T08:30:00Z,
13.23,13.8915,2024-03-31T08:30:00Z,2024-03-31T09:00:00Z,
13.02,13.671,2024-03-31T09:00:00Z,2024-03-31T09:30:00Z,
12.6,13.23,2024-03-31T09:30:00Z,2024-03-31T10:00:00Z,
10.75,11.2875,2024-03-31T10:00:00Z,2024-03-31T10:30:00Z,
10.75,11.2875,2024-03-31T10:30:00Z,2024-03-31T11:00:00Z,
10.75,11.2875,2024-03-31T11:00:00Z,2024-03-31T11:30:00Z,
10.79,11.3295,2024-03-31T11:30:00Z,2024-03-31T12:00:00Z,
10.29,10.8045,2024-03-31T12:00:00Z,2024-03-31T12:30:00Z,
9.91,10.4055,2024-03-31T12:30:00Z,2024-03-31T13:00:00Z,
10.5,11.025,2024-03-31T13:00:00Z,2024-03-31T13:30:00Z,
10.25,10.7625,2024-03-31T13:30:00Z,2024-03-31T14:00:00Z,
10.23,10.7415,2024-03-31T14:00:00Z,2024-03-31T14:30:00Z,
11.42,11.991,2024-03-31T14:30:00Z,2024-03-31T15:00:00Z,
24.55,25.7775,2024-03-31T15:00:00Z,2024-03-31T15:30:00Z,
25.22,26.481,2024-03-31T15:30:00Z,2024-03-31T16:00:00Z,
27.7,29.085,2024-03-31T16:00:00Z,2024-03-31T16:30:00Z,
30.64,32.172,2024-03-31T16:30:00Z,2024-03-31T17:00:00Z,
30.81,32.3505,2024-03-31T17:00:00Z,2024-03-31T17:30:00Z,
31.23,32.7915,2024-03-31T17:30:00Z,2024-03-31T18:00:00Z,
15.79,16.5795,2024-03-31T18:00:00Z,2024-03-31T18:30:00Z,
15.79,16.5795,2024-03-31T18:30:00Z,2024-03-31T19:00:00Z,
17.64,18.522,2024-03-31T19:00:00Z,2024-03-31T19:30:00Z,
13.69,14.3745,2024-03-31T19:30:00Z,2024-03-31T20:00:00Z,
14.28,14.994,2024-03-31T20:00:00Z,2024-03-31T20:30:00Z,
10.92,11.466,2024-03-31T20:30:00Z,2024-03-31T21:00:00Z,
11.76,12.348,2024-03-31T21:00:00Z,2024-03-31T21:30:00Z,
8.48,8.904,2024-03-31T21:30:00Z,2024-03-31T22:00:00Z,
11.76,12.348,2024-03-31T22:00:00Z,2024-03-31T22:30:00Z,
11.55,12.1275,2024-03-31T22:30:00Z,2024-03-31T23:00:00Z,
9.62,10.101,2024-03-31T23:00:00Z,2024-03-31T23:30:00Z,
7.39,7.7595,2024-03-31T23:30:00Z,2024-04-01T00:00:00Z,
7.39,7.7595,2024-04-01T00:00:00Z,2024-04-01T00:30:00Z,
8.4,8.82,2024-04-01T00:30:00Z,2024-04-01T01:00:00Z,
8.92,9.366,2024-04-01T01:00:00Z,2024-04-01T01:30:00Z,
7.89,8.2845,2024-04-01T01:30:00Z,2024-04-01T02:00:00Z,
7.75,8.1375,2024-04-01T02:00:00Z,2024-04-01T02:30:00Z,
9.3,9.765,2024-04-01T02:30:00Z,2024-04-01T03:00:00Z,
7.81,8.2005,2024-04-01T03:00:00Z,2024-04-01T03:30:00Z,
9.24,9.702,2024-04-01T03:30:00Z,2024-04-01T04:00:00Z,
7.77,8.1585,2024-04-01T04:00:00Z,2024-04-01T04:30:00Z,
9.64,10.122,2024-04-01T04:30:00Z,2024-04-01T05:00:00Z,
10.27,10.7835,2024-04-01T05:00:00Z,2024-04-01T05:30:00Z,
11.55,12.1275,2024-04-01T05:30:00Z,2024-04-01T06:00:00Z,
11.0,11.55,2024-04-01T06:00:00Z,2024-04-01T06:30:00Z,
13.65,14.3325,2024-04-01T06:30:00Z,2024-04-01T07:00:00Z,
13.67,14.3535,2024-04-01T07:00:00Z,2024-04-01T07:30:00Z,
14.7,15.435,2024-04-01T07:30:00Z,2024-04-01T08:00:00Z,
15.53,16.3065,2024-04-01T08:00:00Z,2024-04-01T08:30:00Z,
15.6,16.38,2024-04-01T08:30:00Z,2024-04-01T09:00:00Z,
15.79,16.5795,2024-04-01T09:00:00Z,2024-04-01T09:30:00Z,
15.29,16.0545,2024-04-01T09:30:00Z,2024-04-01T10:00:00Z,
16.13,16.9365,2024-04-01T10:00:00Z,2024-04-01T10:30:00Z,
16.13,16.9365,2024-04-01T10:30:00Z,2024-04-01T11:00:00Z,
16.11,16.9155,2024-04-01T11:00:00Z,2024-04-01T11:30:00Z,
15.75,16.5375,2024-04-01T11:30:00Z,2024-04-01T12:00:00Z,
12.6,13.23,2024-04-01T12:00:00Z,2024-04-01T12:30:00Z,
11.55,12.1275,2024-04-01T12:30:00Z,2024-04-01T13:00:00Z,
12.6,13.23,2024-04-01T13:00:00Z,2024-04-01T13:30:00Z,
12.31,12.9255,2024-04-01T13:30:00Z,2024-04-01T14:00:00Z,
11.88,12.474,2024-04-01T14:00:00Z,2024-04-01T14:30:00Z,
12.6,13.23,2024-04-01T14:30:00Z,2024-04-01T15:00:00Z,
24.7,25.935,2024-04-01T15:00:00Z,2024-04-01T15:30:00Z,
25.56,26.838,2024-04-01T15:30:00Z,2024-04-01T16:00:00Z,
27.7,29.085,2024-04-01T16:00:00Z,2024-04-01T16:30:00Z,
28.75,30.1875,2024-04-01T16:30:00Z,2024-04-01T17:00:00Z,
30.72,32.256,2024-04-01T17:00:00Z,2024-04-01T17:30:00Z,
28.9,30.345,2024-04-01T17:30:00Z,2024-04-01T18:00:00Z,
16.46,17.283,2024-04-01T18:00:00Z,2024-04-01T18:30:00Z,
17.22,18.081,2024-04-01T18:30:00Z,2024-04-01T19:00:00Z,
17.74,18.627,2024-04-01T19:00:00Z,2024-04-01T19:30:00Z,
16.7,17.535,2024-04-01T19:30:00Z,2024-04-01T20:00:00Z,
17.18,18.039,2024-04-01T20:00:00Z,2024-04-01T20:30:00Z,
14.91,15.6555,2024-04-01T20:30:00Z,2024-04-01T21:00:00Z,
14.55,15.2775,2024-04-01T21:00:00Z,2024-04-01T21:30:00Z,
14.03,14.7315,2024-04-01T21:30:00Z,2024-04-01T22:00:00Z,
13.65,14.3325,2024-04-01T22:00:00Z,2024-04-01T22:30:00Z,
11.55,12.1275,2024-04-01T22:30:00Z,2024-04-01T23:00:00Z,
11.34,11.907,2024-04-01T23:00:00Z,2024-04-01T23:30:00Z,
11.34,11.907,2024-04-01T23:30:00Z,2024-04-02T00:00:00Z,
11.13,11.6865,2024-04-02T00:00:00Z,2024-04-02T00:30:00Z,
11.34,11.907,2024-04-02T00:30:00Z,2024-04-02T01:00:00Z,
11.68,12.264,2024-04-02T01:00:00Z,2024-04-02T01:30:00Z,
11.13,11.6865,2024-04-02T01:30:00Z,2024-04-02T02:00:00Z,
11.28,11.844,2024-04-02T02:00:00Z,2024-04-02T02:30:00Z,
11.13,11.6865,2024-04-02T02:30:00Z,2024-04-02T03:00:00Z,
11.55,12.1275,2024-04-02T03:00:00Z,2024-04-02T03:30:00Z,
11.13,11.6865,2024-04-02T03:30:00Z,2024-04-02T04:00:00Z,
11.21,11.7705,2024-04-02T04:00:00Z,2024-04-02T04:30:00Z,
12.33,12.9465,2024-04-02T04:30:00Z,2024-04-02T05:00:00Z,
13.65,14.3325,2024-04-02T05:00:00Z,2024-04-02T05:30:00Z,
13.27,13.9335,2024-04-02T05:30:00Z,2024-04-02T06:00:00Z,
13.38,14.049,2024-04-02T06:00:00Z,2024-04-02T06:30:00Z,
15.41,16.1805,2024-04-02T06:30:00Z,2024-04-02T07:00:00Z,
17.85,18.7425,2024-04-02T07:00:00Z,2024-04-02T07:30:00Z,
17.85,18.7425,2024-04-02T07:30:00Z,2024-04-02T08:00:00Z,
17.85,18.7425,2024-04-02T08:00:00Z,2024-04-02T08:30:00Z,
16.17,16.9785,2024-04-02T08:30:00Z,2024-04-02T09:00:00Z,
15.83,16.6215,2024-04-02T09:00:00Z,2024-04-02T09:30:00Z,
15.46,16.233,2024-04-02T09:30:00Z,2024-04-02T10:00:00Z,
14.99,15.7395,2024-04-02T10:00:00Z,2024-04-02T10:30:00Z,
14.99,15.7395,2024-04-02T10:30:00Z,2024-04-02T11:00:00Z,
15.12,15.876,2024-04-02T11:00:00Z,2024-04-02T11:30:00Z,
14.91,15.6555,2024-04-02T11:30:00Z,2024-04-02T12:00:00Z,
14.66,15.393,2024-04-02T12:00:00Z,2024-04-02T12:30:00Z,
13.78,14.469,2024-04-02T12:30:00Z,2024-04-02T13:00:00Z,
13.86,14.553,2024-04-02T13:00:00Z,2024-04-02T13:30:00Z,
13.48,14.154,2024-04-02T13:30:00Z,2024-04-02T14:00:00Z,
14.7,15.435,2024-04-02T14:00:00Z,2024-04-02T14:30:00Z,
14.83,15.5715,2024-04-02T14:30:00Z,2024-04-02T15:00:00Z,
26.31,27.6255,2024-04-02T15:00:00Z,2024-04-02T15:30:00Z,
28.27,29.6835,2024-04-02T15:30:00Z,2024-04-02T16:00:00Z,
28.54,29.967,2024-04-02T16:00:00Z,2024-04-02T16:30:00Z,
29.93,31.4265,2024-04-02T16:30:00Z,2024-04-02T17:00:00Z,
31.69,33.2745,2024-04-02T17:00:00Z,2024-04-02T17:30:00Z,
29.63,31.1115,2024-04-02T17:30:00Z,2024-04-02T18:00:00Z,
18.14,19.047,2024-04-02T18:00:00Z,2024-04-02T18:30:00Z,
17.22,18.081,2024-04-02T18:30:00Z,2024-04-02T19:00:00Z,
15.88,16.674,2024-04-02T19:00:00Z,2024-04-02T19:30:00Z,
14.66,15.393,2024-04-02T19:30:00Z,2024-04-02T20:00:00Z,
13.44,14.112,2024-04-02T20:00:00Z,2024-04-02T20:30:00Z,
13.45,14.1225,2024-04-02T20:30:00Z,2024-04-02T21:00:00Z,
12.83,13.4715,2024-04-02T21:00:00Z,2024-04-02T21:30:00Z,
11.13,11.6865,2024-04-02T21:30:00Z,2024-04-02T22:00:00Z,
14.07,14.7735,2024-04-02T22:00:00Z,2024-04-02T22:30:00Z,
11.78,12.369,2024-04-02T22:30:00Z,2024-04-02T23:00:00Z,
11.02,11.571,2024-04-02T23:00:00Z,2024-04-02T23:30:00Z,
10.31,10.8255,2024-04-02T23:30:00Z,2024-04-03T00:00:00Z,
10.25,10.7625,2024-04-03T00:00:00Z,2024-04-03T00:30:00Z,
10.71,11.2455,2024-04-03T00:30:00Z,2024-04-03T01:00:00Z,
11.02,11.571,2024-04-03T01:00:00Z,2024-04-03T01:30:00Z,
9.11,9.5655,2024-04-03T01:30:00Z,2024-04-03T02:00:00Z,
9.62,10.101,2024-04-03T02:00:00Z,2024-04-03T02:30:00Z,
9.16,9.618,2024-04-03T02:30:00Z,2024-04-03T03:00:00Z,
9.09,9.5445,2024-04-03T03:00:00Z,2024-04-03T03:30:00Z,
8.3,8.715,2024-04-03T03:30:00Z,2024-04-03T04:00:00Z,
10.21,10.7205,2024-04-03T04:00:00Z,2024-04-03T04:30:00Z,
11.13,11.6865,2024-04-03T04:30:00Z,2024-04-03T05:00:00Z,
14.03,14.7315,2024-04-03T05:00:00Z,2024-04-03T05:30:00Z,
14.91,15.6555,2024-04-03T05:30:00Z,2024-04-03T06:00:00Z,
13.9,14.595,2024-04-03T06:00:00Z,2024-04-03T06:30:00Z,
16.72,17.556,2024-04-03T06:30:00Z,2024-04-03T07:00:00Z,
16.25,17.0625,2024-04-03T07:00:00Z,2024-04-03T07:30:00Z,
16.9,17.745,2024-04-03T07:30:00Z,2024-04-03T08:00:00Z,
16.7,17.535,2024-04-03T08:00:00Z,2024-04-03T08:30:00Z,
16.17,16.9785,2024-04-03T08:30:00Z,2024-04-03T09:00:00Z,
13.78,14.469,2024-04-03T09:00:00Z,2024-04-03T09:30:00Z,
13.02,13.671,2024-04-03T09:30:00Z,2024-04-03T10:00:00Z,
12.39,13.0095,2024-04-03T10:00:00Z,2024-04-03T10:30:00Z,
12.41,13.0305,2024-04-03T10:30:00Z,2024-04-03T11:00:00Z,
12.52,13.146,2024-04-03T11:00:00Z,2024-04-03T11:30:00Z,
12.37,12.9885,2024-04-03T11:30:00Z,2024-04-03T12:00:00Z,
11.02,11.571,2024-04-03T12:00:00Z,2024-04-03T12:30:00Z,
9.58,10.059,2024-04-03T12:30:00Z,2024-04-03T13:00:00Z,
9.24,9.702,2024-04-03T13:00:00Z,2024-04-03T13:30:00Z,
9.03,9.4815,2024-04-03T13:30:00Z,2024-04-03T14:00:00Z,
9.79,10.2795,2024-04-03T14:00:00Z,2024-04-03T14:30:00Z,
10.35,10.8675,2024-04-03T14:30:00Z,2024-04-03T15:00:00Z,
24.57,25.7985,2024-04-03T15:00:00Z,2024-04-03T15:30:00Z,
26.02,27.321,2024-04-03T15:30:00Z,2024-04-03T16:00:00Z,
26.23,27.5415,2024-04-03T16:00:00Z,2024-04-03T16:30:00Z,
28.75,30.1875,2024-04-03T16:30:00Z,2024-04-03T17:00:00Z,
30.43,31.9515,2024-04-03T17:00:00Z,2024-04-03T17:30:00Z,
30.85,32.3925,2024-04-03T17:30:00Z,2024-04-03T18:00:00Z,
16.9,17.745,2024-04-03T18:00:00Z,2024-04-03T18:30:00Z,
16.53,17.3565,2024-04-03T18:30:00Z,2024-04-03T19:00:00Z,
15.75,16.5375,2024-04-03T19:00:00Z,2024-04-03T19:30:00Z,
13.82,14.511,2024-04-03T19:30:00Z,2024-04-03T20:00:00Z,
13.73,14.4165,2024-04-03T20:00:00Z,2024-04-03T20:30:00Z,
12.26,12.873,2024-04-03T20:30:00Z,2024-04-03T21:00:00Z,
12.26,12.873,2024-04-03T21:00:00Z,2024-04-03T21:30:00Z,
8.5,8.925,2024-04-03T21:30:00Z,2024-04-03T22:00:00Z,
9.45,9.9225,2024-04-03T22:00:00Z,2024-04-03T22:30:00Z,
8.36,8.778,2024-04-03T22:30:00Z,2024-04-03T23:00:00Z,
8.32,8.736,2024-04-03T23:00:00Z,2024-04-03T23:30:00Z,
8.4,8.82,2024-04-03T23:30:00Z,2024-04-04T00:00:00Z,
8.36,8.778,2024-04-04T00:00:00Z,2024-04-04T00:30:00Z,
9.41,9.8805,2024-04-04T00:30:00Z,2024-04-04T01:00:00Z,
8.97,9.4185,2024-04-04T01:00:00Z,2024-04-04T01:30:00Z,
8.4,8.82,2024-04-04T01:30:00Z,2024-04-04T02:00:00Z,
8.69,9.1245,2024-04-04T02:00:00Z,2024-04-04T02:30:00Z,
8.4,8.82,2024-04-04T02:30:00Z,2024-04-04T03:00:00Z,
8.53,8.9565,2024-04-04T03:00:00Z,2024-04-04T03:30:00Z,
8.53,8.9565,2024-04-04T03:30:00Z,2024-04-04T04:00:00Z,
9.98,10.479,2024-04-04T04:00:00Z,2024-04-04T04:30:00Z,
11.42,11.991,2024-04-04T04:30:00Z,2024-04-04T05:00:00Z,
13.73,14.4165,2024-04-04T05:00:00Z,2024-04-04T05:30:00Z,
12.6,13.23,2024-04-04T05:30:00Z,2024-04-04T06:00:00Z,
12.77,13.4085,2024-04-04T06:00:00Z,2024-04-04T06:30:00Z,
15.96,16.758,2024-04-04T06:30:00Z,2024-04-04T07:00:00Z,
15.54,16.317,2024-04-04T07:00:00Z,2024-04-04T07:30:00Z,
15.54,16.317,2024-04-04T07:30:00Z,2024-04-04T08:00:00Z,
16.44,17.262,2024-04-04T08:00:00Z,2024-04-04T08:30:00Z,
14.57,15.2985,2024-04-04T08:30:00Z,2024-04-04T09:00:00Z,
14.05,14.7525,2024-04-04T09:00:00Z,2024-04-04T09:30:00Z,
14.07,14.7735,2024-04-04T09:30:00Z,2024-04-04T10:00:00Z,
13.59,14.2695,2024-04-04T10:00:00Z,2024-04-04T10:30:00Z,
13.8,14.49,2024-04-04T10:30:00Z,2024-04-04T11:00:00Z,
12.96,13.608,2024-04-04T11:00:00Z,2024-04-04T11:30:00Z,
12.58,13.209,2024-04-04T11:30:00Z,2024-04-04T12:00:00Z,
12.43,13.0515,2024-04-04T12:00:00Z,2024-04-04T12:30:00Z,
12.2,12.81,2024-04-04T12:30:00Z,2024-04-04T13:00:00Z,
11.76,12.348,2024-04-04T13:00:00Z,2024-04-04T13:30:00Z,
11.76,12.348,2024-04-04T13:30:00Z,2024-04-04T14:00:00Z,
11.86,12.453,2024-04-04T14:00:00Z,2024-04-04T14:30:00Z,
12.7,13.335,2024-04-04T14:30:00Z,2024-04-04T15:00:00Z,
25.77,27.0585,2024-04-04T15:00:00Z,2024-04-04T15:30:00Z,
26.65,27.9825,2024-04-04T15:30:00Z,2024-04-04T16:00:00Z,
28.54,29.967,2024-04-04T16:00:00Z,2024-04-04T16:30:00Z,
30.85,32.3925,2024-04-04T16:30:00Z,2024-04-04T17:00:00Z,
30.81,32.3505,2024-04-04T17:00:00Z,2024-04-04T17:30:00Z,
29.78,31.269,2024-04-04T17:30:00Z,2024-04-04T18:00:00Z,
16.46,17.283,2024-04-04T18:00:00Z,2024-04-04T18:30:00Z,
16.38,17.199,2024-04-04T18:30:00Z,2024-04-04T19:00:00Z,
13.88,14.574,2024-04-04T19:00:00Z,2024-04-04T19:30:00Z,
13.86,14.553,2024-04-04T19:30:00Z,2024-04-04T20:00:00Z,
13.76,14.448,2024-04-04T20:00:00Z,2024-04-04T20:30:00Z,
13.38,14.049,2024-04-04T20:30:00Z,2024-04-04T21:00:00Z,
11.57,12.1485,2024-04-04T21:00:00Z,2024-04-04T21:30:00Z,
9.18,9.639,2024-04-04T21:30:00Z,2024-04-04T22:00:00Z,
15.12,15.876,2024-04-04T22:00:00Z,2024-04-04T22:30:00Z,
9.87,10.3635,2024-04-04T22:30:00Z,2024-04-04T23:00:00Z,
10.5,11.025,2024-04-04T23:00:00Z,2024-04-04T23:30:00Z,
7.81,8.2005,2024-04-04T23:30:00Z,2024-04-05T00:00:00Z,
6.79,7.1295,2024-04-05T00:00:00Z,2024-04-05T00:30:00Z,
5.56,5.838,2024-04-05T00:30:00Z,2024-04-05T01:00:00Z,
4.62,4.851,2024-04-05T01:00:00Z,2024-04-05T01:30:00Z,
3.15,3.3075,2024-04-05T01:30:00Z,2024-04-05T02:00:00Z,
3.49,3.6645,2024-04-05T02:00:00Z,2024-04-05T02:30:00Z,
2.52,2.646,2024-04-05T02:30:00Z,2024-04-05T03:00:00Z,
3.82,4.011,2024-04-05T03:00:00Z,2024-04-05T03:30:00Z,
3.82,4.011,2024-04-05T03:30:00Z,2024-04-05T04:00:00Z,
6.24,6.552,2024-04-05T04:00:00Z,2024-04-05T04:30:00Z,
8.4,8.82,2024-04-05T04:30:00Z,2024-04-05T05:00:00Z,
7.06,7.413,2024-04-05T05:00:00Z,2024-04-05T05:30:00Z,
10.96,11.508,2024-04-05T05:30:00Z,2024-04-05T06:00:00Z,
12.18,12.789,2024-04-05T06:00:00Z,2024-04-05T06:30:00Z,
15.79,16.5795,2024-04-05T06:30:00Z,2024-04-05T07:00:00Z,
16.02,16.821,2024-04-05T07:00:00Z,2024-04-05T07:30:00Z,
15.92,16.716,2024-04-05T07:30:00Z,2024-04-05T08:00:00Z,
15.87,16.6635,2024-04-05T08:00:00Z,2024-04-05T08:30:00Z,
14.7,15.435,2024-04-05T08:30:00Z,2024-04-05T09:00:00Z,
12.77,13.4085,2024-04-05T09:00:00Z,2024-04-05T09:30:00Z,
12.6,13.23,2024-04-05T09:30:00Z,2024-04-05T10:00:00Z,
11.53,12.1065,2024-04-05T10:00:00Z,2024-04-05T10:30:00Z,
11.34,11.907,2024-04-05T10:30:00Z,2024-04-05T11:00:00Z,
10.92,11.466,2024-04-05T11:00:00Z,2024-04-05T11:30:00Z,
11.34,11.907,2024-04-05T11:30:00Z,2024-04-05T12:00:00Z,
7.56,7.938,2024-04-05T12:00:00Z,2024-04-05T12:30:00Z,
5.94,6.237,2024-04-05T12:30:00Z,2024-04-05T13:00:00Z,
4.03,4.2315,2024-04-05T13:00:00Z,2024-04-05T13:30:00Z,
3.15,3.3075,2024-04-05T13:30:00Z,2024-04-05T14:00:00Z,
3.15,3.3075,2024-04-05T14:00:00Z,2024-04-05T14:30:00Z,
3.78,3.969,2024-04-05T14:30:00Z,2024-04-05T15:00:00Z,
18.71,19.6455,2024-04-05T15:00:00Z,2024-04-05T15:30:00Z,
21.19,22.2495,2024-04-05T15:30:00Z,2024-04-05T16:00:00Z,
22.79,23.9295,2024-04-05T16:00:00Z,2024-04-05T16:30:00Z,
24.19,25.3995,2024-04-05T16:30:00Z,2024-04-05T17:00:00Z,
25.87,27.1635,2024-04-05T17:00:00Z,2024-04-05T17:30:00Z,
27.26,28.623,2024-04-05T17:30:00Z,2024-04-05T18:00:00Z,
14.09,14.7945,2024-04-05T18:00:00Z,2024-04-05T18:30:00Z,
12.31,12.9255,2024-04-05T18:30:00Z,2024-04-05T19:00:00Z,
13.65,14.3325,2024-04-05T19:00:00Z,2024-04-05T19:30:00Z,
12.1,12.705,2024-04-05T19:30:00Z,2024-04-05T20:00:00Z,
12.89,13.5345,2024-04-05T20:00:00Z,2024-04-05T20:30:00Z,
10.06,10.563,2024-04-05T20:30:00Z,2024-04-05T21:00:00Z,
11.34,11.907,2024-04-05T21:00:00Z,2024-04-05T21:30:00Z,
7.58,7.959,2024-04-05T21:30:00Z,2024-04-05T22:00:00Z,
7.77,8.1585,2024-04-05T22:00:00Z,2024-04-05T22:30:00Z,
3.83,4.0215,2024-04-05T22:30:00Z,2024-04-05T23:00:00Z,
5.1,5.355,2024-04-05T23:00:00Z,2024-04-05T23:30:00Z,
3.51,3.6855,2024-04-05T23:30:00Z,2024-04-06T00:00:00Z,
3.42,3.591,2024-04-06T00:00:00Z,2024-04-06T00:30:00Z,
3.38,3.549,2024-04-06T00:30:00Z,2024-04-06T01:00:00Z,
3.7,3.885,2024-04-06T01:00:00Z,2024-04-06T01:30:00Z,
2.02,2.121,2024-04-06T01:30:00Z,2024-04-06T02:00:00Z,
0.74,0.777,2024-04-06T02:00:00Z,2024-04-06T02:30:00Z,
-1.03,-1.0815,2024-04-06T02:30:00Z,2024-04-06T03:00:00Z,
-0.48,-0.504,2024-04-06T03:00:00Z,2024-04-06T03:30:00Z,
-1.39,-1.4595,2024-04-06T03:30:00Z,2024-04-06T04:00:00Z,
0.02,0.021,2024-04-06T04:00:00Z,2024-04-06T04:30:00Z,
0.21,0.2205,2024-04-06T04:30:00Z,2024-04-06T05:00:00Z,
0.21,0.2205,2024-04-06T05:00:00Z,2024-04-06T05:30:00Z,
0.0,0.0,2024-04-06T05:30:00Z,2024-04-06T06:00:00Z,
-1.62,-1.701,2024-04-06T06:00:00Z,2024-04-06T06:30:00Z,
0.34,0.357,2024-04-06T06:30:00Z,2024-04-06T07:00:00Z,
0.67,0.7035,2024-04-06T07:00:00Z,2024-04-06T07:30:00Z,
2.67,2.8035,2024-04-06T07:30:00Z,2024-04-06T08:00:00Z,
0.0,0.0,2024-04-06T08:00:00Z,2024-04-06T08:30:00Z,
-0.01,-0.0105,2024-04-06T08:30:00Z,2024-04-06T09:00:00Z,
0.65,0.6825,2024-04-06T09:00:00Z,2024-04-06T09:30:00Z,
-0.8,-0.84,2024-04-06T09:30:00Z,2024-04-06T10:00:00Z,
-1.24,-1.302,2024-04-06T10:00:00Z,2024-04-06T10:30:00Z,
-1.6,-1.68,2024-04-06T10:30:00Z,2024-04-06T11:00:00Z,
-1.81,-1.9005,2024-04-06T11:00:00Z,2024-04-06T11:30:00Z,
-2.35,-2.4675,2024-04-06T11:30:00Z,2024-04-06T12:00:00Z,
-3.34,-3.507,2024-04-06T12:00:00Z,2024-04-06T12:30:00Z,
-3.78,-3.969,2024-04-06T12:30:00Z,2024-04-06T13:00:00Z,
-3.34,-3.507,2024-04-06T13:00:00Z,2024-04-06T13:30:00Z,
-3.74,-3.927,2024-04-06T13:30:00Z,2024-04-06T14:00:00Z,
-1.68,-1.764,2024-04-06T14:00:00Z,2024-04-06T14:30:00Z,
-0.21,-0.2205,2024-04-06T14:30:00Z,2024-04-06T15:00:00Z,
11.4,11.97,2024-04-06T15:00:00Z,2024-04-06T15:30:00Z,
13.34,14.007,2024-04-06T15:30:00Z,2024-04-06T16:00:00Z,
16.28,17.094,2024-04-06T16:00:00Z,2024-04-06T16:30:00Z,
20.17,21.1785,2024-04-06T16:30:00Z,2024-04-06T17:00:00Z,
20.35,21.3675,2024-04-06T17:00:00Z,2024-04-06T17:30:00Z,
20.35,21.3675,2024-04-06T17:30:00Z,2024-04-06T18:00:00Z,
7.35,7.7175,2024-04-06T18:00:00Z,2024-04-06T18:30:00Z,
7.08,7.434,2024-04-06T18:30:00Z,2024-04-06T19:00:00Z,
6.7,7.035,2024-04-06T19:00:00Z,2024-04-06T19:30:00Z,
4.89,5.1345,2024-04-06T19:30:00Z,2024-04-06T20:00:00Z,
5.52,5.796,2024-04-06T20:00:00Z,2024-04-06T20:30:00Z,
1.16,1.218,2024-04-06T20:30:00Z,2024-04-06T21:00:00Z,
2.31,2.4255,2024-04-06T21:00:00Z,2024-04-06T21:30:00Z,
-0.63,-0.6615,2024-04-06T21:30:00Z,2024-04-06T22:00:00Z,
2.1,2.205,2024-04-06T22:00:00Z,2024-04-06T22:30:00Z,
1.05,1.1025,2024-04-06T22:30:00Z,2024-04-06T23:00:00Z,
1.05,1.1025,2024-04-06T23:00:00Z,2024-04-06T23:30:00Z,
1.05,1.1025,2024-04-06T23:30:00Z,2024-04-07T00:00:00Z,
-0.34,-0.357,2024-04-07T00:00:00Z,2024-04-07T00:30:00Z,
-0.81,-0.8505,2024-04-07T00:30:00Z,2024-04-07T01:00:00Z,
-0.34,-0.357,2024-04-07T01:00:00Z,2024-04-07T01:30:00Z,
-1.16,-1.218,2024-04-07T01:30:00Z,2024-04-07T02:00:00Z,
-0.34,-0.357,2024-04-07T02:00:00Z,2024-04-07T02:30:00Z,
-0.67,-0.7035,2024-04-07T02:30:00Z,2024-04-07T03:00:00Z,
-0.34,-0.357,2024-04-07T03:00:00Z,2024-04-07T03:30:00Z,
-0.48,-0.504,2024-04-07T03:30:00Z,2024-04-07T04:00:00Z,
-0.34,-0.357,2024-04-07T04:00:00Z,2024-04-07T04:30:00Z,
-0.32,-0.336,2024-04-07T04:30:00Z,2024-04-07T05:00:00Z,
-1.68,-1.764,2024-04-07T05:00:00Z,2024-04-07T05:30:00Z,
-0.34,-0.357,2024-04-07T05:30:00Z,2024-04-07T06:00:00Z,
-0.63,-0.6615,2024-04-07T06:00:00Z,2024-04-07T06:30:00Z,
0.21,0.2205,2024-04-07T06:30:00Z,2024-04-07T07:00:00Z,
-0.34,-0.357,2024-04-07T07:00:00Z,2024-04-07T07:30:00Z,
0.17,0.1785,2024-04-07T07:30:00Z,2024-04-07T08:00:00Z,
0.71,0.7455,2024-04-07T08:00:00Z,2024-04-07T08:30:00Z,
1.47,1.5435,2024-04-07T08:30:00Z,2024-04-07T09:00:00Z,
0.63,0.6615,2024-04-07T09:00:00Z,2024-04-07T09:30:00Z,
0.45,0.4725,2024-04-07T09:30:00Z,2024-04-07T10:00:00Z,
-0.34,-0.357,2024-04-07T10:00:00Z,2024-04-07T10:30:00Z,
-0.34,-0.357,2024-04-07T10:30:00Z,2024-04-07T11:00:00Z,
-0.84,-0.882,2024-04-07T11:00:00Z,2024-04-07T11:30:00Z,
-0.42,-0.441,2024-04-07T11:30:00Z,2024-04-07T12:00:00Z,
-1.66,-1.743,2024-04-07T12:00:00Z,2024-04-07T12:30:00Z,
-1.68,-1.764,2024-04-07T12:30:00Z,2024-04-07T13:00:00Z,
-0.21,-0.2205,2024-04-07T13:00:00Z,2024-04-07T13:30:00Z,
0.0,0.0,2024-04-07T13:30:00Z,2024-04-07T14:00:00Z,
-0.9,-0.945,2024-04-07T14:00:00Z,2024-04-07T14:30:00Z,
0.0,0.0,2024-04-07T14:30:00Z,2024-04-07T15:00:00Z,
13.0,13.65,2024-04-07T15:00:00Z,2024-04-07T15:30:00Z,
13.9,14.595,2024-04-07T15:30:00Z,2024-04-07T16:00:00Z,
16.88,17.724,2024-04-07T16:00:00Z,2024-04-07T16:30:00Z,
19.26,20.223,2024-04-07T16:30:00Z,2024-04-07T17:00:00Z,
22.41,23.5305,2024-04-07T17:00:00Z,2024-04-07T17:30:00Z,
22.74,23.877,2024-04-07T17:30:00Z,2024-04-07T18:00:00Z,
10.35,10.8675,2024-04-07T18:00:00Z,2024-04-07T18:30:00Z,
10.08,10.584,2024-04-07T18:30:00Z,2024-04-07T19:00:00Z,
10.5,11.025,2024-04-07T19:00:00Z,2024-04-07T19:30:00Z,
8.78,9.219,2024-04-07T19:30:00Z,2024-04-07T20:00:00Z,
11.0,11.55,2024-04-07T20:00:00Z,2024-04-07T20:30:00Z,
6.85,7.1925,2024-04-07T20:30:00Z,2024-04-07T21:00:00Z,
8.82,9.261,2024-04-07T21:00:00Z,2024-04-07T21:30:00Z,
3.15,3.3075,2024-04-07T21:30:00Z,2024-04-07T22:00:00Z,
5.46,5.733,2024-04-07T22:00:00Z,2024-04-07T22:30:00Z,
3.15,3.3075,2024-04-07T22:30:00Z,2024-04-07T23:00:00Z,
4.2,4.41,2024-04-07T23:00:00Z,2024-04-07T23:30:00Z,
4.37,4.5885,2024-04-07T23:30:00Z,2024-04-08T00:00:00Z,
5.04,5.292,2024-04-08T00:00:00Z,2024-04-08T00:30:00Z,
7.56,7.938,2024-04-08T00:30:00Z,2024-04-08T01:00:00Z,
6.59,6.9195,2024-04-08T01:00:00Z,2024-04-08T01:30:00Z,
7.04,7.392,2024-04-08T01:30:00Z,2024-04-08T02:00:00Z,
7.24,7.602,2024-04-08T02:00:00Z,2024-04-08T02:30:00Z,
7.43,7.8015,2024-04-08T02:30:00Z,2024-04-08T03:00:00Z,
6.57,6.8985,2024-04-08T03:00:00Z,2024-04-08T03:30:00Z,
8.06,8.463,2024-04-08T03:30:00Z,2024-04-08T04:00:00Z,
10.29,10.8045,2024-04-08T04:00:00Z,2024-04-08T04:30:00Z,
11.99,12.5895,2024-04-08T04:30:00Z,2024-04-08T05:00:00Z,
14.28,14.994,2024-04-08T05:00:00Z,2024-04-08T05:30:00Z,
14.26,14.973,2024-04-08T05:30:00Z,2024-04-08T06:00:00Z,
12.43,13.0515,2024-04-08T06:00:00Z,2024-04-08T06:30:00Z,
16.84,17.682,2024-04-08T06:30:00Z,2024-04-08T07:00:00Z,
14.01,14.7105,2024-04-08T07:00:00Z,2024-04-08T07:30:00Z,
15.75,16.5375,2024-04-08T07:30:00Z,2024-04-08T08:00:00Z,
14.7,15.435,2024-04-08T08:00:00Z,2024-04-08T08:30:00Z,
15.12,15.876,2024-04-08T08:30:00Z,2024-04-08T09:00:00Z,
13.86,14.553,2024-04-08T09:00:00Z,2024-04-08T09:30:00Z,
13.86,14.553,2024-04-08T09:30:00Z,2024-04-08T10:00:00Z,
13.71,14.3955,2024-04-08T10:00:00Z,2024-04-08T10:30:00Z,
13.65,14.3325,2024-04-08T10:30:00Z,2024-04-08T11:00:00Z,
14.7,15.435,2024-04-08T11:00:00Z,2024-04-08T11:30:00Z,
14.78,15.519,2024-04-08T11:30:00Z,2024-04-08T12:00:00Z,
14.7,15.435,2024-04-08T12:00:00Z,2024-04-08T12:30:00Z,
13.76,14.448,2024-04-08T12:30:00Z,2024-04-08T13:00:00Z,
14.28,14.994,2024-04-08T13:00:00Z,2024-04-08T13:30:00Z,
13.15,13.8075,2024-04-08T13:30:00Z,2024-04-08T14:00:00Z,
12.39,13.0095,2024-04-08T14:00:00Z,2024-04-08T14:30:00Z,
12.6,13.23,2024-04-08T14:30:00Z,2024-04-08T15:00:00Z,
27.49,28.8645,2024-04-08T15:00:00Z,2024-04-08T15:30:00Z,
29.38,30.849,2024-04-08T15:30:00Z,2024-04-08T16:00:00Z,
31.06,32.613,2024-04-08T16:00:00Z,2024-04-08T16:30:00Z,
33.16,34.818,2024-04-08T16:30:00Z,2024-04-08T17:00:00Z,
33.5,35.175,2024-04-08T17:00:00Z,2024-04-08T17:30:00Z,
32.91,34.5555,2024-04-08T17:30:00Z,2024-04-08T18:00:00Z,
18.48,19.404,2024-04-08T18:00:00Z,2024-04-08T18:30:00Z,
17.81,18.7005,2024-04-08T18:30:00Z,2024-04-08T19:00:00Z,
14.68,15.414,2024-04-08T19:00:00Z,2024-04-08T19:30:00Z,
14.27,14.9835,2024-04-08T19:30:00Z,2024-04-08T20:00:00Z,
13.73,14.4165,2024-04-08T20:00:00Z,2024-04-08T20:30:00Z,
12.05,12.6525,2024-04-08T20:30:00Z,2024-04-08T21:00:00Z,
14.05,14.7525,2024-04-08T21:00:00Z,2024-04-08T21:30:00Z,
13.23,13.8915,2024-04-08T21:30:00Z,2024-04-08T22:00:00Z,
14.11,14.8155,2024-04-08T22:00:00Z,2024-04-08T22:30:00Z,
13.54,14.217,2024-04-08T22:30:00Z,2024-04-08T23:00:00Z,
11.76,12.348,2024-04-08T23:00:00Z,2024-04-08T23:30:00Z,
11.76,12.348,2024-04-08T23:30:00Z,2024-04-09T00:00:00Z,
11.13,11.6865,2024-04-09T00:00:00Z,2024-04-09T00:30:00Z,
11.13,11.6865,2024-04-09T00:30:00Z,2024-04-09T01:00:00Z,
11.49,12.0645,2024-04-09T01:00:00Z,2024-04-09T01:30:00Z,
9.47,9.9435,2024-04-09T01:30:00Z,2024-04-09T02:00:00Z,
8.19,8.5995,2024-04-09T02:00:00Z,2024-04-09T02:30:00Z,
7.04,7.392,2024-04-09T02:30:00Z,2024-04-09T03:00:00Z,
7.33,7.6965,2024-04-09T03:00:00Z,2024-04-09T03:30:00Z,
5.88,6.174,2024-04-09T03:30:00Z,2024-04-09T04:00:00Z,
7.35,7.7175,2024-04-09T04:00:00Z,2024-04-09T04:30:00Z,
8.46,8.883,2024-04-09T04:30:00Z,2024-04-09T05:00:00Z,
10.5,11.025,2024-04-09T05:00:00Z,2024-04-09T05:30:00Z,
13.65,14.3325,2024-04-09T05:30:00Z,2024-04-09T06:00:00Z,
12.37,12.9885,2024-04-09T06:00:00Z,2024-04-09T06:30:00Z,
14.91,15.6555,2024-04-09T06:30:00Z,2024-04-09T07:00:00Z,
13.5,14.175,2024-04-09T07:00:00Z,2024-04-09T07:30:00Z,
13.86,14.553,2024-04-09T07:30:00Z,2024-04-09T08:00:00Z,
14.26,14.973,2024-04-09T08:00:00Z,2024-04-09T08:30:00Z,
13.61,14.2905,2024-04-09T08:30:00Z,2024-04-09T09:00:00Z,
12.96,13.608,2024-04-09T09:00:00Z,2024-04-09T09:30:00Z,
11.55,12.1275,2024-04-09T09:30:00Z,2024-04-09T10:00:00Z,
8.82,9.261,2024-04-09T10:00:00Z,2024-04-09T10:30:00Z,
8.82,9.261,2024-04-09T10:30:00Z,2024-04-09T11:00:00Z,
8.4,8.82,2024-04-09T11:00:00Z,2024-04-09T11:30:00Z,
5.25,5.5125,2024-04-09T11:30:00Z,2024-04-09T12:00:00Z,
4.6,4.83,2024-04-09T12:00:00Z,2024-04-09T12:30:00Z,
2.46,2.583,2024-04-09T12:30:00Z,2024-04-09T13:00:00Z,
3.15,3.3075,2024-04-09T13:00:00Z,2024-04-09T13:30:00Z,
0.84,0.882,2024-04-09T13:30:00Z,2024-04-09T14:00:00Z,
2.1,2.205,2024-04-09T14:00:00Z,2024-04-09T14:30:00Z,
2.94,3.087,2024-04-09T14:30:00Z,2024-04-09T15:00:00Z,
16.36,17.178,2024-04-09T15:00:00Z,2024-04-09T15:30:00Z,
20.73,21.7665,2024-04-09T15:30:00Z,2024-04-09T16:00:00Z,
21.4,22.47,2024-04-09T16:00:00Z,2024-04-09T16:30:00Z,
23.92,25.116,2024-04-09T16:30:00Z,2024-04-09T17:00:00Z,
26.23,27.5415,2024-04-09T17:00:00Z,2024-04-09T17:30:00Z,
26.65,27.9825,2024-04-09T17:30:00Z,2024-04-09T18:00:00Z,
13.46,14.133,2024-04-09T18:00:00Z,2024-04-09T18:30:00Z,
13.78,14.469,2024-04-09T18:30:00Z,2024-04-09T19:00:00Z,
14.07,14.7735,2024-04-09T19:00:00Z,2024-04-09T19:30:00Z,
13.31,13.9755,2024-04-09T19:30:00Z,2024-04-09T20:00:00Z,
12.08,12.684,2024-04-09T20:00:00Z,2024-04-09T20:30:00Z,
10.02,10.521,2024-04-09T20:30:00Z,2024-04-09T21:00:00Z,
10.08,10.584,2024-04-09T21:00:00Z,2024-04-09T21:30:00Z,
6.09,6.3945,2024-04-09T21:30:00Z,2024-04-09T22:00:00Z,
4.2,4.41,2024-04-09T22:00:00Z,2024-04-09T22:30:00Z,
0.84,0.882,2024-04-09T22:30:00Z,2024-04-09T23:00:00Z,
0.94,0.987,2024-04-09T23:00:00Z,2024-04-09T23:30:00Z,
1.33,1.3965,2024-04-09T23:30:00Z,2024-04-10T00:00:00Z,
0.84,0.882,2024-04-10T00:00:00Z,2024-04-10T00:30:00Z,
3.36,3.528,2024-04-10T00:30:00Z,2024-04-10T01:00:00Z,
2.52,2.646,2024-04-10T01:00:00Z,2024-04-10T01:30:00Z,
3.78,3.969,2024-04-10T01:30:00Z,2024-04-10T02:00:00Z,
4.12,4.326,2024-04-10T02:00:00Z,2024-04-10T02:30:00Z,
5.96,6.258,2024-04-10T02:30:00Z,2024-04-10T03:00:00Z,
7.33,7.6965,2024-04-10T03:00:00Z,2024-04-10T03:30:00Z,
7.46,7.833,2024-04-10T03:30:00Z,2024-04-10T04:00:00Z,
10.5,11.025,2024-04-10T04:00:00Z,2024-04-10T04:30:00Z,
11.55,12.1275,2024-04-10T04:30:00Z,2024-04-10T05:00:00Z,
15.79,16.5795,2024-04-10T05:00:00Z,2024-04-10T05:30:00Z,
16.09,16.8945,2024-04-10T05:30:00Z,2024-04-10T06:00:00Z,
17.68,18.564,2024-04-10T06:00:00Z,2024-04-10T06:30:00Z,
19.72,20.706,2024-04-10T06:30:00Z,2024-04-10T07:00:00Z,
15.83,16.6215,2024-04-10T07:00:00Z,2024-04-10T07:30:00Z,
15.75,16.5375,2024-04-10T07:30:00Z,2024-04-10T08:00:00Z,
15.72,16.506,2024-04-10T08:00:00Z,2024-04-10T08:30:00Z,
14.26,14.973,2024-04-10T08:30:00Z,2024-04-10T09:00:00Z,
12.83,13.4715,2024-04-10T09:00:00Z,2024-04-10T09:30:00Z,
12.85,13.4925,2024-04-10T09:30:00Z,2024-04-10T10:00:00Z,
13.65,14.3325,2024-04-10T10:00:00Z,2024-04-10T10:30:00Z,
13.86,14.553,2024-04-10T10:30:00Z,2024-04-10T11:00:00Z,
12.28,12.894,2024-04-10T11:00:00Z,2024-04-10T11:30:00Z,
11.09,11.6445,2024-04-10T11:30:00Z,2024-04-10T12:00:00Z,
9.45,9.9225,2024-04-10T12:00:00Z,2024-04-10T12:30:00Z,
6.51,6.8355,2024-04-10T12:30:00Z,2024-04-10T13:00:00Z,
5.67,5.9535,2024-04-10T13:00:00Z,2024-04-10T13:30:00Z,
4.2,4.41,2024-04-10T13:30:00Z,2024-04-10T14:00:00Z,
7.12,7.476,2024-04-10T14:00:00Z,2024-04-10T14:30:00Z,
8.11,8.5155,2024-04-10T14:30:00Z,2024-04-10T15:00:00Z,
22.91,24.0555,2024-04-10T15:00:00Z,2024-04-10T15:30:00Z,
25.16,26.418,2024-04-10T15:30:00Z,2024-04-10T16:00:00Z,
25.82,27.111,2024-04-10T16:00:00Z,2024-04-10T16:30:00Z,
27.45,28.8225,2024-04-10T16:30:00Z,2024-04-10T17:00:00Z,
29.86,31.353,2024-04-10T17:00:00Z,2024-04-10T17:30:00Z,
29.3,30.765,2024-04-10T17:30:00Z,2024-04-10T18:00:00Z,
16.17,16.9785,2024-04-10T18:00:00Z,2024-04-10T18:30:00Z,
15.12,15.876,2024-04-10T18:30:00Z,2024-04-10T19:00:00Z,
15.69,16.4745,2024-04-10T19:00:00Z,2024-04-10T19:30:00Z,
14.7,15.435,2024-04-10T19:30:00Z,2024-04-10T20:00:00Z,
13.44,14.112,2024-04-10T20:00:00Z,2024-04-10T20:30:00Z,
8.9,9.345,2024-04-10T20:30:00Z,2024-04-10T21:00:00Z,
7.08,7.434,2024-04-10T21:00:00Z,2024-04-10T21:30:00Z,
0.21,0.2205,2024-04-10T21:30:00Z,2024-04-10T22:00:00Z,
2.1,2.205,2024-04-10T22:00:00Z,2024-04-10T22:30:00Z,
-0.19,-0.1995,2024-04-10T22:30:00Z,2024-04-10T23:00:00Z,
-1.18,-1.239,2024-04-10T23:00:00Z,2024-04-10T23:30:00Z,
-1.47,-1.5435,2024-04-10T23:30:00Z,2024-04-11T00:00:00Z,
-2.1,-2.205,2024-04-11T00:00:00Z,2024-04-11T00:30:00Z,
-0.23,-0.2415,2024-04-11T00:30:00Z,2024-04-11T01:00:00Z,
-1.03,-1.0815,2024-04-11T01:00:00Z,2024-04-11T01:30:00Z,
-2.1,-2.205,2024-04-11T01:30:00Z,2024-04-11T02:00:00Z,
0.1,0.105,2024-04-11T02:00:00Z,2024-04-11T02:30:00Z,
0.1,0.105,2024-04-11T02:30:00Z,2024-04-11T03:00:00Z,
0.17,0.1785,2024-04-11T03:00:00Z,2024-04-11T03:30:00Z,
0.15,0.1575,2024-04-11T03:30:00Z,2024-04-11T04:00:00Z,
1.47,1.5435,2024-04-11T04:00:00Z,2024-04-11T04:30:00Z,
3.7,3.885,2024-04-11T04:30:00Z,2024-04-11T05:00:00Z,
5.14,5.397,2024-04-11T05:00:00Z,2024-04-11T05:30:00Z,
10.5,11.025,2024-04-11T05:30:00Z,2024-04-11T06:00:00Z,
8.82,9.261,2024-04-11T06:00:00Z,2024-04-11T06:30:00Z,
13.44,14.112,2024-04-11T06:30:00Z,2024-04-11T07:00:00Z,
10.44,10.962,2024-04-11T07:00:00Z,2024-04-11T07:30:00Z,
12.01,12.6105,2024-04-11T07:30:00Z,2024-04-11T08:00:00Z,
12.92,13.566,2024-04-11T08:00:00Z,2024-04-11T08:30:00Z,
12.24,12.852,2024-04-11T08:30:00Z,2024-04-11T09:00:00Z,
12.6,13.23,2024-04-11T09:00:00Z,2024-04-11T09:30:00Z,
12.38,12.999,2024-04-11T09:30:00Z,2024-04-11T10:00:00Z,
12.89,13.5345,2024-04-11T10:00:00Z,2024-04-11T10:30:00Z,
12.89,13.5345,2024-04-11T10:30:00Z,2024-04-11T11:00:00Z,
13.06,13.713,2024-04-11T11:00:00Z,2024-04-11T11:30:00Z,
14.04,14.742,2024-04-11T11:30:00Z,2024-04-11T12:00:00Z,
14.7,15.435,2024-04-11T12:00:00Z,2024-04-11T12:30:00Z,
12.89,13.5345,2024-04-11T12:30:00Z,2024-04-11T13:00:00Z,
13.23,13.8915,2024-04-11T13:00:00Z,2024-04-11T13:30:00Z,
13.23,13.8915,2024-04-11T13:30:00Z,2024-04-11T14:00:00Z,
12.45,13.0725,2024-04-11T14:00:00Z,2024-04-11T14:30:00Z,
12.37,12.9885,2024-04-11T14:30:00Z,2024-04-11T15:00:00Z,
26.1,27.405,2024-04-11T15:00:00Z,2024-04-11T15:30:00Z,
26.44,27.762,2024-04-11T15:30:00Z,2024-04-11T16:00:00Z,
27.01,28.3605,2024-04-11T16:00:00Z,2024-04-11T16:30:00Z,
29.59,31.0695,2024-04-11T16:30:00Z,2024-04-11T17:00:00Z,
29.57,31.0485,2024-04-11T17:00:00Z,2024-04-11T17:30:00Z,
28.75,30.1875,2024-04-11T17:30:00Z,2024-04-11T18:00:00Z,
16.51,17.3355,2024-04-11T18:00:00Z,2024-04-11T18:30:00Z,
15.46,16.233,2024-04-11T18:30:00Z,2024-04-11T19:00:00Z,
13.42,14.091,2024-04-11T19:00:00Z,2024-04-11T19:30:00Z,
13.65,14.3325,2024-04-11T19:30:00Z,2024-04-11T20:00:00Z,
13.73,14.4165,2024-04-11T20:00:00Z,2024-04-11T20:30:00Z,
11.97,12.5685,2024-04-11T20:30:00Z,2024-04-11T21:00:00Z,
11.97,12.5685,2024-04-11T21:00:00Z,2024-04-11T21:30:00Z,
7.46,7.833,2024-04-11T21:30:00Z,2024-04-11T22:00:00Z,
5.04,5.292,2024-04-11T22:00:00Z,2024-04-11T22:30:00Z,
1.05,1.1025,2024-04-11T22:30:00Z,2024-04-11T23:00:00Z,
2.44,2.562,2024-04-11T23:00:00Z,2024-04-11T23:30:00Z,
2.1,2.205,2024-04-11T23:30:00Z,2024-04-12T00:00:00Z,
2.94,3.087,2024-04-12T00:00:00Z,2024-04-12T00:30:00Z,
2.79,2.9295,2024-04-12T00:30:00Z,2024-04-12T01:00:00Z,
2.29,2.4045,2024-04-12T01:00:00Z,2024-04-12T01:30:00Z,
2.08,2.184,2024-04-12T01:30:00Z,2024-04-12T02:00:00Z,
1.68,1.764,2024-04-12T02:00:00Z,2024-04-12T02:30:00Z,
1.6,1.68,2024-04-12T02:30:00Z,2024-04-12T03:00:00Z,
1.68,1.764,2024-04-12T03:00:00Z,2024-04-12T03:30:00Z,
1.91,2.0055,2024-04-12T03:30:00Z,2024-04-12T04:00:00Z,
3.28,3.444,2024-04-12T04:00:00Z,2024-04-12T04:30:00Z,
7.35,7.7175,2024-04-12T04:30:00Z,2024-04-12T05:00:00Z,
11.17,11.7285,2024-04-12T05:00:00Z,2024-04-12T05:30:00Z,
14.45,15.1725,2024-04-12T05:30:00Z,2024-04-12T06:00:00Z,
10.5,11.025,2024-04-12T06:00:00Z,2024-04-12T06:30:00Z,
14.13,14.8365,2024-04-12T06:30:00Z,2024-04-12T07:00:00Z,
11.55,12.1275,2024-04-12T07:00:00Z,2024-04-12T07:30:00Z,
11.49,12.0645,2024-04-12T07:30:00Z,2024-04-12T08:00:00Z,
10.08,10.584,2024-04-12T08:00:00Z,2024-04-12T08:30:00Z,
8.4,8.82,2024-04-12T08:30:00Z,2024-04-12T09:00:00Z,
5.23,5.4915,2024-04-12T09:00:00Z,2024-04-12T09:30:00Z,
3.85,4.0425,2024-04-12T09:30:00Z,2024-04-12T10:00:00Z,
1.87,1.9635,2024-04-12T10:00:00Z,2024-04-12T10:30:00Z,
0.42,0.441,2024-04-12T10:30:00Z,2024-04-12T11:00:00Z,
2.1,2.205,2024-04-12T11:00:00Z,2024-04-12T11:30:00Z,
0.0,0.0,2024-04-12T11:30:00Z,2024-04-12T12:00:00Z,
1.01,1.0605,2024-04-12T12:00:00Z,2024-04-12T12:30:00Z,
-1.49,-1.5645,2024-04-12T12:30:00Z,2024-04-12T13:00:00Z,
0.0,0.0,2024-04-12T13:00:00Z,2024-04-12T13:30:00Z,
0.0,0.0,2024-04-12T13:30:00Z,2024-04-12T14:00:00Z,
-0.48,-0.504,2024-04-12T14:00:00Z,2024-04-12T14:30:00Z,
-0.04,-0.042,2024-04-12T14:30:00Z,2024-04-12T15:00:00Z,
14.34,15.057,2024-04-12T15:00:00Z,2024-04-12T15:30:00Z,
17.98,18.879,2024-04-12T15:30:00Z,2024-04-12T16:00:00Z,
19.58,20.559,2024-04-12T16:00:00Z,2024-04-12T16:30:00Z,
23.4,24.57,2024-04-12T16:30:00Z,2024-04-12T17:00:00Z,
25.6,26.88,2024-04-12T17:00:00Z,2024-04-12T17:30:00Z,
25.6,26.88,2024-04-12T17:30:00Z,2024-04-12T18:00:00Z,
13.96,14.658,2024-04-12T18:00:00Z,2024-04-12T18:30:00Z,
10.69,11.2245,2024-04-12T18:30:00Z,2024-04-12T19:00:00Z,
12.6,13.23,2024-04-12T19:00:00Z,2024-04-12T19:30:00Z,
11.55,12.1275,2024-04-12T19:30:00Z,2024-04-12T20:00:00Z,
10.5,11.025,2024-04-12T20:00:00Z,2024-04-12T20:30:00Z,
5.88,6.174,2024-04-12T20:30:00Z,2024-04-12T21:00:00Z,
6.26,6.573,2024-04-12T21:00:00Z,2024-04-12T21:30:00Z,
0.23,0.2415,2024-04-12T21:30:00Z,2024-04-12T22:00:00Z,
7.73,8.1165,2024-04-12T22:00:00Z,2024-04-12T22:30:00Z,
2.75,2.8875,2024-04-12T22:30:00Z,2024-04-12T23:00:00Z,
5.65,5.9325,2024-04-12T23:00:00Z,2024-04-12T23:30:00Z,
4.79,5.0295,2024-04-12T23:30:00Z,2024-04-13T00:00:00Z,
5.36,5.628,2024-04-13T00:00:00Z,2024-04-13T00:30:00Z,
5.67,5.9535,2024-04-13T00:30:00Z,2024-04-13T01:00:00Z,
3.72,3.906,2024-04-13T01:00:00Z,2024-04-13T01:30:00Z,
3.17,3.3285,2024-04-13T01:30:00Z,2024-04-13T02:00:00Z,
3.17,3.3285,2024-04-13T02:00:00Z,2024-04-13T02:30:00Z,
3.02,3.171,2024-04-13T02:30:00Z,2024-04-13T03:00:00Z,
4.87,5.1135,2024-04-13T03:00:00Z,2024-04-13T03:30:00Z,
4.62,4.851,2024-04-13T03:30:00Z,2024-04-13T04:00:00Z,
5.25,5.5125,2024-04-13T04:00:00Z,2024-04-13T04:30:00Z,
6.8,7.14,2024-04-13T04:30:00Z,2024-04-13T05:00:00Z,
6.11,6.4155,2024-04-13T05:00:00Z,2024-04-13T05:30:00Z,
7.01,7.3605,2024-04-13T05:30:00Z,2024-04-13T06:00:00Z,
3.34,3.507,2024-04-13T06:00:00Z,2024-04-13T06:30:00Z,
7.16,7.518,2024-04-13T06:30:00Z,2024-04-13T07:00:00Z,
3.15,3.3075,2024-04-13T07:00:00Z,2024-04-13T07:30:00Z,
5.25,5.5125,2024-04-13T07:30:00Z,2024-04-13T08:00:00Z,
3.15,3.3075,2024-04-13T08:00:00Z,2024-04-13T08:30:00Z,
2.9,3.045,2024-04-13T08:30:00Z,2024-04-13T09:00:00Z,
0.9,0.945,2024-04-13T09:00:00Z,2024-04-13T09:30:00Z,
-1.74,-1.827,2024-04-13T09:30:00Z,2024-04-13T10:00:00Z,
-1.05,-1.1025,2024-04-13T10:00:00Z,2024-04-13T10:30:00Z,
-3.15,-3.3075,2024-04-13T10:30:00Z,2024-04-13T11:00:00Z,
-3.38,-3.549,2024-04-13T11:00:00Z,2024-04-13T11:30:00Z,
-6.3,-6.615,2024-04-13T11:30:00Z,2024-04-13T12:00:00Z,
-5.14,-5.397,2024-04-13T12:00:00Z,2024-04-13T12:30:00Z,
-7.35,-7.7175,2024-04-13T12:30:00Z,2024-04-13T13:00:00Z,
-8.4,-8.82,2024-04-13T13:00:00Z,2024-04-13T13:30:00Z,
-7.35,-7.7175,2024-04-13T13:30:00Z,2024-04-13T14:00:00Z,
-3.38,-3.549,2024-04-13T14:00:00Z,2024-04-13T14:30:00Z,
-2.69,-2.8245,2024-04-13T14:30:00Z,2024-04-13T15:00:00Z,
10.9,11.445,2024-04-13T15:00:00Z,2024-04-13T15:30:00Z,
14.78,15.519,2024-04-13T15:30:00Z,2024-04-13T16:00:00Z,
15.1,15.855,2024-04-13T16:00:00Z,2024-04-13T16:30:00Z,
18.25,19.1625,2024-04-13T16:30:00Z,2024-04-13T17:00:00Z,
19.8,20.79,2024-04-13T17:00:00Z,2024-04-13T17:30:00Z,
19.93,20.9265,2024-04-13T17:30:00Z,2024-04-13T18:00:00Z,
7.52,7.896,2024-04-13T18:00:00Z,2024-04-13T18:30:00Z,
8.4,8.82,2024-04-13T18:30:00Z,2024-04-13T19:00:00Z,
6.91,7.2555,2024-04-13T19:00:00Z,2024-04-13T19:30:00Z,
7.83,8.2215,2024-04-13T19:30:00Z,2024-04-13T20:00:00Z,
9.24,9.702,2024-04-13T20:00:00Z,2024-04-13T20:30:00Z,
5.04,5.292,2024-04-13T20:30:00Z,2024-04-13T21:00:00Z,
8.4,8.82,2024-04-13T21:00:00Z,2024-04-13T21:30:00Z,
2.1,2.205,2024-04-13T21:30:00Z,2024-04-13T22:00:00Z,
4.89,5.1345,2024-04-13T22:00:00Z,2024-04-13T22:30:00Z,
-0.82,-0.861,2024-04-13T22:30:00Z,2024-04-13T23:00:00Z,
-0.71,-0.7455,2024-04-13T23:00:00Z,2024-04-13T23:30:00Z,
-0.23,-0.2415,2024-04-13T23:30:00Z,2024-04-14T00:00:00Z,
-0.67,-0.7035,2024-04-14T00:00:00Z,2024-04-14T00:30:00Z,
0.0,0.0,2024-04-14T00:30:00Z,2024-04-14T01:00:00Z,
0.0,0.0,2024-04-14T01:00:00Z,2024-04-14T01:30:00Z,
-0.71,-0.7455,2024-04-14T01:30:00Z,2024-04-14T02:00:00Z,
-1.05,-1.1025,2024-04-14T02:00:00Z,2024-04-14T02:30:00Z,
-1.05,-1.1025,2024-04-14T02:30:00Z,2024-04-14T03:00:00Z,
0.59,0.6195,2024-04-14T03:00:00Z,2024-04-14T03:30:00Z,
0.06,0.063,2024-04-14T03:30:00Z,2024-04-14T04:00:00Z,
0.0,0.0,2024-04-14T04:00:00Z,2024-04-14T04:30:00Z,
1.28,1.344,2024-04-14T04:30:00Z,2024-04-14T05:00:00Z,
1.05,1.1025,2024-04-14T05:00:00Z,2024-04-14T05:30:00Z,
2.81,2.9505,2024-04-14T05:30:00Z,2024-04-14T06:00:00Z,
-1.83,-1.9215,2024-04-14T06:00:00Z,2024-04-14T06:30:00Z,
1.58,1.659,2024-04-14T06:30:00Z,2024-04-14T07:00:00Z,
0.48,0.504,2024-04-14T07:00:00Z,2024-04-14T07:30:00Z,
0.0,0.0,2024-04-14T07:30:00Z,2024-04-14T08:00:00Z,
0.46,0.483,2024-04-14T08:00:00Z,2024-04-14T08:30:00Z,
-1.05,-1.1025,2024-04-14T08:30:00Z,2024-04-14T09:00:00Z,
0.0,0.0,2024-04-14T09:00:00Z,2024-04-14T09:30:00Z,
0.0,0.0,2024-04-14T09:30:00Z,2024-04-14T10:00:00Z,
2.1,2.205,2024-04-14T10:00:00Z,2024-04-14T10:30:00Z,
2.1,2.205,2024-04-14T10:30:00Z,2024-04-14T11:00:00Z,
3.15,3.3075,2024-04-14T11:00:00Z,2024-04-14T11:30:00Z,
2.1,2.205,2024-04-14T11:30:00Z,2024-04-14T12:00:00Z,
-0.25,-0.2625,2024-04-14T12:00:00Z,2024-04-14T12:30:00Z,
-3.88,-4.074,2024-04-14T12:30:00Z,2024-04-14T13:00:00Z,
-0.34,-0.357,2024-04-14T13:00:00Z,2024-04-14T13:30:00Z,
0.84,0.882,2024-04-14T13:30:00Z,2024-04-14T14:00:00Z,
-2.1,-2.205,2024-04-14T14:00:00Z,2024-04-14T14:30:00Z,
0.21,0.2205,2024-04-14T14:30:00Z,2024-04-14T15:00:00Z,
17.49,18.3645,2024-04-14T15:00:00Z,2024-04-14T15:30:00Z,
20.56,21.588,2024-04-14T15:30:00Z,2024-04-14T16:00:00Z,
26.02,27.321,2024-04-14T16:00:00Z,2024-04-14T16:30:00Z,
26.65,27.9825,2024-04-14T16:30:00Z,2024-04-14T17:00:00Z,
30.28,31.794,2024-04-14T17:00:00Z,2024-04-14T17:30:00Z,
30.18,31.689,2024-04-14T17:30:00Z,2024-04-14T18:00:00Z,
17.85,18.7425,2024-04-14T18:00:00Z,2024-04-14T18:30:00Z,
15.89,16.6845,2024-04-14T18:30:00Z,2024-04-14T19:00:00Z,
17.81,18.7005,2024-04-14T19:00:00Z,2024-04-14T19:30:00Z,
16.8,17.64,2024-04-14T19:30:00Z,2024-04-14T20:00:00Z,
13.65,14.3325,2024-04-14T20:00:00Z,2024-04-14T20:30:00Z,
8.57,8.9985,2024-04-14T20:30:00Z,2024-04-14T21:00:00Z,
6.17,6.4785,2024-04-14T21:00:00Z,2024-04-14T21:30:00Z,
-2.81,-2.9505,2024-04-14T21:30:00Z,2024-04-14T22:00:00Z,
2.31,2.4255,2024-04-14T22:00:00Z,2024-04-14T22:30:00Z,
-2.94,-3.087,2024-04-14T22:30:00Z,2024-04-14T23:00:00Z,
1.68,1.764,2024-04-14T23:00:00Z,2024-04-14T23:30:00Z,
0.25,0.2625,2024-04-14T23:30:00Z,2024-04-15T00:00:00Z,
0.84,0.882,2024-04-15T00:00:00Z,2024-04-15T00:30:00Z,
1.01,1.0605,2024-04-15T00:30:00Z,2024-04-15T01:00:00Z,
1.05,1.1025,2024-04-15T01:00:00Z,2024-04-15T01:30:00Z,
0.67,0.7035,2024-04-15T01:30:00Z,2024-04-15T02:00:00Z,
-0.04,-0.042,2024-04-15T02:00:00Z,2024-04-15T02:30:00Z,
-0.44,-0.462,2024-04-15T02:30:00Z,2024-04-15T03:00:00Z,
0.34,0.357,2024-04-15T03:00:00Z,2024-04-15T03:30:00Z,
0.04,0.042,2024-04-15T03:30:00Z,2024-04-15T04:00:00Z,
-1.01,-1.0605,2024-04-15T04:00:00Z,2024-04-15T04:30:00Z,
0.48,0.504,2024-04-15T04:30:00Z,2024-04-15T05:00:00Z,
0.71,0.7455,2024-04-15T05:00:00Z,2024-04-15T05:30:00Z,
9.76,10.248,2024-04-15T05:30:00Z,2024-04-15T06:00:00Z,
12.56,13.188,2024-04-15T06:00:00Z,2024-04-15T06:30:00Z,
17.22,18.081,2024-04-15T06:30:00Z,2024-04-15T07:00:00Z,
13.44,14.112,2024-04-15T07:00:00Z,2024-04-15T07:30:00Z,
14.07,14.7735,2024-04-15T07:30:00Z,2024-04-15T08:00:00Z,
12.6,13.23,2024-04-15T08:00:00Z,2024-04-15T08:30:00Z,
11.86,12.453,2024-04-15T08:30:00Z,2024-04-15T09:00:00Z,
11.76,12.348,2024-04-15T09:00:00Z,2024-04-15T09:30:00Z,
9.91,10.4055,2024-04-15T09:30:00Z,2024-04-15T10:00:00Z,
8.06,8.463,2024-04-15T10:00:00Z,2024-04-15T10:30:00Z,
5.71,5.9955,2024-04-15T10:30:00Z,2024-04-15T11:00:00Z,
6.38,6.699,2024-04-15T11:00:00Z,2024-04-15T11:30:00Z,
4.2,4.41,2024-04-15T11:30:00Z,2024-04-15T12:00:00Z,
4.2,4.41,2024-04-15T12:00:00Z,2024-04-15T12:30:00Z,
2.1,2.205,2024-04-15T12:30:00Z,2024-04-15T13:00:00Z,
3.21,3.3705,2024-04-15T13:00:00Z,2024-04-15T13:30:00Z,
3.0,3.15,2024-04-15T13:30:00Z,2024-04-15T14:00:00Z,
0.0,0.0,2024-04-15T14:00:00Z,2024-04-15T14:30:00Z,
2.94,3.087,2024-04-15T14:30:00Z,2024-04-15T15:00:00Z,
16.78,17.619,2024-04-15T15:00:00Z,2024-04-15T15:30:00Z,
23.71,24.8955,2024-04-15T15:30:00Z,2024-04-15T16:00:00Z,
21.84,22.932,2024-04-15T16:00:00Z,2024-04-15T16:30:00Z,
26.29,27.6045,2024-04-15T16:30:00Z,2024-04-15T17:00:00Z,
26.57,27.8985,2024-04-15T17:00:00Z,2024-04-15T17:30:00Z,
27.07,28.4235,2024-04-15T17:30:00Z,2024-04-15T18:00:00Z,
14.41,15.1305,2024-04-15T18:00:00Z,2024-04-15T18:30:00Z,
13.23,13.8915,2024-04-15T18:30:00Z,2024-04-15T19:00:00Z,
12.26,12.873,2024-04-15T19:00:00Z,2024-04-15T19:30:00Z,
11.51,12.0855,2024-04-15T19:30:00Z,2024-04-15T20:00:00Z,
12.6,13.23,2024-04-15T20:00:00Z,2024-04-15T20:30:00Z,
6.68,7.014,2024-04-15T20:30:00Z,2024-04-15T21:00:00Z,
9.01,9.4605,2024-04-15T21:00:00Z,2024-04-15T21:30:00Z,
0.0,0.0,2024-04-15T21:30:00Z,2024-04-15T22:00:00Z,
3.41,3.5805,2024-04-15T22:00:00Z,2024-04-15T22:30:00Z,
0.0,0.0,2024-04-15T22:30:00Z,2024-04-15T23:00:00Z,
0.13,0.1365,2024-04-15T23:00:00Z,2024-04-15T23:30:00Z,
0.0,0.0,2024-04-15T23:30:00Z,2024-04-16T00:00:00Z,
0.21,0.2205,2024-04-16T00:00:00Z,2024-04-16T00:30:00Z,
0.59,0.6195,2024-04-16T00:30:00Z,2024-04-16T01:00:00Z,
0.36,0.378,2024-04-16T01:00:00Z,2024-04-16T01:30:00Z,
0.34,0.357,2024-04-16T01:30:00Z,2024-04-16T02:00:00Z,
0.0,0.0,2024-04-16T02:00:00Z,2024-04-16T02:30:00Z,
-0.61,-0.6405,2024-04-16T02:30:00Z,2024-04-16T03:00:00Z,
0.0,0.0,2024-04-16T03:00:00Z,2024-04-16T03:30:00Z,
0.0,0.0,2024-04-16T03:30:00Z,2024-04-16T04:00:00Z,
0.63,0.6615,2024-04-16T04:00:00Z,2024-04-16T04:30:00Z,
4.35,4.5675,2024-04-16T04:30:00Z,2024-04-16T05:00:00Z,
8.4,8.82,2024-04-16T05:00:00Z,2024-04-16T05:30:00Z,
15.75,16.5375,2024-04-16T05:30:00Z,2024-04-16T06:00:00Z,
13.27,13.9335,2024-04-16T06:00:00Z,2024-04-16T06:30:00Z,
16.13,16.9365,2024-04-16T06:30:00Z,2024-04-16T07:00:00Z,
12.94,13.587,2024-04-16T07:00:00Z,2024-04-16T07:30:00Z,
12.39,13.0095,2024-04-16T07:30:00Z,2024-04-16T08:00:00Z,
9.49,9.9645,2024-04-16T08:00:00Z,2024-04-16T08:30:00Z,
8.78,9.219,2024-04-16T08:30:00Z,2024-04-16T09:00:00Z,
8.4,8.82,2024-04-16T09:00:00Z,2024-04-16T09:30:00Z,
8.06,8.463,2024-04-16T09:30:00Z,2024-04-16T10:00:00Z,
7.56,7.938,2024-04-16T10:00:00Z,2024-04-16T10:30:00Z,
7.39,7.7595,2024-04-16T10:30:00Z,2024-04-16T11:00:00Z,
8.4,8.82,2024-04-16T11:00:00Z,2024-04-16T11:30:00Z,
7.73,8.1165,2024-04-16T11:30:00Z,2024-04-16T12:00:00Z,
7.14,7.497,2024-04-16T12:00:00Z,2024-04-16T12:30:00Z,
6.38,6.699,2024-04-16T12:30:00Z,2024-04-16T13:00:00Z,
6.3,6.615,2024-04-16T13:00:00Z,2024-04-16T13:30:00Z,
6.3,6.615,2024-04-16T13:30:00Z,2024-04-16T14:00:00Z,
7.14,7.497,2024-04-16T14:00:00Z,2024-04-16T14:30:00Z,
7.31,7.6755,2024-04-16T14:30:00Z,2024-04-16T15:00:00Z,
22.23,23.3415,2024-04-16T15:00:00Z,2024-04-16T15:30:00Z,
24.76,25.998,2024-04-16T15:30:00Z,2024-04-16T16:00:00Z,
26.44,27.762,2024-04-16T16:00:00Z,2024-04-16T16:30:00Z,
27.91,29.3055,2024-04-16T16:30:00Z,2024-04-16T17:00:00Z,
28.63,30.0615,2024-04-16T17:00:00Z,2024-04-16T17:30:00Z,
30.22,31.731,2024-04-16T17:30:00Z,2024-04-16T18:00:00Z,
18.52,19.446,2024-04-16T18:00:00Z,2024-04-16T18:30:00Z,
18.69,19.6245,2024-04-16T18:30:00Z,2024-04-16T19:00:00Z,
18.9,19.845,2024-04-16T19:00:00Z,2024-04-16T19:30:00Z,
18.69,19.6245,2024-04-16T19:30:00Z,2024-04-16T20:00:00Z,
18.69,19.6245,2024-04-16T20:00:00Z,2024-04-16T20:30:00Z,
16.6,17.43,2024-04-16T20:30:00Z,2024-04-16T21:00:00Z,
16.09,16.8945,2024-04-16T21:00:00Z,2024-04-16T21:30:00Z,
14.22,14.931,2024-04-16T21:30:00Z,2024-04-16T22:00:00Z,
13.88,14.574,2024-04-16T22:00:00Z,2024-04-16T22:30:00Z,
12.92,13.566,2024-04-16T22:30:00Z,2024-04-16T23:00:00Z,
13.65,14.3325,2024-04-16T23:00:00Z,2024-04-16T23:30:00Z,
11.42,11.991,2024-04-16T23:30:00Z,2024-04-17T00:00:00Z,
11.95,12.5475,2024-04-17T00:00:00Z,2024-04-17T00:30:00Z,
11.76,12.348,2024-04-17T00:30:00Z,2024-04-17T01:00:00Z,
11.55,12.1275,2024-04-17T01:00:00Z,2024-04-17T01:30:00Z,
10.5,11.025,2024-04-17T01:30:00Z,2024-04-17T02:00:00Z,
10.5,11.025,2024-04-17T02:00:00Z,2024-04-17T02:30:00Z,
9.87,10.3635,2024-04-17T02:30:00Z,2024-04-17T03:00:00Z,
10.42,10.941,2024-04-17T03:00:00Z,2024-04-17T03:30:00Z,
9.07,9.5235,2024-04-17T03:30:00Z,2024-04-17T04:00:00Z,
11.55,12.1275,2024-04-17T04:00:00Z,2024-04-17T04:30:00Z,
12.37,12.9885,2024-04-17T04:30:00Z,2024-04-17T05:00:00Z,
18.9,19.845,2024-04-17T05:00:00Z,2024-04-17T05:30:00Z,
20.16,21.168,2024-04-17T05:30:00Z,2024-04-17T06:00:00Z,
17.64,18.522,2024-04-17T06:00:00Z,2024-04-17T06:30:00Z,
19.56,20.538,2024-04-17T06:30:00Z,2024-04-17T07:00:00Z,
17.39,18.2595,2024-04-17T07:00:00Z,2024-04-17T07:30:00Z,
17.24,18.102,2024-04-17T07:30:00Z,2024-04-17T08:00:00Z,
14.7,15.435,2024-04-17T08:00:00Z,2024-04-17T08:30:00Z,
14.28,14.994,2024-04-17T08:30:00Z,2024-04-17T09:00:00Z,
13.63,14.3115,2024-04-17T09:00:00Z,2024-04-17T09:30:00Z,
13.63,14.3115,2024-04-17T09:30:00Z,2024-04-17T10:00:00Z,
13.31,13.9755,2024-04-17T10:00:00Z,2024-04-17T10:30:00Z,
13.54,14.217,2024-04-17T10:30:00Z,2024-04-17T11:00:00Z,
15.41,16.1805,2024-04-17T11:00:00Z,2024-04-17T11:30:00Z,
14.7,15.435,2024-04-17T11:30:00Z,2024-04-17T12:00:00Z,
14.7,15.435,2024-04-17T12:00:00Z,2024-04-17T12:30:00Z,
14.7,15.435,2024-04-17T12:30:00Z,2024-04-17T13:00:00Z,
14.7,15.435,2024-04-17T13:00:00Z,2024-04-17T13:30:00Z,
13.69,14.3745,2024-04-17T13:30:00Z,2024-04-17T14:00:00Z,
15.25,16.0125,2024-04-17T14:00:00Z,2024-04-17T14:30:00Z,
14.57,15.2985,2024-04-17T14:30:00Z,2024-04-17T15:00:00Z,
27.7,29.085,2024-04-17T15:00:00Z,2024-04-17T15:30:00Z,
27.7,29.085,2024-04-17T15:30:00Z,2024-04-17T16:00:00Z,
28.5,29.925,2024-04-17T16:00:00Z,2024-04-17T16:30:00Z,
29.38,30.849,2024-04-17T16:30:00Z,2024-04-17T17:00:00Z,
32.26,33.873,2024-04-17T17:00:00Z,2024-04-17T17:30:00Z,
32.05,33.6525,2024-04-17T17:30:00Z,2024-04-17T18:00:00Z,
20.37,21.3885,2024-04-17T18:00:00Z,2024-04-17T18:30:00Z,
20.48,21.504,2024-04-17T18:30:00Z,2024-04-17T19:00:00Z,
20.66,21.693,2024-04-17T19:00:00Z,2024-04-17T19:30:00Z,
19.95,20.9475,2024-04-17T19:30:00Z,2024-04-17T20:00:00Z,
17.3,18.165,2024-04-17T20:00:00Z,2024-04-17T20:30:00Z,
14.45,15.1725,2024-04-17T20:30:00Z,2024-04-17T21:00:00Z,
15.12,15.876,2024-04-17T21:00:00Z,2024-04-17T21:30:00Z,
14.24,14.952,2024-04-17T21:30:00Z,2024-04-17T22:00:00Z,
15.92,16.716,2024-04-17T22:00:00Z,2024-04-17T22:30:00Z,
17.01,17.8605,2024-04-17T22:30:00Z,2024-04-17T23:00:00Z,
15.02,15.771,2024-04-17T23:00:00Z,2024-04-17T23:30:00Z,
15.35,16.1175,2024-04-17T23:30:00Z,2024-04-18T00:00:00Z,
14.07,14.7735,2024-04-18T00:00:00Z,2024-04-18T00:30:00Z,
15.31,16.0755,2024-04-18T00:30:00Z,2024-04-18T01:00:00Z,
15.75,16.5375,2024-04-18T01:00:00Z,2024-04-18T01:30:00Z,
15.18,15.939,2024-04-18T01:30:00Z,2024-04-18T02:00:00Z,
14.7,15.435,2024-04-18T02:00:00Z,2024-04-18T02:30:00Z,
13.9,14.595,2024-04-18T02:30:00Z,2024-04-18T03:00:00Z,
15.79,16.5795,2024-04-18T03:00:00Z,2024-04-18T03:30:00Z,
13.9,14.595,2024-04-18T03:30:00Z,2024-04-18T04:00:00Z,
17.96,18.858,2024-04-18T04:00:00Z,2024-04-18T04:30:00Z,
16.8,17.64,2024-04-18T04:30:00Z,2024-04-18T05:00:00Z,
18.9,19.845,2024-04-18T05:00:00Z,2024-04-18T05:30:00Z,
21.63,22.7115,2024-04-18T05:30:00Z,2024-04-18T06:00:00Z,
21.74,22.827,2024-04-18T06:00:00Z,2024-04-18T06:30:00Z,
23.56,24.738,2024-04-18T06:30:00Z,2024-04-18T07:00:00Z,
19.11,20.0655,2024-04-18T07:00:00Z,2024-04-18T07:30:00Z,
19.09,20.0445,2024-04-18T07:30:00Z,2024-04-18T08:00:00Z,
16.38,17.199,2024-04-18T08:00:00Z,2024-04-18T08:30:00Z,
14.83,15.5715,2024-04-18T08:30:00Z,2024-04-18T09:00:00Z,
15.75,16.5375,2024-04-18T09:00:00Z,2024-04-18T09:30:00Z,
15.58,16.359,2024-04-18T09:30:00Z,2024-04-18T10:00:00Z,
14.28,14.994,2024-04-18T10:00:00Z,2024-04-18T10:30:00Z,
14.99,15.7395,2024-04-18T10:30:00Z,2024-04-18T11:00:00Z,
13.9,14.595,2024-04-18T11:00:00Z,2024-04-18T11:30:00Z,
13.65,14.3325,2024-04-18T11:30:00Z,2024-04-18T12:00:00Z,
12.18,12.789,2024-04-18T12:00:00Z,2024-04-18T12:30:00Z,
10.5,11.025,2024-04-18T12:30:00Z,2024-04-18T13:00:00Z,
12.28,12.894,2024-04-18T13:00:00Z,2024-04-18T13:30:00Z,
11.53,12.1065,2024-04-18T13:30:00Z,2024-04-18T14:00:00Z,
12.18,12.789,2024-04-18T14:00:00Z,2024-04-18T14:30:00Z,
12.39,13.0095,2024-04-18T14:30:00Z,2024-04-18T15:00:00Z,
25.6,26.88,2024-04-18T15:00:00Z,2024-04-18T15:30:00Z,
27.53,28.9065,2024-04-18T15:30:00Z,2024-04-18T16:00:00Z,
29.0,30.45,2024-04-18T16:00:00Z,2024-04-18T16:30:00Z,
29.53,31.0065,2024-04-18T16:30:00Z,2024-04-18T17:00:00Z,
31.48,33.054,2024-04-18T17:00:00Z,2024-04-18T17:30:00Z,
30.43,31.9515,2024-04-18T17:30:00Z,2024-04-18T18:00:00Z,
18.9,19.845,2024-04-18T18:00:00Z,2024-04-18T18:30:00Z,
19.49,20.4645,2024-04-18T18:30:00Z,2024-04-18T19:00:00Z,
18.57,19.4985,2024-04-18T19:00:00Z,2024-04-18T19:30:00Z,
17.85,18.7425,2024-04-18T19:30:00Z,2024-04-18T20:00:00Z,
18.9,19.845,2024-04-18T20:00:00Z,2024-04-18T20:30:00Z,
13.9,14.595,2024-04-18T20:30:00Z,2024-04-18T21:00:00Z,
14.53,15.2565,2024-04-18T21:00:00Z,2024-04-18T21:30:00Z,
12.41,13.0305,2024-04-18T21:30:00Z,2024-04-18T22:00:00Z,
10.92,11.466,2024-04-18T22:00:00Z,2024-04-18T22:30:00Z,
7.56,7.938,2024-04-18T22:30:00Z,2024-04-18T23:00:00Z,
9.6,10.08,2024-04-18T23:00:00Z,2024-04-18T23:30:00Z,
8.4,8.82,2024-04-18T23:30:00Z,2024-04-19T00:00:00Z,
6.26,6.573,2024-04-19T00:00:00Z,2024-04-19T00:30:00Z,
8.25,8.6625,2024-04-19T00:30:00Z,2024-04-19T01:00:00Z,
6.93,7.2765,2024-04-19T01:00:00Z,2024-04-19T01:30:00Z,
5.38,5.649,2024-04-19T01:30:00Z,2024-04-19T02:00:00Z,
5.88,6.174,2024-04-19T02:00:00Z,2024-04-19T02:30:00Z,
5.86,6.153,2024-04-19T02:30:00Z,2024-04-19T03:00:00Z,
7.14,7.497,2024-04-19T03:00:00Z,2024-04-19T03:30:00Z,
5.38,5.649,2024-04-19T03:30:00Z,2024-04-19T04:00:00Z,
5.25,5.5125,2024-04-19T04:00:00Z,2024-04-19T04:30:00Z,
6.3,6.615,2024-04-19T04:30:00Z,2024-04-19T05:00:00Z,
9.28,9.744,2024-04-19T05:00:00Z,2024-04-19T05:30:00Z,
14.78,15.519,2024-04-19T05:30:00Z,2024-04-19T06:00:00Z,
11.13,11.6865,2024-04-19T06:00:00Z,2024-04-19T06:30:00Z,
16.11,16.9155,2024-04-19T06:30:00Z,2024-04-19T07:00:00Z,
13.65,14.3325,2024-04-19T07:00:00Z,2024-04-19T07:30:00Z,
13.65,14.3325,2024-04-19T07:30:00Z,2024-04-19T08:00:00Z,
13.42,14.091,2024-04-19T08:00:00Z,2024-04-19T08:30:00Z,
9.45,9.9225,2024-04-19T08:30:00Z,2024-04-19T09:00:00Z,
9.64,10.122,2024-04-19T09:00:00Z,2024-04-19T09:30:00Z,
7.39,7.7595,2024-04-19T09:30:00Z,2024-04-19T10:00:00Z,
9.01,9.4605,2024-04-19T10:00:00Z,2024-04-19T10:30:00Z,
7.79,8.1795,2024-04-19T10:30:00Z,2024-04-19T11:00:00Z,
6.36,6.678,2024-04-19T11:00:00Z,2024-04-19T11:30:00Z,
6.3,6.615,2024-04-19T11:30:00Z,2024-04-19T12:00:00Z,
5.46,5.733,2024-04-19T12:00:00Z,2024-04-19T12:30:00Z,
4.47,4.6935,2024-04-19T12:30:00Z,2024-04-19T13:00:00Z,
5.88,6.174,2024-04-19T13:00:00Z,2024-04-19T13:30:00Z,
5.12,5.376,2024-04-19T13:30:00Z,2024-04-19T14:00:00Z,
4.62,4.851,2024-04-19T14:00:00Z,2024-04-19T14:30:00Z,
6.3,6.615,2024-04-19T14:30:00Z,2024-04-19T15:00:00Z,
20.17,21.1785,2024-04-19T15:00:00Z,2024-04-19T15:30:00Z,
26.41,27.7305,2024-04-19T15:30:00Z,2024-04-19T16:00:00Z,
23.73,24.9165,2024-04-19T16:00:00Z,2024-04-19T16:30:00Z,
26.44,27.762,2024-04-19T16:30:00Z,2024-04-19T17:00:00Z,
26.86,28.203,2024-04-19T17:00:00Z,2024-04-19T17:30:00Z,
28.62,30.051,2024-04-19T17:30:00Z,2024-04-19T18:00:00Z,
18.27,19.1835,2024-04-19T18:00:00Z,2024-04-19T18:30:00Z,
19.09,20.0445,2024-04-19T18:30:00Z,2024-04-19T19:00:00Z,
18.9,19.845,2024-04-19T19:00:00Z,2024-04-19T19:30:00Z,
18.17,19.0785,2024-04-19T19:30:00Z,2024-04-19T20:00:00Z,
19.49,20.4645,2024-04-19T20:00:00Z,2024-04-19T20:30:00Z,
16.8,17.64,2024-04-19T20:30:00Z,2024-04-19T21:00:00Z,
16.19,16.9995,2024-04-19T21:00:00Z,2024-04-19T21:30:00Z,
13.86,14.553,2024-04-19T21:30:00Z,2024-04-19T22:00:00Z,
14.28,14.994,2024-04-19T22:00:00Z,2024-04-19T22:30:00Z,
13.65,14.3325,2024-04-19T22:30:00Z,2024-04-19T23:00:00Z,
13.17,13.8285,2024-04-19T23:00:00Z,2024-04-19T23:30:00Z,
13.23,13.8915,2024-04-19T23:30:00Z,2024-04-20T00:00:00Z,
13.54,14.217,2024-04-20T00:00:00Z,2024-04-20T00:30:00Z,
13.54,14.217,2024-04-20T00:30:00Z,2024-04-20T01:00:00Z,
14.07,14.7735,2024-04-20T01:00:00Z,2024-04-20T01:30:00Z,
13.54,14.217,2024-04-20T01:30:00Z,2024-04-20T02:00:00Z,
13.54,14.217,2024-04-20T02:00:00Z,2024-04-20T02:30:00Z,
13.1,13.755,2024-04-20T02:30:00Z,2024-04-20T03:00:00Z,
13.54,14.217,2024-04-20T03:00:00Z,2024-04-20T03:30:00Z,
13.54,14.217,2024-04-20T03:30:00Z,2024-04-20T04:00:00Z,
12.77,13.4085,2024-04-20T04:00:00Z,2024-04-20T04:30:00Z,
11.42,11.991,2024-04-20T04:30:00Z,2024-04-20T05:00:00Z,
14.45,15.1725,2024-04-20T05:00:00Z,2024-04-20T05:30:00Z,
14.91,15.6555,2024-04-20T05:30:00Z,2024-04-20T06:00:00Z,
16.38,17.199,2024-04-20T06:00:00Z,2024-04-20T06:30:00Z,
16.8,17.64,2024-04-20T06:30:00Z,2024-04-20T07:00:00Z,
16.8,17.64,2024-04-20T07:00:00Z,2024-04-20T07:30:00Z,
15.6,16.38,2024-04-20T07:30:00Z,2024-04-20T08:00:00Z,
16.7,17.535,2024-04-20T08:00:00Z,2024-04-20T08:30:00Z,
16.7,17.535,2024-04-20T08:30:00Z,2024-04-20T09:00:00Z,
15.71,16.4955,2024-04-20T09:00:00Z,2024-04-20T09:30:00Z,
14.93,15.6765,2024-04-20T09:30:00Z,2024-04-20T10:00:00Z,
13.54,14.217,2024-04-20T10:00:00Z,2024-04-20T10:30:00Z,
13.6,14.28,2024-04-20T10:30:00Z,2024-04-20T11:00:00Z,
13.65,14.3325,2024-04-20T11:00:00Z,2024-04-20T11:30:00Z,
13.54,14.217,2024-04-20T11:30:00Z,2024-04-20T12:00:00Z,
12.56,13.188,2024-04-20T12:00:00Z,2024-04-20T12:30:00Z,
11.57,12.1485,2024-04-20T12:30:00Z,2024-04-20T13:00:00Z,
11.68,12.264,2024-04-20T13:00:00Z,2024-04-20T13:30:00Z,
10.92,11.466,2024-04-20T13:30:00Z,2024-04-20T14:00:00Z,
10.08,10.584,2024-04-20T14:00:00Z,2024-04-20T14:30:00Z,
10.71,11.2455,2024-04-20T14:30:00Z,2024-04-20T15:00:00Z,
24.7,25.935,2024-04-20T15:00:00Z,2024-04-20T15:30:00Z,
26.5,27.825,2024-04-20T15:30:00Z,2024-04-20T16:00:00Z,
29.38,30.849,2024-04-20T16:00:00Z,2024-04-20T16:30:00Z,
29.09,30.5445,2024-04-20T16:30:00Z,2024-04-20T17:00:00Z,
30.49,32.0145,2024-04-20T17:00:00Z,2024-04-20T17:30:00Z,
31.29,32.8545,2024-04-20T17:30:00Z,2024-04-20T18:00:00Z,
18.27,19.1835,2024-04-20T18:00:00Z,2024-04-20T18:30:00Z,
18.48,19.404,2024-04-20T18:30:00Z,2024-04-20T19:00:00Z,
18.69,19.6245,2024-04-20T19:00:00Z,2024-04-20T19:30:00Z,
18.8,19.74,2024-04-20T19:30:00Z,2024-04-20T20:00:00Z,
17.7,18.585,2024-04-20T20:00:00Z,2024-04-20T20:30:00Z,
15.52,16.296,2024-04-20T20:30:00Z,2024-04-20T21:00:00Z,
15.17,15.9285,2024-04-20T21:00:00Z,2024-04-20T21:30:00Z,
12.58,13.209,2024-04-20T21:30:00Z,2024-04-20T22:00:00Z,
15.62,16.401,2024-04-20T22:00:00Z,2024-04-20T22:30:00Z,
14.78,15.519,2024-04-20T22:30:00Z,2024-04-20T23:00:00Z,
13.19,13.8495,2024-04-20T23:00:00Z,2024-04-20T23:30:00Z,
12.18,12.789,2024-04-20T23:30:00Z,2024-04-21T00:00:00Z,
12.18,12.789,2024-04-21T00:00:00Z,2024-04-21T00:30:00Z,
12.33,12.9465,2024-04-21T00:30:00Z,2024-04-21T01:00:00Z,
12.18,12.789,2024-04-21T01:00:00Z,2024-04-21T01:30:00Z,
11.36,11.928,2024-04-21T01:30:00Z,2024-04-21T02:00:00Z,
12.18,12.789,2024-04-21T02:00:00Z,2024-04-21T02:30:00Z,
12.1,12.705,2024-04-21T02:30:00Z,2024-04-21T03:00:00Z,
11.15,11.7075,2024-04-21T03:00:00Z,2024-04-21T03:30:00Z,
11.13,11.6865,2024-04-21T03:30:00Z,2024-04-21T04:00:00Z,
11.55,12.1275,2024-04-21T04:00:00Z,2024-04-21T04:30:00Z,
10.5,11.025,2024-04-21T04:30:00Z,2024-04-21T05:00:00Z,
12.18,12.789,2024-04-21T05:00:00Z,2024-04-21T05:30:00Z,
11.34,11.907,2024-04-21T05:30:00Z,2024-04-21T06:00:00Z,
11.86,12.453,2024-04-21T06:00:00Z,2024-04-21T06:30:00Z,
12.34,12.957,2024-04-21T06:30:00Z,2024-04-21T07:00:00Z,
11.55,12.1275,2024-04-21T07:00:00Z,2024-04-21T07:30:00Z,
12.6,13.23,2024-04-21T07:30:00Z,2024-04-21T08:00:00Z,
12.45,13.0725,2024-04-21T08:00:00Z,2024-04-21T08:30:00Z,
12.6,13.23,2024-04-21T08:30:00Z,2024-04-21T09:00:00Z,
13.63,14.3115,2024-04-21T09:00:00Z,2024-04-21T09:30:00Z,
13.63,14.3115,2024-04-21T09:30:00Z,2024-04-21T10:00:00Z,
13.82,14.511,2024-04-21T10:00:00Z,2024-04-21T10:30:00Z,
15.33,16.0965,2024-04-21T10:30:00Z,2024-04-21T11:00:00Z,
17.14,17.997,2024-04-21T11:00:00Z,2024-04-21T11:30:00Z,
16.46,17.283,2024-04-21T11:30:00Z,2024-04-21T12:00:00Z,
16.13,16.9365,2024-04-21T12:00:00Z,2024-04-21T12:30:00Z,
14.57,15.2985,2024-04-21T12:30:00Z,2024-04-21T13:00:00Z,
15.08,15.834,2024-04-21T13:00:00Z,2024-04-21T13:30:00Z,
13.8,14.49,2024-04-21T13:30:00Z,2024-04-21T14:00:00Z,
14.49,15.2145,2024-04-21T14:00:00Z,2024-04-21T14:30:00Z,
14.18,14.889,2024-04-21T14:30:00Z,2024-04-21T15:00:00Z,
26.86,28.203,2024-04-21T15:00:00Z,2024-04-21T15:30:00Z,
27.45,28.8225,2024-04-21T15:30:00Z,2024-04-21T16:00:00Z,
30.43,31.9515,2024-04-21T16:00:00Z,2024-04-21T16:30:00Z,
31.9,33.495,2024-04-21T16:30:00Z,2024-04-21T17:00:00Z,
31.9,33.495,2024-04-21T17:00:00Z,2024-04-21T17:30:00Z,
33.12,34.776,2024-04-21T17:30:00Z,2024-04-21T18:00:00Z,
18.96,19.908,2024-04-21T18:00:00Z,2024-04-21T18:30:00Z,
19.95,20.9475,2024-04-21T18:30:00Z,2024-04-21T19:00:00Z,
20.28,21.294,2024-04-21T19:00:00Z,2024-04-21T19:30:00Z,
19.49,20.4645,2024-04-21T19:30:00Z,2024-04-21T20:00:00Z,
19.15,20.1075,2024-04-21T20:00:00Z,2024-04-21T20:30:00Z,
16.8,17.64,2024-04-21T20:30:00Z,2024-04-21T21:00:00Z,
16.98,17.829,2024-04-21T21:00:00Z,2024-04-21T21:30:00Z,
12.87,13.5135,2024-04-21T21:30:00Z,2024-04-21T22:00:00Z,
14.57,15.2985,2024-04-21T22:00:00Z,2024-04-21T22:30:00Z,
13.82,14.511,2024-04-21T22:30:00Z,2024-04-21T23:00:00Z,
13.82,14.511,2024-04-21T23:00:00Z,2024-04-21T23:30:00Z,
13.82,14.511,2024-04-21T23:30:00Z,2024-04-22T00:00:00Z,
13.82,14.511,2024-04-22T00:00:00Z,2024-04-22T00:30:00Z,
13.82,14.511,2024-04-22T00:30:00Z,2024-04-22T01:00:00Z,
13.67,14.3535,2024-04-22T01:00:00Z,2024-04-22T01:30:00Z,
13.1,13.755,2024-04-22T01:30:00Z,2024-04-22T02:00:00Z,
13.57,14.2485,2024-04-22T02:00:00Z,2024-04-22T02:30:00Z,
13.82,14.511,2024-04-22T02:30:00Z,2024-04-22T03:00:00Z,
13.65,14.3325,2024-04-22T03:00:00Z,2024-04-22T03:30:00Z,
13.23,13.8915,2024-04-22T03:30:00Z,2024-04-22T04:00:00Z,
16.74,17.577,2024-04-22T04:00:00Z,2024-04-22T04:30:00Z,
17.01,17.8605,2024-04-22T04:30:00Z,2024-04-22T05:00:00Z,
20.98,22.029,2024-04-22T05:00:00Z,2024-04-22T05:30:00Z,
20.73,21.7665,2024-04-22T05:30:00Z,2024-04-22T06:00:00Z,
21.0,22.05,2024-04-22T06:00:00Z,2024-04-22T06:30:00Z,
23.12,24.276,2024-04-22T06:30:00Z,2024-04-22T07:00:00Z,
17.83,18.7215,2024-04-22T07:00:00Z,2024-04-22T07:30:00Z,
17.85,18.7425,2024-04-22T07:30:00Z,2024-04-22T08:00:00Z,
16.21,17.0205,2024-04-22T08:00:00Z,2024-04-22T08:30:00Z,
16.09,16.8945,2024-04-22T08:30:00Z,2024-04-22T09:00:00Z,
15.2,15.96,2024-04-22T09:00:00Z,2024-04-22T09:30:00Z,
15.22,15.981,2024-04-22T09:30:00Z,2024-04-22T10:00:00Z,
14.66,15.393,2024-04-22T10:00:00Z,2024-04-22T10:30:00Z,
15.12,15.876,2024-04-22T10:30:00Z,2024-04-22T11:00:00Z,
15.54,16.317,2024-04-22T11:00:00Z,2024-04-22T11:30:00Z,
14.72,15.456,2024-04-22T11:30:00Z,2024-04-22T12:00:00Z,
14.49,15.2145,2024-04-22T12:00:00Z,2024-04-22T12:30:00Z,
13.82,14.511,2024-04-22T12:30:00Z,2024-04-22T13:00:00Z,
13.65,14.3325,2024-04-22T13:00:00Z,2024-04-22T13:30:00Z,
13.57,14.2485,2024-04-22T13:30:00Z,2024-04-22T14:00:00Z,
13.65,14.3325,2024-04-22T14:00:00Z,2024-04-22T14:30:00Z,
13.65,14.3325,2024-04-22T14:30:00Z,2024-04-22T15:00:00Z,
28.12,29.526,2024-04-22T15:00:00Z,2024-04-22T15:30:00Z,
27.7,29.085,2024-04-22T15:30:00Z,2024-04-22T16:00:00Z,
29.8,31.29,2024-04-22T16:00:00Z,2024-04-22T16:30:00Z,
30.85,32.3925,2024-04-22T16:30:00Z,2024-04-22T17:00:00Z,
32.57,34.1985,2024-04-22T17:00:00Z,2024-04-22T17:30:00Z,
32.03,33.6315,2024-04-22T17:30:00Z,2024-04-22T18:00:00Z,
19.45,20.4225,2024-04-22T18:00:00Z,2024-04-22T18:30:00Z,
18.48,19.404,2024-04-22T18:30:00Z,2024-04-22T19:00:00Z,
18.33,19.2465,2024-04-22T19:00:00Z,2024-04-22T19:30:00Z,
17.43,18.3015,2024-04-22T19:30:00Z,2024-04-22T20:00:00Z,
16.17,16.9785,2024-04-22T20:00:00Z,2024-04-22T20:30:00Z,
15.75,16.5375,2024-04-22T20:30:00Z,2024-04-22T21:00:00Z,
16.51,17.3355,2024-04-22T21:00:00Z,2024-04-22T21:30:00Z,
14.85,15.5925,2024-04-22T21:30:00Z,2024-04-22T22:00:00Z,
14.7,15.435,2024-04-22T22:00:00Z,2024-04-22T22:30:00Z,
14.63,15.3615,2024-04-22T22:30:00Z,2024-04-22T23:00:00Z,
14.18,14.889,2024-04-22T23:00:00Z,2024-04-22T23:30:00Z,
14.18,14.889,2024-04-22T23:30:00Z,2024-04-23T00:00:00Z,
14.09,14.7945,2024-04-23T00:00:00Z,2024-04-23T00:30:00Z,
14.7,15.435,2024-04-23T00:30:00Z,2024-04-23T01:00:00Z,
13.65,14.3325,2024-04-23T01:00:00Z,2024-04-23T01:30:00Z,
13.63,14.3115,2024-04-23T01:30:00Z,2024-04-23T02:00:00Z,
13.34,14.007,2024-04-23T02:00:00Z,2024-04-23T02:30:00Z,
13.36,14.028,2024-04-23T02:30:00Z,2024-04-23T03:00:00Z,
13.86,14.553,2024-04-23T03:00:00Z,2024-04-23T03:30:00Z,
12.6,13.23,2024-04-23T03:30:00Z,2024-04-23T04:00:00Z,
16.17,16.9785,2024-04-23T04:00:00Z,2024-04-23T04:30:00Z,
16.84,17.682,2024-04-23T04:30:00Z,2024-04-23T05:00:00Z,
21.13,22.1865,2024-04-23T05:00:00Z,2024-04-23T05:30:00Z,
22.85,23.9925,2024-04-23T05:30:00Z,2024-04-23T06:00:00Z,
21.42,22.491,2024-04-23T06:00:00Z,2024-04-23T06:30:00Z,
23.1,24.255,2024-04-23T06:30:00Z,2024-04-23T07:00:00Z,
18.9,19.845,2024-04-23T07:00:00Z,2024-04-23T07:30:00Z,
19.17,20.1285,2024-04-23T07:30:00Z,2024-04-23T08:00:00Z,
15.88,16.674,2024-04-23T08:00:00Z,2024-04-23T08:30:00Z,
15.31,16.0755,2024-04-23T08:30:00Z,2024-04-23T09:00:00Z,
13.38,14.049,2024-04-23T09:00:00Z,2024-04-23T09:30:00Z,
13.69,14.3745,2024-04-23T09:30:00Z,2024-04-23T10:00:00Z,
13.69,14.3745,2024-04-23T10:00:00Z,2024-04-23T10:30:00Z,
14.49,15.2145,2024-04-23T10:30:00Z,2024-04-23T11:00:00Z,
13.86,14.553,2024-04-23T11:00:00Z,2024-04-23T11:30:00Z,
13.44,14.112,2024-04-23T11:30:00Z,2024-04-23T12:00:00Z,
13.44,14.112,2024-04-23T12:00:00Z,2024-04-23T12:30:00Z,
12.98,13.629,2024-04-23T12:30:00Z,2024-04-23T13:00:00Z,
13.15,13.8075,2024-04-23T13:00:00Z,2024-04-23T13:30:00Z,
12.81,13.4505,2024-04-23T13:30:00Z,2024-04-23T14:00:00Z,
13.15,13.8075,2024-04-23T14:00:00Z,2024-04-23T14:30:00Z,
13.15,13.8075,2024-04-23T14:30:00Z,2024-04-23T15:00:00Z,
26.4,27.72,2024-04-23T15:00:00Z,2024-04-23T15:30:00Z,
27.49,28.8645,2024-04-23T15:30:00Z,2024-04-23T16:00:00Z,
26.99,28.3395,2024-04-23T16:00:00Z,2024-04-23T16:30:00Z,
28.12,29.526,2024-04-23T16:30:00Z,2024-04-23T17:00:00Z,
31.9,33.495,2024-04-23T17:00:00Z,2024-04-23T17:30:00Z,
31.58,33.159,2024-04-23T17:30:00Z,2024-04-23T18:00:00Z,
18.9,19.845,2024-04-23T18:00:00Z,2024-04-23T18:30:00Z,
19.32,20.286,2024-04-23T18:30:00Z,2024-04-23T19:00:00Z,
18.73,19.6665,2024-04-23T19:00:00Z,2024-04-23T19:30:00Z,
17.64,18.522,2024-04-23T19:30:00Z,2024-04-23T20:00:00Z,
18.9,19.845,2024-04-23T20:00:00Z,2024-04-23T20:30:00Z,
13.69,14.3745,2024-04-23T20:30:00Z,2024-04-23T21:00:00Z,
16.65,17.4825,2024-04-23T21:00:00Z,2024-04-23T21:30:00Z,
14.05,14.7525,2024-04-23T21:30:00Z,2024-04-23T22:00:00Z,
13.29,13.9545,2024-04-23T22:00:00Z,2024-04-23T22:30:00Z,
13.23,13.8915,2024-04-23T22:30:00Z,2024-04-23T23:00:00Z,
12.79,13.4295,2024-04-23T23:00:00Z,2024-04-23T23:30:00Z,
12.39,13.0095,2024-04-23T23:30:00Z,2024-04-24T00:00:00Z,
12.39,13.0095,2024-04-24T00:00:00Z,2024-04-24T00:30:00Z,
12.6,13.23,2024-04-24T00:30:00Z,2024-04-24T01:00:00Z,
12.39,13.0095,2024-04-24T01:00:00Z,2024-04-24T01:30:00Z,
12.39,13.0095,2024-04-24T01:30:00Z,2024-04-24T02:00:00Z,
13.25,13.9125,2024-04-24T02:00:00Z,2024-04-24T02:30:00Z,
12.6,13.23,2024-04-24T02:30:00Z,2024-04-24T03:00:00Z,
13.17,13.8285,2024-04-24T03:00:00Z,2024-04-24T03:30:00Z,
12.39,13.0095,2024-04-24T03:30:00Z,2024-04-24T04:00:00Z,
14.76,15.498,2024-04-24T04:00:00Z,2024-04-24T04:30:00Z,
14.18,14.889,2024-04-24T04:30:00Z,2024-04-24T05:00:00Z,
16.8,17.64,2024-04-24T05:00:00Z,2024-04-24T05:30:00Z,
18.19,19.0995,2024-04-24T05:30:00Z,2024-04-24T06:00:00Z,
18.82,19.761,2024-04-24T06:00:00Z,2024-04-24T06:30:00Z,
20.92,21.966,2024-04-24T06:30:00Z,2024-04-24T07:00:00Z,
18.13,19.0365,2024-04-24T07:00:00Z,2024-04-24T07:30:00Z,
18.14,19.047,2024-04-24T07:30:00Z,2024-04-24T08:00:00Z,
15.33,16.0965,2024-04-24T08:00:00Z,2024-04-24T08:30:00Z,
14.38,15.099,2024-04-24T08:30:00Z,2024-04-24T09:00:00Z,
13.96,14.658,2024-04-24T09:00:00Z,2024-04-24T09:30:00Z,
13.44,14.112,2024-04-24T09:30:00Z,2024-04-24T10:00:00Z,
13.67,14.3535,2024-04-24T10:00:00Z,2024-04-24T10:30:00Z,
13.78,14.469,2024-04-24T10:30:00Z,2024-04-24T11:00:00Z,
13.73,14.4165,2024-04-24T11:00:00Z,2024-04-24T11:30:00Z,
13.44,14.112,2024-04-24T11:30:00Z,2024-04-24T12:00:00Z,
12.79,13.4295,2024-04-24T12:00:00Z,2024-04-24T12:30:00Z,
13.09,13.7445,2024-04-24T12:30:00Z,2024-04-24T13:00:00Z,
13.23,13.8915,2024-04-24T13:00:00Z,2024-04-24T13:30:00Z,
12.6,13.23,2024-04-24T13:30:00Z,2024-04-24T14:00:00Z,
13.1,13.755,2024-04-24T14:00:00Z,2024-04-24T14:30:00Z,
13.44,14.112,2024-04-24T14:30:00Z,2024-04-24T15:00:00Z,
27.7,29.085,2024-04-24T15:00:00Z,2024-04-24T15:30:00Z,
27.3,28.665,2024-04-24T15:30:00Z,2024-04-24T16:00:00Z,
28.75,30.1875,2024-04-24T16:00:00Z,2024-04-24T16:30:00Z,
28.54,29.967,2024-04-24T16:30:00Z,2024-04-24T17:00:00Z,
29.59,31.0695,2024-04-24T17:00:00Z,2024-04-24T17:30:00Z,
30.58,32.109,2024-04-24T17:30:00Z,2024-04-24T18:00:00Z,
19.5,20.475,2024-04-24T18:00:00Z,2024-04-24T18:30:00Z,
19.95,20.9475,2024-04-24T18:30:00Z,2024-04-24T19:00:00Z,
19.72,20.706,2024-04-24T19:00:00Z,2024-04-24T19:30:00Z,
19.49,20.4645,2024-04-24T19:30:00Z,2024-04-24T20:00:00Z,
20.04,21.042,2024-04-24T20:00:00Z,2024-04-24T20:30:00Z,
17.64,18.522,2024-04-24T20:30:00Z,2024-04-24T21:00:00Z,
17.81,18.7005,2024-04-24T21:00:00Z,2024-04-24T21:30:00Z,
14.82,15.561,2024-04-24T21:30:00Z,2024-04-24T22:00:00Z,
16.8,17.64,2024-04-24T22:00:00Z,2024-04-24T22:30:00Z,
14.7,15.435,2024-04-24T22:30:00Z,2024-04-24T23:00:00Z,
14.45,15.1725,2024-04-24T23:00:00Z,2024-04-24T23:30:00Z,
13.86,14.553,2024-04-24T23:30:00Z,2024-04-25T00:00:00Z,
13.4,14.07,2024-04-25T00:00:00Z,2024-04-25T00:30:00Z,
13.65,14.3325,2024-04-25T00:30:00Z,2024-04-25T01:00:00Z,
13.4,14.07,2024-04-25T01:00:00Z,2024-04-25T01:30:00Z,
13.34,14.007,2024-04-25T01:30:00Z,2024-04-25T02:00:00Z,
12.96,13.608,2024-04-25T02:00:00Z,2024-04-25T02:30:00Z,
12.28,12.894,2024-04-25T02:30:00Z,2024-04-25T03:00:00Z,
13.4,14.07,2024-04-25T03:00:00Z,2024-04-25T03:30:00Z,
13.02,13.671,2024-04-25T03:30:00Z,2024-04-25T04:00:00Z,
15.25,16.0125,2024-04-25T04:00:00Z,2024-04-25T04:30:00Z,
15.5,16.275,2024-04-25T04:30:00Z,2024-04-25T05:00:00Z,
18.69,19.6245,2024-04-25T05:00:00Z,2024-04-25T05:30:00Z,
19.38,20.349,2024-04-25T05:30:00Z,2024-04-25T06:00:00Z,
18.9,19.845,2024-04-25T06:00:00Z,2024-04-25T06:30:00Z,
22.05,23.1525,2024-04-25T06:30:00Z,2024-04-25T07:00:00Z,
18.48,19.404,2024-04-25T07:00:00Z,2024-04-25T07:30:00Z,
18.82,19.761,2024-04-25T07:30:00Z,2024-04-25T08:00:00Z,
15.75,16.5375,2024-04-25T08:00:00Z,2024-04-25T08:30:00Z,
15.12,15.876,2024-04-25T08:30:00Z,2024-04-25T09:00:00Z,
14.7,15.435,2024-04-25T09:00:00Z,2024-04-25T09:30:00Z,
15.27,16.0335,2024-04-25T09:30:00Z,2024-04-25T10:00:00Z,
13.44,14.112,2024-04-25T10:00:00Z,2024-04-25T10:30:00Z,
13.86,14.553,2024-04-25T10:30:00Z,2024-04-25T11:00:00Z,
13.38,14.049,2024-04-25T11:00:00Z,2024-04-25T11:30:00Z,
13.4,14.07,2024-04-25T11:30:00Z,2024-04-25T12:00:00Z,
13.35,14.0175,2024-04-25T12:00:00Z,2024-04-25T12:30:00Z,
13.21,13.8705,2024-04-25T12:30:00Z,2024-04-25T13:00:00Z,
13.4,14.07,2024-04-25T13:00:00Z,2024-04-25T13:30:00Z,
13.02,13.671,2024-04-25T13:30:00Z,2024-04-25T14:00:00Z,
13.65,14.3325,2024-04-25T14:00:00Z,2024-04-25T14:30:00Z,
14.01,14.7105,2024-04-25T14:30:00Z,2024-04-25T15:00:00Z,
27.32,28.686,2024-04-25T15:00:00Z,2024-04-25T15:30:00Z,
27.7,29.085,2024-04-25T15:30:00Z,2024-04-25T16:00:00Z,
30.24,31.752,2024-04-25T16:00:00Z,2024-04-25T16:30:00Z,
31.27,32.8335,2024-04-25T16:30:00Z,2024-04-25T17:00:00Z,
33.58,35.259,2024-04-25T17:00:00Z,2024-04-25T17:30:00Z,
32.95,34.5975,2024-04-25T17:30:00Z,2024-04-25T18:00:00Z,
20.56,21.588,2024-04-25T18:00:00Z,2024-04-25T18:30:00Z,
20.5,21.525,2024-04-25T18:30:00Z,2024-04-25T19:00:00Z,
20.68,21.714,2024-04-25T19:00:00Z,2024-04-25T19:30:00Z,
20.26,21.273,2024-04-25T19:30:00Z,2024-04-25T20:00:00Z,
18.48,19.404,2024-04-25T20:00:00Z,2024-04-25T20:30:00Z,
15.64,16.422,2024-04-25T20:30:00Z,2024-04-25T21:00:00Z,
17.05,17.9025,2024-04-25T21:00:00Z,2024-04-25T21:30:00Z,
12.6,13.23,2024-04-25T21:30:00Z,2024-04-25T22:00:00Z,
13.96,14.658,2024-04-25T22:00:00Z,2024-04-25T22:30:00Z,
13.59,14.2695,2024-04-25T22:30:00Z,2024-04-25T23:00:00Z,
13.23,13.8915,2024-04-25T23:00:00Z,2024-04-25T23:30:00Z,
13.42,14.091,2024-04-25T23:30:00Z,2024-04-26T00:00:00Z,
13.23,13.8915,2024-04-26T00:00:00Z,2024-04-26T00:30:00Z,
13.44,14.112,2024-04-26T00:30:00Z,2024-04-26T01:00:00Z,
13.42,14.091,2024-04-26T01:00:00Z,2024-04-26T01:30:00Z,
13.42,14.091,2024-04-26T01:30:00Z,2024-04-26T02:00:00Z,
13.38,14.049,2024-04-26T02:00:00Z,2024-04-26T02:30:00Z,
13.23,13.8915,2024-04-26T02:30:00Z,2024-04-26T03:00:00Z,
13.65,14.3325,2024-04-26T03:00:00Z,2024-04-26T03:30:00Z,
13.23,13.8915,2024-04-26T03:30:00Z,2024-04-26T04:00:00Z,
15.58,16.359,2024-04-26T04:00:00Z,2024-04-26T04:30:00Z,
14.49,15.2145,2024-04-26T04:30:00Z,2024-04-26T05:00:00Z,
17.04,17.892,2024-04-26T05:00:00Z,2024-04-26T05:30:00Z,
20.58,21.609,2024-04-26T05:30:00Z,2024-04-26T06:00:00Z,
16.8,17.64,2024-04-26T06:00:00Z,2024-04-26T06:30:00Z,
19.84,20.832,2024-04-26T06:30:00Z,2024-04-26T07:00:00Z,
20.43,21.4515,2024-04-26T07:00:00Z,2024-04-26T07:30:00Z,
19.95,20.9475,2024-04-26T07:30:00Z,2024-04-26T08:00:00Z,
19.66,20.643,2024-04-26T08:00:00Z,2024-04-26T08:30:00Z,
18.06,18.963,2024-04-26T08:30:00Z,2024-04-26T09:00:00Z,
16.76,17.598,2024-04-26T09:00:00Z,2024-04-26T09:30:00Z,
15.94,16.737,2024-04-26T09:30:00Z,2024-04-26T10:00:00Z,
15.02,15.771,2024-04-26T10:00:00Z,2024-04-26T10:30:00Z,
15.06,15.813,2024-04-26T10:30:00Z,2024-04-26T11:00:00Z,
15.12,15.876,2024-04-26T11:00:00Z,2024-04-26T11:30:00Z,
14.7,15.435,2024-04-26T11:30:00Z,2024-04-26T12:00:00Z,
14.06,14.763,2024-04-26T12:00:00Z,2024-04-26T12:30:00Z,
13.94,14.637,2024-04-26T12:30:00Z,2024-04-26T13:00:00Z,
13.44,14.112,2024-04-26T13:00:00Z,2024-04-26T13:30:00Z,
13.23,13.8915,2024-04-26T13:30:00Z,2024-04-26T14:00:00Z,
13.29,13.9545,2024-04-26T14:00:00Z,2024-04-26T14:30:00Z,
13.96,14.658,2024-04-26T14:30:00Z,2024-04-26T15:00:00Z,
27.7,29.085,2024-04-26T15:00:00Z,2024-04-26T15:30:00Z,
28.96,30.408,2024-04-26T15:30:00Z,2024-04-26T16:00:00Z,
30.18,31.689,2024-04-26T16:00:00Z,2024-04-26T16:30:00Z,
31.25,32.8125,2024-04-26T16:30:00Z,2024-04-26T17:00:00Z,
33.81,35.5005,2024-04-26T17:00:00Z,2024-04-26T17:30:00Z,
33.81,35.5005,2024-04-26T17:30:00Z,2024-04-26T18:00:00Z,
21.0,22.05,2024-04-26T18:00:00Z,2024-04-26T18:30:00Z,
20.71,21.7455,2024-04-26T18:30:00Z,2024-04-26T19:00:00Z,
19.72,20.706,2024-04-26T19:00:00Z,2024-04-26T19:30:00Z,
18.69,19.6245,2024-04-26T19:30:00Z,2024-04-26T20:00:00Z,
19.74,20.727,2024-04-26T20:00:00Z,2024-04-26T20:30:00Z,
16.38,17.199,2024-04-26T20:30:00Z,2024-04-26T21:00:00Z,
14.49,15.2145,2024-04-26T21:00:00Z,2024-04-26T21:30:00Z,
14.09,14.7945,2024-04-26T21:30:00Z,2024-04-26T22:00:00Z,
15.75,16.5375,2024-04-26T22:00:00Z,2024-04-26T22:30:00Z,
16.75,17.5875,2024-04-26T22:30:00Z,2024-04-26T23:00:00Z,
16.8,17.64,2024-04-26T23:00:00Z,2024-04-26T23:30:00Z,
15.3,16.065,2024-04-26T23:30:00Z,2024-04-27T00:00:00Z,
15.54,16.317,2024-04-27T00:00:00Z,2024-04-27T00:30:00Z,
16.65,17.4825,2024-04-27T00:30:00Z,2024-04-27T01:00:00Z,
16.7,17.535,2024-04-27T01:00:00Z,2024-04-27T01:30:00Z,
14.49,15.2145,2024-04-27T01:30:00Z,2024-04-27T02:00:00Z,
15.75,16.5375,2024-04-27T02:00:00Z,2024-04-27T02:30:00Z,
14.28,14.994,2024-04-27T02:30:00Z,2024-04-27T03:00:00Z,
14.49,15.2145,2024-04-27T03:00:00Z,2024-04-27T03:30:00Z,
14.15,14.8575,2024-04-27T03:30:00Z,2024-04-27T04:00:00Z,
13.38,14.049,2024-04-27T04:00:00Z,2024-04-27T04:30:00Z,
13.11,13.7655,2024-04-27T04:30:00Z,2024-04-27T05:00:00Z,
13.86,14.553,2024-04-27T05:00:00Z,2024-04-27T05:30:00Z,
15.25,16.0125,2024-04-27T05:30:00Z,2024-04-27T06:00:00Z,
14.62,15.351,2024-04-27T06:00:00Z,2024-04-27T06:30:00Z,
16.7,17.535,2024-04-27T06:30:00Z,2024-04-27T07:00:00Z,
15.96,16.758,2024-04-27T07:00:00Z,2024-04-27T07:30:00Z,
15.96,16.758,2024-04-27T07:30:00Z,2024-04-27T08:00:00Z,
17.3,18.165,2024-04-27T08:00:00Z,2024-04-27T08:30:00Z,
18.27,19.1835,2024-04-27T08:30:00Z,2024-04-27T09:00:00Z,
17.14,17.997,2024-04-27T09:00:00Z,2024-04-27T09:30:00Z,
18.14,19.047,2024-04-27T09:30:00Z,2024-04-27T10:00:00Z,
16.8,17.64,2024-04-27T10:00:00Z,2024-04-27T10:30:00Z,
16.38,17.199,2024-04-27T10:30:00Z,2024-04-27T11:00:00Z,
16.67,17.5035,2024-04-27T11:00:00Z,2024-04-27T11:30:00Z,
16.78,17.619,2024-04-27T11:30:00Z,2024-04-27T12:00:00Z,
15.96,16.758,2024-04-27T12:00:00Z,2024-04-27T12:30:00Z,
14.37,15.0885,2024-04-27T12:30:00Z,2024-04-27T13:00:00Z,
13.38,14.049,2024-04-27T13:00:00Z,2024-04-27T13:30:00Z,
12.6,13.23,2024-04-27T13:30:00Z,2024-04-27T14:00:00Z,
12.6,13.23,2024-04-27T14:00:00Z,2024-04-27T14:30:00Z,
13.38,14.049,2024-04-27T14:30:00Z,2024-04-27T15:00:00Z,
26.38,27.699,2024-04-27T15:00:00Z,2024-04-27T15:30:00Z,
29.34,30.807,2024-04-27T15:30:00Z,2024-04-27T16:00:00Z,
29.59,31.0695,2024-04-27T16:00:00Z,2024-04-27T16:30:00Z,
31.48,33.054,2024-04-27T16:30:00Z,2024-04-27T17:00:00Z,
32.99,34.6395,2024-04-27T17:00:00Z,2024-04-27T17:30:00Z,
32.07,33.6735,2024-04-27T17:30:00Z,2024-04-27T18:00:00Z,
18.69,19.6245,2024-04-27T18:00:00Z,2024-04-27T18:30:00Z,
18.04,18.942,2024-04-27T18:30:00Z,2024-04-27T19:00:00Z,
15.96,16.758,2024-04-27T19:00:00Z,2024-04-27T19:30:00Z,
15.12,15.876,2024-04-27T19:30:00Z,2024-04-27T20:00:00Z,
15.12,15.876,2024-04-27T20:00:00Z,2024-04-27T20:30:00Z,
14.32,15.036,2024-04-27T20:30:00Z,2024-04-27T21:00:00Z,
16.8,17.64,2024-04-27T21:00:00Z,2024-04-27T21:30:00Z,
15.75,16.5375,2024-04-27T21:30:00Z,2024-04-27T22:00:00Z,
18.38,19.299,2024-04-27T22:00:00Z,2024-04-27T22:30:00Z,
16.53,17.3565,2024-04-27T22:30:00Z,2024-04-27T23:00:00Z,
16.46,17.283,2024-04-27T23:00:00Z,2024-04-27T23:30:00Z,
16.8,17.64,2024-04-27T23:30:00Z,2024-04-28T00:00:00Z,
15.86,16.653,2024-04-28T00:00:00Z,2024-04-28T00:30:00Z,
15.96,16.758,2024-04-28T00:30:00Z,2024-04-28T01:00:00Z,
15.22,15.981,2024-04-28T01:00:00Z,2024-04-28T01:30:00Z,
13.1,13.755,2024-04-28T01:30:00Z,2024-04-28T02:00:00Z,
12.92,13.566,2024-04-28T02:00:00Z,2024-04-28T02:30:00Z,
11.02,11.571,2024-04-28T02:30:00Z,2024-04-28T03:00:00Z,
10.88,11.424,2024-04-28T03:00:00Z,2024-04-28T03:30:00Z,
10.08,10.584,2024-04-28T03:30:00Z,2024-04-28T04:00:00Z,
11.3,11.865,2024-04-28T04:00:00Z,2024-04-28T04:30:00Z,
11.34,11.907,2024-04-28T04:30:00Z,2024-04-28T05:00:00Z,
10.92,11.466,2024-04-28T05:00:00Z,2024-04-28T05:30:00Z,
12.18,12.789,2024-04-28T05:30:00Z,2024-04-28T06:00:00Z,
11.93,12.5265,2024-04-28T06:00:00Z,2024-04-28T06:30:00Z,
13.65,14.3325,2024-04-28T06:30:00Z,2024-04-28T07:00:00Z,
13.65,14.3325,2024-04-28T07:00:00Z,2024-04-28T07:30:00Z,
16.38,17.199,2024-04-28T07:30:00Z,2024-04-28T08:00:00Z,
16.8,17.64,2024-04-28T08:00:00Z,2024-04-28T08:30:00Z,
17.81,18.7005,2024-04-28T08:30:00Z,2024-04-28T09:00:00Z,
17.64,18.522,2024-04-28T09:00:00Z,2024-04-28T09:30:00Z,
17.47,18.3435,2024-04-28T09:30:00Z,2024-04-28T10:00:00Z,
17.43,18.3015,2024-04-28T10:00:00Z,2024-04-28T10:30:00Z,
18.27,19.1835,2024-04-28T10:30:00Z,2024-04-28T11:00:00Z,
17.85,18.7425,2024-04-28T11:00:00Z,2024-04-28T11:30:00Z,
17.22,18.081,2024-04-28T11:30:00Z,2024-04-28T12:00:00Z,
15.46,16.233,2024-04-28T12:00:00Z,2024-04-28T12:30:00Z,
14.11,14.8155,2024-04-28T12:30:00Z,2024-04-28T13:00:00Z,
11.55,12.1275,2024-04-28T13:00:00Z,2024-04-28T13:30:00Z,
10.42,10.941,2024-04-28T13:30:00Z,2024-04-28T14:00:00Z,
11.09,11.6445,2024-04-28T14:00:00Z,2024-04-28T14:30:00Z,
12.81,13.4505,2024-04-28T14:30:00Z,2024-04-28T15:00:00Z,
25.92,27.216,2024-04-28T15:00:00Z,2024-04-28T15:30:00Z,
28.04,29.442,2024-04-28T15:30:00Z,2024-04-28T16:00:00Z,
28.67,30.1035,2024-04-28T16:00:00Z,2024-04-28T16:30:00Z,
30.01,31.5105,2024-04-28T16:30:00Z,2024-04-28T17:00:00Z,
30.01,31.5105,2024-04-28T17:00:00Z,2024-04-28T17:30:00Z,
30.01,31.5105,2024-04-28T17:30:00Z,2024-04-28T18:00:00Z,
19.22,20.181,2024-04-28T18:00:00Z,2024-04-28T18:30:00Z,
17.56,18.438,2024-04-28T18:30:00Z,2024-04-28T19:00:00Z,
17.24,18.102,2024-04-28T19:00:00Z,2024-04-28T19:30:00Z,
15.96,16.758,2024-04-28T19:30:00Z,2024-04-28T20:00:00Z,
16.8,17.64,2024-04-28T20:00:00Z,2024-04-28T20:30:00Z,
15.48,16.254,2024-04-28T20:30:00Z,2024-04-28T21:00:00Z,
15.39,16.1595,2024-04-28T21:00:00Z,2024-04-28T21:30:00Z,
11.38,11.949,2024-04-28T21:30:00Z,2024-04-28T22:00:00Z,
12.6,13.23,2024-04-28T22:00:00Z,2024-04-28T22:30:00Z,
10.92,11.466,2024-04-28T22:30:00Z,2024-04-28T23:00:00Z,
10.58,11.109,2024-04-28T23:00:00Z,2024-04-28T23:30:00Z,
11.0,11.55,2024-04-28T23:30:00Z,2024-04-29T00:00:00Z,
11.61,12.1905,2024-04-29T00:00:00Z,2024-04-29T00:30:00Z,
11.76,12.348,2024-04-29T00:30:00Z,2024-04-29T01:00:00Z,
12.6,13.23,2024-04-29T01:00:00Z,2024-04-29T01:30:00Z,
12.6,13.23,2024-04-29T01:30:00Z,2024-04-29T02:00:00Z,
12.6,13.23,2024-04-29T02:00:00Z,2024-04-29T02:30:00Z,
12.6,13.23,2024-04-29T02:30:00Z,2024-04-29T03:00:00Z,
13.29,13.9545,2024-04-29T03:00:00Z,2024-04-29T03:30:00Z,
13.06,13.713,2024-04-29T03:30:00Z,2024-04-29T04:00:00Z,
13.88,14.574,2024-04-29T04:00:00Z,2024-04-29T04:30:00Z,
14.7,15.435,2024-04-29T04:30:00Z,2024-04-29T05:00:00Z,
16.8,17.64,2024-04-29T05:00:00Z,2024-04-29T05:30:00Z,
18.82,19.761,2024-04-29T05:30:00Z,2024-04-29T06:00:00Z,
16.96,17.808,2024-04-29T06:00:00Z,2024-04-29T06:30:00Z,
19.15,20.1075,2024-04-29T06:30:00Z,2024-04-29T07:00:00Z,
15.64,16.422,2024-04-29T07:00:00Z,2024-04-29T07:30:00Z,
15.69,16.4745,2024-04-29T07:30:00Z,2024-04-29T08:00:00Z,
14.01,14.7105,2024-04-29T08:00:00Z,2024-04-29T08:30:00Z,
13.73,14.4165,2024-04-29T08:30:00Z,2024-04-29T09:00:00Z,
13.06,13.713,2024-04-29T09:00:00Z,2024-04-29T09:30:00Z,
12.6,13.23,2024-04-29T09:30:00Z,2024-04-29T10:00:00Z,
11.76,12.348,2024-04-29T10:00:00Z,2024-04-29T10:30:00Z,
11.13,11.6865,2024-04-29T10:30:00Z,2024-04-29T11:00:00Z,
10.82,11.361,2024-04-29T11:00:00Z,2024-04-29T11:30:00Z,
10.4,10.92,2024-04-29T11:30:00Z,2024-04-29T12:00:00Z,
10.31,10.8255,2024-04-29T12:00:00Z,2024-04-29T12:30:00Z,
9.07,9.5235,2024-04-29T12:30:00Z,2024-04-29T13:00:00Z,
9.45,9.9225,2024-04-29T13:00:00Z,2024-04-29T13:30:00Z,
8.53,8.9565,2024-04-29T13:30:00Z,2024-04-29T14:00:00Z,
8.4,8.82,2024-04-29T14:00:00Z,2024-04-29T14:30:00Z,
9.45,9.9225,2024-04-29T14:30:00Z,2024-04-29T15:00:00Z,
25.6,26.88,2024-04-29T15:00:00Z,2024-04-29T15:30:00Z,
26.65,27.9825,2024-04-29T15:30:00Z,2024-04-29T16:00:00Z,
28.54,29.967,2024-04-29T16:00:00Z,2024-04-29T16:30:00Z,
29.55,31.0275,2024-04-29T16:30:00Z,2024-04-29T17:00:00Z,
31.9,33.495,2024-04-29T17:00:00Z,2024-04-29T17:30:00Z,
32.49,34.1145,2024-04-29T17:30:00Z,2024-04-29T18:00:00Z,
20.16,21.168,2024-04-29T18:00:00Z,2024-04-29T18:30:00Z,
19.53,20.5065,2024-04-29T18:30:00Z,2024-04-29T19:00:00Z,
18.1,19.005,2024-04-29T19:00:00Z,2024-04-29T19:30:00Z,
18.06,18.963,2024-04-29T19:30:00Z,2024-04-29T20:00:00Z,
17.07,17.9235,2024-04-29T20:00:00Z,2024-04-29T20:30:00Z,
13.38,14.049,2024-04-29T20:30:00Z,2024-04-29T21:00:00Z,
15.54,16.317,2024-04-29T21:00:00Z,2024-04-29T21:30:00Z,
13.23,13.8915,2024-04-29T21:30:00Z,2024-04-29T22:00:00Z,
13.25,13.9125,2024-04-29T22:00:00Z,2024-04-29T22:30:00Z,
13.08,13.734,2024-04-29T22:30:00Z,2024-04-29T23:00:00Z,
11.86,12.453,2024-04-29T23:00:00Z,2024-04-29T23:30:00Z,
11.86,12.453,2024-04-29T23:30:00Z,2024-04-30T00:00:00Z,
12.01,12.6105,2024-04-30T00:00:00Z,2024-04-30T00:30:00Z,
12.66,13.293,2024-04-30T00:30:00Z,2024-04-30T01:00:00Z,
12.6,13.23,2024-04-30T01:00:00Z,2024-04-30T01:30:00Z,
12.03,12.6315,2024-04-30T01:30:00Z,2024-04-30T02:00:00Z,
10.29,10.8045,2024-04-30T02:00:00Z,2024-04-30T02:30:00Z,
10.08,10.584,2024-04-30T02:30:00Z,2024-04-30T03:00:00Z,
12.6,13.23,2024-04-30T03:00:00Z,2024-04-30T03:30:00Z,
12.19,12.7995,2024-04-30T03:30:00Z,2024-04-30T04:00:00Z,
13.44,14.112,2024-04-30T04:00:00Z,2024-04-30T04:30:00Z,
15.6,16.38,2024-04-30T04:30:00Z,2024-04-30T05:00:00Z,
15.75,16.5375,2024-04-30T05:00:00Z,2024-04-30T05:30:00Z,
20.37,21.3885,2024-04-30T05:30:00Z,2024-04-30T06:00:00Z,
17.32,18.186,2024-04-30T06:00:00Z,2024-04-30T06:30:00Z,
19.56,20.538,2024-04-30T06:30:00Z,2024-04-30T07:00:00Z,
18.14,19.047,2024-04-30T07:00:00Z,2024-04-30T07:30:00Z,
17.47,18.3435,2024-04-30T07:30:00Z,2024-04-30T08:00:00Z,
13.76,14.448,2024-04-30T08:00:00Z,2024-04-30T08:30:00Z,
12.68,13.314,2024-04-30T08:30:00Z,2024-04-30T09:00:00Z,
11.17,11.7285,2024-04-30T09:00:00Z,2024-04-30T09:30:00Z,
8.56,8.988,2024-04-30T09:30:00Z,2024-04-30T10:00:00Z,
10.08,10.584,2024-04-30T10:00:00Z,2024-04-30T10:30:00Z,
11.55,12.1275,2024-04-30T10:30:00Z,2024-04-30T11:00:00Z,
10.29,10.8045,2024-04-30T11:00:00Z,2024-04-30T11:30:00Z,
9.24,9.702,2024-04-30T11:30:00Z,2024-04-30T12:00:00Z,
9.03,9.4815,2024-04-30T12:00:00Z,2024-04-30T12:30:00Z,
8.06,8.463,2024-04-30T12:30:00Z,2024-04-30T13:00:00Z,
8.04,8.442,2024-04-30T13:00:00Z,2024-04-30T13:30:00Z,
8.4,8.82,2024-04-30T13:30:00Z,2024-04-30T14:00:00Z,
9.45,9.9225,2024-04-30T14:00:00Z,2024-04-30T14:30:00Z,
10.98,11.529,2024-04-30T14:30:00Z,2024-04-30T15:00:00Z,
24.76,25.998,2024-04-30T15:00:00Z,2024-04-30T15:30:00Z,
26.0,27.3,2024-04-30T15:30:00Z,2024-04-30T16:00:00Z,
26.65,27.9825,2024-04-30T16:00:00Z,2024-04-30T16:30:00Z,
27.38,28.749,2024-04-30T16:30:00Z,2024-04-30T17:00:00Z,
28.12,29.526,2024-04-30T17:00:00Z,2024-04-30T17:30:00Z,
28.52,29.946,2024-04-30T17:30:00Z,2024-04-30T18:00:00Z,
17.58,18.459,2024-04-30T18:00:00Z,2024-04-30T18:30:00Z,
17.85,18.7425,2024-04-30T18:30:00Z,2024-04-30T19:00:00Z,
17.85,18.7425,2024-04-30T19:00:00Z,2024-04-30T19:30:00Z,
17.77,18.6585,2024-04-30T19:30:00Z,2024-04-30T20:00:00Z,
16.8,17.64,2024-04-30T20:00:00Z,2024-04-30T20:30:00Z,
15.33,16.0965,2024-04-30T20:30:00Z,2024-04-30T21:00:00Z,
15.44,16.212,2024-04-30T21:00:00Z,2024-04-30T21:30:00Z,
13.25,13.9125,2024-04-30T21:30:00Z,2024-04-30T22:00:00Z,
13.23,13.8915,2024-04-30T22:00:00Z,2024-04-30T22:30:00Z,
13.02,13.671,2024-04-30T22:30:00Z,2024-04-30T23:00:00Z,
12.01,12.6105,2024-04-30T23:00:00Z,2024-04-30T23:30:00Z,
11.97,12.5685,2024-04-30T23:30:00Z,2024-05-01T00:00:00Z,
12.22,12.831,2024-05-01T00:00:00Z,2024-05-01T00:30:00Z,
12.96,13.608,2024-05-01T00:30:00Z,2024-05-01T01:00:00Z,
12.64,13.272,2024-05-01T01:00:00Z,2024-05-01T01:30:00Z,
12.66,13.293,2024-05-01T01:30:00Z,2024-05-01T02:00:00Z,
11.76,12.348,2024-05-01T02:00:00Z,2024-05-01T02:30:00Z,
11.91,12.5055,2024-05-01T02:30:00Z,2024-05-01T03:00:00Z,
12.26,12.873,2024-05-01T03:00:00Z,2024-05-01T03:30:00Z,
12.56,13.188,2024-05-01T03:30:00Z,2024-05-01T04:00:00Z,
12.87,13.5135,2024-05-01T04:00:00Z,2024-05-01T04:30:00Z,
14.38,15.099,2024-05-01T04:30:00Z,2024-05-01T05:00:00Z,
15.79,16.5795,2024-05-01T05:00:00Z,2024-05-01T05:30:00Z,
15.77,16.5585,2024-05-01T05:30:00Z,2024-05-01T06:00:00Z,
14.7,15.435,2024-05-01T06:00:00Z,2024-05-01T06:30:00Z,
17.85,18.7425,2024-05-01T06:30:00Z,2024-05-01T07:00:00Z,
17.64,18.522,2024-05-01T07:00:00Z,2024-05-01T07:30:00Z,
16.45,17.2725,2024-05-01T07:30:00Z,2024-05-01T08:00:00Z,
17.16,18.018,2024-05-01T08:00:00Z,2024-05-01T08:30:00Z,
16.8,17.64,2024-05-01T08:30:00Z,2024-05-01T09:00:00Z,
17.43,18.3015,2024-05-01T09:00:00Z,2024-05-01T09:30:00Z,
17.64,18.522,2024-05-01T09:30:00Z,2024-05-01T10:00:00Z,
16.8,17.64,2024-05-01T10:00:00Z,2024-05-01T10:30:00Z,
15.52,16.296,2024-05-01T10:30:00Z,2024-05-01T11:00:00Z,
15.46,16.233,2024-05-01T11:00:00Z,2024-05-01T11:30:00Z,
14.49,15.2145,2024-05-01T11:30:00Z,2024-05-01T12:00:00Z,
14.34,15.057,2024-05-01T12:00:00Z,2024-05-01T12:30:00Z,
13.78,14.469,2024-05-01T12:30:00Z,2024-05-01T13:00:00Z,
13.65,14.3325,2024-05-01T13:00:00Z,2024-05-01T13:30:00Z,
13.02,13.671,2024-05-01T13:30:00Z,2024-05-01T14:00:00Z,
13.02,13.671,2024-05-01T14:00:00Z,2024-05-01T14:30:00Z,
13.65,14.3325,2024-05-01T14:30:00Z,2024-05-01T15:00:00Z,
26.23,27.5415,2024-05-01T15:00:00Z,2024-05-01T15:30:00Z,
28.75,30.1875,2024-05-01T15:30:00Z,2024-05-01T16:00:00Z,
28.83,30.2715,2024-05-01T16:00:00Z,2024-05-01T16:30:00Z,
30.41,31.9305,2024-05-01T16:30:00Z,2024-05-01T17:00:00Z,
30.85,32.3925,2024-05-01T17:00:00Z,2024-05-01T17:30:00Z,
29.46,30.933,2024-05-01T17:30:00Z,2024-05-01T18:00:00Z,
17.84,18.732,2024-05-01T18:00:00Z,2024-05-01T18:30:00Z,
17.81,18.7005,2024-05-01T18:30:00Z,2024-05-01T19:00:00Z,
16.8,17.64,2024-05-01T19:00:00Z,2024-05-01T19:30:00Z,
16.02,16.821,2024-05-01T19:30:00Z,2024-05-01T20:00:00Z,
14.78,15.519,2024-05-01T20:00:00Z,2024-05-01T20:30:00Z,
14.58,15.309,2024-05-01T20:30:00Z,2024-05-01T21:00:00Z,
14.28,14.994,2024-05-01T21:00:00Z,2024-05-01T21:30:00Z,
8.61,9.0405,2024-05-01T21:30:00Z,2024-05-01T22:00:00Z,
15.46,16.233,2024-05-01T22:00:00Z,2024-05-01T22:30:00Z,
14.7,15.435,2024-05-01T22:30:00Z,2024-05-01T23:00:00Z,
12.45,13.0725,2024-05-01T23:00:00Z,2024-05-01T23:30:00Z,
12.03,12.6315,2024-05-01T23:30:00Z,2024-05-02T00:00:00Z,
11.76,12.348,2024-05-02T00:00:00Z,2024-05-02T00:30:00Z,
11.76,12.348,2024-05-02T00:30:00Z,2024-05-02T01:00:00Z,
10.08,10.584,2024-05-02T01:00:00Z,2024-05-02T01:30:00Z,
9.72,10.206,2024-05-02T01:30:00Z,2024-05-02T02:00:00Z,
9.24,9.702,2024-05-02T02:00:00Z,2024-05-02T02:30:00Z,
9.07,9.5235,2024-05-02T02:30:00Z,2024-05-02T03:00:00Z,
9.66,10.143,2024-05-02T03:00:00Z,2024-05-02T03:30:00Z,
9.66,10.143,2024-05-02T03:30:00Z,2024-05-02T04:00:00Z,
10.86,11.403,2024-05-02T04:00:00Z,2024-05-02T04:30:00Z,
11.95,12.5475,2024-05-02T04:30:00Z,2024-05-02T05:00:00Z,
12.03,12.6315,2024-05-02T05:00:00Z,2024-05-02T05:30:00Z,
16.13,16.9365,2024-05-02T05:30:00Z,2024-05-02T06:00:00Z,
16.13,16.9365,2024-05-02T06:00:00Z,2024-05-02T06:30:00Z,
18.31,19.2255,2024-05-02T06:30:00Z,2024-05-02T07:00:00Z,
17.81,18.7005,2024-05-02T07:00:00Z,2024-05-02T07:30:00Z,
16.8,17.64,2024-05-02T07:30:00Z,2024-05-02T08:00:00Z,
17.64,18.522,2024-05-02T08:00:00Z,2024-05-02T08:30:00Z,
16.13,16.9365,2024-05-02T08:30:00Z,2024-05-02T09:00:00Z,
14.28,14.994,2024-05-02T09:00:00Z,2024-05-02T09:30:00Z,
14.91,15.6555,2024-05-02T09:30:00Z,2024-05-02T10:00:00Z,
14.13,14.8365,2024-05-02T10:00:00Z,2024-05-02T10:30:00Z,
13.44,14.112,2024-05-02T10:30:00Z,2024-05-02T11:00:00Z,
12.03,12.6315,2024-05-02T11:00:00Z,2024-05-02T11:30:00Z,
12.03,12.6315,2024-05-02T11:30:00Z,2024-05-02T12:00:00Z,
10.29,10.8045,2024-05-02T12:00:00Z,2024-05-02T12:30:00Z,
9.45,9.9225,2024-05-02T12:30:00Z,2024-05-02T13:00:00Z,
8.19,8.5995,2024-05-02T13:00:00Z,2024-05-02T13:30:00Z,
8.17,8.5785,2024-05-02T13:30:00Z,2024-05-02T14:00:00Z,
8.19,8.5995,2024-05-02T14:00:00Z,2024-05-02T14:30:00Z,
9.24,9.702,2024-05-02T14:30:00Z,2024-05-02T15:00:00Z,
23.92,25.116,2024-05-02T15:00:00Z,2024-05-02T15:30:00Z,
25.03,26.2815,2024-05-02T15:30:00Z,2024-05-02T16:00:00Z,
28.02,29.421,2024-05-02T16:00:00Z,2024-05-02T16:30:00Z,
27.7,29.085,2024-05-02T16:30:00Z,2024-05-02T17:00:00Z,
29.32,30.786,2024-05-02T17:00:00Z,2024-05-02T17:30:00Z,
28.31,29.7255,2024-05-02T17:30:00Z,2024-05-02T18:00:00Z,
16.78,17.619,2024-05-02T18:00:00Z,2024-05-02T18:30:00Z,
16.78,17.619,2024-05-02T18:30:00Z,2024-05-02T19:00:00Z,
16.44,17.262,2024-05-02T19:00:00Z,2024-05-02T19:30:00Z,
16.36,17.178,2024-05-02T19:30:00Z,2024-05-02T20:00:00Z,
17.81,18.7005,2024-05-02T20:00:00Z,2024-05-02T20:30:00Z,
14.83,15.5715,2024-05-02T20:30:00Z,2024-05-02T21:00:00Z,
14.26,14.973,2024-05-02T21:00:00Z,2024-05-02T21:30:00Z,
13.34,14.007,2024-05-02T21:30:00Z,2024-05-02T22:00:00Z,
15.75,16.5375,2024-05-02T22:00:00Z,2024-05-02T22:30:00Z,
17.03,17.8815,2024-05-02T22:30:00Z,2024-05-02T23:00:00Z,
15.58,16.359,2024-05-02T23:00:00Z,2024-05-02T23:30:00Z,
13.86,14.553,2024-05-02T23:30:00Z,2024-05-03T00:00:00Z,
13.06,13.713,2024-05-03T00:00:00Z,2024-05-03T00:30:00Z,
13.65,14.3325,2024-05-03T00:30:00Z,2024-05-03T01:00:00Z,
13.86,14.553,2024-05-03T01:00:00Z,2024-05-03T01:30:00Z,
13.23,13.8915,2024-05-03T01:30:00Z,2024-05-03T02:00:00Z,
13.04,13.692,2024-05-03T02:00:00Z,2024-05-03T02:30:00Z,
13.44,14.112,2024-05-03T02:30:00Z,2024-05-03T03:00:00Z,
13.65,14.3325,2024-05-03T03:00:00Z,2024-05-03T03:30:00Z,
12.98,13.629,2024-05-03T03:30:00Z,2024-05-03T04:00:00Z,
12.98,13.629,2024-05-03T04:00:00Z,2024-05-03T04:30:00Z,
12.98,13.629,2024-05-03T04:30:00Z,2024-05-03T05:00:00Z,
14.68,15.414,2024-05-03T05:00:00Z,2024-05-03T05:30:00Z,
14.49,15.2145,2024-05-03T05:30:00Z,2024-05-03T06:00:00Z,
13.67,14.3535,2024-05-03T06:00:00Z,2024-05-03T06:30:00Z,
18.06,18.963,2024-05-03T06:30:00Z,2024-05-03T07:00:00Z,
18.69,19.6245,2024-05-03T07:00:00Z,2024-05-03T07:30:00Z,
17.96,18.858,2024-05-03T07:30:00Z,2024-05-03T08:00:00Z,
18.9,19.845,2024-05-03T08:00:00Z,2024-05-03T08:30:00Z,
16.74,17.577,2024-05-03T08:30:00Z,2024-05-03T09:00:00Z,
18.82,19.761,2024-05-03T09:00:00Z,2024-05-03T09:30:00Z,
18.16,19.068,2024-05-03T09:30:00Z,2024-05-03T10:00:00Z,
17.14,17.997,2024-05-03T10:00:00Z,2024-05-03T10:30:00Z,
16.11,16.9155,2024-05-03T10:30:00Z,2024-05-03T11:00:00Z,
16.8,17.64,2024-05-03T11:00:00Z,2024-05-03T11:30:00Z,
16.32,17.136,2024-05-03T11:30:00Z,2024-05-03T12:00:00Z,
14.2,14.91,2024-05-03T12:00:00Z,2024-05-03T12:30:00Z,
13.61,14.2905,2024-05-03T12:30:00Z,2024-05-03T13:00:00Z,
13.17,13.8285,2024-05-03T13:00:00Z,2024-05-03T13:30:00Z,
13.17,13.8285,2024-05-03T13:30:00Z,2024-05-03T14:00:00Z,
13.1,13.755,2024-05-03T14:00:00Z,2024-05-03T14:30:00Z,
13.61,14.2905,2024-05-03T14:30:00Z,2024-05-03T15:00:00Z,
26.44,27.762,2024-05-03T15:00:00Z,2024-05-03T15:30:00Z,
28.12,29.526,2024-05-03T15:30:00Z,2024-05-03T16:00:00Z,
29.21,30.6705,2024-05-03T16:00:00Z,2024-05-03T16:30:00Z,
29.53,31.0065,2024-05-03T16:30:00Z,2024-05-03T17:00:00Z,
30.85,32.3925,2024-05-03T17:00:00Z,2024-05-03T17:30:00Z,
30.6,32.13,2024-05-03T17:30:00Z,2024-05-03T18:00:00Z,
18.9,19.845,2024-05-03T18:00:00Z,2024-05-03T18:30:00Z,
17.74,18.627,2024-05-03T18:30:00Z,2024-05-03T19:00:00Z,
18.9,19.845,2024-05-03T19:00:00Z,2024-05-03T19:30:00Z,
17.32,18.186,2024-05-03T19:30:00Z,2024-05-03T20:00:00Z,
15.96,16.758,2024-05-03T20:00:00Z,2024-05-03T20:30:00Z,
15.46,16.233,2024-05-03T20:30:00Z,2024-05-03T21:00:00Z,
16.8,17.64,2024-05-03T21:00:00Z,2024-05-03T21:30:00Z,
13.17,13.8285,2024-05-03T21:30:00Z,2024-05-03T22:00:00Z,
14.28,14.994,2024-05-03T22:00:00Z,2024-05-03T22:30:00Z,
15.75,16.5375,2024-05-03T22:30:00Z,2024-05-03T23:00:00Z,
13.23,13.8915,2024-05-03T23:00:00Z,2024-05-03T23:30:00Z,
13.12,13.776,2024-05-03T23:30:00Z,2024-05-04T00:00:00Z,
13.61,14.2905,2024-05-04T00:00:00Z,2024-05-04T00:30:00Z,
13.54,14.217,2024-05-04T00:30:00Z,2024-05-04T01:00:00Z,
13.46,14.133,2024-05-04T01:00:00Z,2024-05-04T01:30:00Z,
13.59,14.2695,2024-05-04T01:30:00Z,2024-05-04T02:00:00Z,
13.23,13.8915,2024-05-04T02:00:00Z,2024-05-04T02:30:00Z,
13.46,14.133,2024-05-04T02:30:00Z,2024-05-04T03:00:00Z,
13.46,14.133,2024-05-04T03:00:00Z,2024-05-04T03:30:00Z,
13.48,14.154,2024-05-04T03:30:00Z,2024-05-04T04:00:00Z,
13.04,13.692,2024-05-04T04:00:00Z,2024-05-04T04:30:00Z,
14.01,14.7105,2024-05-04T04:30:00Z,2024-05-04T05:00:00Z,
14.2,14.91,2024-05-04T05:00:00Z,2024-05-04T05:30:00Z,
14.78,15.519,2024-05-04T05:30:00Z,2024-05-04T06:00:00Z,
14.28,14.994,2024-05-04T06:00:00Z,2024-05-04T06:30:00Z,
14.3,15.015,2024-05-04T06:30:00Z,2024-05-04T07:00:00Z,
13.25,13.9125,2024-05-04T07:00:00Z,2024-05-04T07:30:00Z,
13.88,14.574,2024-05-04T07:30:00Z,2024-05-04T08:00:00Z,
17.45,18.3225,2024-05-04T08:00:00Z,2024-05-04T08:30:00Z,
16.15,16.9575,2024-05-04T08:30:00Z,2024-05-04T09:00:00Z,
17.54,18.417,2024-05-04T09:00:00Z,2024-05-04T09:30:00Z,
14.38,15.099,2024-05-04T09:30:00Z,2024-05-04T10:00:00Z,
16.06,16.863,2024-05-04T10:00:00Z,2024-05-04T10:30:00Z,
15.64,16.422,2024-05-04T10:30:00Z,2024-05-04T11:00:00Z,
13.9,14.595,2024-05-04T11:00:00Z,2024-05-04T11:30:00Z,
13.94,14.637,2024-05-04T11:30:00Z,2024-05-04T12:00:00Z,
13.23,13.8915,2024-05-04T12:00:00Z,2024-05-04T12:30:00Z,
13.12,13.776,2024-05-04T12:30:00Z,2024-05-04T13:00:00Z,
13.38,14.049,2024-05-04T13:00:00Z,2024-05-04T13:30:00Z,
13.25,13.9125,2024-05-04T13:30:00Z,2024-05-04T14:00:00Z,
13.25,13.9125,2024-05-04T14:00:00Z,2024-05-04T14:30:00Z,
13.23,13.8915,2024-05-04T14:30:00Z,2024-05-04T15:00:00Z,
26.42,27.741,2024-05-04T15:00:00Z,2024-05-04T15:30:00Z,
26.23,27.5415,2024-05-04T15:30:00Z,2024-05-04T16:00:00Z,
28.88,30.324,2024-05-04T16:00:00Z,2024-05-04T16:30:00Z,
31.48,33.054,2024-05-04T16:30:00Z,2024-05-04T17:00:00Z,
32.76,34.398,2024-05-04T17:00:00Z,2024-05-04T17:30:00Z,
33.37,35.0385,2024-05-04T17:30:00Z,2024-05-04T18:00:00Z,
20.79,21.8295,2024-05-04T18:00:00Z,2024-05-04T18:30:00Z,
20.64,21.672,2024-05-04T18:30:00Z,2024-05-04T19:00:00Z,
18.88,19.824,2024-05-04T19:00:00Z,2024-05-04T19:30:00Z,
18.31,19.2255,2024-05-04T19:30:00Z,2024-05-04T20:00:00Z,
19.15,20.1075,2024-05-04T20:00:00Z,2024-05-04T20:30:00Z,
15.9,16.695,2024-05-04T20:30:00Z,2024-05-04T21:00:00Z,
14.43,15.1515,2024-05-04T21:00:00Z,2024-05-04T21:30:00Z,
13.78,14.469,2024-05-04T21:30:00Z,2024-05-04T22:00:00Z,
19.49,20.4645,2024-05-04T22:00:00Z,2024-05-04T22:30:00Z,
17.22,18.081,2024-05-04T22:30:00Z,2024-05-04T23:00:00Z,
17.01,17.8605,2024-05-04T23:00:00Z,2024-05-04T23:30:00Z,
16.95,17.7975,2024-05-04T23:30:00Z,2024-05-05T00:00:00Z,
15.96,16.758,2024-05-05T00:00:00Z,2024-05-05T00:30:00Z,
15.96,16.758,2024-05-05T00:30:00Z,2024-05-05T01:00:00Z,
15.96,16.758,2024-05-05T01:00:00Z,2024-05-05T01:30:00Z,
15.37,16.1385,2024-05-05T01:30:00Z,2024-05-05T02:00:00Z,
15.12,15.876,2024-05-05T02:00:00Z,2024-05-05T02:30:00Z,
14.11,14.8155,2024-05-05T02:30:00Z,2024-05-05T03:00:00Z,
15.29,16.0545,2024-05-05T03:00:00Z,2024-05-05T03:30:00Z,
14.87,15.6135,2024-05-05T03:30:00Z,2024-05-05T04:00:00Z,
13.46,14.133,2024-05-05T04:00:00Z,2024-05-05T04:30:00Z,
13.54,14.217,2024-05-05T04:30:00Z,2024-05-05T05:00:00Z,
13.5,14.175,2024-05-05T05:00:00Z,2024-05-05T05:30:00Z,
13.5,14.175,2024-05-05T05:30:00Z,2024-05-05T06:00:00Z,
13.9,14.595,2024-05-05T06:00:00Z,2024-05-05T06:30:00Z,
14.78,15.519,2024-05-05T06:30:00Z,2024-05-05T07:00:00Z,
13.44,14.112,2024-05-05T07:00:00Z,2024-05-05T07:30:00Z,
14.91,15.6555,2024-05-05T07:30:00Z,2024-05-05T08:00:00Z,
16.28,17.094,2024-05-05T08:00:00Z,2024-05-05T08:30:00Z,
16.59,17.4195,2024-05-05T08:30:00Z,2024-05-05T09:00:00Z,
16.15,16.9575,2024-05-05T09:00:00Z,2024-05-05T09:30:00Z,
16.48,17.304,2024-05-05T09:30:00Z,2024-05-05T10:00:00Z,
15.79,16.5795,2024-05-05T10:00:00Z,2024-05-05T10:30:00Z,
15.54,16.317,2024-05-05T10:30:00Z,2024-05-05T11:00:00Z,
16.28,17.094,2024-05-05T11:00:00Z,2024-05-05T11:30:00Z,
16.34,17.157,2024-05-05T11:30:00Z,2024-05-05T12:00:00Z,
17.43,18.3015,2024-05-05T12:00:00Z,2024-05-05T12:30:00Z,
14.8,15.54,2024-05-05T12:30:00Z,2024-05-05T13:00:00Z,
15.59,16.3695,2024-05-05T13:00:00Z,2024-05-05T13:30:00Z,
15.96,16.758,2024-05-05T13:30:00Z,2024-05-05T14:00:00Z,
15.96,16.758,2024-05-05T14:00:00Z,2024-05-05T14:30:00Z,
16.38,17.199,2024-05-05T14:30:00Z,2024-05-05T15:00:00Z,
30.3,31.815,2024-05-05T15:00:00Z,2024-05-05T15:30:00Z,
28.33,29.7465,2024-05-05T15:30:00Z,2024-05-05T16:00:00Z,
28.31,29.7255,2024-05-05T16:00:00Z,2024-05-05T16:30:00Z,
31.65,33.2325,2024-05-05T16:30:00Z,2024-05-05T17:00:00Z,
31.46,33.033,2024-05-05T17:00:00Z,2024-05-05T17:30:00Z,
31.27,32.8335,2024-05-05T17:30:00Z,2024-05-05T18:00:00Z,
18.82,19.761,2024-05-05T18:00:00Z,2024-05-05T18:30:00Z,
18.06,18.963,2024-05-05T18:30:00Z,2024-05-05T19:00:00Z,
18.32,19.236,2024-05-05T19:00:00Z,2024-05-05T19:30:00Z,
17.67,18.5535,2024-05-05T19:30:00Z,2024-05-05T20:00:00Z,
18.48,19.404,2024-05-05T20:00:00Z,2024-05-05T20:30:00Z,
17.81,18.7005,2024-05-05T20:30:00Z,2024-05-05T21:00:00Z,
16.36,17.178,2024-05-05T21:00:00Z,2024-05-05T21:30:00Z,
14.45,15.1725,2024-05-05T21:30:00Z,2024-05-05T22:00:00Z,
15.62,16.401,2024-05-05T22:00:00Z,2024-05-05T22:30:00Z,
16.48,17.304,2024-05-05T22:30:00Z,2024-05-05T23:00:00Z,
15.54,16.317,2024-05-05T23:00:00Z,2024-05-05T23:30:00Z,
16.38,17.199,2024-05-05T23:30:00Z,2024-05-06T00:00:00Z,
16.7,17.535,2024-05-06T00:00:00Z,2024-05-06T00:30:00Z,
15.81,16.6005,2024-05-06T00:30:00Z,2024-05-06T01:00:00Z,
15.77,16.5585,2024-05-06T01:00:00Z,2024-05-06T01:30:00Z,
15.62,16.401,2024-05-06T01:30:00Z,2024-05-06T02:00:00Z,
15.16,15.918,2024-05-06T02:00:00Z,2024-05-06T02:30:00Z,
14.49,15.2145,2024-05-06T02:30:00Z,2024-05-06T03:00:00Z,
15.27,16.0335,2024-05-06T03:00:00Z,2024-05-06T03:30:00Z,
14.91,15.6555,2024-05-06T03:30:00Z,2024-05-06T04:00:00Z,
19.34,20.307,2024-05-06T04:00:00Z,2024-05-06T04:30:00Z,
19.66,20.643,2024-05-06T04:30:00Z,2024-05-06T05:00:00Z,
20.18,21.189,2024-05-06T05:00:00Z,2024-05-06T05:30:00Z,
19.57,20.5485,2024-05-06T05:30:00Z,2024-05-06T06:00:00Z,
16.8,17.64,2024-05-06T06:00:00Z,2024-05-06T06:30:00Z,
18.98,19.929,2024-05-06T06:30:00Z,2024-05-06T07:00:00Z,
15.25,16.0125,2024-05-06T07:00:00Z,2024-05-06T07:30:00Z,
16.8,17.64,2024-05-06T07:30:00Z,2024-05-06T08:00:00Z,
15.1,15.855,2024-05-06T08:00:00Z,2024-05-06T08:30:00Z,
15.56,16.338,2024-05-06T08:30:00Z,2024-05-06T09:00:00Z,
15.12,15.876,2024-05-06T09:00:00Z,2024-05-06T09:30:00Z,
15.75,16.5375,2024-05-06T09:30:00Z,2024-05-06T10:00:00Z,
14.47,15.1935,2024-05-06T10:00:00Z,2024-05-06T10:30:00Z,
13.23,13.8915,2024-05-06T10:30:00Z,2024-05-06T11:00:00Z,
14.47,15.1935,2024-05-06T11:00:00Z,2024-05-06T11:30:00Z,
13.78,14.469,2024-05-06T11:30:00Z,2024-05-06T12:00:00Z,
14.24,14.952,2024-05-06T12:00:00Z,2024-05-06T12:30:00Z,
13.65,14.3325,2024-05-06T12:30:00Z,2024-05-06T13:00:00Z,
14.97,15.7185,2024-05-06T13:00:00Z,2024-05-06T13:30:00Z,
14.05,14.7525,2024-05-06T13:30:00Z,2024-05-06T14:00:00Z,
14.2,14.91,2024-05-06T14:00:00Z,2024-05-06T14:30:00Z,
14.76,15.498,2024-05-06T14:30:00Z,2024-05-06T15:00:00Z,
28.41,29.8305,2024-05-06T15:00:00Z,2024-05-06T15:30:00Z,
28.96,30.408,2024-05-06T15:30:00Z,2024-05-06T16:00:00Z,
31.69,33.2745,2024-05-06T16:00:00Z,2024-05-06T16:30:00Z,
31.9,33.495,2024-05-06T16:30:00Z,2024-05-06T17:00:00Z,
33.37,35.0385,2024-05-06T17:00:00Z,2024-05-06T17:30:00Z,
32.87,34.5135,2024-05-06T17:30:00Z,2024-05-06T18:00:00Z,
20.37,21.3885,2024-05-06T18:00:00Z,2024-05-06T18:30:00Z,
20.48,21.504,2024-05-06T18:30:00Z,2024-05-06T19:00:00Z,
18.9,19.845,2024-05-06T19:00:00Z,2024-05-06T19:30:00Z,
19.4,20.37,2024-05-06T19:30:00Z,2024-05-06T20:00:00Z,
19.74,20.727,2024-05-06T20:00:00Z,2024-05-06T20:30:00Z,
17.58,18.459,2024-05-06T20:30:00Z,2024-05-06T21:00:00Z,
17.85,18.7425,2024-05-06T21:00:00Z,2024-05-06T21:30:00Z,
15.96,16.758,2024-05-06T21:30:00Z,2024-05-06T22:00:00Z,
15.12,15.876,2024-05-06T22:00:00Z,2024-05-06T22:30:00Z,
15.12,15.876,2024-05-06T22:30:00Z,2024-05-06T23:00:00Z,
14.38,15.099,2024-05-06T23:00:00Z,2024-05-06T23:30:00Z,
14.32,15.036,2024-05-06T23:30:00Z,2024-05-07T00:00:00Z,
14.11,14.8155,2024-05-07T00:00:00Z,2024-05-07T00:30:00Z,
14.11,14.8155,2024-05-07T00:30:00Z,2024-05-07T01:00:00Z,
14.28,14.994,2024-05-07T01:00:00Z,2024-05-07T01:30:00Z,
14.28,14.994,2024-05-07T01:30:00Z,2024-05-07T02:00:00Z,
13.9,14.595,2024-05-07T02:00:00Z,2024-05-07T02:30:00Z,
13.67,14.3535,2024-05-07T02:30:00Z,2024-05-07T03:00:00Z,
14.28,14.994,2024-05-07T03:00:00Z,2024-05-07T03:30:00Z,
14.07,14.7735,2024-05-07T03:30:00Z,2024-05-07T04:00:00Z,
15.29,16.0545,2024-05-07T04:00:00Z,2024-05-07T04:30:00Z,
14.51,15.2355,2024-05-07T04:30:00Z,2024-05-07T05:00:00Z,
18.9,19.845,2024-05-07T05:00:00Z,2024-05-07T05:30:00Z,
20.62,21.651,2024-05-07T05:30:00Z,2024-05-07T06:00:00Z,
21.13,22.1865,2024-05-07T06:00:00Z,2024-05-07T06:30:00Z,
22.64,23.772,2024-05-07T06:30:00Z,2024-05-07T07:00:00Z,
19.15,20.1075,2024-05-07T07:00:00Z,2024-05-07T07:30:00Z,
18.29,19.2045,2024-05-07T07:30:00Z,2024-05-07T08:00:00Z,
18.69,19.6245,2024-05-07T08:00:00Z,2024-05-07T08:30:00Z,
17.62,18.501,2024-05-07T08:30:00Z,2024-05-07T09:00:00Z,
15.29,16.0545,2024-05-07T09:00:00Z,2024-05-07T09:30:00Z,
14.45,15.1725,2024-05-07T09:30:00Z,2024-05-07T10:00:00Z,
13.61,14.2905,2024-05-07T10:00:00Z,2024-05-07T10:30:00Z,
13.44,14.112,2024-05-07T10:30:00Z,2024-05-07T11:00:00Z,
13.86,14.553,2024-05-07T11:00:00Z,2024-05-07T11:30:00Z,
13.61,14.2905,2024-05-07T11:30:00Z,2024-05-07T12:00:00Z,
13.44,14.112,2024-05-07T12:00:00Z,2024-05-07T12:30:00Z,
13.23,13.8915,2024-05-07T12:30:00Z,2024-05-07T13:00:00Z,
13.23,13.8915,2024-05-07T13:00:00Z,2024-05-07T13:30:00Z,
13.02,13.671,2024-05-07T13:30:00Z,2024-05-07T14:00:00Z,
13.61,14.2905,2024-05-07T14:00:00Z,2024-05-07T14:30:00Z,
13.61,14.2905,2024-05-07T14:30:00Z,2024-05-07T15:00:00Z,
27.7,29.085,2024-05-07T15:00:00Z,2024-05-07T15:30:00Z,
28.54,29.967,2024-05-07T15:30:00Z,2024-05-07T16:00:00Z,
31.12,32.676,2024-05-07T16:00:00Z,2024-05-07T16:30:00Z,
29.88,31.374,2024-05-07T16:30:00Z,2024-05-07T17:00:00Z,
32.7,34.335,2024-05-07T17:00:00Z,2024-05-07T17:30:00Z,
31.9,33.495,2024-05-07T17:30:00Z,2024-05-07T18:00:00Z,
19.32,20.286,2024-05-07T18:00:00Z,2024-05-07T18:30:00Z,
19.61,20.5905,2024-05-07T18:30:00Z,2024-05-07T19:00:00Z,
18.82,19.761,2024-05-07T19:00:00Z,2024-05-07T19:30:00Z,
20.5,21.525,2024-05-07T19:30:00Z,2024-05-07T20:00:00Z,
18.35,19.2675,2024-05-07T20:00:00Z,2024-05-07T20:30:00Z,
16.63,17.4615,2024-05-07T20:30:00Z,2024-05-07T21:00:00Z,
17.05,17.9025,2024-05-07T21:00:00Z,2024-05-07T21:30:00Z,
16.63,17.4615,2024-05-07T21:30:00Z,2024-05-07T22:00:00Z,
15.73,16.5165,2024-05-07T22:00:00Z,2024-05-07T22:30:00Z,
16.19,16.9995,2024-05-07T22:30:00Z,2024-05-07T23:00:00Z,
14.8,15.54,2024-05-07T23:00:00Z,2024-05-07T23:30:00Z,
14.07,14.7735,2024-05-07T23:30:00Z,2024-05-08T00:00:00Z,
13.88,14.574,2024-05-08T00:00:00Z,2024-05-08T00:30:00Z,
13.67,14.3535,2024-05-08T00:30:00Z,2024-05-08T01:00:00Z,
13.67,14.3535,2024-05-08T01:00:00Z,2024-05-08T01:30:00Z,
13.67,14.3535,2024-05-08T01:30:00Z,2024-05-08T02:00:00Z,
13.63,14.3115,2024-05-08T02:00:00Z,2024-05-08T02:30:00Z,
13.67,14.3535,2024-05-08T02:30:00Z,2024-05-08T03:00:00Z,
14.2,14.91,2024-05-08T03:00:00Z,2024-05-08T03:30:00Z,
13.63,14.3115,2024-05-08T03:30:00Z,2024-05-08T04:00:00Z,
13.67,14.3535,2024-05-08T04:00:00Z,2024-05-08T04:30:00Z,
13.67,14.3535,2024-05-08T04:30:00Z,2024-05-08T05:00:00Z,
18.06,18.963,2024-05-08T05:00:00Z,2024-05-08T05:30:00Z,
19.32,20.286,2024-05-08T05:30:00Z,2024-05-08T06:00:00Z,
18.9,19.845,2024-05-08T06:00:00Z,2024-05-08T06:30:00Z,
21.17,22.2285,2024-05-08T06:30:00Z,2024-05-08T07:00:00Z,
18.82,19.761,2024-05-08T07:00:00Z,2024-05-08T07:30:00Z,
17.64,18.522,2024-05-08T07:30:00Z,2024-05-08T08:00:00Z,
15.86,16.653,2024-05-08T08:00:00Z,2024-05-08T08:30:00Z,
15.12,15.876,2024-05-08T08:30:00Z,2024-05-08T09:00:00Z,
14.13,14.8365,2024-05-08T09:00:00Z,2024-05-08T09:30:00Z,
14.58,15.309,2024-05-08T09:30:00Z,2024-05-08T10:00:00Z,
13.67,14.3535,2024-05-08T10:00:00Z,2024-05-08T10:30:00Z,
13.02,13.671,2024-05-08T10:30:00Z,2024-05-08T11:00:00Z,
13.67,14.3535,2024-05-08T11:00:00Z,2024-05-08T11:30:00Z,
13.12,13.776,2024-05-08T11:30:00Z,2024-05-08T12:00:00Z,
13.23,13.8915,2024-05-08T12:00:00Z,2024-05-08T12:30:00Z,
12.81,13.4505,2024-05-08T12:30:00Z,2024-05-08T13:00:00Z,
13.07,13.7235,2024-05-08T13:00:00Z,2024-05-08T13:30:00Z,
12.39,13.0095,2024-05-08T13:30:00Z,2024-05-08T14:00:00Z,
12.58,13.209,2024-05-08T14:00:00Z,2024-05-08T14:30:00Z,
13.12,13.776,2024-05-08T14:30:00Z,2024-05-08T15:00:00Z,
26.67,28.0035,2024-05-08T15:00:00Z,2024-05-08T15:30:00Z,
26.65,27.9825,2024-05-08T15:30:00Z,2024-05-08T16:00:00Z,
28.77,30.2085,2024-05-08T16:00:00Z,2024-05-08T16:30:00Z,
30.37,31.8885,2024-05-08T16:30:00Z,2024-05-08T17:00:00Z,
31.82,33.411,2024-05-08T17:00:00Z,2024-05-08T17:30:00Z,
31.88,33.474,2024-05-08T17:30:00Z,2024-05-08T18:00:00Z,
19.44,20.412,2024-05-08T18:00:00Z,2024-05-08T18:30:00Z,
18.9,19.845,2024-05-08T18:30:00Z,2024-05-08T19:00:00Z,
19.09,20.0445,2024-05-08T19:00:00Z,2024-05-08T19:30:00Z,
18.75,19.6875,2024-05-08T19:30:00Z,2024-05-08T20:00:00Z,
17.01,17.8605,2024-05-08T20:00:00Z,2024-05-08T20:30:00Z,
14.49,15.2145,2024-05-08T20:30:00Z,2024-05-08T21:00:00Z,
14.93,15.6765,2024-05-08T21:00:00Z,2024-05-08T21:30:00Z,
13.86,14.553,2024-05-08T21:30:00Z,2024-05-08T22:00:00Z,
12.92,13.566,2024-05-08T22:00:00Z,2024-05-08T22:30:00Z,
14.05,14.7525,2024-05-08T22:30:00Z,2024-05-08T23:00:00Z,
13.44,14.112,2024-05-08T23:00:00Z,2024-05-08T23:30:00Z,
13.34,14.007,2024-05-08T23:30:00Z,2024-05-09T00:00:00Z,
13.23,13.8915,2024-05-09T00:00:00Z,2024-05-09T00:30:00Z,
12.7,13.335,2024-05-09T00:30:00Z,2024-05-09T01:00:00Z,
12.94,13.587,2024-05-09T01:00:00Z,2024-05-09T01:30:00Z,
13.04,13.692,2024-05-09T01:30:00Z,2024-05-09T02:00:00Z,
12.6,13.23,2024-05-09T02:00:00Z,2024-05-09T02:30:00Z,
12.6,13.23,2024-05-09T02:30:00Z,2024-05-09T03:00:00Z,
12.6,13.23,2024-05-09T03:00:00Z,2024-05-09T03:30:00Z,
12.6,13.23,2024-05-09T03:30:00Z,2024-05-09T04:00:00Z,
13.44,14.112,2024-05-09T04:00:00Z,2024-05-09T04:30:00Z,
13.44,14.112,2024-05-09T04:30:00Z,2024-05-09T05:00:00Z,
13.44,14.112,2024-05-09T05:00:00Z,2024-05-09T05:30:00Z,
15.29,16.0545,2024-05-09T05:30:00Z,2024-05-09T06:00:00Z,
14.28,14.994,2024-05-09T06:00:00Z,2024-05-09T06:30:00Z,
18.48,19.404,2024-05-09T06:30:00Z,2024-05-09T07:00:00Z,
18.02,18.921,2024-05-09T07:00:00Z,2024-05-09T07:30:00Z,
17.64,18.522,2024-05-09T07:30:00Z,2024-05-09T08:00:00Z,
17.09,17.9445,2024-05-09T08:00:00Z,2024-05-09T08:30:00Z,
15.41,16.1805,2024-05-09T08:30:00Z,2024-05-09T09:00:00Z,
13.44,14.112,2024-05-09T09:00:00Z,2024-05-09T09:30:00Z,
13.02,13.671,2024-05-09T09:30:00Z,2024-05-09T10:00:00Z,
12.66,13.293,2024-05-09T10:00:00Z,2024-05-09T10:30:00Z,
12.39,13.0095,2024-05-09T10:30:00Z,2024-05-09T11:00:00Z,
13.44,14.112,2024-05-09T11:00:00Z,2024-05-09T11:30:00Z,
13.44,14.112,2024-05-09T11:30:00Z,2024-05-09T12:00:00Z,
13.44,14.112,2024-05-09T12:00:00Z,2024-05-09T12:30:00Z,
12.6,13.23,2024-05-09T12:30:00Z,2024-05-09T13:00:00Z,
12.6,13.23,2024-05-09T13:00:00Z,2024-05-09T13:30:00Z,
12.75,13.3875,2024-05-09T13:30:00Z,2024-05-09T14:00:00Z,
13.23,13.8915,2024-05-09T14:00:00Z,2024-05-09T14:30:00Z,
14.07,14.7735,2024-05-09T14:30:00Z,2024-05-09T15:00:00Z,
29.17,30.6285,2024-05-09T15:00:00Z,2024-05-09T15:30:00Z,
28.96,30.408,2024-05-09T15:30:00Z,2024-05-09T16:00:00Z,
28.54,29.967,2024-05-09T16:00:00Z,2024-05-09T16:30:00Z,
29.38,30.849,2024-05-09T16:30:00Z,2024-05-09T17:00:00Z,
31.48,33.054,2024-05-09T17:00:00Z,2024-05-09T17:30:00Z,
31.58,33.159,2024-05-09T17:30:00Z,2024-05-09T18:00:00Z,
20.37,21.3885,2024-05-09T18:00:00Z,2024-05-09T18:30:00Z,
19.95,20.9475,2024-05-09T18:30:00Z,2024-05-09T19:00:00Z,
19.42,20.391,2024-05-09T19:00:00Z,2024-05-09T19:30:00Z,
19.38,20.349,2024-05-09T19:30:00Z,2024-05-09T20:00:00Z,
19.19,20.1495,2024-05-09T20:00:00Z,2024-05-09T20:30:00Z,
16.15,16.9575,2024-05-09T20:30:00Z,2024-05-09T21:00:00Z,
15.54,16.317,2024-05-09T21:00:00Z,2024-05-09T21:30:00Z,
14.28,14.994,2024-05-09T21:30:00Z,2024-05-09T22:00:00Z,
17.64,18.522,2024-05-09T22:00:00Z,2024-05-09T22:30:00Z,
16.28,17.094,2024-05-09T22:30:00Z,2024-05-09T23:00:00Z,
15.11,15.8655,2024-05-09T23:00:00Z,2024-05-09T23:30:00Z,
14.28,14.994,2024-05-09T23:30:00Z,2024-05-10T00:00:00Z,
13.86,14.553,2024-05-10T00:00:00Z,2024-05-10T00:30:00Z,
13.44,14.112,2024-05-10T00:30:00Z,2024-05-10T01:00:00Z,
13.44,14.112,2024-05-10T01:00:00Z,2024-05-10T01:30:00Z,
13.44,14.112,2024-05-10T01:30:00Z,2024-05-10T02:00:00Z,
13.44,14.112,2024-05-10T02:00:00Z,2024-05-10T02:30:00Z,
13.44,14.112,2024-05-10T02:30:00Z,2024-05-10T03:00:00Z,
13.44,14.112,2024-05-10T03:00:00Z,2024-05-10T03:30:00Z,
13.44,14.112,2024-05-10T03:30:00Z,2024-05-10T04:00:00Z,
13.44,14.112,2024-05-10T04:00:00Z,2024-05-10T04:30:00Z,
14.18,14.889,2024-05-10T04:30:00Z,2024-05-10T05:00:00Z,
16.95,17.7975,2024-05-10T05:00:00Z,2024-05-10T05:30:00Z,
19.95,20.9475,2024-05-10T05:30:00Z,2024-05-10T06:00:00Z,
16.8,17.64,2024-05-10T06:00:00Z,2024-05-10T06:30:00Z,
18.9,19.845,2024-05-10T06:30:00Z,2024-05-10T07:00:00Z,
19.32,20.286,2024-05-10T07:00:00Z,2024-05-10T07:30:00Z,
18.06,18.963,2024-05-10T07:30:00Z,2024-05-10T08:00:00Z,
17.64,18.522,2024-05-10T08:00:00Z,2024-05-10T08:30:00Z,
16.8,17.64,2024-05-10T08:30:00Z,2024-05-10T09:00:00Z,
15.96,16.758,2024-05-10T09:00:00Z,2024-05-10T09:30:00Z,
15.34,16.107,2024-05-10T09:30:00Z,2024-05-10T10:00:00Z,
13.51,14.1855,2024-05-10T10:00:00Z,2024-05-10T10:30:00Z,
13.23,13.8915,2024-05-10T10:30:00Z,2024-05-10T11:00:00Z,
13.02,13.671,2024-05-10T11:00:00Z,2024-05-10T11:30:00Z,
13.02,13.671,2024-05-10T11:30:00Z,2024-05-10T12:00:00Z,
13.44,14.112,2024-05-10T12:00:00Z,2024-05-10T12:30:00Z,
13.23,13.8915,2024-05-10T12:30:00Z,2024-05-10T13:00:00Z,
13.02,13.671,2024-05-10T13:00:00Z,2024-05-10T13:30:00Z,
13.02,13.671,2024-05-10T13:30:00Z,2024-05-10T14:00:00Z,
13.02,13.671,2024-05-10T14:00:00Z,2024-05-10T14:30:00Z,
13.65,14.3325,2024-05-10T14:30:00Z,2024-05-10T15:00:00Z,
26.02,27.321,2024-05-10T15:00:00Z,2024-05-10T15:30:00Z,
26.44,27.762,2024-05-10T15:30:00Z,2024-05-10T16:00:00Z,
28.54,29.967,2024-05-10T16:00:00Z,2024-05-10T16:30:00Z,
28.48,29.904,2024-05-10T16:30:00Z,2024-05-10T17:00:00Z,
31.65,33.2325,2024-05-10T17:00:00Z,2024-05-10T17:30:00Z,
32.32,33.936,2024-05-10T17:30:00Z,2024-05-10T18:00:00Z,
20.58,21.609,2024-05-10T18:00:00Z,2024-05-10T18:30:00Z,
19.24,20.202,2024-05-10T18:30:00Z,2024-05-10T19:00:00Z,
19.15,20.1075,2024-05-10T19:00:00Z,2024-05-10T19:30:00Z,
19.47,20.4435,2024-05-10T19:30:00Z,2024-05-10T20:00:00Z,
19.04,19.992,2024-05-10T20:00:00Z,2024-05-10T20:30:00Z,
17.07,17.9235,2024-05-10T20:30:00Z,2024-05-10T21:00:00Z,
15.12,15.876,2024-05-10T21:00:00Z,2024-05-10T21:30:00Z,
14.91,15.6555,2024-05-10T21:30:00Z,2024-05-10T22:00:00Z,
15.79,16.5795,2024-05-10T22:00:00Z,2024-05-10T22:30:00Z,
16.8,17.64,2024-05-10T22:30:00Z,2024-05-10T23:00:00Z,
16.28,17.094,2024-05-10T23:00:00Z,2024-05-10T23:30:00Z,
15.67,16.4535,2024-05-10T23:30:00Z,2024-05-11T00:00:00Z,
14.11,14.8155,2024-05-11T00:00:00Z,2024-05-11T00:30:00Z,
15.75,16.5375,2024-05-11T00:30:00Z,2024-05-11T01:00:00Z,
15.51,16.2855,2024-05-11T01:00:00Z,2024-05-11T01:30:00Z,
14.28,14.994,2024-05-11T01:30:00Z,2024-05-11T02:00:00Z,
15.75,16.5375,2024-05-11T02:00:00Z,2024-05-11T02:30:00Z,
15.16,15.918,2024-05-11T02:30:00Z,2024-05-11T03:00:00Z,
14.76,15.498,2024-05-11T03:00:00Z,2024-05-11T03:30:00Z,
14.13,14.8365,2024-05-11T03:30:00Z,2024-05-11T04:00:00Z,
15.46,16.233,2024-05-11T04:00:00Z,2024-05-11T04:30:00Z,
15.54,16.317,2024-05-11T04:30:00Z,2024-05-11T05:00:00Z,
13.5,14.175,2024-05-11T05:00:00Z,2024-05-11T05:30:00Z,
14.18,14.889,2024-05-11T05:30:00Z,2024-05-11T06:00:00Z,
13.0,13.65,2024-05-11T06:00:00Z,2024-05-11T06:30:00Z,
14.49,15.2145,2024-05-11T06:30:00Z,2024-05-11T07:00:00Z,
15.75,16.5375,2024-05-11T07:00:00Z,2024-05-11T07:30:00Z,
14.49,15.2145,2024-05-11T07:30:00Z,2024-05-11T08:00:00Z,
15.27,16.0335,2024-05-11T08:00:00Z,2024-05-11T08:30:00Z,
13.52,14.196,2024-05-11T08:30:00Z,2024-05-11T09:00:00Z,
13.44,14.112,2024-05-11T09:00:00Z,2024-05-11T09:30:00Z,
14.49,15.2145,2024-05-11T09:30:00Z,2024-05-11T10:00:00Z,
14.76,15.498,2024-05-11T10:00:00Z,2024-05-11T10:30:00Z,
14.1,14.805,2024-05-11T10:30:00Z,2024-05-11T11:00:00Z,
13.23,13.8915,2024-05-11T11:00:00Z,2024-05-11T11:30:00Z,
12.6,13.23,2024-05-11T11:30:00Z,2024-05-11T12:00:00Z,
11.24,11.802,2024-05-11T12:00:00Z,2024-05-11T12:30:00Z,
9.58,10.059,2024-05-11T12:30:00Z,2024-05-11T13:00:00Z,
9.41,9.8805,2024-05-11T13:00:00Z,2024-05-11T13:30:00Z,
9.24,9.702,2024-05-11T13:30:00Z,2024-05-11T14:00:00Z,
10.08,10.584,2024-05-11T14:00:00Z,2024-05-11T14:30:00Z,
10.08,10.584,2024-05-11T14:30:00Z,2024-05-11T15:00:00Z,
24.32,25.536,2024-05-11T15:00:00Z,2024-05-11T15:30:00Z,
25.39,26.6595,2024-05-11T15:30:00Z,2024-05-11T16:00:00Z,
28.12,29.526,2024-05-11T16:00:00Z,2024-05-11T16:30:00Z,
27.7,29.085,2024-05-11T16:30:00Z,2024-05-11T17:00:00Z,
29.25,30.7125,2024-05-11T17:00:00Z,2024-05-11T17:30:00Z,
30.64,32.172,2024-05-11T17:30:00Z,2024-05-11T18:00:00Z,
19.32,20.286,2024-05-11T18:00:00Z,2024-05-11T18:30:00Z,
18.69,19.6245,2024-05-11T18:30:00Z,2024-05-11T19:00:00Z,
17.03,17.8815,2024-05-11T19:00:00Z,2024-05-11T19:30:00Z,
16.74,17.577,2024-05-11T19:30:00Z,2024-05-11T20:00:00Z,
15.17,15.9285,2024-05-11T20:00:00Z,2024-05-11T20:30:00Z,
13.88,14.574,2024-05-11T20:30:00Z,2024-05-11T21:00:00Z,
14.64,15.372,2024-05-11T21:00:00Z,2024-05-11T21:30:00Z,
14.7,15.435,2024-05-11T21:30:00Z,2024-05-11T22:00:00Z,
10.92,11.466,2024-05-11T22:00:00Z,2024-05-11T22:30:00Z,
9.24,9.702,2024-05-11T22:30:00Z,2024-05-11T23:00:00Z,
5.38,5.649,2024-05-11T23:00:00Z,2024-05-11T23:30:00Z,
4.58,4.809,2024-05-11T23:30:00Z,2024-05-12T00:00:00Z,
4.2,4.41,2024-05-12T00:00:00Z,2024-05-12T00:30:00Z,
2.73,2.8665,2024-05-12T00:30:00Z,2024-05-12T01:00:00Z,
5.25,5.5125,2024-05-12T01:00:00Z,2024-05-12T01:30:00Z,
4.12,4.326,2024-05-12T01:30:00Z,2024-05-12T02:00:00Z,
5.06,5.313,2024-05-12T02:00:00Z,2024-05-12T02:30:00Z,
4.2,4.41,2024-05-12T02:30:00Z,2024-05-12T03:00:00Z,
6.24,6.552,2024-05-12T03:00:00Z,2024-05-12T03:30:00Z,
5.88,6.174,2024-05-12T03:30:00Z,2024-05-12T04:00:00Z,
0.36,0.378,2024-05-12T04:00:00Z,2024-05-12T04:30:00Z,
0.59,0.6195,2024-05-12T04:30:00Z,2024-05-12T05:00:00Z,
3.07,3.2235,2024-05-12T05:00:00Z,2024-05-12T05:30:00Z,
4.41,4.6305,2024-05-12T05:30:00Z,2024-05-12T06:00:00Z,
3.65,3.8325,2024-05-12T06:00:00Z,2024-05-12T06:30:00Z,
6.09,6.3945,2024-05-12T06:30:00Z,2024-05-12T07:00:00Z,
6.09,6.3945,2024-05-12T07:00:00Z,2024-05-12T07:30:00Z,
5.88,6.174,2024-05-12T07:30:00Z,2024-05-12T08:00:00Z,
6.45,6.7725,2024-05-12T08:00:00Z,2024-05-12T08:30:00Z,
5.69,5.9745,2024-05-12T08:30:00Z,2024-05-12T09:00:00Z,
6.09,6.3945,2024-05-12T09:00:00Z,2024-05-12T09:30:00Z,
6.09,6.3945,2024-05-12T09:30:00Z,2024-05-12T10:00:00Z,
4.2,4.41,2024-05-12T10:00:00Z,2024-05-12T10:30:00Z,
3.4,3.57,2024-05-12T10:30:00Z,2024-05-12T11:00:00Z,
2.52,2.646,2024-05-12T11:00:00Z,2024-05-12T11:30:00Z,
2.58,2.709,2024-05-12T11:30:00Z,2024-05-12T12:00:00Z,
2.1,2.205,2024-05-12T12:00:00Z,2024-05-12T12:30:00Z,
0.84,0.882,2024-05-12T12:30:00Z,2024-05-12T13:00:00Z,
0.63,0.6615,2024-05-12T13:00:00Z,2024-05-12T13:30:00Z,
1.47,1.5435,2024-05-12T13:30:00Z,2024-05-12T14:00:00Z,
4.35,4.5675,2024-05-12T14:00:00Z,2024-05-12T14:30:00Z,
5.72,6.006,2024-05-12T14:30:00Z,2024-05-12T15:00:00Z,
22.24,23.352,2024-05-12T15:00:00Z,2024-05-12T15:30:00Z,
25.6,26.88,2024-05-12T15:30:00Z,2024-05-12T16:00:00Z,
25.18,26.439,2024-05-12T16:00:00Z,2024-05-12T16:30:00Z,
28.12,29.526,2024-05-12T16:30:00Z,2024-05-12T17:00:00Z,
29.8,31.29,2024-05-12T17:00:00Z,2024-05-12T17:30:00Z,
29.84,31.332,2024-05-12T17:30:00Z,2024-05-12T18:00:00Z,
16.93,17.7765,2024-05-12T18:00:00Z,2024-05-12T18:30:00Z,
16.8,17.64,2024-05-12T18:30:00Z,2024-05-12T19:00:00Z,
16.84,17.682,2024-05-12T19:00:00Z,2024-05-12T19:30:00Z,
16.84,17.682,2024-05-12T19:30:00Z,2024-05-12T20:00:00Z,
18.98,19.929,2024-05-12T20:00:00Z,2024-05-12T20:30:00Z,
16.8,17.64,2024-05-12T20:30:00Z,2024-05-12T21:00:00Z,
15.31,16.0755,2024-05-12T21:00:00Z,2024-05-12T21:30:00Z,
13.88,14.574,2024-05-12T21:30:00Z,2024-05-12T22:00:00Z,
10.44,10.962,2024-05-12T22:00:00Z,2024-05-12T22:30:00Z,
10.92,11.466,2024-05-12T22:30:00Z,2024-05-12T23:00:00Z,
10.92,11.466,2024-05-12T23:00:00Z,2024-05-12T23:30:00Z,
10.4,10.92,2024-05-12T23:30:00Z,2024-05-13T00:00:00Z,
8.65,9.0825,2024-05-13T00:00:00Z,2024-05-13T00:30:00Z,
9.45,9.9225,2024-05-13T00:30:00Z,2024-05-13T01:00:00Z,
8.63,9.0615,2024-05-13T01:00:00Z,2024-05-13T01:30:00Z,
8.61,9.0405,2024-05-13T01:30:00Z,2024-05-13T02:00:00Z,
8.63,9.0615,2024-05-13T02:00:00Z,2024-05-13T02:30:00Z,
9.07,9.5235,2024-05-13T02:30:00Z,2024-05-13T03:00:00Z,
9.87,10.3635,2024-05-13T03:00:00Z,2024-05-13T03:30:00Z,
9.87,10.3635,2024-05-13T03:30:00Z,2024-05-13T04:00:00Z,
12.39,13.0095,2024-05-13T04:00:00Z,2024-05-13T04:30:00Z,
13.44,14.112,2024-05-13T04:30:00Z,2024-05-13T05:00:00Z,
15.33,16.0965,2024-05-13T05:00:00Z,2024-05-13T05:30:00Z,
16.0,16.8,2024-05-13T05:30:00Z,2024-05-13T06:00:00Z,
14.23,14.9415,2024-05-13T06:00:00Z,2024-05-13T06:30:00Z,
17.22,18.081,2024-05-13T06:30:00Z,2024-05-13T07:00:00Z,
16.8,17.64,2024-05-13T07:00:00Z,2024-05-13T07:30:00Z,
14.7,15.435,2024-05-13T07:30:00Z,2024-05-13T08:00:00Z,
16.46,17.283,2024-05-13T08:00:00Z,2024-05-13T08:30:00Z,
15.71,16.4955,2024-05-13T08:30:00Z,2024-05-13T09:00:00Z,
15.54,16.317,2024-05-13T09:00:00Z,2024-05-13T09:30:00Z,
14.85,15.5925,2024-05-13T09:30:00Z,2024-05-13T10:00:00Z,
15.79,16.5795,2024-05-13T10:00:00Z,2024-05-13T10:30:00Z,
15.75,16.5375,2024-05-13T10:30:00Z,2024-05-13T11:00:00Z,
14.28,14.994,2024-05-13T11:00:00Z,2024-05-13T11:30:00Z,
15.54,16.317,2024-05-13T11:30:00Z,2024-05-13T12:00:00Z,
13.86,14.553,2024-05-13T12:00:00Z,2024-05-13T12:30:00Z,
13.08,13.734,2024-05-13T12:30:00Z,2024-05-13T13:00:00Z,
11.24,11.802,2024-05-13T13:00:00Z,2024-05-13T13:30:00Z,
10.98,11.529,2024-05-13T13:30:00Z,2024-05-13T14:00:00Z,
10.98,11.529,2024-05-13T14:00:00Z,2024-05-13T14:30:00Z,
11.95,12.5475,2024-05-13T14:30:00Z,2024-05-13T15:00:00Z,
24.55,25.7775,2024-05-13T15:00:00Z,2024-05-13T15:30:00Z,
26.44,27.762,2024-05-13T15:30:00Z,2024-05-13T16:00:00Z,
28.35,29.7675,2024-05-13T16:00:00Z,2024-05-13T16:30:00Z,
29.23,30.6915,2024-05-13T16:30:00Z,2024-05-13T17:00:00Z,
32.32,33.936,2024-05-13T17:00:00Z,2024-05-13T17:30:00Z,
32.54,34.167,2024-05-13T17:30:00Z,2024-05-13T18:00:00Z,
19.19,20.1495,2024-05-13T18:00:00Z,2024-05-13T18:30:00Z,
18.69,19.6245,2024-05-13T18:30:00Z,2024-05-13T19:00:00Z,
17.67,18.5535,2024-05-13T19:00:00Z,2024-05-13T19:30:00Z,
15.96,16.758,2024-05-13T19:30:00Z,2024-05-13T20:00:00Z,
15.12,15.876,2024-05-13T20:00:00Z,2024-05-13T20:30:00Z,
12.83,13.4715,2024-05-13T20:30:00Z,2024-05-13T21:00:00Z,
12.6,13.23,2024-05-13T21:00:00Z,2024-05-13T21:30:00Z,
10.92,11.466,2024-05-13T21:30:00Z,2024-05-13T22:00:00Z,
11.7,12.285,2024-05-13T22:00:00Z,2024-05-13T22:30:00Z,
10.75,11.2875,2024-05-13T22:30:00Z,2024-05-13T23:00:00Z,
10.08,10.584,2024-05-13T23:00:00Z,2024-05-13T23:30:00Z,
9.07,9.5235,2024-05-13T23:30:00Z,2024-05-14T00:00:00Z,
8.19,8.5995,2024-05-14T00:00:00Z,2024-05-14T00:30:00Z,
8.38,8.799,2024-05-14T00:30:00Z,2024-05-14T01:00:00Z,
8.19,8.5995,2024-05-14T01:00:00Z,2024-05-14T01:30:00Z,
7.35,7.7175,2024-05-14T01:30:00Z,2024-05-14T02:00:00Z,
7.41,7.7805,2024-05-14T02:00:00Z,2024-05-14T02:30:00Z,
7.35,7.7175,2024-05-14T02:30:00Z,2024-05-14T03:00:00Z,
8.15,8.5575,2024-05-14T03:00:00Z,2024-05-14T03:30:00Z,
7.64,8.022,2024-05-14T03:30:00Z,2024-05-14T04:00:00Z,
10.42,10.941,2024-05-14T04:00:00Z,2024-05-14T04:30:00Z,
11.55,12.1275,2024-05-14T04:30:00Z,2024-05-14T05:00:00Z,
14.07,14.7735,2024-05-14T05:00:00Z,2024-05-14T05:30:00Z,
14.09,14.7945,2024-05-14T05:30:00Z,2024-05-14T06:00:00Z,
12.6,13.23,2024-05-14T06:00:00Z,2024-05-14T06:30:00Z,
15.54,16.317,2024-05-14T06:30:00Z,2024-05-14T07:00:00Z,
18.06,18.963,2024-05-14T07:00:00Z,2024-05-14T07:30:00Z,
16.8,17.64,2024-05-14T07:30:00Z,2024-05-14T08:00:00Z,
17.47,18.3435,2024-05-14T08:00:00Z,2024-05-14T08:30:00Z,
17.41,18.2805,2024-05-14T08:30:00Z,2024-05-14T09:00:00Z,
17.85,18.7425,2024-05-14T09:00:00Z,2024-05-14T09:30:00Z,
17.64,18.522,2024-05-14T09:30:00Z,2024-05-14T10:00:00Z,
16.72,17.556,2024-05-14T10:00:00Z,2024-05-14T10:30:00Z,
16.46,17.283,2024-05-14T10:30:00Z,2024-05-14T11:00:00Z,
16.38,17.199,2024-05-14T11:00:00Z,2024-05-14T11:30:00Z,
16.46,17.283,2024-05-14T11:30:00Z,2024-05-14T12:00:00Z,
14.09,14.7945,2024-05-14T12:00:00Z,2024-05-14T12:30:00Z,
12.56,13.188,2024-05-14T12:30:00Z,2024-05-14T13:00:00Z,
12.81,13.4505,2024-05-14T13:00:00Z,2024-05-14T13:30:00Z,
12.18,12.789,2024-05-14T13:30:00Z,2024-05-14T14:00:00Z,
11.95,12.5475,2024-05-14T14:00:00Z,2024-05-14T14:30:00Z,
12.81,13.4505,2024-05-14T14:30:00Z,2024-05-14T15:00:00Z,
26.92,28.266,2024-05-14T15:00:00Z,2024-05-14T15:30:00Z,
27.45,28.8225,2024-05-14T15:30:00Z,2024-05-14T16:00:00Z,
28.96,30.408,2024-05-14T16:00:00Z,2024-05-14T16:30:00Z,
30.47,31.9935,2024-05-14T16:30:00Z,2024-05-14T17:00:00Z,
32.53,34.1565,2024-05-14T17:00:00Z,2024-05-14T17:30:00Z,
32.53,34.1565,2024-05-14T17:30:00Z,2024-05-14T18:00:00Z,
21.0,22.05,2024-05-14T18:00:00Z,2024-05-14T18:30:00Z,
20.58,21.609,2024-05-14T18:30:00Z,2024-05-14T19:00:00Z,
19.74,20.727,2024-05-14T19:00:00Z,2024-05-14T19:30:00Z,
18.48,19.404,2024-05-14T19:30:00Z,2024-05-14T20:00:00Z,
17.85,18.7425,2024-05-14T20:00:00Z,2024-05-14T20:30:00Z,
15.12,15.876,2024-05-14T20:30:00Z,2024-05-14T21:00:00Z,
14.28,14.994,2024-05-14T21:00:00Z,2024-05-14T21:30:00Z,
13.86,14.553,2024-05-14T21:30:00Z,2024-05-14T22:00:00Z,
14.28,14.994,2024-05-14T22:00:00Z,2024-05-14T22:30:00Z,
16.38,17.199,2024-05-14T22:30:00Z,2024-05-14T23:00:00Z,
14.55,15.2775,2024-05-14T23:00:00Z,2024-05-14T23:30:00Z,
13.78,14.469,2024-05-14T23:30:00Z,2024-05-15T00:00:00Z,
13.44,14.112,2024-05-15T00:00:00Z,2024-05-15T00:30:00Z,
13.86,14.553,2024-05-15T00:30:00Z,2024-05-15T01:00:00Z,
12.85,13.4925,2024-05-15T01:00:00Z,2024-05-15T01:30:00Z,
13.78,14.469,2024-05-15T01:30:00Z,2024-05-15T02:00:00Z,
12.45,13.0725,2024-05-15T02:00:00Z,2024-05-15T02:30:00Z,
12.6,13.23,2024-05-15T02:30:00Z,2024-05-15T03:00:00Z,
13.44,14.112,2024-05-15T03:00:00Z,2024-05-15T03:30:00Z,
13.44,14.112,2024-05-15T03:30:00Z,2024-05-15T04:00:00Z,
13.78,14.469,2024-05-15T04:00:00Z,2024-05-15T04:30:00Z,
14.55,15.2775,2024-05-15T04:30:00Z,2024-05-15T05:00:00Z,
15.75,16.5375,2024-05-15T05:00:00Z,2024-05-15T05:30:00Z,
14.7,15.435,2024-05-15T05:30:00Z,2024-05-15T06:00:00Z,
14.38,15.099,2024-05-15T06:00:00Z,2024-05-15T06:30:00Z,
18.27,19.1835,2024-05-15T06:30:00Z,2024-05-15T07:00:00Z,
17.98,18.879,2024-05-15T07:00:00Z,2024-05-15T07:30:00Z,
16.8,17.64,2024-05-15T07:30:00Z,2024-05-15T08:00:00Z,
17.85,18.7425,2024-05-15T08:00:00Z,2024-05-15T08:30:00Z,
16.93,17.7765,2024-05-15T08:30:00Z,2024-05-15T09:00:00Z,
16.46,17.283,2024-05-15T09:00:00Z,2024-05-15T09:30:00Z,
16.8,17.64,2024-05-15T09:30:00Z,2024-05-15T10:00:00Z,
15.75,16.5375,2024-05-15T10:00:00Z,2024-05-15T10:30:00Z,
15.67,16.4535,2024-05-15T10:30:00Z,2024-05-15T11:00:00Z,
14.62,15.351,2024-05-15T11:00:00Z,2024-05-15T11:30:00Z,
14.62,15.351,2024-05-15T11:30:00Z,2024-05-15T12:00:00Z,
12.81,13.4505,2024-05-15T12:00:00Z,2024-05-15T12:30:00Z,
12.81,13.4505,2024-05-15T12:30:00Z,2024-05-15T13:00:00Z,
13.48,14.154,2024-05-15T13:00:00Z,2024-05-15T13:30:00Z,
12.81,13.4505,2024-05-15T13:30:00Z,2024-05-15T14:00:00Z,
12.6,13.23,2024-05-15T14:00:00Z,2024-05-15T14:30:00Z,
13.65,14.3325,2024-05-15T14:30:00Z,2024-05-15T15:00:00Z,
26.44,27.762,2024-05-15T15:00:00Z,2024-05-15T15:30:00Z,
26.96,28.308,2024-05-15T15:30:00Z,2024-05-15T16:00:00Z,
28.71,30.1455,2024-05-15T16:00:00Z,2024-05-15T16:30:00Z,
28.79,30.2295,2024-05-15T16:30:00Z,2024-05-15T17:00:00Z,
30.66,32.193,2024-05-15T17:00:00Z,2024-05-15T17:30:00Z,
31.42,32.991,2024-05-15T17:30:00Z,2024-05-15T18:00:00Z,
19.74,20.727,2024-05-15T18:00:00Z,2024-05-15T18:30:00Z,
19.61,20.5905,2024-05-15T18:30:00Z,2024-05-15T19:00:00Z,
18.69,19.6245,2024-05-15T19:00:00Z,2024-05-15T19:30:00Z,
18.06,18.963,2024-05-15T19:30:00Z,2024-05-15T20:00:00Z,
16.13,16.9365,2024-05-15T20:00:00Z,2024-05-15T20:30:00Z,
14.49,15.2145,2024-05-15T20:30:00Z,2024-05-15T21:00:00Z,
15.75,16.5375,2024-05-15T21:00:00Z,2024-05-15T21:30:00Z,
14.34,15.057,2024-05-15T21:30:00Z,2024-05-15T22:00:00Z,
15.44,16.212,2024-05-15T22:00:00Z,2024-05-15T22:30:00Z,
15.63,16.4115,2024-05-15T22:30:00Z,2024-05-15T23:00:00Z,
15.75,16.5375,2024-05-15T23:00:00Z,2024-05-15T23:30:00Z,
15.12,15.876,2024-05-15T23:30:00Z,2024-05-16T00:00:00Z,
13.44,14.112,2024-05-16T00:00:00Z,2024-05-16T00:30:00Z,
14.26,14.973,2024-05-16T00:30:00Z,2024-05-16T01:00:00Z,
13.1,13.755,2024-05-16T01:00:00Z,2024-05-16T01:30:00Z,
12.77,13.4085,2024-05-16T01:30:00Z,2024-05-16T02:00:00Z,
12.39,13.0095,2024-05-16T02:00:00Z,2024-05-16T02:30:00Z,
12.6,13.23,2024-05-16T02:30:00Z,2024-05-16T03:00:00Z,
12.58,13.209,2024-05-16T03:00:00Z,2024-05-16T03:30:00Z,
12.4,13.02,2024-05-16T03:30:00Z,2024-05-16T04:00:00Z,
14.28,14.994,2024-05-16T04:00:00Z,2024-05-16T04:30:00Z,
14.41,15.1305,2024-05-16T04:30:00Z,2024-05-16T05:00:00Z,
15.33,16.0965,2024-05-16T05:00:00Z,2024-05-16T05:30:00Z,
15.71,16.4955,2024-05-16T05:30:00Z,2024-05-16T06:00:00Z,
17.14,17.997,2024-05-16T06:00:00Z,2024-05-16T06:30:00Z,
21.0,22.05,2024-05-16T06:30:00Z,2024-05-16T07:00:00Z,
19.82,20.811,2024-05-16T07:00:00Z,2024-05-16T07:30:00Z,
18.33,19.2465,2024-05-16T07:30:00Z,2024-05-16T08:00:00Z,
18.9,19.845,2024-05-16T08:00:00Z,2024-05-16T08:30:00Z,
18.14,19.047,2024-05-16T08:30:00Z,2024-05-16T09:00:00Z,
16.46,17.283,2024-05-16T09:00:00Z,2024-05-16T09:30:00Z,
15.25,16.0125,2024-05-16T09:30:00Z,2024-05-16T10:00:00Z,
15.79,16.5795,2024-05-16T10:00:00Z,2024-05-16T10:30:00Z,
15.96,16.758,2024-05-16T10:30:00Z,2024-05-16T11:00:00Z,
15.1,15.855,2024-05-16T11:00:00Z,2024-05-16T11:30:00Z,
14.51,15.2355,2024-05-16T11:30:00Z,2024-05-16T12:00:00Z,
13.76,14.448,2024-05-16T12:00:00Z,2024-05-16T12:30:00Z,
13.07,13.7235,2024-05-16T12:30:00Z,2024-05-16T13:00:00Z,
13.07,13.7235,2024-05-16T13:00:00Z,2024-05-16T13:30:00Z,
13.08,13.734,2024-05-16T13:30:00Z,2024-05-16T14:00:00Z,
13.1,13.755,2024-05-16T14:00:00Z,2024-05-16T14:30:00Z,
13.82,14.511,2024-05-16T14:30:00Z,2024-05-16T15:00:00Z,
27.51,28.8855,2024-05-16T15:00:00Z,2024-05-16T15:30:00Z,
28.54,29.967,2024-05-16T15:30:00Z,2024-05-16T16:00:00Z,
29.28,30.744,2024-05-16T16:00:00Z,2024-05-16T16:30:00Z,
31.48,33.054,2024-05-16T16:30:00Z,2024-05-16T17:00:00Z,
32.15,33.7575,2024-05-16T17:00:00Z,2024-05-16T17:30:00Z,
32.29,33.9045,2024-05-16T17:30:00Z,2024-05-16T18:00:00Z,
19.95,20.9475,2024-05-16T18:00:00Z,2024-05-16T18:30:00Z,
19.3,20.265,2024-05-16T18:30:00Z,2024-05-16T19:00:00Z,
18.44,19.362,2024-05-16T19:00:00Z,2024-05-16T19:30:00Z,
17.64,18.522,2024-05-16T19:30:00Z,2024-05-16T20:00:00Z,
15.9,16.695,2024-05-16T20:00:00Z,2024-05-16T20:30:00Z,
15.2,15.96,2024-05-16T20:30:00Z,2024-05-16T21:00:00Z,
13.65,14.3325,2024-05-16T21:00:00Z,2024-05-16T21:30:00Z,
12.6,13.23,2024-05-16T21:30:00Z,2024-05-16T22:00:00Z,
15.06,15.813,2024-05-16T22:00:00Z,2024-05-16T22:30:00Z,
14.76,15.498,2024-05-16T22:30:00Z,2024-05-16T23:00:00Z,
14.7,15.435,2024-05-16T23:00:00Z,2024-05-16T23:30:00Z,
14.28,14.994,2024-05-16T23:30:00Z,2024-05-17T00:00:00Z,
14.05,14.7525,2024-05-17T00:00:00Z,2024-05-17T00:30:00Z,
14.11,14.8155,2024-05-17T00:30:00Z,2024-05-17T01:00:00Z,
13.38,14.049,2024-05-17T01:00:00Z,2024-05-17T01:30:00Z,
13.38,14.049,2024-05-17T01:30:00Z,2024-05-17T02:00:00Z,
13.67,14.3535,2024-05-17T02:00:00Z,2024-05-17T02:30:00Z,
13.39,14.0595,2024-05-17T02:30:00Z,2024-05-17T03:00:00Z,
13.63,14.3115,2024-05-17T03:00:00Z,2024-05-17T03:30:00Z,
13.59,14.2695,2024-05-17T03:30:00Z,2024-05-17T04:00:00Z,
14.15,14.8575,2024-05-17T04:00:00Z,2024-05-17T04:30:00Z,
13.96,14.658,2024-05-17T04:30:00Z,2024-05-17T05:00:00Z,
15.12,15.876,2024-05-17T05:00:00Z,2024-05-17T05:30:00Z,
15.33,16.0965,2024-05-17T05:30:00Z,2024-05-17T06:00:00Z,
17.18,18.039,2024-05-17T06:00:00Z,2024-05-17T06:30:00Z,
20.08,21.084,2024-05-17T06:30:00Z,2024-05-17T07:00:00Z,
18.7,19.635,2024-05-17T07:00:00Z,2024-05-17T07:30:00Z,
18.5,19.425,2024-05-17T07:30:00Z,2024-05-17T08:00:00Z,
17.64,18.522,2024-05-17T08:00:00Z,2024-05-17T08:30:00Z,
17.22,18.081,2024-05-17T08:30:00Z,2024-05-17T09:00:00Z,
15.54,16.317,2024-05-17T09:00:00Z,2024-05-17T09:30:00Z,
14.7,15.435,2024-05-17T09:30:00Z,2024-05-17T10:00:00Z,
14.01,14.7105,2024-05-17T10:00:00Z,2024-05-17T10:30:00Z,
13.86,14.553,2024-05-17T10:30:00Z,2024-05-17T11:00:00Z,
14.38,15.099,2024-05-17T11:00:00Z,2024-05-17T11:30:00Z,
14.22,14.931,2024-05-17T11:30:00Z,2024-05-17T12:00:00Z,
14.07,14.7735,2024-05-17T12:00:00Z,2024-05-17T12:30:00Z,
13.63,14.3115,2024-05-17T12:30:00Z,2024-05-17T13:00:00Z,
13.42,14.091,2024-05-17T13:00:00Z,2024-05-17T13:30:00Z,
12.37,12.9885,2024-05-17T13:30:00Z,2024-05-17T14:00:00Z,
13.44,14.112,2024-05-17T14:00:00Z,2024-05-17T14:30:00Z,
14.28,14.994,2024-05-17T14:30:00Z,2024-05-17T15:00:00Z,
28.69,30.1245,2024-05-17T15:00:00Z,2024-05-17T15:30:00Z,
28.77,30.2085,2024-05-17T15:30:00Z,2024-05-17T16:00:00Z,
28.84,30.282,2024-05-17T16:00:00Z,2024-05-17T16:30:00Z,
30.64,32.172,2024-05-17T16:30:00Z,2024-05-17T17:00:00Z,
31.73,33.3165,2024-05-17T17:00:00Z,2024-05-17T17:30:00Z,
32.57,34.1985,2024-05-17T17:30:00Z,2024-05-17T18:00:00Z,
20.83,21.8715,2024-05-17T18:00:00Z,2024-05-17T18:30:00Z,
20.41,21.4305,2024-05-17T18:30:00Z,2024-05-17T19:00:00Z,
19.32,20.286,2024-05-17T19:00:00Z,2024-05-17T19:30:00Z,
17.85,18.7425,2024-05-17T19:30:00Z,2024-05-17T20:00:00Z,
18.06,18.963,2024-05-17T20:00:00Z,2024-05-17T20:30:00Z,
16.32,17.136,2024-05-17T20:30:00Z,2024-05-17T21:00:00Z,
15.73,16.5165,2024-05-17T21:00:00Z,2024-05-17T21:30:00Z,
15.73,16.5165,2024-05-17T21:30:00Z,2024-05-17T22:00:00Z,
17.85,18.7425,2024-05-17T22:00:00Z,2024-05-17T22:30:00Z,
17.64,18.522,2024-05-17T22:30:00Z,2024-05-17T23:00:00Z,
15.96,16.758,2024-05-17T23:00:00Z,2024-05-17T23:30:00Z,
14.7,15.435,2024-05-17T23:30:00Z,2024-05-18T00:00:00Z,
13.65,14.3325,2024-05-18T00:00:00Z,2024-05-18T00:30:00Z,
13.86,14.553,2024-05-18T00:30:00Z,2024-05-18T01:00:00Z,
13.44,14.112,2024-05-18T01:00:00Z,2024-05-18T01:30:00Z,
11.98,12.579,2024-05-18T01:30:00Z,2024-05-18T02:00:00Z,
13.02,13.671,2024-05-18T02:00:00Z,2024-05-18T02:30:00Z,
12.6,13.23,2024-05-18T02:30:00Z,2024-05-18T03:00:00Z,
12.81,13.4505,2024-05-18T03:00:00Z,2024-05-18T03:30:00Z,
12.7,13.335,2024-05-18T03:30:00Z,2024-05-18T04:00:00Z,
11.97,12.5685,2024-05-18T04:00:00Z,2024-05-18T04:30:00Z,
11.97,12.5685,2024-05-18T04:30:00Z,2024-05-18T05:00:00Z,
12.6,13.23,2024-05-18T05:00:00Z,2024-05-18T05:30:00Z,
13.23,13.8915,2024-05-18T05:30:00Z,2024-05-18T06:00:00Z,
12.81,13.4505,2024-05-18T06:00:00Z,2024-05-18T06:30:00Z,
14.41,15.1305,2024-05-18T06:30:00Z,2024-05-18T07:00:00Z,
17.68,18.564,2024-05-18T07:00:00Z,2024-05-18T07:30:00Z,
18.98,19.929,2024-05-18T07:30:00Z,2024-05-18T08:00:00Z,
18.98,19.929,2024-05-18T08:00:00Z,2024-05-18T08:30:00Z,
18.82,19.761,2024-05-18T08:30:00Z,2024-05-18T09:00:00Z,
19.15,20.1075,2024-05-18T09:00:00Z,2024-05-18T09:30:00Z,
18.31,19.2255,2024-05-18T09:30:00Z,2024-05-18T10:00:00Z,
16.28,17.094,2024-05-18T10:00:00Z,2024-05-18T10:30:00Z,
16.15,16.9575,2024-05-18T10:30:00Z,2024-05-18T11:00:00Z,
15.18,15.939,2024-05-18T11:00:00Z,2024-05-18T11:30:00Z,
14.41,15.1305,2024-05-18T11:30:00Z,2024-05-18T12:00:00Z,
14.18,14.889,2024-05-18T12:00:00Z,2024-05-18T12:30:00Z,
13.12,13.776,2024-05-18T12:30:00Z,2024-05-18T13:00:00Z,
12.96,13.608,2024-05-18T13:00:00Z,2024-05-18T13:30:00Z,
12.73,13.3665,2024-05-18T13:30:00Z,2024-05-18T14:00:00Z,
12.56,13.188,2024-05-18T14:00:00Z,2024-05-18T14:30:00Z,
13.08,13.734,2024-05-18T14:30:00Z,2024-05-18T15:00:00Z,
25.6,26.88,2024-05-18T15:00:00Z,2024-05-18T15:30:00Z,
25.08,26.334,2024-05-18T15:30:00Z,2024-05-18T16:00:00Z,
27.62,29.001,2024-05-18T16:00:00Z,2024-05-18T16:30:00Z,
27.28,28.644,2024-05-18T16:30:00Z,2024-05-18T17:00:00Z,
28.54,29.967,2024-05-18T17:00:00Z,2024-05-18T17:30:00Z,
29.8,31.29,2024-05-18T17:30:00Z,2024-05-18T18:00:00Z,
19.32,20.286,2024-05-18T18:00:00Z,2024-05-18T18:30:00Z,
18.9,19.845,2024-05-18T18:30:00Z,2024-05-18T19:00:00Z,
18.98,19.929,2024-05-18T19:00:00Z,2024-05-18T19:30:00Z,
18.82,19.761,2024-05-18T19:30:00Z,2024-05-18T20:00:00Z,
17.51,18.3855,2024-05-18T20:00:00Z,2024-05-18T20:30:00Z,
16.8,17.64,2024-05-18T20:30:00Z,2024-05-18T21:00:00Z,
15.9,16.695,2024-05-18T21:00:00Z,2024-05-18T21:30:00Z,
14.91,15.6555,2024-05-18T21:30:00Z,2024-05-18T22:00:00Z,
17.64,18.522,2024-05-18T22:00:00Z,2024-05-18T22:30:00Z,
17.81,18.7005,2024-05-18T22:30:00Z,2024-05-18T23:00:00Z,
16.0,16.8,2024-05-18T23:00:00Z,2024-05-18T23:30:00Z,
16.16,16.968,2024-05-18T23:30:00Z,2024-05-19T00:00:00Z,
15.75,16.5375,2024-05-19T00:00:00Z,2024-05-19T00:30:00Z,
15.64,16.422,2024-05-19T00:30:00Z,2024-05-19T01:00:00Z,
14.93,15.6765,2024-05-19T01:00:00Z,2024-05-19T01:30:00Z,
14.98,15.729,2024-05-19T01:30:00Z,2024-05-19T02:00:00Z,
15.12,15.876,2024-05-19T02:00:00Z,2024-05-19T02:30:00Z,
15.54,16.317,2024-05-19T02:30:00Z,2024-05-19T03:00:00Z,
16.38,17.199,2024-05-19T03:00:00Z,2024-05-19T03:30:00Z,
15.52,16.296,2024-05-19T03:30:00Z,2024-05-19T04:00:00Z,
13.86,14.553,2024-05-19T04:00:00Z,2024-05-19T04:30:00Z,
13.69,14.3745,2024-05-19T04:30:00Z,2024-05-19T05:00:00Z,
13.86,14.553,2024-05-19T05:00:00Z,2024-05-19T05:30:00Z,
13.86,14.553,2024-05-19T05:30:00Z,2024-05-19T06:00:00Z,
14.47,15.1935,2024-05-19T06:00:00Z,2024-05-19T06:30:00Z,
14.93,15.6765,2024-05-19T06:30:00Z,2024-05-19T07:00:00Z,
16.42,17.241,2024-05-19T07:00:00Z,2024-05-19T07:30:00Z,
16.11,16.9155,2024-05-19T07:30:00Z,2024-05-19T08:00:00Z,
15.88,16.674,2024-05-19T08:00:00Z,2024-05-19T08:30:00Z,
14.59,15.3195,2024-05-19T08:30:00Z,2024-05-19T09:00:00Z,
14.55,15.2775,2024-05-19T09:00:00Z,2024-05-19T09:30:00Z,
14.5,15.225,2024-05-19T09:30:00Z,2024-05-19T10:00:00Z,
12.39,13.0095,2024-05-19T10:00:00Z,2024-05-19T10:30:00Z,
12.39,13.0095,2024-05-19T10:30:00Z,2024-05-19T11:00:00Z,
12.39,13.0095,2024-05-19T11:00:00Z,2024-05-19T11:30:00Z,
12.6,13.23,2024-05-19T11:30:00Z,2024-05-19T12:00:00Z,
12.39,13.0095,2024-05-19T12:00:00Z,2024-05-19T12:30:00Z,
12.18,12.789,2024-05-19T12:30:00Z,2024-05-19T13:00:00Z,
12.18,12.789,2024-05-19T13:00:00Z,2024-05-19T13:30:00Z,
12.39,13.0095,2024-05-19T13:30:00Z,2024-05-19T14:00:00Z,
12.56,13.188,2024-05-19T14:00:00Z,2024-05-19T14:30:00Z,
13.44,14.112,2024-05-19T14:30:00Z,2024-05-19T15:00:00Z,
26.65,27.9825,2024-05-19T15:00:00Z,2024-05-19T15:30:00Z,
27.11,28.4655,2024-05-19T15:30:00Z,2024-05-19T16:00:00Z,
27.49,28.8645,2024-05-19T16:00:00Z,2024-05-19T16:30:00Z,
27.14,28.497,2024-05-19T16:30:00Z,2024-05-19T17:00:00Z,
29.02,30.471,2024-05-19T17:00:00Z,2024-05-19T17:30:00Z,
31.06,32.613,2024-05-19T17:30:00Z,2024-05-19T18:00:00Z,
19.64,20.622,2024-05-19T18:00:00Z,2024-05-19T18:30:00Z,
18.9,19.845,2024-05-19T18:30:00Z,2024-05-19T19:00:00Z,
21.0,22.05,2024-05-19T19:00:00Z,2024-05-19T19:30:00Z,
20.5,21.525,2024-05-19T19:30:00Z,2024-05-19T20:00:00Z,
20.5,21.525,2024-05-19T20:00:00Z,2024-05-19T20:30:00Z,
19.32,20.286,2024-05-19T20:30:00Z,2024-05-19T21:00:00Z,
18.38,19.299,2024-05-19T21:00:00Z,2024-05-19T21:30:00Z,
14.53,15.2565,2024-05-19T21:30:00Z,2024-05-19T22:00:00Z,
18.48,19.404,2024-05-19T22:00:00Z,2024-05-19T22:30:00Z,
16.8,17.64,2024-05-19T22:30:00Z,2024-05-19T23:00:00Z,
15.96,16.758,2024-05-19T23:00:00Z,2024-05-19T23:30:00Z,
15.06,15.813,2024-05-19T23:30:00Z,2024-05-20T00:00:00Z,
14.28,14.994,2024-05-20T00:00:00Z,2024-05-20T00:30:00Z,
14.09,14.7945,2024-05-20T00:30:00Z,2024-05-20T01:00:00Z,
14.62,15.351,2024-05-20T01:00:00Z,2024-05-20T01:30:00Z,
13.82,14.511,2024-05-20T01:30:00Z,2024-05-20T02:00:00Z,
14.28,14.994,2024-05-20T02:00:00Z,2024-05-20T02:30:00Z,
13.86,14.553,2024-05-20T02:30:00Z,2024-05-20T03:00:00Z,
15.54,16.317,2024-05-20T03:00:00Z,2024-05-20T03:30:00Z,
15.22,15.981,2024-05-20T03:30:00Z,2024-05-20T04:00:00Z,
14.28,14.994,2024-05-20T04:00:00Z,2024-05-20T04:30:00Z,
15.96,16.758,2024-05-20T04:30:00Z,2024-05-20T05:00:00Z,
17.64,18.522,2024-05-20T05:00:00Z,2024-05-20T05:30:00Z,
19.03,19.9815,2024-05-20T05:30:00Z,2024-05-20T06:00:00Z,
18.9,19.845,2024-05-20T06:00:00Z,2024-05-20T06:30:00Z,
20.79,21.8295,2024-05-20T06:30:00Z,2024-05-20T07:00:00Z,
20.66,21.693,2024-05-20T07:00:00Z,2024-05-20T07:30:00Z,
19.59,20.5695,2024-05-20T07:30:00Z,2024-05-20T08:00:00Z,
19.97,20.9685,2024-05-20T08:00:00Z,2024-05-20T08:30:00Z,
18.65,19.5825,2024-05-20T08:30:00Z,2024-05-20T09:00:00Z,
16.86,17.703,2024-05-20T09:00:00Z,2024-05-20T09:30:00Z,
15.75,16.5375,2024-05-20T09:30:00Z,2024-05-20T10:00:00Z,
14.7,15.435,2024-05-20T10:00:00Z,2024-05-20T10:30:00Z,
13.96,14.658,2024-05-20T10:30:00Z,2024-05-20T11:00:00Z,
13.65,14.3325,2024-05-20T11:00:00Z,2024-05-20T11:30:00Z,
13.27,13.9335,2024-05-20T11:30:00Z,2024-05-20T12:00:00Z,
13.4,14.07,2024-05-20T12:00:00Z,2024-05-20T12:30:00Z,
13.27,13.9335,2024-05-20T12:30:00Z,2024-05-20T13:00:00Z,
13.27,13.9335,2024-05-20T13:00:00Z,2024-05-20T13:30:00Z,
13.27,13.9335,2024-05-20T13:30:00Z,2024-05-20T14:00:00Z,
12.81,13.4505,2024-05-20T14:00:00Z,2024-05-20T14:30:00Z,
13.52,14.196,2024-05-20T14:30:00Z,2024-05-20T15:00:00Z,
26.86,28.203,2024-05-20T15:00:00Z,2024-05-20T15:30:00Z,
27.49,28.8645,2024-05-20T15:30:00Z,2024-05-20T16:00:00Z,
28.1,29.505,2024-05-20T16:00:00Z,2024-05-20T16:30:00Z,
27.7,29.085,2024-05-20T16:30:00Z,2024-05-20T17:00:00Z,
31.54,33.117,2024-05-20T17:00:00Z,2024-05-20T17:30:00Z,
32.66,34.293,2024-05-20T17:30:00Z,2024-05-20T18:00:00Z,
21.42,22.491,2024-05-20T18:00:00Z,2024-05-20T18:30:00Z,
21.29,22.3545,2024-05-20T18:30:00Z,2024-05-20T19:00:00Z,
20.37,21.3885,2024-05-20T19:00:00Z,2024-05-20T19:30:00Z,
19.68,20.664,2024-05-20T19:30:00Z,2024-05-20T20:00:00Z,
18.9,19.845,2024-05-20T20:00:00Z,2024-05-20T20:30:00Z,
17.05,17.9025,2024-05-20T20:30:00Z,2024-05-20T21:00:00Z,
15.71,16.4955,2024-05-20T21:00:00Z,2024-05-20T21:30:00Z,
14.7,15.435,2024-05-20T21:30:00Z,2024-05-20T22:00:00Z,
14.76,15.498,2024-05-20T22:00:00Z,2024-05-20T22:30:00Z,
14.76,15.498,2024-05-20T22:30:00Z,2024-05-20T23:00:00Z,
14.34,15.057,2024-05-20T23:00:00Z,2024-05-20T23:30:00Z,
13.86,14.553,2024-05-20T23:30:00Z,2024-05-21T00:00:00Z,
14.22,14.931,2024-05-21T00:00:00Z,2024-05-21T00:30:00Z,
14.09,14.7945,2024-05-21T00:30:00Z,2024-05-21T01:00:00Z,
14.19,14.8995,2024-05-21T01:00:00Z,2024-05-21T01:30:00Z,
14.07,14.7735,2024-05-21T01:30:00Z,2024-05-21T02:00:00Z,
14.07,14.7735,2024-05-21T02:00:00Z,2024-05-21T02:30:00Z,
14.07,14.7735,2024-05-21T02:30:00Z,2024-05-21T03:00:00Z,
14.38,15.099,2024-05-21T03:00:00Z,2024-05-21T03:30:00Z,
13.86,14.553,2024-05-21T03:30:00Z,2024-05-21T04:00:00Z,
14.57,15.2985,2024-05-21T04:00:00Z,2024-05-21T04:30:00Z,
15.88,16.674,2024-05-21T04:30:00Z,2024-05-21T05:00:00Z,
18.06,18.963,2024-05-21T05:00:00Z,2024-05-21T05:30:00Z,
20.16,21.168,2024-05-21T05:30:00Z,2024-05-21T06:00:00Z,
17.64,18.522,2024-05-21T06:00:00Z,2024-05-21T06:30:00Z,
20.22,21.231,2024-05-21T06:30:00Z,2024-05-21T07:00:00Z,
19.03,19.9815,2024-05-21T07:00:00Z,2024-05-21T07:30:00Z,
18.65,19.5825,2024-05-21T07:30:00Z,2024-05-21T08:00:00Z,
19.22,20.181,2024-05-21T08:00:00Z,2024-05-21T08:30:00Z,
18.27,19.1835,2024-05-21T08:30:00Z,2024-05-21T09:00:00Z,
18.25,19.1625,2024-05-21T09:00:00Z,2024-05-21T09:30:00Z,
17.47,18.3435,2024-05-21T09:30:00Z,2024-05-21T10:00:00Z,
17.18,18.039,2024-05-21T10:00:00Z,2024-05-21T10:30:00Z,
16.76,17.598,2024-05-21T10:30:00Z,2024-05-21T11:00:00Z,
17.28,18.144,2024-05-21T11:00:00Z,2024-05-21T11:30:00Z,
16.59,17.4195,2024-05-21T11:30:00Z,2024-05-21T12:00:00Z,
17.22,18.081,2024-05-21T12:00:00Z,2024-05-21T12:30:00Z,
15.75,16.5375,2024-05-21T12:30:00Z,2024-05-21T13:00:00Z,
14.91,15.6555,2024-05-21T13:00:00Z,2024-05-21T13:30:00Z,
14.78,15.519,2024-05-21T13:30:00Z,2024-05-21T14:00:00Z,
14.7,15.435,2024-05-21T14:00:00Z,2024-05-21T14:30:00Z,
14.95,15.6975,2024-05-21T14:30:00Z,2024-05-21T15:00:00Z,
28.33,29.7465,2024-05-21T15:00:00Z,2024-05-21T15:30:00Z,
30.22,31.731,2024-05-21T15:30:00Z,2024-05-21T16:00:00Z,
32.47,34.0935,2024-05-21T16:00:00Z,2024-05-21T16:30:00Z,
33.58,35.259,2024-05-21T16:30:00Z,2024-05-21T17:00:00Z,
33.26,34.923,2024-05-21T17:00:00Z,2024-05-21T17:30:00Z,
33.26,34.923,2024-05-21T17:30:00Z,2024-05-21T18:00:00Z,
19.95,20.9475,2024-05-21T18:00:00Z,2024-05-21T18:30:00Z,
19.53,20.5065,2024-05-21T18:30:00Z,2024-05-21T19:00:00Z,
19.74,20.727,2024-05-21T19:00:00Z,2024-05-21T19:30:00Z,
19.32,20.286,2024-05-21T19:30:00Z,2024-05-21T20:00:00Z,
19.74,20.727,2024-05-21T20:00:00Z,2024-05-21T20:30:00Z,
17.58,18.459,2024-05-21T20:30:00Z,2024-05-21T21:00:00Z,
17.64,18.522,2024-05-21T21:00:00Z,2024-05-21T21:30:00Z,
16.45,17.2725,2024-05-21T21:30:00Z,2024-05-21T22:00:00Z,
18.06,18.963,2024-05-21T22:00:00Z,2024-05-21T22:30:00Z,
18.82,19.761,2024-05-21T22:30:00Z,2024-05-21T23:00:00Z,
16.74,17.577,2024-05-21T23:00:00Z,2024-05-21T23:30:00Z,
15.9,16.695,2024-05-21T23:30:00Z,2024-05-22T00:00:00Z,
15.18,15.939,2024-05-22T00:00:00Z,2024-05-22T00:30:00Z,
14.34,15.057,2024-05-22T00:30:00Z,2024-05-22T01:00:00Z,
13.96,14.658,2024-05-22T01:00:00Z,2024-05-22T01:30:00Z,
13.23,13.8915,2024-05-22T01:30:00Z,2024-05-22T02:00:00Z,
13.23,13.8915,2024-05-22T02:00:00Z,2024-05-22T02:30:00Z,
13.23,13.8915,2024-05-22T02:30:00Z,2024-05-22T03:00:00Z,
13.23,13.8915,2024-05-22T03:00:00Z,2024-05-22T03:30:00Z,
13.23,13.8915,2024-05-22T03:30:00Z,2024-05-22T04:00:00Z,
13.23,13.8915,2024-05-22T04:00:00Z,2024-05-22T04:30:00Z,
13.61,14.2905,2024-05-22T04:30:00Z,2024-05-22T05:00:00Z,
16.8,17.64,2024-05-22T05:00:00Z,2024-05-22T05:30:00Z,
19.74,20.727,2024-05-22T05:30:00Z,2024-05-22T06:00:00Z,
18.02,18.921,2024-05-22T06:00:00Z,2024-05-22T06:30:00Z,
20.73,21.7665,2024-05-22T06:30:00Z,2024-05-22T07:00:00Z,
20.79,21.8295,2024-05-22T07:00:00Z,2024-05-22T07:30:00Z,
20.46,21.483,2024-05-22T07:30:00Z,2024-05-22T08:00:00Z,
21.0,22.05,2024-05-22T08:00:00Z,2024-05-22T08:30:00Z,
20.16,21.168,2024-05-22T08:30:00Z,2024-05-22T09:00:00Z,
19.49,20.4645,2024-05-22T09:00:00Z,2024-05-22T09:30:00Z,
18.16,19.068,2024-05-22T09:30:00Z,2024-05-22T10:00:00Z,
16.8,17.64,2024-05-22T10:00:00Z,2024-05-22T10:30:00Z,
16.8,17.64,2024-05-22T10:30:00Z,2024-05-22T11:00:00Z,
16.51,17.3355,2024-05-22T11:00:00Z,2024-05-22T11:30:00Z,
16.59,17.4195,2024-05-22T11:30:00Z,2024-05-22T12:00:00Z,
17.22,18.081,2024-05-22T12:00:00Z,2024-05-22T12:30:00Z,
17.01,17.8605,2024-05-22T12:30:00Z,2024-05-22T13:00:00Z,
14.7,15.435,2024-05-22T13:00:00Z,2024-05-22T13:30:00Z,
13.65,14.3325,2024-05-22T13:30:00Z,2024-05-22T14:00:00Z,
13.44,14.112,2024-05-22T14:00:00Z,2024-05-22T14:30:00Z,
13.96,14.658,2024-05-22T14:30:00Z,2024-05-22T15:00:00Z,
25.81,27.1005,2024-05-22T15:00:00Z,2024-05-22T15:30:00Z,
26.76,28.098,2024-05-22T15:30:00Z,2024-05-22T16:00:00Z,
29.4,30.87,2024-05-22T16:00:00Z,2024-05-22T16:30:00Z,
29.8,31.29,2024-05-22T16:30:00Z,2024-05-22T17:00:00Z,
29.8,31.29,2024-05-22T17:00:00Z,2024-05-22T17:30:00Z,
28.75,30.1875,2024-05-22T17:30:00Z,2024-05-22T18:00:00Z,
17.56,18.438,2024-05-22T18:00:00Z,2024-05-22T18:30:00Z,
16.48,17.304,2024-05-22T18:30:00Z,2024-05-22T19:00:00Z,
15.29,16.0545,2024-05-22T19:00:00Z,2024-05-22T19:30:00Z,
14.7,15.435,2024-05-22T19:30:00Z,2024-05-22T20:00:00Z,
14.76,15.498,2024-05-22T20:00:00Z,2024-05-22T20:30:00Z,
14.74,15.477,2024-05-22T20:30:00Z,2024-05-22T21:00:00Z,
13.08,13.734,2024-05-22T21:00:00Z,2024-05-22T21:30:00Z,
12.6,13.23,2024-05-22T21:30:00Z,2024-05-22T22:00:00Z,
11.53,12.1065,2024-05-22T22:00:00Z,2024-05-22T22:30:00Z,
7.95,8.3475,2024-05-22T22:30:00Z,2024-05-22T23:00:00Z,
7.27,7.6335,2024-05-22T23:00:00Z,2024-05-22T23:30:00Z,
5.88,6.174,2024-05-22T23:30:00Z,2024-05-23T00:00:00Z,
6.09,6.3945,2024-05-23T00:00:00Z,2024-05-23T00:30:00Z,
6.15,6.4575,2024-05-23T00:30:00Z,2024-05-23T01:00:00Z,
5.12,5.376,2024-05-23T01:00:00Z,2024-05-23T01:30:00Z,
5.14,5.397,2024-05-23T01:30:00Z,2024-05-23T02:00:00Z,
4.3,4.515,2024-05-23T02:00:00Z,2024-05-23T02:30:00Z,
4.41,4.6305,2024-05-23T02:30:00Z,2024-05-23T03:00:00Z,
4.2,4.41,2024-05-23T03:00:00Z,2024-05-23T03:30:00Z,
3.57,3.7485,2024-05-23T03:30:00Z,2024-05-23T04:00:00Z,
6.51,6.8355,2024-05-23T04:00:00Z,2024-05-23T04:30:00Z,
8.4,8.82,2024-05-23T04:30:00Z,2024-05-23T05:00:00Z,
12.56,13.188,2024-05-23T05:00:00Z,2024-05-23T05:30:00Z,
16.38,17.199,2024-05-23T05:30:00Z,2024-05-23T06:00:00Z,
14.07,14.7735,2024-05-23T06:00:00Z,2024-05-23T06:30:00Z,
17.85,18.7425,2024-05-23T06:30:00Z,2024-05-23T07:00:00Z,
15.12,15.876,2024-05-23T07:00:00Z,2024-05-23T07:30:00Z,
14.91,15.6555,2024-05-23T07:30:00Z,2024-05-23T08:00:00Z,
15.54,16.317,2024-05-23T08:00:00Z,2024-05-23T08:30:00Z,
15.29,16.0545,2024-05-23T08:30:00Z,2024-05-23T09:00:00Z,
15.12,15.876,2024-05-23T09:00:00Z,2024-05-23T09:30:00Z,
14.83,15.5715,2024-05-23T09:30:00Z,2024-05-23T10:00:00Z,
15.12,15.876,2024-05-23T10:00:00Z,2024-05-23T10:30:00Z,
15.12,15.876,2024-05-23T10:30:00Z,2024-05-23T11:00:00Z,
15.56,16.338,2024-05-23T11:00:00Z,2024-05-23T11:30:00Z,
15.46,16.233,2024-05-23T11:30:00Z,2024-05-23T12:00:00Z,
15.12,15.876,2024-05-23T12:00:00Z,2024-05-23T12:30:00Z,
14.91,15.6555,2024-05-23T12:30:00Z,2024-05-23T13:00:00Z,
14.28,14.994,2024-05-23T13:00:00Z,2024-05-23T13:30:00Z,
14.78,15.519,2024-05-23T13:30:00Z,2024-05-23T14:00:00Z,
14.7,15.435,2024-05-23T14:00:00Z,2024-05-23T14:30:00Z,
14.7,15.435,2024-05-23T14:30:00Z,2024-05-23T15:00:00Z,
28.5,29.925,2024-05-23T15:00:00Z,2024-05-23T15:30:00Z,
28.19,29.5995,2024-05-23T15:30:00Z,2024-05-23T16:00:00Z,
29.51,30.9855,2024-05-23T16:00:00Z,2024-05-23T16:30:00Z,
29.82,31.311,2024-05-23T16:30:00Z,2024-05-23T17:00:00Z,
31.02,32.571,2024-05-23T17:00:00Z,2024-05-23T17:30:00Z,
31.48,33.054,2024-05-23T17:30:00Z,2024-05-23T18:00:00Z,
19.64,20.622,2024-05-23T18:00:00Z,2024-05-23T18:30:00Z,
19.86,20.853,2024-05-23T18:30:00Z,2024-05-23T19:00:00Z,
19.64,20.622,2024-05-23T19:00:00Z,2024-05-23T19:30:00Z,
19.64,20.622,2024-05-23T19:30:00Z,2024-05-23T20:00:00Z,
19.82,20.811,2024-05-23T20:00:00Z,2024-05-23T20:30:00Z,
18.94,19.887,2024-05-23T20:30:00Z,2024-05-23T21:00:00Z,
17.81,18.7005,2024-05-23T21:00:00Z,2024-05-23T21:30:00Z,
15.02,15.771,2024-05-23T21:30:00Z,2024-05-23T22:00:00Z,
18.8,19.74,2024-05-23T22:00:00Z,2024-05-23T22:30:00Z,
16.8,17.64,2024-05-23T22:30:00Z,2024-05-23T23:00:00Z,
16.8,17.64,2024-05-23T23:00:00Z,2024-05-23T23:30:00Z,
16.38,17.199,2024-05-23T23:30:00Z,2024-05-24T00:00:00Z,
16.44,17.262,2024-05-24T00:00:00Z,2024-05-24T00:30:00Z,
16.8,17.64,2024-05-24T00:30:00Z,2024-05-24T01:00:00Z,
16.8,17.64,2024-05-24T01:00:00Z,2024-05-24T01:30:00Z,
16.8,17.64,2024-05-24T01:30:00Z,2024-05-24T02:00:00Z,
16.74,17.577,2024-05-24T02:00:00Z,2024-05-24T02:30:00Z,
16.23,17.0415,2024-05-24T02:30:00Z,2024-05-24T03:00:00Z,
16.8,17.64,2024-05-24T03:00:00Z,2024-05-24T03:30:00Z,
16.17,16.9785,2024-05-24T03:30:00Z,2024-05-24T04:00:00Z,
17.64,18.522,2024-05-24T04:00:00Z,2024-05-24T04:30:00Z,
16.8,17.64,2024-05-24T04:30:00Z,2024-05-24T05:00:00Z,
19.87,20.8635,2024-05-24T05:00:00Z,2024-05-24T05:30:00Z,
21.34,22.407,2024-05-24T05:30:00Z,2024-05-24T06:00:00Z,
19.32,20.286,2024-05-24T06:00:00Z,2024-05-24T06:30:00Z,
21.21,22.2705,2024-05-24T06:30:00Z,2024-05-24T07:00:00Z,
19.84,20.832,2024-05-24T07:00:00Z,2024-05-24T07:30:00Z,
20.41,21.4305,2024-05-24T07:30:00Z,2024-05-24T08:00:00Z,
20.83,21.8715,2024-05-24T08:00:00Z,2024-05-24T08:30:00Z,
19.76,20.748,2024-05-24T08:30:00Z,2024-05-24T09:00:00Z,
19.47,20.4435,2024-05-24T09:00:00Z,2024-05-24T09:30:00Z,
18.48,19.404,2024-05-24T09:30:00Z,2024-05-24T10:00:00Z,
18.48,19.404,2024-05-24T10:00:00Z,2024-05-24T10:30:00Z,
18.44,19.362,2024-05-24T10:30:00Z,2024-05-24T11:00:00Z,
18.82,19.761,2024-05-24T11:00:00Z,2024-05-24T11:30:00Z,
17.87,18.7635,2024-05-24T11:30:00Z,2024-05-24T12:00:00Z,
15.75,16.5375,2024-05-24T12:00:00Z,2024-05-24T12:30:00Z,
15.06,15.813,2024-05-24T12:30:00Z,2024-05-24T13:00:00Z,
15.08,15.834,2024-05-24T13:00:00Z,2024-05-24T13:30:00Z,
14.7,15.435,2024-05-24T13:30:00Z,2024-05-24T14:00:00Z,
15.08,15.834,2024-05-24T14:00:00Z,2024-05-24T14:30:00Z,
15.12,15.876,2024-05-24T14:30:00Z,2024-05-24T15:00:00Z,
28.5,29.925,2024-05-24T15:00:00Z,2024-05-24T15:30:00Z,
30.58,32.109,2024-05-24T15:30:00Z,2024-05-24T16:00:00Z,
32.02,33.621,2024-05-24T16:00:00Z,2024-05-24T16:30:00Z,
34.0,35.7,2024-05-24T16:30:00Z,2024-05-24T17:00:00Z,
34.98,36.729,2024-05-24T17:00:00Z,2024-05-24T17:30:00Z,
35.18,36.939,2024-05-24T17:30:00Z,2024-05-24T18:00:00Z,
22.05,23.1525,2024-05-24T18:00:00Z,2024-05-24T18:30:00Z,
21.21,22.2705,2024-05-24T18:30:00Z,2024-05-24T19:00:00Z,
21.55,22.6275,2024-05-24T19:00:00Z,2024-05-24T19:30:00Z,
20.87,21.9135,2024-05-24T19:30:00Z,2024-05-24T20:00:00Z,
19.84,20.832,2024-05-24T20:00:00Z,2024-05-24T20:30:00Z,
18.48,19.404,2024-05-24T20:30:00Z,2024-05-24T21:00:00Z,
18.06,18.963,2024-05-24T21:00:00Z,2024-05-24T21:30:00Z,
17.64,18.522,2024-05-24T21:30:00Z,2024-05-24T22:00:00Z,
17.47,18.3435,2024-05-24T22:00:00Z,2024-05-24T22:30:00Z,
18.4,19.32,2024-05-24T22:30:00Z,2024-05-24T23:00:00Z,
18.48,19.404,2024-05-24T23:00:00Z,2024-05-24T23:30:00Z,
18.1,19.005,2024-05-24T23:30:00Z,2024-05-25T00:00:00Z,
17.98,18.879,2024-05-25T00:00:00Z,2024-05-25T00:30:00Z,
17.6,18.48,2024-05-25T00:30:00Z,2024-05-25T01:00:00Z,
18.06,18.963,2024-05-25T01:00:00Z,2024-05-25T01:30:00Z,
17.37,18.2385,2024-05-25T01:30:00Z,2024-05-25T02:00:00Z,
15.54,16.317,2024-05-25T02:00:00Z,2024-05-25T02:30:00Z,
15.54,16.317,2024-05-25T02:30:00Z,2024-05-25T03:00:00Z,
15.75,16.5375,2024-05-25T03:00:00Z,2024-05-25T03:30:00Z,
15.54,16.317,2024-05-25T03:30:00Z,2024-05-25T04:00:00Z,
15.54,16.317,2024-05-25T04:00:00Z,2024-05-25T04:30:00Z,
15.75,16.5375,2024-05-25T04:30:00Z,2024-05-25T05:00:00Z,
16.17,16.9785,2024-05-25T05:00:00Z,2024-05-25T05:30:00Z,
16.7,17.535,2024-05-25T05:30:00Z,2024-05-25T06:00:00Z,
16.95,17.7975,2024-05-25T06:00:00Z,2024-05-25T06:30:00Z,
18.41,19.3305,2024-05-25T06:30:00Z,2024-05-25T07:00:00Z,
18.9,19.845,2024-05-25T07:00:00Z,2024-05-25T07:30:00Z,
18.82,19.761,2024-05-25T07:30:00Z,2024-05-25T08:00:00Z,
17.6,18.48,2024-05-25T08:00:00Z,2024-05-25T08:30:00Z,
16.51,17.3355,2024-05-25T08:30:00Z,2024-05-25T09:00:00Z,
15.64,16.422,2024-05-25T09:00:00Z,2024-05-25T09:30:00Z,
15.22,15.981,2024-05-25T09:30:00Z,2024-05-25T10:00:00Z,
14.7,15.435,2024-05-25T10:00:00Z,2024-05-25T10:30:00Z,
13.86,14.553,2024-05-25T10:30:00Z,2024-05-25T11:00:00Z,
13.44,14.112,2024-05-25T11:00:00Z,2024-05-25T11:30:00Z,
13.44,14.112,2024-05-25T11:30:00Z,2024-05-25T12:00:00Z,
13.02,13.671,2024-05-25T12:00:00Z,2024-05-25T12:30:00Z,
12.6,13.23,2024-05-25T12:30:00Z,2024-05-25T13:00:00Z,
11.76,12.348,2024-05-25T13:00:00Z,2024-05-25T13:30:00Z,
11.59,12.1695,2024-05-25T13:30:00Z,2024-05-25T14:00:00Z,
12.39,13.0095,2024-05-25T14:00:00Z,2024-05-25T14:30:00Z,
13.02,13.671,2024-05-25T14:30:00Z,2024-05-25T15:00:00Z,
26.02,27.321,2024-05-25T15:00:00Z,2024-05-25T15:30:00Z,
27.18,28.539,2024-05-25T15:30:00Z,2024-05-25T16:00:00Z,
28.22,29.631,2024-05-25T16:00:00Z,2024-05-25T16:30:00Z,
28.08,29.484,2024-05-25T16:30:00Z,2024-05-25T17:00:00Z,
31.16,32.718,2024-05-25T17:00:00Z,2024-05-25T17:30:00Z,
31.9,33.495,2024-05-25T17:30:00Z,2024-05-25T18:00:00Z,
21.02,22.071,2024-05-25T18:00:00Z,2024-05-25T18:30:00Z,
20.16,21.168,2024-05-25T18:30:00Z,2024-05-25T19:00:00Z,
21.17,22.2285,2024-05-25T19:00:00Z,2024-05-25T19:30:00Z,
19.66,20.643,2024-05-25T19:30:00Z,2024-05-25T20:00:00Z,
20.18,21.189,2024-05-25T20:00:00Z,2024-05-25T20:30:00Z,
19.11,20.0655,2024-05-25T20:30:00Z,2024-05-25T21:00:00Z,
18.06,18.963,2024-05-25T21:00:00Z,2024-05-25T21:30:00Z,
17.56,18.438,2024-05-25T21:30:00Z,2024-05-25T22:00:00Z,
17.0,17.85,2024-05-25T22:00:00Z,2024-05-25T22:30:00Z,
18.27,19.1835,2024-05-25T22:30:00Z,2024-05-25T23:00:00Z,
17.64,18.522,2024-05-25T23:00:00Z,2024-05-25T23:30:00Z,
17.56,18.438,2024-05-25T23:30:00Z,2024-05-26T00:00:00Z,
16.57,17.3985,2024-05-26T00:00:00Z,2024-05-26T00:30:00Z,
16.53,17.3565,2024-05-26T00:30:00Z,2024-05-26T01:00:00Z,
17.81,18.7005,2024-05-26T01:00:00Z,2024-05-26T01:30:00Z,
16.34,17.157,2024-05-26T01:30:00Z,2024-05-26T02:00:00Z,
16.28,17.094,2024-05-26T02:00:00Z,2024-05-26T02:30:00Z,
16.28,17.094,2024-05-26T02:30:00Z,2024-05-26T03:00:00Z,
15.46,16.233,2024-05-26T03:00:00Z,2024-05-26T03:30:00Z,
14.95,15.6975,2024-05-26T03:30:00Z,2024-05-26T04:00:00Z,
13.71,14.3955,2024-05-26T04:00:00Z,2024-05-26T04:30:00Z,
13.02,13.671,2024-05-26T04:30:00Z,2024-05-26T05:00:00Z,
13.86,14.553,2024-05-26T05:00:00Z,2024-05-26T05:30:00Z,
14.15,14.8575,2024-05-26T05:30:00Z,2024-05-26T06:00:00Z,
14.28,14.994,2024-05-26T06:00:00Z,2024-05-26T06:30:00Z,
16.59,17.4195,2024-05-26T06:30:00Z,2024-05-26T07:00:00Z,
15.12,15.876,2024-05-26T07:00:00Z,2024-05-26T07:30:00Z,
16.59,17.4195,2024-05-26T07:30:00Z,2024-05-26T08:00:00Z,
17.43,18.3015,2024-05-26T08:00:00Z,2024-05-26T08:30:00Z,
18.06,18.963,2024-05-26T08:30:00Z,2024-05-26T09:00:00Z,
18.06,18.963,2024-05-26T09:00:00Z,2024-05-26T09:30:00Z,
17.47,18.3435,2024-05-26T09:30:00Z,2024-05-26T10:00:00Z,
16.57,17.3985,2024-05-26T10:00:00Z,2024-05-26T10:30:00Z,
16.78,17.619,2024-05-26T10:30:00Z,2024-05-26T11:00:00Z,
15.12,15.876,2024-05-26T11:00:00Z,2024-05-26T11:30:00Z,
14.05,14.7525,2024-05-26T11:30:00Z,2024-05-26T12:00:00Z,
12.05,12.6525,2024-05-26T12:00:00Z,2024-05-26T12:30:00Z,
10.71,11.2455,2024-05-26T12:30:00Z,2024-05-26T13:00:00Z,
9.32,9.786,2024-05-26T13:00:00Z,2024-05-26T13:30:00Z,
10.08,10.584,2024-05-26T13:30:00Z,2024-05-26T14:00:00Z,
11.55,12.1275,2024-05-26T14:00:00Z,2024-05-26T14:30:00Z,
12.87,13.5135,2024-05-26T14:30:00Z,2024-05-26T15:00:00Z,
26.06,27.363,2024-05-26T15:00:00Z,2024-05-26T15:30:00Z,
27.28,28.644,2024-05-26T15:30:00Z,2024-05-26T16:00:00Z,
28.12,29.526,2024-05-26T16:00:00Z,2024-05-26T16:30:00Z,
29.38,30.849,2024-05-26T16:30:00Z,2024-05-26T17:00:00Z,
30.66,32.193,2024-05-26T17:00:00Z,2024-05-26T17:30:00Z,
31.44,33.012,2024-05-26T17:30:00Z,2024-05-26T18:00:00Z,
20.16,21.168,2024-05-26T18:00:00Z,2024-05-26T18:30:00Z,
19.11,20.0655,2024-05-26T18:30:00Z,2024-05-26T19:00:00Z,
19.95,20.9475,2024-05-26T19:00:00Z,2024-05-26T19:30:00Z,
18.9,19.845,2024-05-26T19:30:00Z,2024-05-26T20:00:00Z,
19.8,20.79,2024-05-26T20:00:00Z,2024-05-26T20:30:00Z,
18.52,19.446,2024-05-26T20:30:00Z,2024-05-26T21:00:00Z,
16.17,16.9785,2024-05-26T21:00:00Z,2024-05-26T21:30:00Z,
14.85,15.5925,2024-05-26T21:30:00Z,2024-05-26T22:00:00Z,
14.11,14.8155,2024-05-26T22:00:00Z,2024-05-26T22:30:00Z,
11.1,11.655,2024-05-26T22:30:00Z,2024-05-26T23:00:00Z,
12.43,13.0515,2024-05-26T23:00:00Z,2024-05-26T23:30:00Z,
12.34,12.957,2024-05-26T23:30:00Z,2024-05-27T00:00:00Z,
11.09,11.6445,2024-05-27T00:00:00Z,2024-05-27T00:30:00Z,
13.23,13.8915,2024-05-27T00:30:00Z,2024-05-27T01:00:00Z,
12.3,12.915,2024-05-27T01:00:00Z,2024-05-27T01:30:00Z,
12.03,12.6315,2024-05-27T01:30:00Z,2024-05-27T02:00:00Z,
13.67,14.3535,2024-05-27T02:00:00Z,2024-05-27T02:30:00Z,
13.23,13.8915,2024-05-27T02:30:00Z,2024-05-27T03:00:00Z,
14.24,14.952,2024-05-27T03:00:00Z,2024-05-27T03:30:00Z,
12.62,13.251,2024-05-27T03:30:00Z,2024-05-27T04:00:00Z,
15.86,16.653,2024-05-27T04:00:00Z,2024-05-27T04:30:00Z,
15.96,16.758,2024-05-27T04:30:00Z,2024-05-27T05:00:00Z,
18.82,19.761,2024-05-27T05:00:00Z,2024-05-27T05:30:00Z,
20.58,21.609,2024-05-27T05:30:00Z,2024-05-27T06:00:00Z,
18.11,19.0155,2024-05-27T06:00:00Z,2024-05-27T06:30:00Z,
19.49,20.4645,2024-05-27T06:30:00Z,2024-05-27T07:00:00Z,
16.32,17.136,2024-05-27T07:00:00Z,2024-05-27T07:30:00Z,
17.77,18.6585,2024-05-27T07:30:00Z,2024-05-27T08:00:00Z,
15.12,15.876,2024-05-27T08:00:00Z,2024-05-27T08:30:00Z,
15.33,16.0965,2024-05-27T08:30:00Z,2024-05-27T09:00:00Z,
15.33,16.0965,2024-05-27T09:00:00Z,2024-05-27T09:30:00Z,
14.49,15.2145,2024-05-27T09:30:00Z,2024-05-27T10:00:00Z,
15.46,16.233,2024-05-27T10:00:00Z,2024-05-27T10:30:00Z,
15.2,15.96,2024-05-27T10:30:00Z,2024-05-27T11:00:00Z,
15.18,15.939,2024-05-27T11:00:00Z,2024-05-27T11:30:00Z,
14.32,15.036,2024-05-27T11:30:00Z,2024-05-27T12:00:00Z,
13.67,14.3535,2024-05-27T12:00:00Z,2024-05-27T12:30:00Z,
13.46,14.133,2024-05-27T12:30:00Z,2024-05-27T13:00:00Z,
13.52,14.196,2024-05-27T13:00:00Z,2024-05-27T13:30:00Z,
13.4,14.07,2024-05-27T13:30:00Z,2024-05-27T14:00:00Z,
13.86,14.553,2024-05-27T14:00:00Z,2024-05-27T14:30:00Z,
13.23,13.8915,2024-05-27T14:30:00Z,2024-05-27T15:00:00Z,
29.13,30.5865,2024-05-27T15:00:00Z,2024-05-27T15:30:00Z,
29.59,31.0695,2024-05-27T15:30:00Z,2024-05-27T16:00:00Z,
31.63,33.2115,2024-05-27T16:00:00Z,2024-05-27T16:30:00Z,
32.95,34.5975,2024-05-27T16:30:00Z,2024-05-27T17:00:00Z,
34.5,36.225,2024-05-27T17:00:00Z,2024-05-27T17:30:00Z,
35.68,37.464,2024-05-27T17:30:00Z,2024-05-27T18:00:00Z,
23.73,24.9165,2024-05-27T18:00:00Z,2024-05-27T18:30:00Z,
23.02,24.171,2024-05-27T18:30:00Z,2024-05-27T19:00:00Z,
21.08,22.134,2024-05-27T19:00:00Z,2024-05-27T19:30:00Z,
21.42,22.491,2024-05-27T19:30:00Z,2024-05-27T20:00:00Z,
22.18,23.289,2024-05-27T20:00:00Z,2024-05-27T20:30:00Z,
20.58,21.609,2024-05-27T20:30:00Z,2024-05-27T21:00:00Z,
18.82,19.761,2024-05-27T21:00:00Z,2024-05-27T21:30:00Z,
14.7,15.435,2024-05-27T21:30:00Z,2024-05-27T22:00:00Z,
16.81,17.6505,2024-05-27T22:00:00Z,2024-05-27T22:30:00Z,
18.06,18.963,2024-05-27T22:30:00Z,2024-05-27T23:00:00Z,
18.06,18.963,2024-05-27T23:00:00Z,2024-05-27T23:30:00Z,
16.36,17.178,2024-05-27T23:30:00Z,2024-05-28T00:00:00Z,
15.83,16.6215,2024-05-28T00:00:00Z,2024-05-28T00:30:00Z,
15.77,16.5585,2024-05-28T00:30:00Z,2024-05-28T01:00:00Z,
15.54,16.317,2024-05-28T01:00:00Z,2024-05-28T01:30:00Z,
15.22,15.981,2024-05-28T01:30:00Z,2024-05-28T02:00:00Z,
15.54,16.317,2024-05-28T02:00:00Z,2024-05-28T02:30:00Z,
15.06,15.813,2024-05-28T02:30:00Z,2024-05-28T03:00:00Z,
15.29,16.0545,2024-05-28T03:00:00Z,2024-05-28T03:30:00Z,
14.51,15.2355,2024-05-28T03:30:00Z,2024-05-28T04:00:00Z,
15.96,16.758,2024-05-28T04:00:00Z,2024-05-28T04:30:00Z,
16.99,17.8395,2024-05-28T04:30:00Z,2024-05-28T05:00:00Z,
16.82,17.661,2024-05-28T05:00:00Z,2024-05-28T05:30:00Z,
18.96,19.908,2024-05-28T05:30:00Z,2024-05-28T06:00:00Z,
17.32,18.186,2024-05-28T06:00:00Z,2024-05-28T06:30:00Z,
19.82,20.811,2024-05-28T06:30:00Z,2024-05-28T07:00:00Z,
20.79,21.8295,2024-05-28T07:00:00Z,2024-05-28T07:30:00Z,
21.63,22.7115,2024-05-28T07:30:00Z,2024-05-28T08:00:00Z,
22.18,23.289,2024-05-28T08:00:00Z,2024-05-28T08:30:00Z,
20.5,21.525,2024-05-28T08:30:00Z,2024-05-28T09:00:00Z,
19.97,20.9685,2024-05-28T09:00:00Z,2024-05-28T09:30:00Z,
18.82,19.761,2024-05-28T09:30:00Z,2024-05-28T10:00:00Z,
17.85,18.7425,2024-05-28T10:00:00Z,2024-05-28T10:30:00Z,
17.68,18.564,2024-05-28T10:30:00Z,2024-05-28T11:00:00Z,
16.63,17.4615,2024-05-28T11:00:00Z,2024-05-28T11:30:00Z,
15.54,16.317,2024-05-28T11:30:00Z,2024-05-28T12:00:00Z,
15.54,16.317,2024-05-28T12:00:00Z,2024-05-28T12:30:00Z,
14.51,15.2355,2024-05-28T12:30:00Z,2024-05-28T13:00:00Z,
15.54,16.317,2024-05-28T13:00:00Z,2024-05-28T13:30:00Z,
15.14,15.897,2024-05-28T13:30:00Z,2024-05-28T14:00:00Z,
15.04,15.792,2024-05-28T14:00:00Z,2024-05-28T14:30:00Z,
15.46,16.233,2024-05-28T14:30:00Z,2024-05-28T15:00:00Z,
27.7,29.085,2024-05-28T15:00:00Z,2024-05-28T15:30:00Z,
27.55,28.9275,2024-05-28T15:30:00Z,2024-05-28T16:00:00Z,
28.64,30.072,2024-05-28T16:00:00Z,2024-05-28T16:30:00Z,
29.34,30.807,2024-05-28T16:30:00Z,2024-05-28T17:00:00Z,
33.16,34.818,2024-05-28T17:00:00Z,2024-05-28T17:30:00Z,
32.95,34.5975,2024-05-28T17:30:00Z,2024-05-28T18:00:00Z,
18.82,19.761,2024-05-28T18:00:00Z,2024-05-28T18:30:00Z,
18.11,19.0155,2024-05-28T18:30:00Z,2024-05-28T19:00:00Z,
19.95,20.9475,2024-05-28T19:00:00Z,2024-05-28T19:30:00Z,
18.82,19.761,2024-05-28T19:30:00Z,2024-05-28T20:00:00Z,
17.3,18.165,2024-05-28T20:00:00Z,2024-05-28T20:30:00Z,
15.75,16.5375,2024-05-28T20:30:00Z,2024-05-28T21:00:00Z,
15.63,16.4115,2024-05-28T21:00:00Z,2024-05-28T21:30:00Z,
14.8,15.54,2024-05-28T21:30:00Z,2024-05-28T22:00:00Z,
13.9,14.595,2024-05-28T22:00:00Z,2024-05-28T22:30:00Z,
10.5,11.025,2024-05-28T22:30:00Z,2024-05-28T23:00:00Z,
9.79,10.2795,2024-05-28T23:00:00Z,2024-05-28T23:30:00Z,
8.4,8.82,2024-05-28T23:30:00Z,2024-05-29T00:00:00Z,
7.35,7.7175,2024-05-29T00:00:00Z,2024-05-29T00:30:00Z,
8.4,8.82,2024-05-29T00:30:00Z,2024-05-29T01:00:00Z,
7.77,8.1585,2024-05-29T01:00:00Z,2024-05-29T01:30:00Z,
6.8,7.14,2024-05-29T01:30:00Z,2024-05-29T02:00:00Z,
6.93,7.2765,2024-05-29T02:00:00Z,2024-05-29T02:30:00Z,
6.85,7.1925,2024-05-29T02:30:00Z,2024-05-29T03:00:00Z,
7.77,8.1585,2024-05-29T03:00:00Z,2024-05-29T03:30:00Z,
6.84,7.182,2024-05-29T03:30:00Z,2024-05-29T04:00:00Z,
8.4,8.82,2024-05-29T04:00:00Z,2024-05-29T04:30:00Z,
9.24,9.702,2024-05-29T04:30:00Z,2024-05-29T05:00:00Z,
12.6,13.23,2024-05-29T05:00:00Z,2024-05-29T05:30:00Z,
15.33,16.0965,2024-05-29T05:30:00Z,2024-05-29T06:00:00Z,
13.44,14.112,2024-05-29T06:00:00Z,2024-05-29T06:30:00Z,
15.75,16.5375,2024-05-29T06:30:00Z,2024-05-29T07:00:00Z,
15.31,16.0755,2024-05-29T07:00:00Z,2024-05-29T07:30:00Z,
16.19,16.9995,2024-05-29T07:30:00Z,2024-05-29T08:00:00Z,
17.22,18.081,2024-05-29T08:00:00Z,2024-05-29T08:30:00Z,
16.84,17.682,2024-05-29T08:30:00Z,2024-05-29T09:00:00Z,
18.48,19.404,2024-05-29T09:00:00Z,2024-05-29T09:30:00Z,
18.27,19.1835,2024-05-29T09:30:00Z,2024-05-29T10:00:00Z,
18.27,19.1835,2024-05-29T10:00:00Z,2024-05-29T10:30:00Z,
18.27,19.1835,2024-05-29T10:30:00Z,2024-05-29T11:00:00Z,
17.85,18.7425,2024-05-29T11:00:00Z,2024-05-29T11:30:00Z,
17.43,18.3015,2024-05-29T11:30:00Z,2024-05-29T12:00:00Z,
15.96,16.758,2024-05-29T12:00:00Z,2024-05-29T12:30:00Z,
15.35,16.1175,2024-05-29T12:30:00Z,2024-05-29T13:00:00Z,
14.83,15.5715,2024-05-29T13:00:00Z,2024-05-29T13:30:00Z,
14.72,15.456,2024-05-29T13:30:00Z,2024-05-29T14:00:00Z,
14.51,15.2355,2024-05-29T14:00:00Z,2024-05-29T14:30:00Z,
14.99,15.7395,2024-05-29T14:30:00Z,2024-05-29T15:00:00Z,
27.28,28.644,2024-05-29T15:00:00Z,2024-05-29T15:30:00Z,
28.12,29.526,2024-05-29T15:30:00Z,2024-05-29T16:00:00Z,
28.96,30.408,2024-05-29T16:00:00Z,2024-05-29T16:30:00Z,
29.38,30.849,2024-05-29T16:30:00Z,2024-05-29T17:00:00Z,
30.85,32.3925,2024-05-29T17:00:00Z,2024-05-29T17:30:00Z,
30.85,32.3925,2024-05-29T17:30:00Z,2024-05-29T18:00:00Z,
21.0,22.05,2024-05-29T18:00:00Z,2024-05-29T18:30:00Z,
20.39,21.4095,2024-05-29T18:30:00Z,2024-05-29T19:00:00Z,
20.81,21.8505,2024-05-29T19:00:00Z,2024-05-29T19:30:00Z,
19.78,20.769,2024-05-29T19:30:00Z,2024-05-29T20:00:00Z,
19.59,20.5695,2024-05-29T20:00:00Z,2024-05-29T20:30:00Z,
19.02,19.971,2024-05-29T20:30:00Z,2024-05-29T21:00:00Z,
18.16,19.068,2024-05-29T21:00:00Z,2024-05-29T21:30:00Z,
15.96,16.758,2024-05-29T21:30:00Z,2024-05-29T22:00:00Z,
16.32,17.136,2024-05-29T22:00:00Z,2024-05-29T22:30:00Z,
16.8,17.64,2024-05-29T22:30:00Z,2024-05-29T23:00:00Z,
15.58,16.359,2024-05-29T23:00:00Z,2024-05-29T23:30:00Z,
15.46,16.233,2024-05-29T23:30:00Z,2024-05-30T00:00:00Z,
14.78,15.519,2024-05-30T00:00:00Z,2024-05-30T00:30:00Z,
14.28,14.994,2024-05-30T00:30:00Z,2024-05-30T01:00:00Z,
13.4,14.07,2024-05-30T01:00:00Z,2024-05-30T01:30:00Z,
11.81,12.4005,2024-05-30T01:30:00Z,2024-05-30T02:00:00Z,
11.09,11.6445,2024-05-30T02:00:00Z,2024-05-30T02:30:00Z,
10.08,10.584,2024-05-30T02:30:00Z,2024-05-30T03:00:00Z,
10.37,10.8885,2024-05-30T03:00:00Z,2024-05-30T03:30:00Z,
10.08,10.584,2024-05-30T03:30:00Z,2024-05-30T04:00:00Z,
11.55,12.1275,2024-05-30T04:00:00Z,2024-05-30T04:30:00Z,
11.55,12.1275,2024-05-30T04:30:00Z,2024-05-30T05:00:00Z,
14.78,15.519,2024-05-30T05:00:00Z,2024-05-30T05:30:00Z,
17.45,18.3225,2024-05-30T05:30:00Z,2024-05-30T06:00:00Z,
13.44,14.112,2024-05-30T06:00:00Z,2024-05-30T06:30:00Z,
15.92,16.716,2024-05-30T06:30:00Z,2024-05-30T07:00:00Z,
15.83,16.6215,2024-05-30T07:00:00Z,2024-05-30T07:30:00Z,
16.72,17.556,2024-05-30T07:30:00Z,2024-05-30T08:00:00Z,
15.54,16.317,2024-05-30T08:00:00Z,2024-05-30T08:30:00Z,
15.12,15.876,2024-05-30T08:30:00Z,2024-05-30T09:00:00Z,
14.7,15.435,2024-05-30T09:00:00Z,2024-05-30T09:30:00Z,
13.35,14.0175,2024-05-30T09:30:00Z,2024-05-30T10:00:00Z,
12.6,13.23,2024-05-30T10:00:00Z,2024-05-30T10:30:00Z,
11.55,12.1275,2024-05-30T10:30:00Z,2024-05-30T11:00:00Z,
11.76,12.348,2024-05-30T11:00:00Z,2024-05-30T11:30:00Z,
10.92,11.466,2024-05-30T11:30:00Z,2024-05-30T12:00:00Z,
10.22,10.731,2024-05-30T12:00:00Z,2024-05-30T12:30:00Z,
8.57,8.9985,2024-05-30T12:30:00Z,2024-05-30T13:00:00Z,
10.24,10.752,2024-05-30T13:00:00Z,2024-05-30T13:30:00Z,
9.95,10.4475,2024-05-30T13:30:00Z,2024-05-30T14:00:00Z,
11.13,11.6865,2024-05-30T14:00:00Z,2024-05-30T14:30:00Z,
11.42,11.991,2024-05-30T14:30:00Z,2024-05-30T15:00:00Z,
24.55,25.7775,2024-05-30T15:00:00Z,2024-05-30T15:30:00Z,
26.31,27.6255,2024-05-30T15:30:00Z,2024-05-30T16:00:00Z,
27.99,29.3895,2024-05-30T16:00:00Z,2024-05-30T16:30:00Z,
28.54,29.967,2024-05-30T16:30:00Z,2024-05-30T17:00:00Z,
31.27,32.8335,2024-05-30T17:00:00Z,2024-05-30T17:30:00Z,
31.23,32.7915,2024-05-30T17:30:00Z,2024-05-30T18:00:00Z,
19.82,20.811,2024-05-30T18:00:00Z,2024-05-30T18:30:00Z,
19.32,20.286,2024-05-30T18:30:00Z,2024-05-30T19:00:00Z,
19.15,20.1075,2024-05-30T19:00:00Z,2024-05-30T19:30:00Z,
18.35,19.2675,2024-05-30T19:30:00Z,2024-05-30T20:00:00Z,
16.8,17.64,2024-05-30T20:00:00Z,2024-05-30T20:30:00Z,
16.44,17.262,2024-05-30T20:30:00Z,2024-05-30T21:00:00Z,
17.38,18.249,2024-05-30T21:00:00Z,2024-05-30T21:30:00Z,
15.18,15.939,2024-05-30T21:30:00Z,2024-05-30T22:00:00Z,
13.15,13.8075,2024-05-30T22:00:00Z,2024-05-30T22:30:00Z,
12.6,13.23,2024-05-30T22:30:00Z,2024-05-30T23:00:00Z,
12.43,13.0515,2024-05-30T23:00:00Z,2024-05-30T23:30:00Z,
11.82,12.411,2024-05-30T23:30:00Z,2024-05-31T00:00:00Z,
10.65,11.1825,2024-05-31T00:00:00Z,2024-05-31T00:30:00Z,
11.21,11.7705,2024-05-31T00:30:00Z,2024-05-31T01:00:00Z,
12.6,13.23,2024-05-31T01:00:00Z,2024-05-31T01:30:00Z,
10.18,10.689,2024-05-31T01:30:00Z,2024-05-31T02:00:00Z,
11.76,12.348,2024-05-31T02:00:00Z,2024-05-31T02:30:00Z,
10.92,11.466,2024-05-31T02:30:00Z,2024-05-31T03:00:00Z,
10.96,11.508,2024-05-31T03:00:00Z,2024-05-31T03:30:00Z,
9.45,9.9225,2024-05-31T03:30:00Z,2024-05-31T04:00:00Z,
12.1,12.705,2024-05-31T04:00:00Z,2024-05-31T04:30:00Z,
14.49,15.2145,2024-05-31T04:30:00Z,2024-05-31T05:00:00Z,
15.54,16.317,2024-05-31T05:00:00Z,2024-05-31T05:30:00Z,
17.81,18.7005,2024-05-31T05:30:00Z,2024-05-31T06:00:00Z,
16.8,17.64,2024-05-31T06:00:00Z,2024-05-31T06:30:00Z,
19.13,20.0865,2024-05-31T06:30:00Z,2024-05-31T07:00:00Z,
17.64,18.522,2024-05-31T07:00:00Z,2024-05-31T07:30:00Z,
17.85,18.7425,2024-05-31T07:30:00Z,2024-05-31T08:00:00Z,
17.81,18.7005,2024-05-31T08:00:00Z,2024-05-31T08:30:00Z,
17.47,18.3435,2024-05-31T08:30:00Z,2024-05-31T09:00:00Z,
18.48,19.404,2024-05-31T09:00:00Z,2024-05-31T09:30:00Z,
18.14,19.047,2024-05-31T09:30:00Z,2024-05-31T10:00:00Z,
17.85,18.7425,2024-05-31T10:00:00Z,2024-05-31T10:30:00Z,
17.81,18.7005,2024-05-31T10:30:00Z,2024-05-31T11:00:00Z,
18.06,18.963,2024-05-31T11:00:00Z,2024-05-31T11:30:00Z,
17.39,18.2595,2024-05-31T11:30:00Z,2024-05-31T12:00:00Z,
15.12,15.876,2024-05-31T12:00:00Z,2024-05-31T12:30:00Z,
14.45,15.1725,2024-05-31T12:30:00Z,2024-05-31T13:00:00Z,
12.77,13.4085,2024-05-31T13:00:00Z,2024-05-31T13:30:00Z,
12.39,13.0095,2024-05-31T13:30:00Z,2024-05-31T14:00:00Z,
12.5,13.125,2024-05-31T14:00:00Z,2024-05-31T14:30:00Z,
13.02,13.671,2024-05-31T14:30:00Z,2024-05-31T15:00:00Z,
26.25,27.5625,2024-05-31T15:00:00Z,2024-05-31T15:30:00Z,
28.31,29.7255,2024-05-31T15:30:00Z,2024-05-31T16:00:00Z,
30.22,31.731,2024-05-31T16:00:00Z,2024-05-31T16:30:00Z,
31.9,33.495,2024-05-31T16:30:00Z,2024-05-31T17:00:00Z,
30.89,32.4345,2024-05-31T17:00:00Z,2024-05-31T17:30:00Z,
30.91,32.4555,2024-05-31T17:30:00Z,2024-05-31T18:00:00Z,
19.11,20.0655,2024-05-31T18:00:00Z,2024-05-31T18:30:00Z,
17.85,18.7425,2024-05-31T18:30:00Z,2024-05-31T19:00:00Z,
19.53,20.5065,2024-05-31T19:00:00Z,2024-05-31T19:30:00Z,
18.31,19.2255,2024-05-31T19:30:00Z,2024-05-31T20:00:00Z,
18.9,19.845,2024-05-31T20:00:00Z,2024-05-31T20:30:00Z,
18.14,19.047,2024-05-31T20:30:00Z,2024-05-31T21:00:00Z,
17.43,18.3015,2024-05-31T21:00:00Z,2024-05-31T21:30:00Z,
15.12,15.876,2024-05-31T21:30:00Z,2024-05-31T22:00:00Z,
19.74,20.727,2024-05-31T22:00:00Z,2024-05-31T22:30:00Z,
17.39,18.2595,2024-05-31T22:30:00Z,2024-05-31T23:00:00Z,
16.8,17.64,2024-05-31T23:00:00Z,2024-05-31T23:30:00Z,
16.04,16.842,2024-05-31T23:30:00Z,2024-06-01T00:00:00Z,
14.18,14.889,2024-06-01T00:00:00Z,2024-06-01T00:30:00Z,
14.18,14.889,2024-06-01T00:30:00Z,2024-06-01T01:00:00Z,
13.61,14.2905,2024-06-01T01:00:00Z,2024-06-01T01:30:00Z,
10.92,11.466,2024-06-01T01:30:00Z,2024-06-01T02:00:00Z,
14.04,14.742,2024-06-01T02:00:00Z,2024-06-01T02:30:00Z,
11.82,12.411,2024-06-01T02:30:00Z,2024-06-01T03:00:00Z,
14.18,14.889,2024-06-01T03:00:00Z,2024-06-01T03:30:00Z,
12.6,13.23,2024-06-01T03:30:00Z,2024-06-01T04:00:00Z,
12.94,13.587,2024-06-01T04:00:00Z,2024-06-01T04:30:00Z,
13.02,13.671,2024-06-01T04:30:00Z,2024-06-01T05:00:00Z,
13.02,13.671,2024-06-01T05:00:00Z,2024-06-01T05:30:00Z,
14.7,15.435,2024-06-01T05:30:00Z,2024-06-01T06:00:00Z,
13.4,14.07,2024-06-01T06:00:00Z,2024-06-01T06:30:00Z,
14.28,14.994,2024-06-01T06:30:00Z,2024-06-01T07:00:00Z,
13.44,14.112,2024-06-01T07:00:00Z,2024-06-01T07:30:00Z,
15.92,16.716,2024-06-01T07:30:00Z,2024-06-01T08:00:00Z,
17.22,18.081,2024-06-01T08:00:00Z,2024-06-01T08:30:00Z,
16.38,17.199,2024-06-01T08:30:00Z,2024-06-01T09:00:00Z,
17.03,17.8815,2024-06-01T09:00:00Z,2024-06-01T09:30:00Z,
15.54,16.317,2024-06-01T09:30:00Z,2024-06-01T10:00:00Z,
14.83,15.5715,2024-06-01T10:00:00Z,2024-06-01T10:30:00Z,
13.44,14.112,2024-06-01T10:30:00Z,2024-06-01T11:00:00Z,
15.62,16.401,2024-06-01T11:00:00Z,2024-06-01T11:30:00Z,
12.6,13.23,2024-06-01T11:30:00Z,2024-06-01T12:00:00Z,
12.89,13.5345,2024-06-01T12:00:00Z,2024-06-01T12:30:00Z,
9.79,10.2795,2024-06-01T12:30:00Z,2024-06-01T13:00:00Z,
11.34,11.907,2024-06-01T13:00:00Z,2024-06-01T13:30:00Z,
8.61,9.0405,2024-06-01T13:30:00Z,2024-06-01T14:00:00Z,
9.34,9.807,2024-06-01T14:00:00Z,2024-06-01T14:30:00Z,
12.22,12.831,2024-06-01T14:30:00Z,2024-06-01T15:00:00Z,
22.03,23.1315,2024-06-01T15:00:00Z,2024-06-01T15:30:00Z,
28.37,29.7885,2024-06-01T15:30:00Z,2024-06-01T16:00:00Z,
30.14,31.647,2024-06-01T16:00:00Z,2024-06-01T16:30:00Z,
33.5,35.175,2024-06-01T16:30:00Z,2024-06-01T17:00:00Z,
32.4,34.02,2024-06-01T17:00:00Z,2024-06-01T17:30:00Z,
33.16,34.818,2024-06-01T17:30:00Z,2024-06-01T18:00:00Z,
19.3,20.265,2024-06-01T18:00:00Z,2024-06-01T18:30:00Z,
18.94,19.887,2024-06-01T18:30:00Z,2024-06-01T19:00:00Z,
19.82,20.811,2024-06-01T19:00:00Z,2024-06-01T19:30:00Z,
19.82,20.811,2024-06-01T19:30:00Z,2024-06-01T20:00:00Z,
19.53,20.5065,2024-06-01T20:00:00Z,2024-06-01T20:30:00Z,
18.9,19.845,2024-06-01T20:30:00Z,2024-06-01T21:00:00Z,
20.48,21.504,2024-06-01T21:00:00Z,2024-06-01T21:30:00Z,
18.0,18.9,2024-06-01T21:30:00Z,2024-06-01T22:00:00Z,
17.43,18.3015,2024-06-01T22:00:00Z,2024-06-01T22:30:00Z,
15.14,15.897,2024-06-01T22:30:00Z,2024-06-01T23:00:00Z,
14.91,15.6555,2024-06-01T23:00:00Z,2024-06-01T23:30:00Z,
14.91,15.6555,2024-06-01T23:30:00Z,2024-06-02T00:00:00Z,
14.91,15.6555,2024-06-02T00:00:00Z,2024-06-02T00:30:00Z,
14.91,15.6555,2024-06-02T00:30:00Z,2024-06-02T01:00:00Z,
14.91,15.6555,2024-06-02T01:00:00Z,2024-06-02T01:30:00Z,
14.7,15.435,2024-06-02T01:30:00Z,2024-06-02T02:00:00Z,
12.81,13.4505,2024-06-02T02:00:00Z,2024-06-02T02:30:00Z,
12.81,13.4505,2024-06-02T02:30:00Z,2024-06-02T03:00:00Z,
12.81,13.4505,2024-06-02T03:00:00Z,2024-06-02T03:30:00Z,
12.6,13.23,2024-06-02T03:30:00Z,2024-06-02T04:00:00Z,
11.97,12.5685,2024-06-02T04:00:00Z,2024-06-02T04:30:00Z,
10.52,11.046,2024-06-02T04:30:00Z,2024-06-02T05:00:00Z,
10.08,10.584,2024-06-02T05:00:00Z,2024-06-02T05:30:00Z,
12.1,12.705,2024-06-02T05:30:00Z,2024-06-02T06:00:00Z,
10.92,11.466,2024-06-02T06:00:00Z,2024-06-02T06:30:00Z,
13.02,13.671,2024-06-02T06:30:00Z,2024-06-02T07:00:00Z,
12.26,12.873,2024-06-02T07:00:00Z,2024-06-02T07:30:00Z,
13.02,13.671,2024-06-02T07:30:00Z,2024-06-02T08:00:00Z,
11.97,12.5685,2024-06-02T08:00:00Z,2024-06-02T08:30:00Z,
11.97,12.5685,2024-06-02T08:30:00Z,2024-06-02T09:00:00Z,
11.97,12.5685,2024-06-02T09:00:00Z,2024-06-02T09:30:00Z,
11.97,12.5685,2024-06-02T09:30:00Z,2024-06-02T10:00:00Z,
11.97,12.5685,2024-06-02T10:00:00Z,2024-06-02T10:30:00Z,
10.5,11.025,2024-06-02T10:30:00Z,2024-06-02T11:00:00Z,
10.92,11.466,2024-06-02T11:00:00Z,2024-06-02T11:30:00Z,
10.5,11.025,2024-06-02T11:30:00Z,2024-06-02T12:00:00Z,
13.02,13.671,2024-06-02T12:00:00Z,2024-06-02T12:30:00Z,
10.52,11.046,2024-06-02T12:30:00Z,2024-06-02T13:00:00Z,
10.5,11.025,2024-06-02T13:00:00Z,2024-06-02T13:30:00Z,
10.5,11.025,2024-06-02T13:30:00Z,2024-06-02T14:00:00Z,
10.5,11.025,2024-06-02T14:00:00Z,2024-06-02T14:30:00Z,
10.52,11.046,2024-06-02T14:30:00Z,2024-06-02T15:00:00Z,
23.5,24.675,2024-06-02T15:00:00Z,2024-06-02T15:30:00Z,
26.02,27.321,2024-06-02T15:30:00Z,2024-06-02T16:00:00Z,
30.14,31.647,2024-06-02T16:00:00Z,2024-06-02T16:30:00Z,
31.77,33.3585,2024-06-02T16:30:00Z,2024-06-02T17:00:00Z,
31.06,32.613,2024-06-02T17:00:00Z,2024-06-02T17:30:00Z,
32.19,33.7995,2024-06-02T17:30:00Z,2024-06-02T18:00:00Z,
18.92,19.866,2024-06-02T18:00:00Z,2024-06-02T18:30:00Z,
19.45,20.4225,2024-06-02T18:30:00Z,2024-06-02T19:00:00Z,
19.17,20.1285,2024-06-02T19:00:00Z,2024-06-02T19:30:00Z,
18.06,18.963,2024-06-02T19:30:00Z,2024-06-02T20:00:00Z,
19.34,20.307,2024-06-02T20:00:00Z,2024-06-02T20:30:00Z,
18.48,19.404,2024-06-02T20:30:00Z,2024-06-02T21:00:00Z,
18.48,19.404,2024-06-02T21:00:00Z,2024-06-02T21:30:00Z,
17.74,18.627,2024-06-02T21:30:00Z,2024-06-02T22:00:00Z,
17.22,18.081,2024-06-02T22:00:00Z,2024-06-02T22:30:00Z,
16.8,17.64,2024-06-02T22:30:00Z,2024-06-02T23:00:00Z,
15.88,16.674,2024-06-02T23:00:00Z,2024-06-02T23:30:00Z,
15.46,16.233,2024-06-02T23:30:00Z,2024-06-03T00:00:00Z,
14.45,15.1725,2024-06-03T00:00:00Z,2024-06-03T00:30:00Z,
14.45,15.1725,2024-06-03T00:30:00Z,2024-06-03T01:00:00Z,
13.44,14.112,2024-06-03T01:00:00Z,2024-06-03T01:30:00Z,
13.44,14.112,2024-06-03T01:30:00Z,2024-06-03T02:00:00Z,
13.44,14.112,2024-06-03T02:00:00Z,2024-06-03T02:30:00Z,
12.83,13.4715,2024-06-03T02:30:00Z,2024-06-03T03:00:00Z,
13.88,14.574,2024-06-03T03:00:00Z,2024-06-03T03:30:00Z,
13.1,13.755,2024-06-03T03:30:00Z,2024-06-03T04:00:00Z,
14.07,14.7735,2024-06-03T04:00:00Z,2024-06-03T04:30:00Z,
14.89,15.6345,2024-06-03T04:30:00Z,2024-06-03T05:00:00Z,
16.8,17.64,2024-06-03T05:00:00Z,2024-06-03T05:30:00Z,
18.88,19.824,2024-06-03T05:30:00Z,2024-06-03T06:00:00Z,
20.68,21.714,2024-06-03T06:00:00Z,2024-06-03T06:30:00Z,
24.57,25.7985,2024-06-03T06:30:00Z,2024-06-03T07:00:00Z,
19.74,20.727,2024-06-03T07:00:00Z,2024-06-03T07:30:00Z,
20.16,21.168,2024-06-03T07:30:00Z,2024-06-03T08:00:00Z,
18.27,19.1835,2024-06-03T08:00:00Z,2024-06-03T08:30:00Z,
17.14,17.997,2024-06-03T08:30:00Z,2024-06-03T09:00:00Z,
18.14,19.047,2024-06-03T09:00:00Z,2024-06-03T09:30:00Z,
18.06,18.963,2024-06-03T09:30:00Z,2024-06-03T10:00:00Z,
17.22,18.081,2024-06-03T10:00:00Z,2024-06-03T10:30:00Z,
16.53,17.3565,2024-06-03T10:30:00Z,2024-06-03T11:00:00Z,
16.51,17.3355,2024-06-03T11:00:00Z,2024-06-03T11:30:00Z,
15.75,16.5375,2024-06-03T11:30:00Z,2024-06-03T12:00:00Z,
15.33,16.0965,2024-06-03T12:00:00Z,2024-06-03T12:30:00Z,
15.12,15.876,2024-06-03T12:30:00Z,2024-06-03T13:00:00Z,
15.12,15.876,2024-06-03T13:00:00Z,2024-06-03T13:30:00Z,
14.53,15.2565,2024-06-03T13:30:00Z,2024-06-03T14:00:00Z,
15.08,15.834,2024-06-03T14:00:00Z,2024-06-03T14:30:00Z,
15.98,16.779,2024-06-03T14:30:00Z,2024-06-03T15:00:00Z,
28.5,29.925,2024-06-03T15:00:00Z,2024-06-03T15:30:00Z,
30.26,31.773,2024-06-03T15:30:00Z,2024-06-03T16:00:00Z,
33.22,34.881,2024-06-03T16:00:00Z,2024-06-03T16:30:00Z,
31.9,33.495,2024-06-03T16:30:00Z,2024-06-03T17:00:00Z,
35.01,36.7605,2024-06-03T17:00:00Z,2024-06-03T17:30:00Z,
34.21,35.9205,2024-06-03T17:30:00Z,2024-06-03T18:00:00Z,
24.78,26.019,2024-06-03T18:00:00Z,2024-06-03T18:30:00Z,
23.52,24.696,2024-06-03T18:30:00Z,2024-06-03T19:00:00Z,
23.31,24.4755,2024-06-03T19:00:00Z,2024-06-03T19:30:00Z,
22.87,24.0135,2024-06-03T19:30:00Z,2024-06-03T20:00:00Z,
21.63,22.7115,2024-06-03T20:00:00Z,2024-06-03T20:30:00Z,
19.8,20.79,2024-06-03T20:30:00Z,2024-06-03T21:00:00Z,
19.49,20.4645,2024-06-03T21:00:00Z,2024-06-03T21:30:00Z,
17.64,18.522,2024-06-03T21:30:00Z,2024-06-03T22:00:00Z,
18.69,19.6245,2024-06-03T22:00:00Z,2024-06-03T22:30:00Z,
20.16,21.168,2024-06-03T22:30:00Z,2024-06-03T23:00:00Z,
17.91,18.8055,2024-06-03T23:00:00Z,2024-06-03T23:30:00Z,
17.6,18.48,2024-06-03T23:30:00Z,2024-06-04T00:00:00Z,
17.3,18.165,2024-06-04T00:00:00Z,2024-06-04T00:30:00Z,
16.97,17.8185,2024-06-04T00:30:00Z,2024-06-04T01:00:00Z,
15.64,16.422,2024-06-04T01:00:00Z,2024-06-04T01:30:00Z,
14.28,14.994,2024-06-04T01:30:00Z,2024-06-04T02:00:00Z,
13.27,13.9335,2024-06-04T02:00:00Z,2024-06-04T02:30:00Z,
11.97,12.5685,2024-06-04T02:30:00Z,2024-06-04T03:00:00Z,
14.74,15.477,2024-06-04T03:00:00Z,2024-06-04T03:30:00Z,
13.65,14.3325,2024-06-04T03:30:00Z,2024-06-04T04:00:00Z,
15.12,15.876,2024-06-04T04:00:00Z,2024-06-04T04:30:00Z,
15.6,16.38,2024-06-04T04:30:00Z,2024-06-04T05:00:00Z,
20.18,21.189,2024-06-04T05:00:00Z,2024-06-04T05:30:00Z,
23.1,24.255,2024-06-04T05:30:00Z,2024-06-04T06:00:00Z,
22.89,24.0345,2024-06-04T06:00:00Z,2024-06-04T06:30:00Z,
25.43,26.7015,2024-06-04T06:30:00Z,2024-06-04T07:00:00Z,
18.9,19.845,2024-06-04T07:00:00Z,2024-06-04T07:30:00Z,
17.77,18.6585,2024-06-04T07:30:00Z,2024-06-04T08:00:00Z,
15.75,16.5375,2024-06-04T08:00:00Z,2024-06-04T08:30:00Z,
14.38,15.099,2024-06-04T08:30:00Z,2024-06-04T09:00:00Z,
13.15,13.8075,2024-06-04T09:00:00Z,2024-06-04T09:30:00Z,
11.78,12.369,2024-06-04T09:30:00Z,2024-06-04T10:00:00Z,
11.34,11.907,2024-06-04T10:00:00Z,2024-06-04T10:30:00Z,
10.71,11.2455,2024-06-04T10:30:00Z,2024-06-04T11:00:00Z,
8.65,9.0825,2024-06-04T11:00:00Z,2024-06-04T11:30:00Z,
7.46,7.833,2024-06-04T11:30:00Z,2024-06-04T12:00:00Z,
6.57,6.8985,2024-06-04T12:00:00Z,2024-06-04T12:30:00Z,
4.67,4.9035,2024-06-04T12:30:00Z,2024-06-04T13:00:00Z,
8.4,8.82,2024-06-04T13:00:00Z,2024-06-04T13:30:00Z,
6.93,7.2765,2024-06-04T13:30:00Z,2024-06-04T14:00:00Z,
6.87,7.2135,2024-06-04T14:00:00Z,2024-06-04T14:30:00Z,
8.19,8.5995,2024-06-04T14:30:00Z,2024-06-04T15:00:00Z,
22.56,23.688,2024-06-04T15:00:00Z,2024-06-04T15:30:00Z,
25.81,27.1005,2024-06-04T15:30:00Z,2024-06-04T16:00:00Z,
27.91,29.3055,2024-06-04T16:00:00Z,2024-06-04T16:30:00Z,
29.36,30.828,2024-06-04T16:30:00Z,2024-06-04T17:00:00Z,
33.5,35.175,2024-06-04T17:00:00Z,2024-06-04T17:30:00Z,
33.37,35.0385,2024-06-04T17:30:00Z,2024-06-04T18:00:00Z,
21.42,22.491,2024-06-04T18:00:00Z,2024-06-04T18:30:00Z,
20.83,21.8715,2024-06-04T18:30:00Z,2024-06-04T19:00:00Z,
21.9,22.995,2024-06-04T19:00:00Z,2024-06-04T19:30:00Z,
22.51,23.6355,2024-06-04T19:30:00Z,2024-06-04T20:00:00Z,
20.79,21.8295,2024-06-04T20:00:00Z,2024-06-04T20:30:00Z,
18.63,19.5615,2024-06-04T20:30:00Z,2024-06-04T21:00:00Z,
15.83,16.6215,2024-06-04T21:00:00Z,2024-06-04T21:30:00Z,
12.39,13.0095,2024-06-04T21:30:00Z,2024-06-04T22:00:00Z,
9.53,10.0065,2024-06-04T22:00:00Z,2024-06-04T22:30:00Z,
5.04,5.292,2024-06-04T22:30:00Z,2024-06-04T23:00:00Z,
6.59,6.9195,2024-06-04T23:00:00Z,2024-06-04T23:30:00Z,
3.26,3.423,2024-06-04T23:30:00Z,2024-06-05T00:00:00Z,
6.85,7.1925,2024-06-05T00:00:00Z,2024-06-05T00:30:00Z,
7.56,7.938,2024-06-05T00:30:00Z,2024-06-05T01:00:00Z,
6.93,7.2765,2024-06-05T01:00:00Z,2024-06-05T01:30:00Z,
5.25,5.5125,2024-06-05T01:30:00Z,2024-06-05T02:00:00Z,
7.56,7.938,2024-06-05T02:00:00Z,2024-06-05T02:30:00Z,
7.31,7.6755,2024-06-05T02:30:00Z,2024-06-05T03:00:00Z,
6.89,7.2345,2024-06-05T03:00:00Z,2024-06-05T03:30:00Z,
5.67,5.9535,2024-06-05T03:30:00Z,2024-06-05T04:00:00Z,
8.82,9.261,2024-06-05T04:00:00Z,2024-06-05T04:30:00Z,
10.29,10.8045,2024-06-05T04:30:00Z,2024-06-05T05:00:00Z,
13.65,14.3325,2024-06-05T05:00:00Z,2024-06-05T05:30:00Z,
19.07,20.0235,2024-06-05T05:30:00Z,2024-06-05T06:00:00Z,
16.44,17.262,2024-06-05T06:00:00Z,2024-06-05T06:30:00Z,
18.42,19.341,2024-06-05T06:30:00Z,2024-06-05T07:00:00Z,
18.88,19.824,2024-06-05T07:00:00Z,2024-06-05T07:30:00Z,
18.48,19.404,2024-06-05T07:30:00Z,2024-06-05T08:00:00Z,
16.57,17.3985,2024-06-05T08:00:00Z,2024-06-05T08:30:00Z,
15.75,16.5375,2024-06-05T08:30:00Z,2024-06-05T09:00:00Z,
12.26,12.873,2024-06-05T09:00:00Z,2024-06-05T09:30:00Z,
10.77,11.3085,2024-06-05T09:30:00Z,2024-06-05T10:00:00Z,
10.49,11.0145,2024-06-05T10:00:00Z,2024-06-05T10:30:00Z,
10.08,10.584,2024-06-05T10:30:00Z,2024-06-05T11:00:00Z,
9.91,10.4055,2024-06-05T11:00:00Z,2024-06-05T11:30:00Z,
8.9,9.345,2024-06-05T11:30:00Z,2024-06-05T12:00:00Z,
7.14,7.497,2024-06-05T12:00:00Z,2024-06-05T12:30:00Z,
5.61,5.8905,2024-06-05T12:30:00Z,2024-06-05T13:00:00Z,
5.46,5.733,2024-06-05T13:00:00Z,2024-06-05T13:30:00Z,
4.62,4.851,2024-06-05T13:30:00Z,2024-06-05T14:00:00Z,
6.72,7.056,2024-06-05T14:00:00Z,2024-06-05T14:30:00Z,
8.23,8.6415,2024-06-05T14:30:00Z,2024-06-05T15:00:00Z,
22.24,23.352,2024-06-05T15:00:00Z,2024-06-05T15:30:00Z,
23.92,25.116,2024-06-05T15:30:00Z,2024-06-05T16:00:00Z,
27.7,29.085,2024-06-05T16:00:00Z,2024-06-05T16:30:00Z,
28.54,29.967,2024-06-05T16:30:00Z,2024-06-05T17:00:00Z,
32.32,33.936,2024-06-05T17:00:00Z,2024-06-05T17:30:00Z,
31.48,33.054,2024-06-05T17:30:00Z,2024-06-05T18:00:00Z,
22.18,23.289,2024-06-05T18:00:00Z,2024-06-05T18:30:00Z,
22.18,23.289,2024-06-05T18:30:00Z,2024-06-05T19:00:00Z,
22.05,23.1525,2024-06-05T19:00:00Z,2024-06-05T19:30:00Z,
21.84,22.932,2024-06-05T19:30:00Z,2024-06-05T20:00:00Z,
21.97,23.0685,2024-06-05T20:00:00Z,2024-06-05T20:30:00Z,
20.58,21.609,2024-06-05T20:30:00Z,2024-06-05T21:00:00Z,
20.16,21.168,2024-06-05T21:00:00Z,2024-06-05T21:30:00Z,
16.57,17.3985,2024-06-05T21:30:00Z,2024-06-05T22:00:00Z,
16.0,16.8,2024-06-05T22:00:00Z,2024-06-05T22:30:00Z,
15.54,16.317,2024-06-05T22:30:00Z,2024-06-05T23:00:00Z,
13.65,14.3325,2024-06-05T23:00:00Z,2024-06-05T23:30:00Z,
13.57,14.2485,2024-06-05T23:30:00Z,2024-06-06T00:00:00Z,
13.88,14.574,2024-06-06T00:00:00Z,2024-06-06T00:30:00Z,
15.27,16.0335,2024-06-06T00:30:00Z,2024-06-06T01:00:00Z,
13.65,14.3325,2024-06-06T01:00:00Z,2024-06-06T01:30:00Z,
13.65,14.3325,2024-06-06T01:30:00Z,2024-06-06T02:00:00Z,
13.63,14.3115,2024-06-06T02:00:00Z,2024-06-06T02:30:00Z,
13.65,14.3325,2024-06-06T02:30:00Z,2024-06-06T03:00:00Z,
16.38,17.199,2024-06-06T03:00:00Z,2024-06-06T03:30:00Z,
14.76,15.498,2024-06-06T03:30:00Z,2024-06-06T04:00:00Z,
18.48,19.404,2024-06-06T04:00:00Z,2024-06-06T04:30:00Z,
19.64,20.622,2024-06-06T04:30:00Z,2024-06-06T05:00:00Z,
19.82,20.811,2024-06-06T05:00:00Z,2024-06-06T05:30:00Z,
22.05,23.1525,2024-06-06T05:30:00Z,2024-06-06T06:00:00Z,
18.9,19.845,2024-06-06T06:00:00Z,2024-06-06T06:30:00Z,
20.5,21.525,2024-06-06T06:30:00Z,2024-06-06T07:00:00Z,
19.93,20.9265,2024-06-06T07:00:00Z,2024-06-06T07:30:00Z,
19.36,20.328,2024-06-06T07:30:00Z,2024-06-06T08:00:00Z,
18.52,19.446,2024-06-06T08:00:00Z,2024-06-06T08:30:00Z,
17.47,18.3435,2024-06-06T08:30:00Z,2024-06-06T09:00:00Z,
15.64,16.422,2024-06-06T09:00:00Z,2024-06-06T09:30:00Z,
15.64,16.422,2024-06-06T09:30:00Z,2024-06-06T10:00:00Z,
15.64,16.422,2024-06-06T10:00:00Z,2024-06-06T10:30:00Z,
15.64,16.422,2024-06-06T10:30:00Z,2024-06-06T11:00:00Z,
14.72,15.456,2024-06-06T11:00:00Z,2024-06-06T11:30:00Z,
13.84,14.532,2024-06-06T11:30:00Z,2024-06-06T12:00:00Z,
12.89,13.5345,2024-06-06T12:00:00Z,2024-06-06T12:30:00Z,
11.74,12.327,2024-06-06T12:30:00Z,2024-06-06T13:00:00Z,
11.13,11.6865,2024-06-06T13:00:00Z,2024-06-06T13:30:00Z,
10.42,10.941,2024-06-06T13:30:00Z,2024-06-06T14:00:00Z,
10.92,11.466,2024-06-06T14:00:00Z,2024-06-06T14:30:00Z,
11.13,11.6865,2024-06-06T14:30:00Z,2024-06-06T15:00:00Z,
26.44,27.762,2024-06-06T15:00:00Z,2024-06-06T15:30:00Z,
27.28,28.644,2024-06-06T15:30:00Z,2024-06-06T16:00:00Z,
30.09,31.5945,2024-06-06T16:00:00Z,2024-06-06T16:30:00Z,
29.38,30.849,2024-06-06T16:30:00Z,2024-06-06T17:00:00Z,
32.24,33.852,2024-06-06T17:00:00Z,2024-06-06T17:30:00Z,
32.66,34.293,2024-06-06T17:30:00Z,2024-06-06T18:00:00Z,
23.65,24.8325,2024-06-06T18:00:00Z,2024-06-06T18:30:00Z,
23.02,24.171,2024-06-06T18:30:00Z,2024-06-06T19:00:00Z,
23.88,25.074,2024-06-06T19:00:00Z,2024-06-06T19:30:00Z,
23.88,25.074,2024-06-06T19:30:00Z,2024-06-06T20:00:00Z,
21.84,22.932,2024-06-06T20:00:00Z,2024-06-06T20:30:00Z,
20.16,21.168,2024-06-06T20:30:00Z,2024-06-06T21:00:00Z,
18.9,19.845,2024-06-06T21:00:00Z,2024-06-06T21:30:00Z,
16.7,17.535,2024-06-06T21:30:00Z,2024-06-06T22:00:00Z,
18.06,18.963,2024-06-06T22:00:00Z,2024-06-06T22:30:00Z,
17.85,18.7425,2024-06-06T22:30:00Z,2024-06-06T23:00:00Z,
16.48,17.304,2024-06-06T23:00:00Z,2024-06-06T23:30:00Z,
17.2,18.06,2024-06-06T23:30:00Z,2024-06-07T00:00:00Z,
15.64,16.422,2024-06-07T00:00:00Z,2024-06-07T00:30:00Z,
17.91,18.8055,2024-06-07T00:30:00Z,2024-06-07T01:00:00Z,
17.64,18.522,2024-06-07T01:00:00Z,2024-06-07T01:30:00Z,
15.56,16.338,2024-06-07T01:30:00Z,2024-06-07T02:00:00Z,
15.56,16.338,2024-06-07T02:00:00Z,2024-06-07T02:30:00Z,
15.12,15.876,2024-06-07T02:30:00Z,2024-06-07T03:00:00Z,
15.56,16.338,2024-06-07T03:00:00Z,2024-06-07T03:30:00Z,
14.28,14.994,2024-06-07T03:30:00Z,2024-06-07T04:00:00Z,
15.56,16.338,2024-06-07T04:00:00Z,2024-06-07T04:30:00Z,
16.13,16.9365,2024-06-07T04:30:00Z,2024-06-07T05:00:00Z,
16.02,16.821,2024-06-07T05:00:00Z,2024-06-07T05:30:00Z,
21.19,22.2495,2024-06-07T05:30:00Z,2024-06-07T06:00:00Z,
15.79,16.5795,2024-06-07T06:00:00Z,2024-06-07T06:30:00Z,
18.58,19.509,2024-06-07T06:30:00Z,2024-06-07T07:00:00Z,
15.56,16.338,2024-06-07T07:00:00Z,2024-06-07T07:30:00Z,
14.93,15.6765,2024-06-07T07:30:00Z,2024-06-07T08:00:00Z,
14.2,14.91,2024-06-07T08:00:00Z,2024-06-07T08:30:00Z,
12.43,13.0515,2024-06-07T08:30:00Z,2024-06-07T09:00:00Z,
10.5,11.025,2024-06-07T09:00:00Z,2024-06-07T09:30:00Z,
9.51,9.9855,2024-06-07T09:30:00Z,2024-06-07T10:00:00Z,
8.4,8.82,2024-06-07T10:00:00Z,2024-06-07T10:30:00Z,
8.61,9.0405,2024-06-07T10:30:00Z,2024-06-07T11:00:00Z,
8.36,8.778,2024-06-07T11:00:00Z,2024-06-07T11:30:00Z,
7.35,7.7175,2024-06-07T11:30:00Z,2024-06-07T12:00:00Z,
5.88,6.174,2024-06-07T12:00:00Z,2024-06-07T12:30:00Z,
4.01,4.2105,2024-06-07T12:30:00Z,2024-06-07T13:00:00Z,
4.2,4.41,2024-06-07T13:00:00Z,2024-06-07T13:30:00Z,
4.2,4.41,2024-06-07T13:30:00Z,2024-06-07T14:00:00Z,
5.46,5.733,2024-06-07T14:00:00Z,2024-06-07T14:30:00Z,
7.35,7.7175,2024-06-07T14:30:00Z,2024-06-07T15:00:00Z,
21.38,22.449,2024-06-07T15:00:00Z,2024-06-07T15:30:00Z,
24.55,25.7775,2024-06-07T15:30:00Z,2024-06-07T16:00:00Z,
25.96,27.258,2024-06-07T16:00:00Z,2024-06-07T16:30:00Z,
27.76,29.148,2024-06-07T16:30:00Z,2024-06-07T17:00:00Z,
30.41,31.9305,2024-06-07T17:00:00Z,2024-06-07T17:30:00Z,
31.23,32.7915,2024-06-07T17:30:00Z,2024-06-07T18:00:00Z,
19.95,20.9475,2024-06-07T18:00:00Z,2024-06-07T18:30:00Z,
20.03,21.0315,2024-06-07T18:30:00Z,2024-06-07T19:00:00Z,
20.87,21.9135,2024-06-07T19:00:00Z,2024-06-07T19:30:00Z,
20.5,21.525,2024-06-07T19:30:00Z,2024-06-07T20:00:00Z,
19.82,20.811,2024-06-07T20:00:00Z,2024-06-07T20:30:00Z,
19.74,20.727,2024-06-07T20:30:00Z,2024-06-07T21:00:00Z,
18.9,19.845,2024-06-07T21:00:00Z,2024-06-07T21:30:00Z,
14.77,15.5085,2024-06-07T21:30:00Z,2024-06-07T22:00:00Z,
18.27,19.1835,2024-06-07T22:00:00Z,2024-06-07T22:30:00Z,
15.02,15.771,2024-06-07T22:30:00Z,2024-06-07T23:00:00Z,
13.61,14.2905,2024-06-07T23:00:00Z,2024-06-07T23:30:00Z,
9.61,10.0905,2024-06-07T23:30:00Z,2024-06-08T00:00:00Z,
7.31,7.6755,2024-06-08T00:00:00Z,2024-06-08T00:30:00Z,
7.66,8.043,2024-06-08T00:30:00Z,2024-06-08T01:00:00Z,
8.74,9.177,2024-06-08T01:00:00Z,2024-06-08T01:30:00Z,
5.92,6.216,2024-06-08T01:30:00Z,2024-06-08T02:00:00Z,
6.3,6.615,2024-06-08T02:00:00Z,2024-06-08T02:30:00Z,
7.35,7.7175,2024-06-08T02:30:00Z,2024-06-08T03:00:00Z,
7.33,7.6965,2024-06-08T03:00:00Z,2024-06-08T03:30:00Z,
7.35,7.7175,2024-06-08T03:30:00Z,2024-06-08T04:00:00Z,
7.24,7.602,2024-06-08T04:00:00Z,2024-06-08T04:30:00Z,
7.14,7.497,2024-06-08T04:30:00Z,2024-06-08T05:00:00Z,
7.39,7.7595,2024-06-08T05:00:00Z,2024-06-08T05:30:00Z,
9.87,10.3635,2024-06-08T05:30:00Z,2024-06-08T06:00:00Z,
5.5,5.775,2024-06-08T06:00:00Z,2024-06-08T06:30:00Z,
5.67,5.9535,2024-06-08T06:30:00Z,2024-06-08T07:00:00Z,
3.04,3.192,2024-06-08T07:00:00Z,2024-06-08T07:30:00Z,
3.15,3.3075,2024-06-08T07:30:00Z,2024-06-08T08:00:00Z,
1.16,1.218,2024-06-08T08:00:00Z,2024-06-08T08:30:00Z,
1.64,1.722,2024-06-08T08:30:00Z,2024-06-08T09:00:00Z,
0.78,0.819,2024-06-08T09:00:00Z,2024-06-08T09:30:00Z,
0.34,0.357,2024-06-08T09:30:00Z,2024-06-08T10:00:00Z,
-0.84,-0.882,2024-06-08T10:00:00Z,2024-06-08T10:30:00Z,
-1.93,-2.0265,2024-06-08T10:30:00Z,2024-06-08T11:00:00Z,
-1.89,-1.9845,2024-06-08T11:00:00Z,2024-06-08T11:30:00Z,
-5.78,-6.069,2024-06-08T11:30:00Z,2024-06-08T12:00:00Z,
-6.51,-6.8355,2024-06-08T12:00:00Z,2024-06-08T12:30:00Z,
-8.4,-8.82,2024-06-08T12:30:00Z,2024-06-08T13:00:00Z,
-6.09,-6.3945,2024-06-08T13:00:00Z,2024-06-08T13:30:00Z,
-6.3,-6.615,2024-06-08T13:30:00Z,2024-06-08T14:00:00Z,
-1.76,-1.848,2024-06-08T14:00:00Z,2024-06-08T14:30:00Z,
0.84,0.882,2024-06-08T14:30:00Z,2024-06-08T15:00:00Z,
9.93,10.4265,2024-06-08T15:00:00Z,2024-06-08T15:30:00Z,
15.27,16.0335,2024-06-08T15:30:00Z,2024-06-08T16:00:00Z,
15.1,15.855,2024-06-08T16:00:00Z,2024-06-08T16:30:00Z,
24.76,25.998,2024-06-08T16:30:00Z,2024-06-08T17:00:00Z,
27.07,28.4235,2024-06-08T17:00:00Z,2024-06-08T17:30:00Z,
29.8,31.29,2024-06-08T17:30:00Z,2024-06-08T18:00:00Z,
17.85,18.7425,2024-06-08T18:00:00Z,2024-06-08T18:30:00Z,
17.85,18.7425,2024-06-08T18:30:00Z,2024-06-08T19:00:00Z,
20.02,21.021,2024-06-08T19:00:00Z,2024-06-08T19:30:00Z,
19.32,20.286,2024-06-08T19:30:00Z,2024-06-08T20:00:00Z,
19.95,20.9475,2024-06-08T20:00:00Z,2024-06-08T20:30:00Z,
18.29,19.2045,2024-06-08T20:30:00Z,2024-06-08T21:00:00Z,
17.74,18.627,2024-06-08T21:00:00Z,2024-06-08T21:30:00Z,
14.93,15.6765,2024-06-08T21:30:00Z,2024-06-08T22:00:00Z,
12.54,13.167,2024-06-08T22:00:00Z,2024-06-08T22:30:00Z,
8.72,9.156,2024-06-08T22:30:00Z,2024-06-08T23:00:00Z,
7.06,7.413,2024-06-08T23:00:00Z,2024-06-08T23:30:00Z,
3.72,3.906,2024-06-08T23:30:00Z,2024-06-09T00:00:00Z,
2.5,2.625,2024-06-09T00:00:00Z,2024-06-09T00:30:00Z,
2.5,2.625,2024-06-09T00:30:00Z,2024-06-09T01:00:00Z,
2.9,3.045,2024-06-09T01:00:00Z,2024-06-09T01:30:00Z,
0.13,0.1365,2024-06-09T01:30:00Z,2024-06-09T02:00:00Z,
2.06,2.163,2024-06-09T02:00:00Z,2024-06-09T02:30:00Z,
2.1,2.205,2024-06-09T02:30:00Z,2024-06-09T03:00:00Z,
3.78,3.969,2024-06-09T03:00:00Z,2024-06-09T03:30:00Z,
2.2,2.31,2024-06-09T03:30:00Z,2024-06-09T04:00:00Z,
2.2,2.31,2024-06-09T04:00:00Z,2024-06-09T04:30:00Z,
2.2,2.31,2024-06-09T04:30:00Z,2024-06-09T05:00:00Z,
1.34,1.407,2024-06-09T05:00:00Z,2024-06-09T05:30:00Z,
4.56,4.788,2024-06-09T05:30:00Z,2024-06-09T06:00:00Z,
0.0,0.0,2024-06-09T06:00:00Z,2024-06-09T06:30:00Z,
0.0,0.0,2024-06-09T06:30:00Z,2024-06-09T07:00:00Z,
-0.32,-0.336,2024-06-09T07:00:00Z,2024-06-09T07:30:00Z,
2.1,2.205,2024-06-09T07:30:00Z,2024-06-09T08:00:00Z,
-1.34,-1.407,2024-06-09T08:00:00Z,2024-06-09T08:30:00Z,
2.04,2.142,2024-06-09T08:30:00Z,2024-06-09T09:00:00Z,
-2.0,-2.1,2024-06-09T09:00:00Z,2024-06-09T09:30:00Z,
-1.47,-1.5435,2024-06-09T09:30:00Z,2024-06-09T10:00:00Z,
-1.11,-1.1655,2024-06-09T10:00:00Z,2024-06-09T10:30:00Z,
0.42,0.441,2024-06-09T10:30:00Z,2024-06-09T11:00:00Z,
2.52,2.646,2024-06-09T11:00:00Z,2024-06-09T11:30:00Z,
1.01,1.0605,2024-06-09T11:30:00Z,2024-06-09T12:00:00Z,
1.95,2.0475,2024-06-09T12:00:00Z,2024-06-09T12:30:00Z,
2.1,2.205,2024-06-09T12:30:00Z,2024-06-09T13:00:00Z,
-0.21,-0.2205,2024-06-09T13:00:00Z,2024-06-09T13:30:00Z,
0.21,0.2205,2024-06-09T13:30:00Z,2024-06-09T14:00:00Z,
3.04,3.192,2024-06-09T14:00:00Z,2024-06-09T14:30:00Z,
7.18,7.539,2024-06-09T14:30:00Z,2024-06-09T15:00:00Z,
24.55,25.7775,2024-06-09T15:00:00Z,2024-06-09T15:30:00Z,
28.54,29.967,2024-06-09T15:30:00Z,2024-06-09T16:00:00Z,
30.22,31.731,2024-06-09T16:00:00Z,2024-06-09T16:30:00Z,
31.31,32.8755,2024-06-09T16:30:00Z,2024-06-09T17:00:00Z,
31.12,32.676,2024-06-09T17:00:00Z,2024-06-09T17:30:00Z,
31.86,33.453,2024-06-09T17:30:00Z,2024-06-09T18:00:00Z,
19.24,20.202,2024-06-09T18:00:00Z,2024-06-09T18:30:00Z,
19.53,20.5065,2024-06-09T18:30:00Z,2024-06-09T19:00:00Z,
22.25,23.3625,2024-06-09T19:00:00Z,2024-06-09T19:30:00Z,
20.5,21.525,2024-06-09T19:30:00Z,2024-06-09T20:00:00Z,
21.25,22.3125,2024-06-09T20:00:00Z,2024-06-09T20:30:00Z,
19.95,20.9475,2024-06-09T20:30:00Z,2024-06-09T21:00:00Z,
18.06,18.963,2024-06-09T21:00:00Z,2024-06-09T21:30:00Z,
13.65,14.3325,2024-06-09T21:30:00Z,2024-06-09T22:00:00Z,
18.27,19.1835,2024-06-09T22:00:00Z,2024-06-09T22:30:00Z,
16.8,17.64,2024-06-09T22:30:00Z,2024-06-09T23:00:00Z,
14.28,14.994,2024-06-09T23:00:00Z,2024-06-09T23:30:00Z,
11.76,12.348,2024-06-09T23:30:00Z,2024-06-10T00:00:00Z,
11.55,12.1275,2024-06-10T00:00:00Z,2024-06-10T00:30:00Z,
10.5,11.025,2024-06-10T00:30:00Z,2024-06-10T01:00:00Z,
12.18,12.789,2024-06-10T01:00:00Z,2024-06-10T01:30:00Z,
9.45,9.9225,2024-06-10T01:30:00Z,2024-06-10T02:00:00Z,
10.42,10.941,2024-06-10T02:00:00Z,2024-06-10T02:30:00Z,
10.88,11.424,2024-06-10T02:30:00Z,2024-06-10T03:00:00Z,
13.65,14.3325,2024-06-10T03:00:00Z,2024-06-10T03:30:00Z,
13.65,14.3325,2024-06-10T03:30:00Z,2024-06-10T04:00:00Z,
13.65,14.3325,2024-06-10T04:00:00Z,2024-06-10T04:30:00Z,
11.76,12.348,2024-06-10T04:30:00Z,2024-06-10T05:00:00Z,
16.11,16.9155,2024-06-10T05:00:00Z,2024-06-10T05:30:00Z,
21.17,22.2285,2024-06-10T05:30:00Z,2024-06-10T06:00:00Z,
20.16,21.168,2024-06-10T06:00:00Z,2024-06-10T06:30:00Z,
23.1,24.255,2024-06-10T06:30:00Z,2024-06-10T07:00:00Z,
22.18,23.289,2024-06-10T07:00:00Z,2024-06-10T07:30:00Z,
19.78,20.769,2024-06-10T07:30:00Z,2024-06-10T08:00:00Z,
18.5,19.425,2024-06-10T08:00:00Z,2024-06-10T08:30:00Z,
16.8,17.64,2024-06-10T08:30:00Z,2024-06-10T09:00:00Z,
15.44,16.212,2024-06-10T09:00:00Z,2024-06-10T09:30:00Z,
15.6,16.38,2024-06-10T09:30:00Z,2024-06-10T10:00:00Z,
13.5,14.175,2024-06-10T10:00:00Z,2024-06-10T10:30:00Z,
12.6,13.23,2024-06-10T10:30:00Z,2024-06-10T11:00:00Z,
11.4,11.97,2024-06-10T11:00:00Z,2024-06-10T11:30:00Z,
10.88,11.424,2024-06-10T11:30:00Z,2024-06-10T12:00:00Z,
11.13,11.6865,2024-06-10T12:00:00Z,2024-06-10T12:30:00Z,
11.13,11.6865,2024-06-10T12:30:00Z,2024-06-10T13:00:00Z,
10.08,10.584,2024-06-10T13:00:00Z,2024-06-10T13:30:00Z,
10.5,11.025,2024-06-10T13:30:00Z,2024-06-10T14:00:00Z,
10.12,10.626,2024-06-10T14:00:00Z,2024-06-10T14:30:00Z,
11.97,12.5685,2024-06-10T14:30:00Z,2024-06-10T15:00:00Z,
22.45,23.5725,2024-06-10T15:00:00Z,2024-06-10T15:30:00Z,
25.6,26.88,2024-06-10T15:30:00Z,2024-06-10T16:00:00Z,
27.7,29.085,2024-06-10T16:00:00Z,2024-06-10T16:30:00Z,
28.37,29.7885,2024-06-10T16:30:00Z,2024-06-10T17:00:00Z,
31.9,33.495,2024-06-10T17:00:00Z,2024-06-10T17:30:00Z,
32.53,34.1565,2024-06-10T17:30:00Z,2024-06-10T18:00:00Z,
20.16,21.168,2024-06-10T18:00:00Z,2024-06-10T18:30:00Z,
19.91,20.9055,2024-06-10T18:30:00Z,2024-06-10T19:00:00Z,
18.9,19.845,2024-06-10T19:00:00Z,2024-06-10T19:30:00Z,
18.48,19.404,2024-06-10T19:30:00Z,2024-06-10T20:00:00Z,
18.06,18.963,2024-06-10T20:00:00Z,2024-06-10T20:30:00Z,
16.8,17.64,2024-06-10T20:30:00Z,2024-06-10T21:00:00Z,
15.6,16.38,2024-06-10T21:00:00Z,2024-06-10T21:30:00Z,
12.47,13.0935,2024-06-10T21:30:00Z,2024-06-10T22:00:00Z,
13.99,14.6895,2024-06-10T22:00:00Z,2024-06-10T22:30:00Z,
11.55,12.1275,2024-06-10T22:30:00Z,2024-06-10T23:00:00Z,
12.54,13.167,2024-06-10T23:00:00Z,2024-06-10T23:30:00Z,
11.76,12.348,2024-06-10T23:30:00Z,2024-06-11T00:00:00Z,
11.49,12.0645,2024-06-11T00:00:00Z,2024-06-11T00:30:00Z,
11.34,11.907,2024-06-11T00:30:00Z,2024-06-11T01:00:00Z,
10.18,10.689,2024-06-11T01:00:00Z,2024-06-11T01:30:00Z,
10.08,10.584,2024-06-11T01:30:00Z,2024-06-11T02:00:00Z,
10.88,11.424,2024-06-11T02:00:00Z,2024-06-11T02:30:00Z,
9.76,10.248,2024-06-11T02:30:00Z,2024-06-11T03:00:00Z,
10.92,11.466,2024-06-11T03:00:00Z,2024-06-11T03:30:00Z,
10.08,10.584,2024-06-11T03:30:00Z,2024-06-11T04:00:00Z,
12.18,12.789,2024-06-11T04:00:00Z,2024-06-11T04:30:00Z,
13.59,14.2695,2024-06-11T04:30:00Z,2024-06-11T05:00:00Z,
13.65,14.3325,2024-06-11T05:00:00Z,2024-06-11T05:30:00Z,
16.3,17.115,2024-06-11T05:30:00Z,2024-06-11T06:00:00Z,
14.7,15.435,2024-06-11T06:00:00Z,2024-06-11T06:30:00Z,
17.35,18.2175,2024-06-11T06:30:00Z,2024-06-11T07:00:00Z,
16.46,17.283,2024-06-11T07:00:00Z,2024-06-11T07:30:00Z,
15.97,16.7685,2024-06-11T07:30:00Z,2024-06-11T08:00:00Z,
15.86,16.653,2024-06-11T08:00:00Z,2024-06-11T08:30:00Z,
15.33,16.0965,2024-06-11T08:30:00Z,2024-06-11T09:00:00Z,
15.5,16.275,2024-06-11T09:00:00Z,2024-06-11T09:30:00Z,
15.33,16.0965,2024-06-11T09:30:00Z,2024-06-11T10:00:00Z,
16.17,16.9785,2024-06-11T10:00:00Z,2024-06-11T10:30:00Z,
16.38,17.199,2024-06-11T10:30:00Z,2024-06-11T11:00:00Z,
17.89,18.7845,2024-06-11T11:00:00Z,2024-06-11T11:30:00Z,
18.06,18.963,2024-06-11T11:30:00Z,2024-06-11T12:00:00Z,
17.89,18.7845,2024-06-11T12:00:00Z,2024-06-11T12:30:00Z,
17.22,18.081,2024-06-11T12:30:00Z,2024-06-11T13:00:00Z,
16.38,17.199,2024-06-11T13:00:00Z,2024-06-11T13:30:00Z,
14.9,15.645,2024-06-11T13:30:00Z,2024-06-11T14:00:00Z,
14.49,15.2145,2024-06-11T14:00:00Z,2024-06-11T14:30:00Z,
15.29,16.0545,2024-06-11T14:30:00Z,2024-06-11T15:00:00Z,
28.83,30.2715,2024-06-11T15:00:00Z,2024-06-11T15:30:00Z,
29.95,31.4475,2024-06-11T15:30:00Z,2024-06-11T16:00:00Z,
29.8,31.29,2024-06-11T16:00:00Z,2024-06-11T16:30:00Z,
31.0,32.55,2024-06-11T16:30:00Z,2024-06-11T17:00:00Z,
31.69,33.2745,2024-06-11T17:00:00Z,2024-06-11T17:30:00Z,
31.9,33.495,2024-06-11T17:30:00Z,2024-06-11T18:00:00Z,
21.71,22.7955,2024-06-11T18:00:00Z,2024-06-11T18:30:00Z,
21.27,22.3335,2024-06-11T18:30:00Z,2024-06-11T19:00:00Z,
21.99,23.0895,2024-06-11T19:00:00Z,2024-06-11T19:30:00Z,
21.71,22.7955,2024-06-11T19:30:00Z,2024-06-11T20:00:00Z,
22.05,23.1525,2024-06-11T20:00:00Z,2024-06-11T20:30:00Z,
19.57,20.5485,2024-06-11T20:30:00Z,2024-06-11T21:00:00Z,
19.42,20.391,2024-06-11T21:00:00Z,2024-06-11T21:30:00Z,
15.75,16.5375,2024-06-11T21:30:00Z,2024-06-11T22:00:00Z,
16.8,17.64,2024-06-11T22:00:00Z,2024-06-11T22:30:00Z,
17.12,17.976,2024-06-11T22:30:00Z,2024-06-11T23:00:00Z,
15.6,16.38,2024-06-11T23:00:00Z,2024-06-11T23:30:00Z,
14.93,15.6765,2024-06-11T23:30:00Z,2024-06-12T00:00:00Z,
14.97,15.7185,2024-06-12T00:00:00Z,2024-06-12T00:30:00Z,
14.95,15.6975,2024-06-12T00:30:00Z,2024-06-12T01:00:00Z,
14.91,15.6555,2024-06-12T01:00:00Z,2024-06-12T01:30:00Z,
14.85,15.5925,2024-06-12T01:30:00Z,2024-06-12T02:00:00Z,
14.62,15.351,2024-06-12T02:00:00Z,2024-06-12T02:30:00Z,
14.51,15.2355,2024-06-12T02:30:00Z,2024-06-12T03:00:00Z,
15.75,16.5375,2024-06-12T03:00:00Z,2024-06-12T03:30:00Z,
15.37,16.1385,2024-06-12T03:30:00Z,2024-06-12T04:00:00Z,
20.12,21.126,2024-06-12T04:00:00Z,2024-06-12T04:30:00Z,
20.54,21.567,2024-06-12T04:30:00Z,2024-06-12T05:00:00Z,
19.74,20.727,2024-06-12T05:00:00Z,2024-06-12T05:30:00Z,
18.48,19.404,2024-06-12T05:30:00Z,2024-06-12T06:00:00Z,
17.2,18.06,2024-06-12T06:00:00Z,2024-06-12T06:30:00Z,
19.74,20.727,2024-06-12T06:30:00Z,2024-06-12T07:00:00Z,
17.85,18.7425,2024-06-12T07:00:00Z,2024-06-12T07:30:00Z,
17.96,18.858,2024-06-12T07:30:00Z,2024-06-12T08:00:00Z,
18.4,19.32,2024-06-12T08:00:00Z,2024-06-12T08:30:00Z,
18.12,19.026,2024-06-12T08:30:00Z,2024-06-12T09:00:00Z,
18.12,19.026,2024-06-12T09:00:00Z,2024-06-12T09:30:00Z,
18.04,18.942,2024-06-12T09:30:00Z,2024-06-12T10:00:00Z,
19.49,20.4645,2024-06-12T10:00:00Z,2024-06-12T10:30:00Z,
18.98,19.929,2024-06-12T10:30:00Z,2024-06-12T11:00:00Z,
19.82,20.811,2024-06-12T11:00:00Z,2024-06-12T11:30:00Z,
19.32,20.286,2024-06-12T11:30:00Z,2024-06-12T12:00:00Z,
19.8,20.79,2024-06-12T12:00:00Z,2024-06-12T12:30:00Z,
17.64,18.522,2024-06-12T12:30:00Z,2024-06-12T13:00:00Z,
16.84,17.682,2024-06-12T13:00:00Z,2024-06-12T13:30:00Z,
17.01,17.8605,2024-06-12T13:30:00Z,2024-06-12T14:00:00Z,
16.14,16.947,2024-06-12T14:00:00Z,2024-06-12T14:30:00Z,
18.12,19.026,2024-06-12T14:30:00Z,2024-06-12T15:00:00Z,
29.63,31.1115,2024-06-12T15:00:00Z,2024-06-12T15:30:00Z,
31.9,33.495,2024-06-12T15:30:00Z,2024-06-12T16:00:00Z,
30.14,31.647,2024-06-12T16:00:00Z,2024-06-12T16:30:00Z,
31.44,33.012,2024-06-12T16:30:00Z,2024-06-12T17:00:00Z,
34.0,35.7,2024-06-12T17:00:00Z,2024-06-12T17:30:00Z,
34.0,35.7,2024-06-12T17:30:00Z,2024-06-12T18:00:00Z,
25.2,26.46,2024-06-12T18:00:00Z,2024-06-12T18:30:00Z,
24.88,26.124,2024-06-12T18:30:00Z,2024-06-12T19:00:00Z,
24.15,25.3575,2024-06-12T19:00:00Z,2024-06-12T19:30:00Z,
23.44,24.612,2024-06-12T19:30:00Z,2024-06-12T20:00:00Z,
23.14,24.297,2024-06-12T20:00:00Z,2024-06-12T20:30:00Z,
21.19,22.2495,2024-06-12T20:30:00Z,2024-06-12T21:00:00Z,
19.3,20.265,2024-06-12T21:00:00Z,2024-06-12T21:30:00Z,
17.43,18.3015,2024-06-12T21:30:00Z,2024-06-12T22:00:00Z,
17.85,18.7425,2024-06-12T22:00:00Z,2024-06-12T22:30:00Z,
18.9,19.845,2024-06-12T22:30:00Z,2024-06-12T23:00:00Z,
16.7,17.535,2024-06-12T23:00:00Z,2024-06-12T23:30:00Z,
16.09,16.8945,2024-06-12T23:30:00Z,2024-06-13T00:00:00Z,
16.04,16.842,2024-06-13T00:00:00Z,2024-06-13T00:30:00Z,
15.96,16.758,2024-06-13T00:30:00Z,2024-06-13T01:00:00Z,
15.75,16.5375,2024-06-13T01:00:00Z,2024-06-13T01:30:00Z,
15.2,15.96,2024-06-13T01:30:00Z,2024-06-13T02:00:00Z,
15.31,16.0755,2024-06-13T02:00:00Z,2024-06-13T02:30:00Z,
14.28,14.994,2024-06-13T02:30:00Z,2024-06-13T03:00:00Z,
16.06,16.863,2024-06-13T03:00:00Z,2024-06-13T03:30:00Z,
15.54,16.317,2024-06-13T03:30:00Z,2024-06-13T04:00:00Z,
14.76,15.498,2024-06-13T04:00:00Z,2024-06-13T04:30:00Z,
15.6,16.38,2024-06-13T04:30:00Z,2024-06-13T05:00:00Z,
18.9,19.845,2024-06-13T05:00:00Z,2024-06-13T05:30:00Z,
20.5,21.525,2024-06-13T05:30:00Z,2024-06-13T06:00:00Z,
18.73,19.6665,2024-06-13T06:00:00Z,2024-06-13T06:30:00Z,
20.58,21.609,2024-06-13T06:30:00Z,2024-06-13T07:00:00Z,
19.47,20.4435,2024-06-13T07:00:00Z,2024-06-13T07:30:00Z,
18.94,19.887,2024-06-13T07:30:00Z,2024-06-13T08:00:00Z,
19.36,20.328,2024-06-13T08:00:00Z,2024-06-13T08:30:00Z,
18.9,19.845,2024-06-13T08:30:00Z,2024-06-13T09:00:00Z,
17.64,18.522,2024-06-13T09:00:00Z,2024-06-13T09:30:00Z,
17.01,17.8605,2024-06-13T09:30:00Z,2024-06-13T10:00:00Z,
17.68,18.564,2024-06-13T10:00:00Z,2024-06-13T10:30:00Z,
17.79,18.6795,2024-06-13T10:30:00Z,2024-06-13T11:00:00Z,
16.38,17.199,2024-06-13T11:00:00Z,2024-06-13T11:30:00Z,
16.34,17.157,2024-06-13T11:30:00Z,2024-06-13T12:00:00Z,
15.5,16.275,2024-06-13T12:00:00Z,2024-06-13T12:30:00Z,
14.74,15.477,2024-06-13T12:30:00Z,2024-06-13T13:00:00Z,
13.78,14.469,2024-06-13T13:00:00Z,2024-06-13T13:30:00Z,
13.61,14.2905,2024-06-13T13:30:00Z,2024-06-13T14:00:00Z,
13.27,13.9335,2024-06-13T14:00:00Z,2024-06-13T14:30:00Z,
14.07,14.7735,2024-06-13T14:30:00Z,2024-06-13T15:00:00Z,
26.44,27.762,2024-06-13T15:00:00Z,2024-06-13T15:30:00Z,
27.6,28.98,2024-06-13T15:30:00Z,2024-06-13T16:00:00Z,
31.69,33.2745,2024-06-13T16:00:00Z,2024-06-13T16:30:00Z,
31.69,33.2745,2024-06-13T16:30:00Z,2024-06-13T17:00:00Z,
34.02,35.721,2024-06-13T17:00:00Z,2024-06-13T17:30:00Z,
33.23,34.8915,2024-06-13T17:30:00Z,2024-06-13T18:00:00Z,
20.18,21.189,2024-06-13T18:00:00Z,2024-06-13T18:30:00Z,
18.9,19.845,2024-06-13T18:30:00Z,2024-06-13T19:00:00Z,
20.33,21.3465,2024-06-13T19:00:00Z,2024-06-13T19:30:00Z,
17.66,18.543,2024-06-13T19:30:00Z,2024-06-13T20:00:00Z,
17.24,18.102,2024-06-13T20:00:00Z,2024-06-13T20:30:00Z,
15.81,16.6005,2024-06-13T20:30:00Z,2024-06-13T21:00:00Z,
14.47,15.1935,2024-06-13T21:00:00Z,2024-06-13T21:30:00Z,
9.28,9.744,2024-06-13T21:30:00Z,2024-06-13T22:00:00Z,
11.76,12.348,2024-06-13T22:00:00Z,2024-06-13T22:30:00Z,
8.55,8.9775,2024-06-13T22:30:00Z,2024-06-13T23:00:00Z,
8.19,8.5995,2024-06-13T23:00:00Z,2024-06-13T23:30:00Z,
8.19,8.5995,2024-06-13T23:30:00Z,2024-06-14T00:00:00Z,
6.72,7.056,2024-06-14T00:00:00Z,2024-06-14T00:30:00Z,
7.83,8.2215,2024-06-14T00:30:00Z,2024-06-14T01:00:00Z,
7.77,8.1585,2024-06-14T01:00:00Z,2024-06-14T01:30:00Z,
7.18,7.539,2024-06-14T01:30:00Z,2024-06-14T02:00:00Z,
7.5,7.875,2024-06-14T02:00:00Z,2024-06-14T02:30:00Z,
7.66,8.043,2024-06-14T02:30:00Z,2024-06-14T03:00:00Z,
8.22,8.631,2024-06-14T03:00:00Z,2024-06-14T03:30:00Z,
8.3,8.715,2024-06-14T03:30:00Z,2024-06-14T04:00:00Z,
9.24,9.702,2024-06-14T04:00:00Z,2024-06-14T04:30:00Z,
10.85,11.3925,2024-06-14T04:30:00Z,2024-06-14T05:00:00Z,
10.78,11.319,2024-06-14T05:00:00Z,2024-06-14T05:30:00Z,
18.69,19.6245,2024-06-14T05:30:00Z,2024-06-14T06:00:00Z,
18.27,19.1835,2024-06-14T06:00:00Z,2024-06-14T06:30:00Z,
19.95,20.9475,2024-06-14T06:30:00Z,2024-06-14T07:00:00Z,
18.27,19.1835,2024-06-14T07:00:00Z,2024-06-14T07:30:00Z,
18.82,19.761,2024-06-14T07:30:00Z,2024-06-14T08:00:00Z,
19.32,20.286,2024-06-14T08:00:00Z,2024-06-14T08:30:00Z,
18.82,19.761,2024-06-14T08:30:00Z,2024-06-14T09:00:00Z,
19.28,20.244,2024-06-14T09:00:00Z,2024-06-14T09:30:00Z,
18.9,19.845,2024-06-14T09:30:00Z,2024-06-14T10:00:00Z,
18.9,19.845,2024-06-14T10:00:00Z,2024-06-14T10:30:00Z,
18.9,19.845,2024-06-14T10:30:00Z,2024-06-14T11:00:00Z,
18.48,19.404,2024-06-14T11:00:00Z,2024-06-14T11:30:00Z,
17.51,18.3855,2024-06-14T11:30:00Z,2024-06-14T12:00:00Z,
17.01,17.8605,2024-06-14T12:00:00Z,2024-06-14T12:30:00Z,
15.81,16.6005,2024-06-14T12:30:00Z,2024-06-14T13:00:00Z,
13.65,14.3325,2024-06-14T13:00:00Z,2024-06-14T13:30:00Z,
13.96,14.658,2024-06-14T13:30:00Z,2024-06-14T14:00:00Z,
12.39,13.0095,2024-06-14T14:00:00Z,2024-06-14T14:30:00Z,
13.44,14.112,2024-06-14T14:30:00Z,2024-06-14T15:00:00Z,
25.52,26.796,2024-06-14T15:00:00Z,2024-06-14T15:30:00Z,
27.91,29.3055,2024-06-14T15:30:00Z,2024-06-14T16:00:00Z,
28.12,29.526,2024-06-14T16:00:00Z,2024-06-14T16:30:00Z,
30.22,31.731,2024-06-14T16:30:00Z,2024-06-14T17:00:00Z,
31.9,33.495,2024-06-14T17:00:00Z,2024-06-14T17:30:00Z,
31.9,33.495,2024-06-14T17:30:00Z,2024-06-14T18:00:00Z,
22.3,23.415,2024-06-14T18:00:00Z,2024-06-14T18:30:00Z,
22.05,23.1525,2024-06-14T18:30:00Z,2024-06-14T19:00:00Z,
21.08,22.134,2024-06-14T19:00:00Z,2024-06-14T19:30:00Z,
21.0,22.05,2024-06-14T19:30:00Z,2024-06-14T20:00:00Z,
19.95,20.9475,2024-06-14T20:00:00Z,2024-06-14T20:30:00Z,
18.9,19.845,2024-06-14T20:30:00Z,2024-06-14T21:00:00Z,
18.05,18.9525,2024-06-14T21:00:00Z,2024-06-14T21:30:00Z,
16.8,17.64,2024-06-14T21:30:00Z,2024-06-14T22:00:00Z,
21.94,23.037,2024-06-14T22:00:00Z,2024-06-14T22:30:00Z,
20.5,21.525,2024-06-14T22:30:00Z,2024-06-14T23:00:00Z,
18.86,19.803,2024-06-14T23:00:00Z,2024-06-14T23:30:00Z,
17.18,18.039,2024-06-14T23:30:00Z,2024-06-15T00:00:00Z,
15.58,16.359,2024-06-15T00:00:00Z,2024-06-15T00:30:00Z,
15.9,16.695,2024-06-15T00:30:00Z,2024-06-15T01:00:00Z,
14.99,15.7395,2024-06-15T01:00:00Z,2024-06-15T01:30:00Z,
13.88,14.574,2024-06-15T01:30:00Z,2024-06-15T02:00:00Z,
13.44,14.112,2024-06-15T02:00:00Z,2024-06-15T02:30:00Z,
12.83,13.4715,2024-06-15T02:30:00Z,2024-06-15T03:00:00Z,
13.96,14.658,2024-06-15T03:00:00Z,2024-06-15T03:30:00Z,
13.44,14.112,2024-06-15T03:30:00Z,2024-06-15T04:00:00Z,
13.44,14.112,2024-06-15T04:00:00Z,2024-06-15T04:30:00Z,
13.1,13.755,2024-06-15T04:30:00Z,2024-06-15T05:00:00Z,
14.07,14.7735,2024-06-15T05:00:00Z,2024-06-15T05:30:00Z,
16.23,17.0415,2024-06-15T05:30:00Z,2024-06-15T06:00:00Z,
16.17,16.9785,2024-06-15T06:00:00Z,2024-06-15T06:30:00Z,
17.22,18.081,2024-06-15T06:30:00Z,2024-06-15T07:00:00Z,
18.87,19.8135,2024-06-15T07:00:00Z,2024-06-15T07:30:00Z,
19.32,20.286,2024-06-15T07:30:00Z,2024-06-15T08:00:00Z,
19.95,20.9475,2024-06-15T08:00:00Z,2024-06-15T08:30:00Z,
19.99,20.9895,2024-06-15T08:30:00Z,2024-06-15T09:00:00Z,
19.82,20.811,2024-06-15T09:00:00Z,2024-06-15T09:30:00Z,
19.47,20.4435,2024-06-15T09:30:00Z,2024-06-15T10:00:00Z,
16.8,17.64,2024-06-15T10:00:00Z,2024-06-15T10:30:00Z,
16.38,17.199,2024-06-15T10:30:00Z,2024-06-15T11:00:00Z,
15.75,16.5375,2024-06-15T11:00:00Z,2024-06-15T11:30:00Z,
14.83,15.5715,2024-06-15T11:30:00Z,2024-06-15T12:00:00Z,
13.65,14.3325,2024-06-15T12:00:00Z,2024-06-15T12:30:00Z,
12.66,13.293,2024-06-15T12:30:00Z,2024-06-15T13:00:00Z,
12.18,12.789,2024-06-15T13:00:00Z,2024-06-15T13:30:00Z,
11.97,12.5685,2024-06-15T13:30:00Z,2024-06-15T14:00:00Z,
12.6,13.23,2024-06-15T14:00:00Z,2024-06-15T14:30:00Z,
12.66,13.293,2024-06-15T14:30:00Z,2024-06-15T15:00:00Z,
26.86,28.203,2024-06-15T15:00:00Z,2024-06-15T15:30:00Z,
29.23,30.6915,2024-06-15T15:30:00Z,2024-06-15T16:00:00Z,
30.89,32.4345,2024-06-15T16:00:00Z,2024-06-15T16:30:00Z,
32.74,34.377,2024-06-15T16:30:00Z,2024-06-15T17:00:00Z,
32.36,33.978,2024-06-15T17:00:00Z,2024-06-15T17:30:00Z,
32.47,34.0935,2024-06-15T17:30:00Z,2024-06-15T18:00:00Z,
20.33,21.3465,2024-06-15T18:00:00Z,2024-06-15T18:30:00Z,
20.37,21.3885,2024-06-15T18:30:00Z,2024-06-15T19:00:00Z,
19.24,20.202,2024-06-15T19:00:00Z,2024-06-15T19:30:00Z,
18.94,19.887,2024-06-15T19:30:00Z,2024-06-15T20:00:00Z,
21.0,22.05,2024-06-15T20:00:00Z,2024-06-15T20:30:00Z,
18.9,19.845,2024-06-15T20:30:00Z,2024-06-15T21:00:00Z,
17.39,18.2595,2024-06-15T21:00:00Z,2024-06-15T21:30:00Z,
14.18,14.889,2024-06-15T21:30:00Z,2024-06-15T22:00:00Z,
17.74,18.627,2024-06-15T22:00:00Z,2024-06-15T22:30:00Z,
17.22,18.081,2024-06-15T22:30:00Z,2024-06-15T23:00:00Z,
14.28,14.994,2024-06-15T23:00:00Z,2024-06-15T23:30:00Z,
10.75,11.2875,2024-06-15T23:30:00Z,2024-06-16T00:00:00Z,
9.03,9.4815,2024-06-16T00:00:00Z,2024-06-16T00:30:00Z,
11.84,12.432,2024-06-16T00:30:00Z,2024-06-16T01:00:00Z,
10.08,10.584,2024-06-16T01:00:00Z,2024-06-16T01:30:00Z,
6.3,6.615,2024-06-16T01:30:00Z,2024-06-16T02:00:00Z,
4.47,4.6935,2024-06-16T02:00:00Z,2024-06-16T02:30:00Z,
4.07,4.2735,2024-06-16T02:30:00Z,2024-06-16T03:00:00Z,
4.2,4.41,2024-06-16T03:00:00Z,2024-06-16T03:30:00Z,
2.1,2.205,2024-06-16T03:30:00Z,2024-06-16T04:00:00Z,
1.68,1.764,2024-06-16T04:00:00Z,2024-06-16T04:30:00Z,
1.47,1.5435,2024-06-16T04:30:00Z,2024-06-16T05:00:00Z,
1.87,1.9635,2024-06-16T05:00:00Z,2024-06-16T05:30:00Z,
2.46,2.583,2024-06-16T05:30:00Z,2024-06-16T06:00:00Z,
5.04,5.292,2024-06-16T06:00:00Z,2024-06-16T06:30:00Z,
9.39,9.8595,2024-06-16T06:30:00Z,2024-06-16T07:00:00Z,
9.45,9.9225,2024-06-16T07:00:00Z,2024-06-16T07:30:00Z,
10.92,11.466,2024-06-16T07:30:00Z,2024-06-16T08:00:00Z,
11.13,11.6865,2024-06-16T08:00:00Z,2024-06-16T08:30:00Z,
12.39,13.0095,2024-06-16T08:30:00Z,2024-06-16T09:00:00Z,
13.86,14.553,2024-06-16T09:00:00Z,2024-06-16T09:30:00Z,
13.84,14.532,2024-06-16T09:30:00Z,2024-06-16T10:00:00Z,
14.51,15.2355,2024-06-16T10:00:00Z,2024-06-16T10:30:00Z,
14.38,15.099,2024-06-16T10:30:00Z,2024-06-16T11:00:00Z,
15.54,16.317,2024-06-16T11:00:00Z,2024-06-16T11:30:00Z,
14.15,14.8575,2024-06-16T11:30:00Z,2024-06-16T12:00:00Z,
13.02,13.671,2024-06-16T12:00:00Z,2024-06-16T12:30:00Z,
11.55,12.1275,2024-06-16T12:30:00Z,2024-06-16T13:00:00Z,
10.71,11.2455,2024-06-16T13:00:00Z,2024-06-16T13:30:00Z,
11.55,12.1275,2024-06-16T13:30:00Z,2024-06-16T14:00:00Z,
11.55,12.1275,2024-06-16T14:00:00Z,2024-06-16T14:30:00Z,
13.84,14.532,2024-06-16T14:30:00Z,2024-06-16T15:00:00Z,
26.88,28.224,2024-06-16T15:00:00Z,2024-06-16T15:30:00Z,
28.79,30.2295,2024-06-16T15:30:00Z,2024-06-16T16:00:00Z,
29.53,31.0065,2024-06-16T16:00:00Z,2024-06-16T16:30:00Z,
30.96,32.508,2024-06-16T16:30:00Z,2024-06-16T17:00:00Z,
30.6,32.13,2024-06-16T17:00:00Z,2024-06-16T17:30:00Z,
30.43,31.9515,2024-06-16T17:30:00Z,2024-06-16T18:00:00Z,
20.31,21.3255,2024-06-16T18:00:00Z,2024-06-16T18:30:00Z,
20.75,21.7875,2024-06-16T18:30:00Z,2024-06-16T19:00:00Z,
22.5,23.625,2024-06-16T19:00:00Z,2024-06-16T19:30:00Z,
20.79,21.8295,2024-06-16T19:30:00Z,2024-06-16T20:00:00Z,
21.21,22.2705,2024-06-16T20:00:00Z,2024-06-16T20:30:00Z,
20.37,21.3885,2024-06-16T20:30:00Z,2024-06-16T21:00:00Z,
17.96,18.858,2024-06-16T21:00:00Z,2024-06-16T21:30:00Z,
16.28,17.094,2024-06-16T21:30:00Z,2024-06-16T22:00:00Z,
16.72,17.556,2024-06-16T22:00:00Z,2024-06-16T22:30:00Z,
16.8,17.64,2024-06-16T22:30:00Z,2024-06-16T23:00:00Z,
15.2,15.96,2024-06-16T23:00:00Z,2024-06-16T23:30:00Z,
14.53,15.2565,2024-06-16T23:30:00Z,2024-06-17T00:00:00Z,
14.24,14.952,2024-06-17T00:00:00Z,2024-06-17T00:30:00Z,
14.28,14.994,2024-06-17T00:30:00Z,2024-06-17T01:00:00Z,
15.12,15.876,2024-06-17T01:00:00Z,2024-06-17T01:30:00Z,
14.57,15.2985,2024-06-17T01:30:00Z,2024-06-17T02:00:00Z,
15.54,16.317,2024-06-17T02:00:00Z,2024-06-17T02:30:00Z,
14.87,15.6135,2024-06-17T02:30:00Z,2024-06-17T03:00:00Z,
14.91,15.6555,2024-06-17T03:00:00Z,2024-06-17T03:30:00Z,
14.91,15.6555,2024-06-17T03:30:00Z,2024-06-17T04:00:00Z,
17.64,18.522,2024-06-17T04:00:00Z,2024-06-17T04:30:00Z,
18.1,19.005,2024-06-17T04:30:00Z,2024-06-17T05:00:00Z,
19.95,20.9475,2024-06-17T05:00:00Z,2024-06-17T05:30:00Z,
21.63,22.7115,2024-06-17T05:30:00Z,2024-06-17T06:00:00Z,
18.48,19.404,2024-06-17T06:00:00Z,2024-06-17T06:30:00Z,
22.05,23.1525,2024-06-17T06:30:00Z,2024-06-17T07:00:00Z,
18.56,19.488,2024-06-17T07:00:00Z,2024-06-17T07:30:00Z,
18.02,18.921,2024-06-17T07:30:00Z,2024-06-17T08:00:00Z,
18.21,19.1205,2024-06-17T08:00:00Z,2024-06-17T08:30:00Z,
17.72,18.606,2024-06-17T08:30:00Z,2024-06-17T09:00:00Z,
17.22,18.081,2024-06-17T09:00:00Z,2024-06-17T09:30:00Z,
15.75,16.5375,2024-06-17T09:30:00Z,2024-06-17T10:00:00Z,
17.64,18.522,2024-06-17T10:00:00Z,2024-06-17T10:30:00Z,
17.3,18.165,2024-06-17T10:30:00Z,2024-06-17T11:00:00Z,
18.69,19.6245,2024-06-17T11:00:00Z,2024-06-17T11:30:00Z,
18.27,19.1835,2024-06-17T11:30:00Z,2024-06-17T12:00:00Z,
18.06,18.963,2024-06-17T12:00:00Z,2024-06-17T12:30:00Z,
16.59,17.4195,2024-06-17T12:30:00Z,2024-06-17T13:00:00Z,
16.72,17.556,2024-06-17T13:00:00Z,2024-06-17T13:30:00Z,
16.17,16.9785,2024-06-17T13:30:00Z,2024-06-17T14:00:00Z,
16.4,17.22,2024-06-17T14:00:00Z,2024-06-17T14:30:00Z,
16.59,17.4195,2024-06-17T14:30:00Z,2024-06-17T15:00:00Z,
27.78,29.169,2024-06-17T15:00:00Z,2024-06-17T15:30:00Z,
29.59,31.0695,2024-06-17T15:30:00Z,2024-06-17T16:00:00Z,
30.77,32.3085,2024-06-17T16:00:00Z,2024-06-17T16:30:00Z,
32.05,33.6525,2024-06-17T16:30:00Z,2024-06-17T17:00:00Z,
35.68,37.464,2024-06-17T17:00:00Z,2024-06-17T17:30:00Z,
36.1,37.905,2024-06-17T17:30:00Z,2024-06-17T18:00:00Z,
25.28,26.544,2024-06-17T18:00:00Z,2024-06-17T18:30:00Z,
25.03,26.2815,2024-06-17T18:30:00Z,2024-06-17T19:00:00Z,
23.6,24.78,2024-06-17T19:00:00Z,2024-06-17T19:30:00Z,
23.33,24.4965,2024-06-17T19:30:00Z,2024-06-17T20:00:00Z,
22.05,23.1525,2024-06-17T20:00:00Z,2024-06-17T20:30:00Z,
21.21,22.2705,2024-06-17T20:30:00Z,2024-06-17T21:00:00Z,
19.26,20.223,2024-06-17T21:00:00Z,2024-06-17T21:30:00Z,
18.27,19.1835,2024-06-17T21:30:00Z,2024-06-17T22:00:00Z,
16.76,17.598,2024-06-17T22:00:00Z,2024-06-17T22:30:00Z,
16.38,17.199,2024-06-17T22:30:00Z,2024-06-17T23:00:00Z,
16.04,16.842,2024-06-17T23:00:00Z,2024-06-17T23:30:00Z,
15.96,16.758,2024-06-17T23:30:00Z,2024-06-18T00:00:00Z,
15.22,15.981,2024-06-18T00:00:00Z,2024-06-18T00:30:00Z,
15.71,16.4955,2024-06-18T00:30:00Z,2024-06-18T01:00:00Z,
15.75,16.5375,2024-06-18T01:00:00Z,2024-06-18T01:30:00Z,
15.52,16.296,2024-06-18T01:30:00Z,2024-06-18T02:00:00Z,
15.67,16.4535,2024-06-18T02:00:00Z,2024-06-18T02:30:00Z,
15.54,16.317,2024-06-18T02:30:00Z,2024-06-18T03:00:00Z,
15.79,16.5795,2024-06-18T03:00:00Z,2024-06-18T03:30:00Z,
15.04,15.792,2024-06-18T03:30:00Z,2024-06-18T04:00:00Z,
17.12,17.976,2024-06-18T04:00:00Z,2024-06-18T04:30:00Z,
16.3,17.115,2024-06-18T04:30:00Z,2024-06-18T05:00:00Z,
18.48,19.404,2024-06-18T05:00:00Z,2024-06-18T05:30:00Z,
20.16,21.168,2024-06-18T05:30:00Z,2024-06-18T06:00:00Z,
16.53,17.3565,2024-06-18T06:00:00Z,2024-06-18T06:30:00Z,
20.87,21.9135,2024-06-18T06:30:00Z,2024-06-18T07:00:00Z,
21.63,22.7115,2024-06-18T07:00:00Z,2024-06-18T07:30:00Z,
21.42,22.491,2024-06-18T07:30:00Z,2024-06-18T08:00:00Z,
21.1,22.155,2024-06-18T08:00:00Z,2024-06-18T08:30:00Z,
20.79,21.8295,2024-06-18T08:30:00Z,2024-06-18T09:00:00Z,
19.78,20.769,2024-06-18T09:00:00Z,2024-06-18T09:30:00Z,
19.49,20.4645,2024-06-18T09:30:00Z,2024-06-18T10:00:00Z,
18.91,19.8555,2024-06-18T10:00:00Z,2024-06-18T10:30:00Z,
18.82,19.761,2024-06-18T10:30:00Z,2024-06-18T11:00:00Z,
18.48,19.404,2024-06-18T11:00:00Z,2024-06-18T11:30:00Z,
17.83,18.7215,2024-06-18T11:30:00Z,2024-06-18T12:00:00Z,
16.51,17.3355,2024-06-18T12:00:00Z,2024-06-18T12:30:00Z,
15.82,16.611,2024-06-18T12:30:00Z,2024-06-18T13:00:00Z,
15.41,16.1805,2024-06-18T13:00:00Z,2024-06-18T13:30:00Z,
15.37,16.1385,2024-06-18T13:30:00Z,2024-06-18T14:00:00Z,
15.33,16.0965,2024-06-18T14:00:00Z,2024-06-18T14:30:00Z,
15.75,16.5375,2024-06-18T14:30:00Z,2024-06-18T15:00:00Z,
28.81,30.2505,2024-06-18T15:00:00Z,2024-06-18T15:30:00Z,
30.66,32.193,2024-06-18T15:30:00Z,2024-06-18T16:00:00Z,
31.92,33.516,2024-06-18T16:00:00Z,2024-06-18T16:30:00Z,
33.37,35.0385,2024-06-18T16:30:00Z,2024-06-18T17:00:00Z,
33.22,34.881,2024-06-18T17:00:00Z,2024-06-18T17:30:00Z,
33.58,35.259,2024-06-18T17:30:00Z,2024-06-18T18:00:00Z,
23.18,24.339,2024-06-18T18:00:00Z,2024-06-18T18:30:00Z,
23.18,24.339,2024-06-18T18:30:00Z,2024-06-18T19:00:00Z,
21.13,22.1865,2024-06-18T19:00:00Z,2024-06-18T19:30:00Z,
20.84,21.882,2024-06-18T19:30:00Z,2024-06-18T20:00:00Z,
19.05,20.0025,2024-06-18T20:00:00Z,2024-06-18T20:30:00Z,
18.08,18.984,2024-06-18T20:30:00Z,2024-06-18T21:00:00Z,
16.9,17.745,2024-06-18T21:00:00Z,2024-06-18T21:30:00Z,
15.39,16.1595,2024-06-18T21:30:00Z,2024-06-18T22:00:00Z,
16.48,17.304,2024-06-18T22:00:00Z,2024-06-18T22:30:00Z,
17.85,18.7425,2024-06-18T22:30:00Z,2024-06-18T23:00:00Z,
15.83,16.6215,2024-06-18T23:00:00Z,2024-06-18T23:30:00Z,
15.69,16.4745,2024-06-18T23:30:00Z,2024-06-19T00:00:00Z,
14.91,15.6555,2024-06-19T00:00:00Z,2024-06-19T00:30:00Z,
15.05,15.8025,2024-06-19T00:30:00Z,2024-06-19T01:00:00Z,
14.66,15.393,2024-06-19T01:00:00Z,2024-06-19T01:30:00Z,
14.34,15.057,2024-06-19T01:30:00Z,2024-06-19T02:00:00Z,
14.3,15.015,2024-06-19T02:00:00Z,2024-06-19T02:30:00Z,
14.27,14.9835,2024-06-19T02:30:00Z,2024-06-19T03:00:00Z,
14.28,14.994,2024-06-19T03:00:00Z,2024-06-19T03:30:00Z,
13.41,14.0805,2024-06-19T03:30:00Z,2024-06-19T04:00:00Z,
15.69,16.4745,2024-06-19T04:00:00Z,2024-06-19T04:30:00Z,
15.79,16.5795,2024-06-19T04:30:00Z,2024-06-19T05:00:00Z,
17.85,18.7425,2024-06-19T05:00:00Z,2024-06-19T05:30:00Z,
18.82,19.761,2024-06-19T05:30:00Z,2024-06-19T06:00:00Z,
16.9,17.745,2024-06-19T06:00:00Z,2024-06-19T06:30:00Z,
20.58,21.609,2024-06-19T06:30:00Z,2024-06-19T07:00:00Z,
21.84,22.932,2024-06-19T07:00:00Z,2024-06-19T07:30:00Z,
21.21,22.2705,2024-06-19T07:30:00Z,2024-06-19T08:00:00Z,
20.54,21.567,2024-06-19T08:00:00Z,2024-06-19T08:30:00Z,
19.15,20.1075,2024-06-19T08:30:00Z,2024-06-19T09:00:00Z,
18.82,19.761,2024-06-19T09:00:00Z,2024-06-19T09:30:00Z,
18.48,19.404,2024-06-19T09:30:00Z,2024-06-19T10:00:00Z,
18.27,19.1835,2024-06-19T10:00:00Z,2024-06-19T10:30:00Z,
17.85,18.7425,2024-06-19T10:30:00Z,2024-06-19T11:00:00Z,
17.54,18.417,2024-06-19T11:00:00Z,2024-06-19T11:30:00Z,
16.36,17.178,2024-06-19T11:30:00Z,2024-06-19T12:00:00Z,
15.33,16.0965,2024-06-19T12:00:00Z,2024-06-19T12:30:00Z,
14.38,15.099,2024-06-19T12:30:00Z,2024-06-19T13:00:00Z,
14.28,14.994,2024-06-19T13:00:00Z,2024-06-19T13:30:00Z,
13.65,14.3325,2024-06-19T13:30:00Z,2024-06-19T14:00:00Z,
13.65,14.3325,2024-06-19T14:00:00Z,2024-06-19T14:30:00Z,
14.38,15.099,2024-06-19T14:30:00Z,2024-06-19T15:00:00Z,
26.02,27.321,2024-06-19T15:00:00Z,2024-06-19T15:30:00Z,
27.97,29.3685,2024-06-19T15:30:00Z,2024-06-19T16:00:00Z,
28.46,29.883,2024-06-19T16:00:00Z,2024-06-19T16:30:00Z,
30.22,31.731,2024-06-19T16:30:00Z,2024-06-19T17:00:00Z,
31.27,32.8335,2024-06-19T17:00:00Z,2024-06-19T17:30:00Z,
31.82,33.411,2024-06-19T17:30:00Z,2024-06-19T18:00:00Z,
21.42,22.491,2024-06-19T18:00:00Z,2024-06-19T18:30:00Z,
21.42,22.491,2024-06-19T18:30:00Z,2024-06-19T19:00:00Z,
20.83,21.8715,2024-06-19T19:00:00Z,2024-06-19T19:30:00Z,
20.16,21.168,2024-06-19T19:30:00Z,2024-06-19T20:00:00Z,
20.2,21.21,2024-06-19T20:00:00Z,2024-06-19T20:30:00Z,
17.81,18.7005,2024-06-19T20:30:00Z,2024-06-19T21:00:00Z,
17.45,18.3225,2024-06-19T21:00:00Z,2024-06-19T21:30:00Z,
15.69,16.4745,2024-06-19T21:30:00Z,2024-06-19T22:00:00Z,
16.11,16.9155,2024-06-19T22:00:00Z,2024-06-19T22:30:00Z,
15.81,16.6005,2024-06-19T22:30:00Z,2024-06-19T23:00:00Z,
15.54,16.317,2024-06-19T23:00:00Z,2024-06-19T23:30:00Z,
14.91,15.6555,2024-06-19T23:30:00Z,2024-06-20T00:00:00Z,
14.18,14.889,2024-06-20T00:00:00Z,2024-06-20T00:30:00Z,
14.87,15.6135,2024-06-20T00:30:00Z,2024-06-20T01:00:00Z,
15.22,15.981,2024-06-20T01:00:00Z,2024-06-20T01:30:00Z,
15.46,16.233,2024-06-20T01:30:00Z,2024-06-20T02:00:00Z,
15.46,16.233,2024-06-20T02:00:00Z,2024-06-20T02:30:00Z,
15.41,16.1805,2024-06-20T02:30:00Z,2024-06-20T03:00:00Z,
15.94,16.737,2024-06-20T03:00:00Z,2024-06-20T03:30:00Z,
15.81,16.6005,2024-06-20T03:30:00Z,2024-06-20T04:00:00Z,
18.98,19.929,2024-06-20T04:00:00Z,2024-06-20T04:30:00Z,
19.11,20.0655,2024-06-20T04:30:00Z,2024-06-20T05:00:00Z,
19.11,20.0655,2024-06-20T05:00:00Z,2024-06-20T05:30:00Z,
19.84,20.832,2024-06-20T05:30:00Z,2024-06-20T06:00:00Z,
17.81,18.7005,2024-06-20T06:00:00Z,2024-06-20T06:30:00Z,
21.12,22.176,2024-06-20T06:30:00Z,2024-06-20T07:00:00Z,
19.87,20.8635,2024-06-20T07:00:00Z,2024-06-20T07:30:00Z,
18.9,19.845,2024-06-20T07:30:00Z,2024-06-20T08:00:00Z,
19.3,20.265,2024-06-20T08:00:00Z,2024-06-20T08:30:00Z,
17.7,18.585,2024-06-20T08:30:00Z,2024-06-20T09:00:00Z,
16.48,17.304,2024-06-20T09:00:00Z,2024-06-20T09:30:00Z,
15.81,16.6005,2024-06-20T09:30:00Z,2024-06-20T10:00:00Z,
15.9,16.695,2024-06-20T10:00:00Z,2024-06-20T10:30:00Z,
15.69,16.4745,2024-06-20T10:30:00Z,2024-06-20T11:00:00Z,
15.22,15.981,2024-06-20T11:00:00Z,2024-06-20T11:30:00Z,
14.51,15.2355,2024-06-20T11:30:00Z,2024-06-20T12:00:00Z,
15.12,15.876,2024-06-20T12:00:00Z,2024-06-20T12:30:00Z,
14.53,15.2565,2024-06-20T12:30:00Z,2024-06-20T13:00:00Z,
14.68,15.414,2024-06-20T13:00:00Z,2024-06-20T13:30:00Z,
14.28,14.994,2024-06-20T13:30:00Z,2024-06-20T14:00:00Z,
14.28,14.994,2024-06-20T14:00:00Z,2024-06-20T14:30:00Z,
15.31,16.0755,2024-06-20T14:30:00Z,2024-06-20T15:00:00Z,
28.75,30.1875,2024-06-20T15:00:00Z,2024-06-20T15:30:00Z,
29.38,30.849,2024-06-20T15:30:00Z,2024-06-20T16:00:00Z,
31.43,33.0015,2024-06-20T16:00:00Z,2024-06-20T16:30:00Z,
32.74,34.377,2024-06-20T16:30:00Z,2024-06-20T17:00:00Z,
35.01,36.7605,2024-06-20T17:00:00Z,2024-06-20T17:30:00Z,
35.45,37.2225,2024-06-20T17:30:00Z,2024-06-20T18:00:00Z,
22.83,23.9715,2024-06-20T18:00:00Z,2024-06-20T18:30:00Z,
22.51,23.6355,2024-06-20T18:30:00Z,2024-06-20T19:00:00Z,
22.68,23.814,2024-06-20T19:00:00Z,2024-06-20T19:30:00Z,
22.03,23.1315,2024-06-20T19:30:00Z,2024-06-20T20:00:00Z,
21.13,22.1865,2024-06-20T20:00:00Z,2024-06-20T20:30:00Z,
19.61,20.5905,2024-06-20T20:30:00Z,2024-06-20T21:00:00Z,
19.91,20.9055,2024-06-20T21:00:00Z,2024-06-20T21:30:00Z,
17.22,18.081,2024-06-20T21:30:00Z,2024-06-20T22:00:00Z,
16.59,17.4195,2024-06-20T22:00:00Z,2024-06-20T22:30:00Z,
18.63,19.5615,2024-06-20T22:30:00Z,2024-06-20T23:00:00Z,
17.89,18.7845,2024-06-20T23:00:00Z,2024-06-20T23:30:00Z,
17.26,18.123,2024-06-20T23:30:00Z,2024-06-21T00:00:00Z,
16.57,17.3985,2024-06-21T00:00:00Z,2024-06-21T00:30:00Z,
17.22,18.081,2024-06-21T00:30:00Z,2024-06-21T01:00:00Z,
15.31,16.0755,2024-06-21T01:00:00Z,2024-06-21T01:30:00Z,
14.95,15.6975,2024-06-21T01:30:00Z,2024-06-21T02:00:00Z,
14.8,15.54,2024-06-21T02:00:00Z,2024-06-21T02:30:00Z,
14.89,15.6345,2024-06-21T02:30:00Z,2024-06-21T03:00:00Z,
15.18,15.939,2024-06-21T03:00:00Z,2024-06-21T03:30:00Z,
14.6,15.33,2024-06-21T03:30:00Z,2024-06-21T04:00:00Z,
16.34,17.157,2024-06-21T04:00:00Z,2024-06-21T04:30:00Z,
16.95,17.7975,2024-06-21T04:30:00Z,2024-06-21T05:00:00Z,
19.59,20.5695,2024-06-21T05:00:00Z,2024-06-21T05:30:00Z,
21.0,22.05,2024-06-21T05:30:00Z,2024-06-21T06:00:00Z,
19.82,20.811,2024-06-21T06:00:00Z,2024-06-21T06:30:00Z,
21.32,22.386,2024-06-21T06:30:00Z,2024-06-21T07:00:00Z,
19.82,20.811,2024-06-21T07:00:00Z,2024-06-21T07:30:00Z,
19.08,20.034,2024-06-21T07:30:00Z,2024-06-21T08:00:00Z,
18.23,19.1415,2024-06-21T08:00:00Z,2024-06-21T08:30:00Z,
16.38,17.199,2024-06-21T08:30:00Z,2024-06-21T09:00:00Z,
14.7,15.435,2024-06-21T09:00:00Z,2024-06-21T09:30:00Z,
15.2,15.96,2024-06-21T09:30:00Z,2024-06-21T10:00:00Z,
15.12,15.876,2024-06-21T10:00:00Z,2024-06-21T10:30:00Z,
14.38,15.099,2024-06-21T10:30:00Z,2024-06-21T11:00:00Z,
13.86,14.553,2024-06-21T11:00:00Z,2024-06-21T11:30:00Z,
13.23,13.8915,2024-06-21T11:30:00Z,2024-06-21T12:00:00Z,
13.1,13.755,2024-06-21T12:00:00Z,2024-06-21T12:30:00Z,
12.73,13.3665,2024-06-21T12:30:00Z,2024-06-21T13:00:00Z,
12.77,13.4085,2024-06-21T13:00:00Z,2024-06-21T13:30:00Z,
12.6,13.23,2024-06-21T13:30:00Z,2024-06-21T14:00:00Z,
13.23,13.8915,2024-06-21T14:00:00Z,2024-06-21T14:30:00Z,
14.7,15.435,2024-06-21T14:30:00Z,2024-06-21T15:00:00Z,
28.02,29.421,2024-06-21T15:00:00Z,2024-06-21T15:30:00Z,
30.12,31.626,2024-06-21T15:30:00Z,2024-06-21T16:00:00Z,
29.8,31.29,2024-06-21T16:00:00Z,2024-06-21T16:30:00Z,
30.14,31.647,2024-06-21T16:30:00Z,2024-06-21T17:00:00Z,
31.4,32.97,2024-06-21T17:00:00Z,2024-06-21T17:30:00Z,
31.61,33.1905,2024-06-21T17:30:00Z,2024-06-21T18:00:00Z,
19.95,20.9475,2024-06-21T18:00:00Z,2024-06-21T18:30:00Z,
19.74,20.727,2024-06-21T18:30:00Z,2024-06-21T19:00:00Z,
19.15,20.1075,2024-06-21T19:00:00Z,2024-06-21T19:30:00Z,
18.58,19.509,2024-06-21T19:30:00Z,2024-06-21T20:00:00Z,
19.74,20.727,2024-06-21T20:00:00Z,2024-06-21T20:30:00Z,
18.14,19.047,2024-06-21T20:30:00Z,2024-06-21T21:00:00Z,
18.48,19.404,2024-06-21T21:00:00Z,2024-06-21T21:30:00Z,
15.96,16.758,2024-06-21T21:30:00Z,2024-06-21T22:00:00Z,
16.8,17.64,2024-06-21T22:00:00Z,2024-06-21T22:30:00Z,
16.8,17.64,2024-06-21T22:30:00Z,2024-06-21T23:00:00Z,
15.75,16.5375,2024-06-21T23:00:00Z,2024-06-21T23:30:00Z,
15.12,15.876,2024-06-21T23:30:00Z,2024-06-22T00:00:00Z,
15.52,16.296,2024-06-22T00:00:00Z,2024-06-22T00:30:00Z,
16.76,17.598,2024-06-22T00:30:00Z,2024-06-22T01:00:00Z,
15.96,16.758,2024-06-22T01:00:00Z,2024-06-22T01:30:00Z,
14.7,15.435,2024-06-22T01:30:00Z,2024-06-22T02:00:00Z,
15.2,15.96,2024-06-22T02:00:00Z,2024-06-22T02:30:00Z,
14.38,15.099,2024-06-22T02:30:00Z,2024-06-22T03:00:00Z,
16.11,16.9155,2024-06-22T03:00:00Z,2024-06-22T03:30:00Z,
15.22,15.981,2024-06-22T03:30:00Z,2024-06-22T04:00:00Z,
16.04,16.842,2024-06-22T04:00:00Z,2024-06-22T04:30:00Z,
16.8,17.64,2024-06-22T04:30:00Z,2024-06-22T05:00:00Z,
15.54,16.317,2024-06-22T05:00:00Z,2024-06-22T05:30:00Z,
14.7,15.435,2024-06-22T05:30:00Z,2024-06-22T06:00:00Z,
14.49,15.2145,2024-06-22T06:00:00Z,2024-06-22T06:30:00Z,
17.24,18.102,2024-06-22T06:30:00Z,2024-06-22T07:00:00Z,
19.95,20.9475,2024-06-22T07:00:00Z,2024-06-22T07:30:00Z,
19.95,20.9475,2024-06-22T07:30:00Z,2024-06-22T08:00:00Z,
20.26,21.273,2024-06-22T08:00:00Z,2024-06-22T08:30:00Z,
18.67,19.6035,2024-06-22T08:30:00Z,2024-06-22T09:00:00Z,
19.95,20.9475,2024-06-22T09:00:00Z,2024-06-22T09:30:00Z,
19.32,20.286,2024-06-22T09:30:00Z,2024-06-22T10:00:00Z,
19.13,20.0865,2024-06-22T10:00:00Z,2024-06-22T10:30:00Z,
18.88,19.824,2024-06-22T10:30:00Z,2024-06-22T11:00:00Z,
17.7,18.585,2024-06-22T11:00:00Z,2024-06-22T11:30:00Z,
16.59,17.4195,2024-06-22T11:30:00Z,2024-06-22T12:00:00Z,
14.88,15.624,2024-06-22T12:00:00Z,2024-06-22T12:30:00Z,
13.57,14.2485,2024-06-22T12:30:00Z,2024-06-22T13:00:00Z,
12.6,13.23,2024-06-22T13:00:00Z,2024-06-22T13:30:00Z,
12.6,13.23,2024-06-22T13:30:00Z,2024-06-22T14:00:00Z,
12.6,13.23,2024-06-22T14:00:00Z,2024-06-22T14:30:00Z,
12.6,13.23,2024-06-22T14:30:00Z,2024-06-22T15:00:00Z,
25.6,26.88,2024-06-22T15:00:00Z,2024-06-22T15:30:00Z,
26.96,28.308,2024-06-22T15:30:00Z,2024-06-22T16:00:00Z,
26.02,27.321,2024-06-22T16:00:00Z,2024-06-22T16:30:00Z,
30.43,31.9515,2024-06-22T16:30:00Z,2024-06-22T17:00:00Z,
31.9,33.495,2024-06-22T17:00:00Z,2024-06-22T17:30:00Z,
31.9,33.495,2024-06-22T17:30:00Z,2024-06-22T18:00:00Z,
19.74,20.727,2024-06-22T18:00:00Z,2024-06-22T18:30:00Z,
19.74,20.727,2024-06-22T18:30:00Z,2024-06-22T19:00:00Z,
19.4,20.37,2024-06-22T19:00:00Z,2024-06-22T19:30:00Z,
18.69,19.6245,2024-06-22T19:30:00Z,2024-06-22T20:00:00Z,
18.86,19.803,2024-06-22T20:00:00Z,2024-06-22T20:30:00Z,
17.91,18.8055,2024-06-22T20:30:00Z,2024-06-22T21:00:00Z,
16.13,16.9365,2024-06-22T21:00:00Z,2024-06-22T21:30:00Z,
14.7,15.435,2024-06-22T21:30:00Z,2024-06-22T22:00:00Z,
17.22,18.081,2024-06-22T22:00:00Z,2024-06-22T22:30:00Z,
18.06,18.963,2024-06-22T22:30:00Z,2024-06-22T23:00:00Z,
14.7,15.435,2024-06-22T23:00:00Z,2024-06-22T23:30:00Z,
14.7,15.435,2024-06-22T23:30:00Z,2024-06-23T00:00:00Z,
15.79,16.5795,2024-06-23T00:00:00Z,2024-06-23T00:30:00Z,
15.67,16.4535,2024-06-23T00:30:00Z,2024-06-23T01:00:00Z,
15.44,16.212,2024-06-23T01:00:00Z,2024-06-23T01:30:00Z,
13.86,14.553,2024-06-23T01:30:00Z,2024-06-23T02:00:00Z,
14.28,14.994,2024-06-23T02:00:00Z,2024-06-23T02:30:00Z,
14.8,15.54,2024-06-23T02:30:00Z,2024-06-23T03:00:00Z,
15.75,16.5375,2024-06-23T03:00:00Z,2024-06-23T03:30:00Z,
14.57,15.2985,2024-06-23T03:30:00Z,2024-06-23T04:00:00Z,
14.95,15.6975,2024-06-23T04:00:00Z,2024-06-23T04:30:00Z,
15.44,16.212,2024-06-23T04:30:00Z,2024-06-23T05:00:00Z,
13.94,14.637,2024-06-23T05:00:00Z,2024-06-23T05:30:00Z,
13.65,14.3325,2024-06-23T05:30:00Z,2024-06-23T06:00:00Z,
12.16,12.768,2024-06-23T06:00:00Z,2024-06-23T06:30:00Z,
13.65,14.3325,2024-06-23T06:30:00Z,2024-06-23T07:00:00Z,
13.86,14.553,2024-06-23T07:00:00Z,2024-06-23T07:30:00Z,
15.12,15.876,2024-06-23T07:30:00Z,2024-06-23T08:00:00Z,
15.75,16.5375,2024-06-23T08:00:00Z,2024-06-23T08:30:00Z,
14.09,14.7945,2024-06-23T08:30:00Z,2024-06-23T09:00:00Z,
15.44,16.212,2024-06-23T09:00:00Z,2024-06-23T09:30:00Z,
16.55,17.3775,2024-06-23T09:30:00Z,2024-06-23T10:00:00Z,
17.64,18.522,2024-06-23T10:00:00Z,2024-06-23T10:30:00Z,
17.43,18.3015,2024-06-23T10:30:00Z,2024-06-23T11:00:00Z,
18.46,19.383,2024-06-23T11:00:00Z,2024-06-23T11:30:00Z,
18.08,18.984,2024-06-23T11:30:00Z,2024-06-23T12:00:00Z,
17.32,18.186,2024-06-23T12:00:00Z,2024-06-23T12:30:00Z,
15.86,16.653,2024-06-23T12:30:00Z,2024-06-23T13:00:00Z,
15.41,16.1805,2024-06-23T13:00:00Z,2024-06-23T13:30:00Z,
15.96,16.758,2024-06-23T13:30:00Z,2024-06-23T14:00:00Z,
15.96,16.758,2024-06-23T14:00:00Z,2024-06-23T14:30:00Z,
16.06,16.863,2024-06-23T14:30:00Z,2024-06-23T15:00:00Z,
29.86,31.353,2024-06-23T15:00:00Z,2024-06-23T15:30:00Z,
29.38,30.849,2024-06-23T15:30:00Z,2024-06-23T16:00:00Z,
30.39,31.9095,2024-06-23T16:00:00Z,2024-06-23T16:30:00Z,
31.06,32.613,2024-06-23T16:30:00Z,2024-06-23T17:00:00Z,
30.3,31.815,2024-06-23T17:00:00Z,2024-06-23T17:30:00Z,
30.22,31.731,2024-06-23T17:30:00Z,2024-06-23T18:00:00Z,
19.84,20.832,2024-06-23T18:00:00Z,2024-06-23T18:30:00Z,
18.67,19.6035,2024-06-23T18:30:00Z,2024-06-23T19:00:00Z,
21.0,22.05,2024-06-23T19:00:00Z,2024-06-23T19:30:00Z,
20.5,21.525,2024-06-23T19:30:00Z,2024-06-23T20:00:00Z,
20.83,21.8715,2024-06-23T20:00:00Z,2024-06-23T20:30:00Z,
19.95,20.9475,2024-06-23T20:30:00Z,2024-06-23T21:00:00Z,
19.13,20.0865,2024-06-23T21:00:00Z,2024-06-23T21:30:00Z,
15.48,16.254,2024-06-23T21:30:00Z,2024-06-23T22:00:00Z,
16.8,17.64,2024-06-23T22:00:00Z,2024-06-23T22:30:00Z,
17.81,18.7005,2024-06-23T22:30:00Z,2024-06-23T23:00:00Z,
16.8,17.64,2024-06-23T23:00:00Z,2024-06-23T23:30:00Z,
15.86,16.653,2024-06-23T23:30:00Z,2024-06-24T00:00:00Z,
15.33,16.0965,2024-06-24T00:00:00Z,2024-06-24T00:30:00Z,
15.17,15.9285,2024-06-24T00:30:00Z,2024-06-24T01:00:00Z,
14.7,15.435,2024-06-24T01:00:00Z,2024-06-24T01:30:00Z,
14.7,15.435,2024-06-24T01:30:00Z,2024-06-24T02:00:00Z,
15.31,16.0755,2024-06-24T02:00:00Z,2024-06-24T02:30:00Z,
14.55,15.2775,2024-06-24T02:30:00Z,2024-06-24T03:00:00Z,
15.67,16.4535,2024-06-24T03:00:00Z,2024-06-24T03:30:00Z,
15.39,16.1595,2024-06-24T03:30:00Z,2024-06-24T04:00:00Z,
16.8,17.64,2024-06-24T04:00:00Z,2024-06-24T04:30:00Z,
17.64,18.522,2024-06-24T04:30:00Z,2024-06-24T05:00:00Z,
18.8,19.74,2024-06-24T05:00:00Z,2024-06-24T05:30:00Z,
19.68,20.664,2024-06-24T05:30:00Z,2024-06-24T06:00:00Z,
16.8,17.64,2024-06-24T06:00:00Z,2024-06-24T06:30:00Z,
19.57,20.5485,2024-06-24T06:30:00Z,2024-06-24T07:00:00Z,
19.11,20.0655,2024-06-24T07:00:00Z,2024-06-24T07:30:00Z,
18.78,19.719,2024-06-24T07:30:00Z,2024-06-24T08:00:00Z,
18.48,19.404,2024-06-24T08:00:00Z,2024-06-24T08:30:00Z,
16.74,17.577,2024-06-24T08:30:00Z,2024-06-24T09:00:00Z,
15.98,16.779,2024-06-24T09:00:00Z,2024-06-24T09:30:00Z,
16.38,17.199,2024-06-24T09:30:00Z,2024-06-24T10:00:00Z,
16.88,17.724,2024-06-24T10:00:00Z,2024-06-24T10:30:00Z,
16.13,16.9365,2024-06-24T10:30:00Z,2024-06-24T11:00:00Z,
16.8,17.64,2024-06-24T11:00:00Z,2024-06-24T11:30:00Z,
16.34,17.157,2024-06-24T11:30:00Z,2024-06-24T12:00:00Z,
15.54,16.317,2024-06-24T12:00:00Z,2024-06-24T12:30:00Z,
15.46,16.233,2024-06-24T12:30:00Z,2024-06-24T13:00:00Z,
14.68,15.414,2024-06-24T13:00:00Z,2024-06-24T13:30:00Z,
14.47,15.1935,2024-06-24T13:30:00Z,2024-06-24T14:00:00Z,
15.12,15.876,2024-06-24T14:00:00Z,2024-06-24T14:30:00Z,
15.12,15.876,2024-06-24T14:30:00Z,2024-06-24T15:00:00Z,
27.95,29.3475,2024-06-24T15:00:00Z,2024-06-24T15:30:00Z,
28.46,29.883,2024-06-24T15:30:00Z,2024-06-24T16:00:00Z,
29.51,30.9855,2024-06-24T16:00:00Z,2024-06-24T16:30:00Z,
30.14,31.647,2024-06-24T16:30:00Z,2024-06-24T17:00:00Z,
35.68,37.464,2024-06-24T17:00:00Z,2024-06-24T17:30:00Z,
35.26,37.023,2024-06-24T17:30:00Z,2024-06-24T18:00:00Z,
23.1,24.255,2024-06-24T18:00:00Z,2024-06-24T18:30:00Z,
22.51,23.6355,2024-06-24T18:30:00Z,2024-06-24T19:00:00Z,
22.47,23.5935,2024-06-24T19:00:00Z,2024-06-24T19:30:00Z,
22.01,23.1105,2024-06-24T19:30:00Z,2024-06-24T20:00:00Z,
21.0,22.05,2024-06-24T20:00:00Z,2024-06-24T20:30:00Z,
20.0,21.0,2024-06-24T20:30:00Z,2024-06-24T21:00:00Z,
16.97,17.8185,2024-06-24T21:00:00Z,2024-06-24T21:30:00Z,
15.46,16.233,2024-06-24T21:30:00Z,2024-06-24T22:00:00Z,
16.09,16.8945,2024-06-24T22:00:00Z,2024-06-24T22:30:00Z,
15.75,16.5375,2024-06-24T22:30:00Z,2024-06-24T23:00:00Z,
14.18,14.889,2024-06-24T23:00:00Z,2024-06-24T23:30:00Z,
13.86,14.553,2024-06-24T23:30:00Z,2024-06-25T00:00:00Z,
14.18,14.889,2024-06-25T00:00:00Z,2024-06-25T00:30:00Z,
14.53,15.2565,2024-06-25T00:30:00Z,2024-06-25T01:00:00Z,
14.18,14.889,2024-06-25T01:00:00Z,2024-06-25T01:30:00Z,
14.07,14.7735,2024-06-25T01:30:00Z,2024-06-25T02:00:00Z,
13.23,13.8915,2024-06-25T02:00:00Z,2024-06-25T02:30:00Z,
12.68,13.314,2024-06-25T02:30:00Z,2024-06-25T03:00:00Z,
16.44,17.262,2024-06-25T03:00:00Z,2024-06-25T03:30:00Z,
15.22,15.981,2024-06-25T03:30:00Z,2024-06-25T04:00:00Z,
17.86,18.753,2024-06-25T04:00:00Z,2024-06-25T04:30:00Z,
16.8,17.64,2024-06-25T04:30:00Z,2024-06-25T05:00:00Z,
19.95,20.9475,2024-06-25T05:00:00Z,2024-06-25T05:30:00Z,
22.07,23.1735,2024-06-25T05:30:00Z,2024-06-25T06:00:00Z,
18.67,19.6035,2024-06-25T06:00:00Z,2024-06-25T06:30:00Z,
22.68,23.814,2024-06-25T06:30:00Z,2024-06-25T07:00:00Z,
19.32,20.286,2024-06-25T07:00:00Z,2024-06-25T07:30:00Z,
18.21,19.1205,2024-06-25T07:30:00Z,2024-06-25T08:00:00Z,
18.4,19.32,2024-06-25T08:00:00Z,2024-06-25T08:30:00Z,
16.8,17.64,2024-06-25T08:30:00Z,2024-06-25T09:00:00Z,
15.18,15.939,2024-06-25T09:00:00Z,2024-06-25T09:30:00Z,
14.91,15.6555,2024-06-25T09:30:00Z,2024-06-25T10:00:00Z,
15.44,16.212,2024-06-25T10:00:00Z,2024-06-25T10:30:00Z,
15.39,16.1595,2024-06-25T10:30:00Z,2024-06-25T11:00:00Z,
15.64,16.422,2024-06-25T11:00:00Z,2024-06-25T11:30:00Z,
15.46,16.233,2024-06-25T11:30:00Z,2024-06-25T12:00:00Z,
15.29,16.0545,2024-06-25T12:00:00Z,2024-06-25T12:30:00Z,
15.18,15.939,2024-06-25T12:30:00Z,2024-06-25T13:00:00Z,
15.1,15.855,2024-06-25T13:00:00Z,2024-06-25T13:30:00Z,
15.14,15.897,2024-06-25T13:30:00Z,2024-06-25T14:00:00Z,
15.18,15.939,2024-06-25T14:00:00Z,2024-06-25T14:30:00Z,
15.88,16.674,2024-06-25T14:30:00Z,2024-06-25T15:00:00Z,
29.11,30.5655,2024-06-25T15:00:00Z,2024-06-25T15:30:00Z,
31.23,32.7915,2024-06-25T15:30:00Z,2024-06-25T16:00:00Z,
30.85,32.3925,2024-06-25T16:00:00Z,2024-06-25T16:30:00Z,
32.59,34.2195,2024-06-25T16:30:00Z,2024-06-25T17:00:00Z,
35.24,37.002,2024-06-25T17:00:00Z,2024-06-25T17:30:00Z,
34.99,36.7395,2024-06-25T17:30:00Z,2024-06-25T18:00:00Z,
24.28,25.494,2024-06-25T18:00:00Z,2024-06-25T18:30:00Z,
23.65,24.8325,2024-06-25T18:30:00Z,2024-06-25T19:00:00Z,
22.18,23.289,2024-06-25T19:00:00Z,2024-06-25T19:30:00Z,
21.23,22.2915,2024-06-25T19:30:00Z,2024-06-25T20:00:00Z,
19.89,20.8845,2024-06-25T20:00:00Z,2024-06-25T20:30:00Z,
18.9,19.845,2024-06-25T20:30:00Z,2024-06-25T21:00:00Z,
17.85,18.7425,2024-06-25T21:00:00Z,2024-06-25T21:30:00Z,
15.73,16.5165,2024-06-25T21:30:00Z,2024-06-25T22:00:00Z,
18.69,19.6245,2024-06-25T22:00:00Z,2024-06-25T22:30:00Z,
18.9,19.845,2024-06-25T22:30:00Z,2024-06-25T23:00:00Z,
17.22,18.081,2024-06-25T23:00:00Z,2024-06-25T23:30:00Z,
16.79,17.6295,2024-06-25T23:30:00Z,2024-06-26T00:00:00Z,
16.43,17.2515,2024-06-26T00:00:00Z,2024-06-26T00:30:00Z,
16.75,17.5875,2024-06-26T00:30:00Z,2024-06-26T01:00:00Z,
17.18,18.039,2024-06-26T01:00:00Z,2024-06-26T01:30:00Z,
15.96,16.758,2024-06-26T01:30:00Z,2024-06-26T02:00:00Z,
16.8,17.64,2024-06-26T02:00:00Z,2024-06-26T02:30:00Z,
15.96,16.758,2024-06-26T02:30:00Z,2024-06-26T03:00:00Z,
17.35,18.2175,2024-06-26T03:00:00Z,2024-06-26T03:30:00Z,
15.79,16.5795,2024-06-26T03:30:00Z,2024-06-26T04:00:00Z,
17.81,18.7005,2024-06-26T04:00:00Z,2024-06-26T04:30:00Z,
18.48,19.404,2024-06-26T04:30:00Z,2024-06-26T05:00:00Z,
20.37,21.3885,2024-06-26T05:00:00Z,2024-06-26T05:30:00Z,
22.87,24.0135,2024-06-26T05:30:00Z,2024-06-26T06:00:00Z,
20.16,21.168,2024-06-26T06:00:00Z,2024-06-26T06:30:00Z,
22.51,23.6355,2024-06-26T06:30:00Z,2024-06-26T07:00:00Z,
19.95,20.9475,2024-06-26T07:00:00Z,2024-06-26T07:30:00Z,
19.32,20.286,2024-06-26T07:30:00Z,2024-06-26T08:00:00Z,
18.48,19.404,2024-06-26T08:00:00Z,2024-06-26T08:30:00Z,
16.9,17.745,2024-06-26T08:30:00Z,2024-06-26T09:00:00Z,
16.19,16.9995,2024-06-26T09:00:00Z,2024-06-26T09:30:00Z,
15.54,16.317,2024-06-26T09:30:00Z,2024-06-26T10:00:00Z,
15.12,15.876,2024-06-26T10:00:00Z,2024-06-26T10:30:00Z,
14.37,15.0885,2024-06-26T10:30:00Z,2024-06-26T11:00:00Z,
14.76,15.498,2024-06-26T11:00:00Z,2024-06-26T11:30:00Z,
13.76,14.448,2024-06-26T11:30:00Z,2024-06-26T12:00:00Z,
14.28,14.994,2024-06-26T12:00:00Z,2024-06-26T12:30:00Z,
13.91,14.6055,2024-06-26T12:30:00Z,2024-06-26T13:00:00Z,
14.44,15.162,2024-06-26T13:00:00Z,2024-06-26T13:30:00Z,
13.96,14.658,2024-06-26T13:30:00Z,2024-06-26T14:00:00Z,
14.18,14.889,2024-06-26T14:00:00Z,2024-06-26T14:30:00Z,
14.62,15.351,2024-06-26T14:30:00Z,2024-06-26T15:00:00Z,
28.75,30.1875,2024-06-26T15:00:00Z,2024-06-26T15:30:00Z,
29.93,31.4265,2024-06-26T15:30:00Z,2024-06-26T16:00:00Z,
31.16,32.718,2024-06-26T16:00:00Z,2024-06-26T16:30:00Z,
31.38,32.949,2024-06-26T16:30:00Z,2024-06-26T17:00:00Z,
35.58,37.359,2024-06-26T17:00:00Z,2024-06-26T17:30:00Z,
35.47,37.2435,2024-06-26T17:30:00Z,2024-06-26T18:00:00Z,
24.02,25.221,2024-06-26T18:00:00Z,2024-06-26T18:30:00Z,
23.1,24.255,2024-06-26T18:30:00Z,2024-06-26T19:00:00Z,
22.68,23.814,2024-06-26T19:00:00Z,2024-06-26T19:30:00Z,
20.92,21.966,2024-06-26T19:30:00Z,2024-06-26T20:00:00Z,
20.53,21.5565,2024-06-26T20:00:00Z,2024-06-26T20:30:00Z,
18.96,19.908,2024-06-26T20:30:00Z,2024-06-26T21:00:00Z,
19.15,20.1075,2024-06-26T21:00:00Z,2024-06-26T21:30:00Z,
15.28,16.044,2024-06-26T21:30:00Z,2024-06-26T22:00:00Z,
16.76,17.598,2024-06-26T22:00:00Z,2024-06-26T22:30:00Z,
17.92,18.816,2024-06-26T22:30:00Z,2024-06-26T23:00:00Z,
15.96,16.758,2024-06-26T23:00:00Z,2024-06-26T23:30:00Z,
16.55,17.3775,2024-06-26T23:30:00Z,2024-06-27T00:00:00Z,
14.74,15.477,2024-06-27T00:00:00Z,2024-06-27T00:30:00Z,
14.49,15.2145,2024-06-27T00:30:00Z,2024-06-27T01:00:00Z,
13.42,14.091,2024-06-27T01:00:00Z,2024-06-27T01:30:00Z,
11.78,12.369,2024-06-27T01:30:00Z,2024-06-27T02:00:00Z,
11.86,12.453,2024-06-27T02:00:00Z,2024-06-27T02:30:00Z,
12.26,12.873,2024-06-27T02:30:00Z,2024-06-27T03:00:00Z,
12.81,13.4505,2024-06-27T03:00:00Z,2024-06-27T03:30:00Z,
11.55,12.1275,2024-06-27T03:30:00Z,2024-06-27T04:00:00Z,
11.42,11.991,2024-06-27T04:00:00Z,2024-06-27T04:30:00Z,
13.48,14.154,2024-06-27T04:30:00Z,2024-06-27T05:00:00Z,
18.08,18.984,2024-06-27T05:00:00Z,2024-06-27T05:30:00Z,
20.5,21.525,2024-06-27T05:30:00Z,2024-06-27T06:00:00Z,
18.06,18.963,2024-06-27T06:00:00Z,2024-06-27T06:30:00Z,
20.16,21.168,2024-06-27T06:30:00Z,2024-06-27T07:00:00Z,
16.65,17.4825,2024-06-27T07:00:00Z,2024-06-27T07:30:00Z,
15.33,16.0965,2024-06-27T07:30:00Z,2024-06-27T08:00:00Z,
13.23,13.8915,2024-06-27T08:00:00Z,2024-06-27T08:30:00Z,
10.5,11.025,2024-06-27T08:30:00Z,2024-06-27T09:00:00Z,
9.45,9.9225,2024-06-27T09:00:00Z,2024-06-27T09:30:00Z,
8.4,8.82,2024-06-27T09:30:00Z,2024-06-27T10:00:00Z,
7.17,7.5285,2024-06-27T10:00:00Z,2024-06-27T10:30:00Z,
5.88,6.174,2024-06-27T10:30:00Z,2024-06-27T11:00:00Z,
4.2,4.41,2024-06-27T11:00:00Z,2024-06-27T11:30:00Z,
3.15,3.3075,2024-06-27T11:30:00Z,2024-06-27T12:00:00Z,
2.52,2.646,2024-06-27T12:00:00Z,2024-06-27T12:30:00Z,
1.68,1.764,2024-06-27T12:30:00Z,2024-06-27T13:00:00Z,
2.52,2.646,2024-06-27T13:00:00Z,2024-06-27T13:30:00Z,
1.68,1.764,2024-06-27T13:30:00Z,2024-06-27T14:00:00Z,
1.61,1.6905,2024-06-27T14:00:00Z,2024-06-27T14:30:00Z,
3.46,3.633,2024-06-27T14:30:00Z,2024-06-27T15:00:00Z,
17.83,18.7215,2024-06-27T15:00:00Z,2024-06-27T15:30:00Z,
21.4,22.47,2024-06-27T15:30:00Z,2024-06-27T16:00:00Z,
23.42,24.591,2024-06-27T16:00:00Z,2024-06-27T16:30:00Z,
25.28,26.544,2024-06-27T16:30:00Z,2024-06-27T17:00:00Z,
27.54,28.917,2024-06-27T17:00:00Z,2024-06-27T17:30:00Z,
27.89,29.2845,2024-06-27T17:30:00Z,2024-06-27T18:00:00Z,
17.47,18.3435,2024-06-27T18:00:00Z,2024-06-27T18:30:00Z,
17.22,18.081,2024-06-27T18:30:00Z,2024-06-27T19:00:00Z,
17.64,18.522,2024-06-27T19:00:00Z,2024-06-27T19:30:00Z,
15.96,16.758,2024-06-27T19:30:00Z,2024-06-27T20:00:00Z,
16.84,17.682,2024-06-27T20:00:00Z,2024-06-27T20:30:00Z,
15.75,16.5375,2024-06-27T20:30:00Z,2024-06-27T21:00:00Z,
15.22,15.981,2024-06-27T21:00:00Z,2024-06-27T21:30:00Z,
11.76,12.348,2024-06-27T21:30:00Z,2024-06-27T22:00:00Z,
6.4,6.72,2024-06-27T22:00:00Z,2024-06-27T22:30:00Z,
4.16,4.368,2024-06-27T22:30:00Z,2024-06-27T23:00:00Z,
3.49,3.6645,2024-06-27T23:00:00Z,2024-06-27T23:30:00Z,
1.95,2.0475,2024-06-27T23:30:00Z,2024-06-28T00:00:00Z,
1.16,1.218,2024-06-28T00:00:00Z,2024-06-28T00:30:00Z,
1.47,1.5435,2024-06-28T00:30:00Z,2024-06-28T01:00:00Z,
1.85,1.9425,2024-06-28T01:00:00Z,2024-06-28T01:30:00Z,
1.01,1.0605,2024-06-28T01:30:00Z,2024-06-28T02:00:00Z,
1.24,1.302,2024-06-28T02:00:00Z,2024-06-28T02:30:00Z,
1.07,1.1235,2024-06-28T02:30:00Z,2024-06-28T03:00:00Z,
2.56,2.688,2024-06-28T03:00:00Z,2024-06-28T03:30:00Z,
1.72,1.806,2024-06-28T03:30:00Z,2024-06-28T04:00:00Z,
0.67,0.7035,2024-06-28T04:00:00Z,2024-06-28T04:30:00Z,
2.06,2.163,2024-06-28T04:30:00Z,2024-06-28T05:00:00Z,
3.78,3.969,2024-06-28T05:00:00Z,2024-06-28T05:30:00Z,
8.27,8.6835,2024-06-28T05:30:00Z,2024-06-28T06:00:00Z,
5.25,5.5125,2024-06-28T06:00:00Z,2024-06-28T06:30:00Z,
9.45,9.9225,2024-06-28T06:30:00Z,2024-06-28T07:00:00Z,
4.45,4.6725,2024-06-28T07:00:00Z,2024-06-28T07:30:00Z,
4.54,4.767,2024-06-28T07:30:00Z,2024-06-28T08:00:00Z,
2.1,2.205,2024-06-28T08:00:00Z,2024-06-28T08:30:00Z,
0.9,0.945,2024-06-28T08:30:00Z,2024-06-28T09:00:00Z,
0.21,0.2205,2024-06-28T09:00:00Z,2024-06-28T09:30:00Z,
1.05,1.1025,2024-06-28T09:30:00Z,2024-06-28T10:00:00Z,
0.0,0.0,2024-06-28T10:00:00Z,2024-06-28T10:30:00Z,
0.13,0.1365,2024-06-28T10:30:00Z,2024-06-28T11:00:00Z,
0.21,0.2205,2024-06-28T11:00:00Z,2024-06-28T11:30:00Z,
0.42,0.441,2024-06-28T11:30:00Z,2024-06-28T12:00:00Z,
0.04,0.042,2024-06-28T12:00:00Z,2024-06-28T12:30:00Z,
0.0,0.0,2024-06-28T12:30:00Z,2024-06-28T13:00:00Z,
0.44,0.462,2024-06-28T13:00:00Z,2024-06-28T13:30:00Z,
-1.05,-1.1025,2024-06-28T13:30:00Z,2024-06-28T14:00:00Z,
-2.7,-2.835,2024-06-28T14:00:00Z,2024-06-28T14:30:00Z,
0.94,0.987,2024-06-28T14:30:00Z,2024-06-28T15:00:00Z,
12.8,13.44,2024-06-28T15:00:00Z,2024-06-28T15:30:00Z,
17.81,18.7005,2024-06-28T15:30:00Z,2024-06-28T16:00:00Z,
19.51,20.4855,2024-06-28T16:00:00Z,2024-06-28T16:30:00Z,
22.5,23.625,2024-06-28T16:30:00Z,2024-06-28T17:00:00Z,
27.04,28.392,2024-06-28T17:00:00Z,2024-06-28T17:30:00Z,
28.75,30.1875,2024-06-28T17:30:00Z,2024-06-28T18:00:00Z,
17.3,18.165,2024-06-28T18:00:00Z,2024-06-28T18:30:00Z,
18.11,19.0155,2024-06-28T18:30:00Z,2024-06-28T19:00:00Z,
19.51,20.4855,2024-06-28T19:00:00Z,2024-06-28T19:30:00Z,
19.82,20.811,2024-06-28T19:30:00Z,2024-06-28T20:00:00Z,
20.37,21.3885,2024-06-28T20:00:00Z,2024-06-28T20:30:00Z,
20.37,21.3885,2024-06-28T20:30:00Z,2024-06-28T21:00:00Z,
20.37,21.3885,2024-06-28T21:00:00Z,2024-06-28T21:30:00Z,
18.9,19.845,2024-06-28T21:30:00Z,2024-06-28T22:00:00Z,
18.9,19.845,2024-06-28T22:00:00Z,2024-06-28T22:30:00Z,
19.64,20.622,2024-06-28T22:30:00Z,2024-06-28T23:00:00Z,
19.15,20.1075,2024-06-28T23:00:00Z,2024-06-28T23:30:00Z,
19.95,20.9475,2024-06-28T23:30:00Z,2024-06-29T00:00:00Z,
19.32,20.286,2024-06-29T00:00:00Z,2024-06-29T00:30:00Z,
19.6,20.58,2024-06-29T00:30:00Z,2024-06-29T01:00:00Z,
17.6,18.48,2024-06-29T01:00:00Z,2024-06-29T01:30:00Z,
16.38,17.199,2024-06-29T01:30:00Z,2024-06-29T02:00:00Z,
17.43,18.3015,2024-06-29T02:00:00Z,2024-06-29T02:30:00Z,
16.8,17.64,2024-06-29T02:30:00Z,2024-06-29T03:00:00Z,
17.26,18.123,2024-06-29T03:00:00Z,2024-06-29T03:30:00Z,
15.33,16.0965,2024-06-29T03:30:00Z,2024-06-29T04:00:00Z,
17.14,17.997,2024-06-29T04:00:00Z,2024-06-29T04:30:00Z,
17.43,18.3015,2024-06-29T04:30:00Z,2024-06-29T05:00:00Z,
14.16,14.868,2024-06-29T05:00:00Z,2024-06-29T05:30:00Z,
17.64,18.522,2024-06-29T05:30:00Z,2024-06-29T06:00:00Z,
14.45,15.1725,2024-06-29T06:00:00Z,2024-06-29T06:30:00Z,
15.75,16.5375,2024-06-29T06:30:00Z,2024-06-29T07:00:00Z,
17.43,18.3015,2024-06-29T07:00:00Z,2024-06-29T07:30:00Z,
18.27,19.1835,2024-06-29T07:30:00Z,2024-06-29T08:00:00Z,
18.8,19.74,2024-06-29T08:00:00Z,2024-06-29T08:30:00Z,
18.9,19.845,2024-06-29T08:30:00Z,2024-06-29T09:00:00Z,
18.48,19.404,2024-06-29T09:00:00Z,2024-06-29T09:30:00Z,
16.9,17.745,2024-06-29T09:30:00Z,2024-06-29T10:00:00Z,
16.38,17.199,2024-06-29T10:00:00Z,2024-06-29T10:30:00Z,
15.96,16.758,2024-06-29T10:30:00Z,2024-06-29T11:00:00Z,
14.7,15.435,2024-06-29T11:00:00Z,2024-06-29T11:30:00Z,
14.05,14.7525,2024-06-29T11:30:00Z,2024-06-29T12:00:00Z,
13.44,14.112,2024-06-29T12:00:00Z,2024-06-29T12:30:00Z,
11.55,12.1275,2024-06-29T12:30:00Z,2024-06-29T13:00:00Z,
11.34,11.907,2024-06-29T13:00:00Z,2024-06-29T13:30:00Z,
11.34,11.907,2024-06-29T13:30:00Z,2024-06-29T14:00:00Z,
13.0,13.65,2024-06-29T14:00:00Z,2024-06-29T14:30:00Z,
12.5,13.125,2024-06-29T14:30:00Z,2024-06-29T15:00:00Z,
27.91,29.3055,2024-06-29T15:00:00Z,2024-06-29T15:30:00Z,
27.7,29.085,2024-06-29T15:30:00Z,2024-06-29T16:00:00Z,
29.38,30.849,2024-06-29T16:00:00Z,2024-06-29T16:30:00Z,
30.14,31.647,2024-06-29T16:30:00Z,2024-06-29T17:00:00Z,
33.5,35.175,2024-06-29T17:00:00Z,2024-06-29T17:30:00Z,
33.83,35.5215,2024-06-29T17:30:00Z,2024-06-29T18:00:00Z,
21.63,22.7115,2024-06-29T18:00:00Z,2024-06-29T18:30:00Z,
21.22,22.281,2024-06-29T18:30:00Z,2024-06-29T19:00:00Z,
19.74,20.727,2024-06-29T19:00:00Z,2024-06-29T19:30:00Z,
20.08,21.084,2024-06-29T19:30:00Z,2024-06-29T20:00:00Z,
19.26,20.223,2024-06-29T20:00:00Z,2024-06-29T20:30:00Z,
18.27,19.1835,2024-06-29T20:30:00Z,2024-06-29T21:00:00Z,
17.59,18.4695,2024-06-29T21:00:00Z,2024-06-29T21:30:00Z,
15.96,16.758,2024-06-29T21:30:00Z,2024-06-29T22:00:00Z,
16.59,17.4195,2024-06-29T22:00:00Z,2024-06-29T22:30:00Z,
16.65,17.4825,2024-06-29T22:30:00Z,2024-06-29T23:00:00Z,
16.15,16.9575,2024-06-29T23:00:00Z,2024-06-29T23:30:00Z,
16.38,17.199,2024-06-29T23:30:00Z,2024-06-30T00:00:00Z,
16.36,17.178,2024-06-30T00:00:00Z,2024-06-30T00:30:00Z,
16.17,16.9785,2024-06-30T00:30:00Z,2024-06-30T01:00:00Z,
15.54,16.317,2024-06-30T01:00:00Z,2024-06-30T01:30:00Z,
14.47,15.1935,2024-06-30T01:30:00Z,2024-06-30T02:00:00Z,
13.65,14.3325,2024-06-30T02:00:00Z,2024-06-30T02:30:00Z,
13.02,13.671,2024-06-30T02:30:00Z,2024-06-30T03:00:00Z,
12.73,13.3665,2024-06-30T03:00:00Z,2024-06-30T03:30:00Z,
11.05,11.6025,2024-06-30T03:30:00Z,2024-06-30T04:00:00Z,
9.64,10.122,2024-06-30T04:00:00Z,2024-06-30T04:30:00Z,
9.24,9.702,2024-06-30T04:30:00Z,2024-06-30T05:00:00Z,
8.48,8.904,2024-06-30T05:00:00Z,2024-06-30T05:30:00Z,
9.1,9.555,2024-06-30T05:30:00Z,2024-06-30T06:00:00Z,
8.17,8.5785,2024-06-30T06:00:00Z,2024-06-30T06:30:00Z,
9.1,9.555,2024-06-30T06:30:00Z,2024-06-30T07:00:00Z,
10.92,11.466,2024-06-30T07:00:00Z,2024-06-30T07:30:00Z,
12.18,12.789,2024-06-30T07:30:00Z,2024-06-30T08:00:00Z,
14.86,15.603,2024-06-30T08:00:00Z,2024-06-30T08:30:00Z,
15.75,16.5375,2024-06-30T08:30:00Z,2024-06-30T09:00:00Z,
16.38,17.199,2024-06-30T09:00:00Z,2024-06-30T09:30:00Z,
16.55,17.3775,2024-06-30T09:30:00Z,2024-06-30T10:00:00Z,
16.38,17.199,2024-06-30T10:00:00Z,2024-06-30T10:30:00Z,
16.38,17.199,2024-06-30T10:30:00Z,2024-06-30T11:00:00Z,
17.2,18.06,2024-06-30T11:00:00Z,2024-06-30T11:30:00Z,
16.38,17.199,2024-06-30T11:30:00Z,2024-06-30T12:00:00Z,
16.8,17.64,2024-06-30T12:00:00Z,2024-06-30T12:30:00Z,
16.38,17.199,2024-06-30T12:30:00Z,2024-06-30T13:00:00Z,
16.59,17.4195,2024-06-30T13:00:00Z,2024-06-30T13:30:00Z,
16.38,17.199,2024-06-30T13:30:00Z,2024-06-30T14:00:00Z,
15.98,16.779,2024-06-30T14:00:00Z,2024-06-30T14:30:00Z,
16.38,17.199,2024-06-30T14:30:00Z,2024-06-30T15:00:00Z,
28.83,30.2715,2024-06-30T15:00:00Z,2024-06-30T15:30:00Z,
29.11,30.5655,2024-06-30T15:30:00Z,2024-06-30T16:00:00Z,
30.54,32.067,2024-06-30T16:00:00Z,2024-06-30T16:30:00Z,
30.49,32.0145,2024-06-30T16:30:00Z,2024-06-30T17:00:00Z,
30.22,31.731,2024-06-30T17:00:00Z,2024-06-30T17:30:00Z,
30.96,32.508,2024-06-30T17:30:00Z,2024-06-30T18:00:00Z,
19.74,20.727,2024-06-30T18:00:00Z,2024-06-30T18:30:00Z,
19.05,20.0025,2024-06-30T18:30:00Z,2024-06-30T19:00:00Z,
19.72,20.706,2024-06-30T19:00:00Z,2024-06-30T19:30:00Z,
18.48,19.404,2024-06-30T19:30:00Z,2024-06-30T20:00:00Z,
20.18,21.189,2024-06-30T20:00:00Z,2024-06-30T20:30:00Z,
19.74,20.727,2024-06-30T20:30:00Z,2024-06-30T21:00:00Z,
19.53,20.5065,2024-06-30T21:00:00Z,2024-06-30T21:30:00Z,
17.43,18.3015,2024-06-30T21:30:00Z,2024-06-30T22:00:00Z,
16.59,17.4195,2024-06-30T22:00:00Z,2024-06-30T22:30:00Z,
17.22,18.081,2024-06-30T22:30:00Z,2024-06-30T23:00:00Z,
17.28,18.144,2024-06-30T23:00:00Z,2024-06-30T23:30:00Z,
16.25,17.0625,2024-06-30T23:30:00Z,2024-07-01T00:00:00Z,
14.86,15.603,2024-07-01T00:00:00Z,2024-07-01T00:30:00Z,
14.52,15.246,2024-07-01T00:30:00Z,2024-07-01T01:00:00Z,
14.29,15.0045,2024-07-01T01:00:00Z,2024-07-01T01:30:00Z,
13.86,14.553,2024-07-01T01:30:00Z,2024-07-01T02:00:00Z,
14.64,15.372,2024-07-01T02:00:00Z,2024-07-01T02:30:00Z,
14.18,14.889,2024-07-01T02:30:00Z,2024-07-01T03:00:00Z,
14.11,14.8155,2024-07-01T03:00:00Z,2024-07-01T03:30:00Z,
13.65,14.3325,2024-07-01T03:30:00Z,2024-07-01T04:00:00Z,
15.75,16.5375,2024-07-01T04:00:00Z,2024-07-01T04:30:00Z,
16.91,17.7555,2024-07-01T04:30:00Z,2024-07-01T05:00:00Z,
16.8,17.64,2024-07-01T05:00:00Z,2024-07-01T05:30:00Z,
18.69,19.6245,2024-07-01T05:30:00Z,2024-07-01T06:00:00Z,
18.9,19.845,2024-07-01T06:00:00Z,2024-07-01T06:30:00Z,
20.39,21.4095,2024-07-01T06:30:00Z,2024-07-01T07:00:00Z,
19.07,20.0235,2024-07-01T07:00:00Z,2024-07-01T07:30:00Z,
19.03,19.9815,2024-07-01T07:30:00Z,2024-07-01T08:00:00Z,
18.98,19.929,2024-07-01T08:00:00Z,2024-07-01T08:30:00Z,
18.77,19.7085,2024-07-01T08:30:00Z,2024-07-01T09:00:00Z,
18.27,19.1835,2024-07-01T09:00:00Z,2024-07-01T09:30:00Z,
16.97,17.8185,2024-07-01T09:30:00Z,2024-07-01T10:00:00Z,
18.31,19.2255,2024-07-01T10:00:00Z,2024-07-01T10:30:00Z,
18.0,18.9,2024-07-01T10:30:00Z,2024-07-01T11:00:00Z,
18.09,18.9945,2024-07-01T11:00:00Z,2024-07-01T11:30:00Z,
17.22,18.081,2024-07-01T11:30:00Z,2024-07-01T12:00:00Z,
15.54,16.317,2024-07-01T12:00:00Z,2024-07-01T12:30:00Z,
15.33,16.0965,2024-07-01T12:30:00Z,2024-07-01T13:00:00Z,
15.04,15.792,2024-07-01T13:00:00Z,2024-07-01T13:30:00Z,
14.7,15.435,2024-07-01T13:30:00Z,2024-07-01T14:00:00Z,
13.5,14.175,2024-07-01T14:00:00Z,2024-07-01T14:30:00Z,
14.07,14.7735,2024-07-01T14:30:00Z,2024-07-01T15:00:00Z,
27.22,28.581,2024-07-01T15:00:00Z,2024-07-01T15:30:00Z,
28.58,30.009,2024-07-01T15:30:00Z,2024-07-01T16:00:00Z,
28.37,29.7885,2024-07-01T16:00:00Z,2024-07-01T16:30:00Z,
29.32,30.786,2024-07-01T16:30:00Z,2024-07-01T17:00:00Z,
31.53,33.1065,2024-07-01T17:00:00Z,2024-07-01T17:30:00Z,
31.45,33.0225,2024-07-01T17:30:00Z,2024-07-01T18:00:00Z,
19.53,20.5065,2024-07-01T18:00:00Z,2024-07-01T18:30:00Z,
18.92,19.866,2024-07-01T18:30:00Z,2024-07-01T19:00:00Z,
19.53,20.5065,2024-07-01T19:00:00Z,2024-07-01T19:30:00Z,
18.14,19.047,2024-07-01T19:30:00Z,2024-07-01T20:00:00Z,
18.15,19.0575,2024-07-01T20:00:00Z,2024-07-01T20:30:00Z,
17.26,18.123,2024-07-01T20:30:00Z,2024-07-01T21:00:00Z,
17.85,18.7425,2024-07-01T21:00:00Z,2024-07-01T21:30:00Z,
15.39,16.1595,2024-07-01T21:30:00Z,2024-07-01T22:00:00Z,
14.83,15.5715,2024-07-01T22:00:00Z,2024-07-01T22:30:00Z,
10.68,11.214,2024-07-01T22:30:00Z,2024-07-01T23:00:00Z,
10.44,10.962,2024-07-01T23:00:00Z,2024-07-01T23:30:00Z,
9.45,9.9225,2024-07-01T23:30:00Z,2024-07-02T00:00:00Z,
9.09,9.5445,2024-07-02T00:00:00Z,2024-07-02T00:30:00Z,
9.45,9.9225,2024-07-02T00:30:00Z,2024-07-02T01:00:00Z,
9.24,9.702,2024-07-02T01:00:00Z,2024-07-02T01:30:00Z,
9.14,9.597,2024-07-02T01:30:00Z,2024-07-02T02:00:00Z,
9.45,9.9225,2024-07-02T02:00:00Z,2024-07-02T02:30:00Z,
9.24,9.702,2024-07-02T02:30:00Z,2024-07-02T03:00:00Z,
9.76,10.248,2024-07-02T03:00:00Z,2024-07-02T03:30:00Z,
9.56,10.038,2024-07-02T03:30:00Z,2024-07-02T04:00:00Z,
10.68,11.214,2024-07-02T04:00:00Z,2024-07-02T04:30:00Z,
11.34,11.907,2024-07-02T04:30:00Z,2024-07-02T05:00:00Z,
12.85,13.4925,2024-07-02T05:00:00Z,2024-07-02T05:30:00Z,
15.54,16.317,2024-07-02T05:30:00Z,2024-07-02T06:00:00Z,
14.62,15.351,2024-07-02T06:00:00Z,2024-07-02T06:30:00Z,
17.43,18.3015,2024-07-02T06:30:00Z,2024-07-02T07:00:00Z,
17.14,17.997,2024-07-02T07:00:00Z,2024-07-02T07:30:00Z,
16.78,17.619,2024-07-02T07:30:00Z,2024-07-02T08:00:00Z,
16.96,17.808,2024-07-02T08:00:00Z,2024-07-02T08:30:00Z,
16.67,17.5035,2024-07-02T08:30:00Z,2024-07-02T09:00:00Z,
16.48,17.304,2024-07-02T09:00:00Z,2024-07-02T09:30:00Z,
16.55,17.3775,2024-07-02T09:30:00Z,2024-07-02T10:00:00Z,
17.14,17.997,2024-07-02T10:00:00Z,2024-07-02T10:30:00Z,
17.01,17.8605,2024-07-02T10:30:00Z,2024-07-02T11:00:00Z,
16.8,17.64,2024-07-02T11:00:00Z,2024-07-02T11:30:00Z,
16.19,16.9995,2024-07-02T11:30:00Z,2024-07-02T12:00:00Z,
17.2,18.06,2024-07-02T12:00:00Z,2024-07-02T12:30:00Z,
16.3,17.115,2024-07-02T12:30:00Z,2024-07-02T13:00:00Z,
16.06,16.863,2024-07-02T13:00:00Z,2024-07-02T13:30:00Z,
15.04,15.792,2024-07-02T13:30:00Z,2024-07-02T14:00:00Z,
15.44,16.212,2024-07-02T14:00:00Z,2024-07-02T14:30:00Z,
16.28,17.094,2024-07-02T14:30:00Z,2024-07-02T15:00:00Z,
30.48,32.004,2024-07-02T15:00:00Z,2024-07-02T15:30:00Z,
30.85,32.3925,2024-07-02T15:30:00Z,2024-07-02T16:00:00Z,
30.85,32.3925,2024-07-02T16:00:00Z,2024-07-02T16:30:00Z,
34.0,35.7,2024-07-02T16:30:00Z,2024-07-02T17:00:00Z,
34.0,35.7,2024-07-02T17:00:00Z,2024-07-02T17:30:00Z,
34.0,35.7,2024-07-02T17:30:00Z,2024-07-02T18:00:00Z,
20.68,21.714,2024-07-02T18:00:00Z,2024-07-02T18:30:00Z,
20.06,21.063,2024-07-02T18:30:00Z,2024-07-02T19:00:00Z,
20.37,21.3885,2024-07-02T19:00:00Z,2024-07-02T19:30:00Z,
18.9,19.845,2024-07-02T19:30:00Z,2024-07-02T20:00:00Z,
19.72,20.706,2024-07-02T20:00:00Z,2024-07-02T20:30:00Z,
17.64,18.522,2024-07-02T20:30:00Z,2024-07-02T21:00:00Z,
16.8,17.64,2024-07-02T21:00:00Z,2024-07-02T21:30:00Z,
14.7,15.435,2024-07-02T21:30:00Z,2024-07-02T22:00:00Z,
17.64,18.522,2024-07-02T22:00:00Z,2024-07-02T22:30:00Z,
17.49,18.3645,2024-07-02T22:30:00Z,2024-07-02T23:00:00Z,
17.51,18.3855,2024-07-02T23:00:00Z,2024-07-02T23:30:00Z,
17.23,18.0915,2024-07-02T23:30:00Z,2024-07-03T00:00:00Z,
13.73,14.4165,2024-07-03T00:00:00Z,2024-07-03T00:30:00Z,
13.78,14.469,2024-07-03T00:30:00Z,2024-07-03T01:00:00Z,
12.43,13.0515,2024-07-03T01:00:00Z,2024-07-03T01:30:00Z,
11.36,11.928,2024-07-03T01:30:00Z,2024-07-03T02:00:00Z,
10.42,10.941,2024-07-03T02:00:00Z,2024-07-03T02:30:00Z,
10.16,10.668,2024-07-03T02:30:00Z,2024-07-03T03:00:00Z,
10.14,10.647,2024-07-03T03:00:00Z,2024-07-03T03:30:00Z,
9.63,10.1115,2024-07-03T03:30:00Z,2024-07-03T04:00:00Z,
12.39,13.0095,2024-07-03T04:00:00Z,2024-07-03T04:30:00Z,
12.6,13.23,2024-07-03T04:30:00Z,2024-07-03T05:00:00Z,
16.15,16.9575,2024-07-03T05:00:00Z,2024-07-03T05:30:00Z,
17.81,18.7005,2024-07-03T05:30:00Z,2024-07-03T06:00:00Z,
17.85,18.7425,2024-07-03T06:00:00Z,2024-07-03T06:30:00Z,
19.82,20.811,2024-07-03T06:30:00Z,2024-07-03T07:00:00Z,
19.38,20.349,2024-07-03T07:00:00Z,2024-07-03T07:30:00Z,
18.75,19.6875,2024-07-03T07:30:00Z,2024-07-03T08:00:00Z,
17.7,18.585,2024-07-03T08:00:00Z,2024-07-03T08:30:00Z,
17.68,18.564,2024-07-03T08:30:00Z,2024-07-03T09:00:00Z,
16.38,17.199,2024-07-03T09:00:00Z,2024-07-03T09:30:00Z,
15.64,16.422,2024-07-03T09:30:00Z,2024-07-03T10:00:00Z,
15.33,16.0965,2024-07-03T10:00:00Z,2024-07-03T10:30:00Z,
14.91,15.6555,2024-07-03T10:30:00Z,2024-07-03T11:00:00Z,
13.86,14.553,2024-07-03T11:00:00Z,2024-07-03T11:30:00Z,
13.96,14.658,2024-07-03T11:30:00Z,2024-07-03T12:00:00Z,
13.44,14.112,2024-07-03T12:00:00Z,2024-07-03T12:30:00Z,
13.52,14.196,2024-07-03T12:30:00Z,2024-07-03T13:00:00Z,
12.6,13.23,2024-07-03T13:00:00Z,2024-07-03T13:30:00Z,
11.55,12.1275,2024-07-03T13:30:00Z,2024-07-03T14:00:00Z,
10.5,11.025,2024-07-03T14:00:00Z,2024-07-03T14:30:00Z,
12.02,12.621,2024-07-03T14:30:00Z,2024-07-03T15:00:00Z,
26.86,28.203,2024-07-03T15:00:00Z,2024-07-03T15:30:00Z,
28.54,29.967,2024-07-03T15:30:00Z,2024-07-03T16:00:00Z,
28.63,30.0615,2024-07-03T16:00:00Z,2024-07-03T16:30:00Z,
29.48,30.954,2024-07-03T16:30:00Z,2024-07-03T17:00:00Z,
29.76,31.248,2024-07-03T17:00:00Z,2024-07-03T17:30:00Z,
28.98,30.429,2024-07-03T17:30:00Z,2024-07-03T18:00:00Z,
16.59,17.4195,2024-07-03T18:00:00Z,2024-07-03T18:30:00Z,
15.75,16.5375,2024-07-03T18:30:00Z,2024-07-03T19:00:00Z,
14.7,15.435,2024-07-03T19:00:00Z,2024-07-03T19:30:00Z,
12.81,13.4505,2024-07-03T19:30:00Z,2024-07-03T20:00:00Z,
12.48,13.104,2024-07-03T20:00:00Z,2024-07-03T20:30:00Z,
8.42,8.841,2024-07-03T20:30:00Z,2024-07-03T21:00:00Z,
7.81,8.2005,2024-07-03T21:00:00Z,2024-07-03T21:30:00Z,
2.42,2.541,2024-07-03T21:30:00Z,2024-07-03T22:00:00Z,
5.76,6.048,2024-07-03T22:00:00Z,2024-07-03T22:30:00Z,
0.25,0.2625,2024-07-03T22:30:00Z,2024-07-03T23:00:00Z,
1.71,1.7955,2024-07-03T23:00:00Z,2024-07-03T23:30:00Z,
0.9,0.945,2024-07-03T23:30:00Z,2024-07-04T00:00:00Z,
-0.42,-0.441,2024-07-04T00:00:00Z,2024-07-04T00:30:00Z,
-0.55,-0.5775,2024-07-04T00:30:00Z,2024-07-04T01:00:00Z,
0.03,0.0315,2024-07-04T01:00:00Z,2024-07-04T01:30:00Z,
-0.17,-0.1785,2024-07-04T01:30:00Z,2024-07-04T02:00:00Z,
-0.21,-0.2205,2024-07-04T02:00:00Z,2024-07-04T02:30:00Z,
-0.21,-0.2205,2024-07-04T02:30:00Z,2024-07-04T03:00:00Z,
0.63,0.6615,2024-07-04T03:00:00Z,2024-07-04T03:30:00Z,
0.63,0.6615,2024-07-04T03:30:00Z,2024-07-04T04:00:00Z,
0.29,0.3045,2024-07-04T04:00:00Z,2024-07-04T04:30:00Z,
1.09,1.1445,2024-07-04T04:30:00Z,2024-07-04T05:00:00Z,
1.86,1.953,2024-07-04T05:00:00Z,2024-07-04T05:30:00Z,
6.51,6.8355,2024-07-04T05:30:00Z,2024-07-04T06:00:00Z,
4.2,4.41,2024-07-04T06:00:00Z,2024-07-04T06:30:00Z,
6.76,7.098,2024-07-04T06:30:00Z,2024-07-04T07:00:00Z,
2.69,2.8245,2024-07-04T07:00:00Z,2024-07-04T07:30:00Z,
1.43,1.5015,2024-07-04T07:30:00Z,2024-07-04T08:00:00Z,
1.24,1.302,2024-07-04T08:00:00Z,2024-07-04T08:30:00Z,
-0.76,-0.798,2024-07-04T08:30:00Z,2024-07-04T09:00:00Z,
-0.76,-0.798,2024-07-04T09:00:00Z,2024-07-04T09:30:00Z,
-0.99,-1.0395,2024-07-04T09:30:00Z,2024-07-04T10:00:00Z,
-0.61,-0.6405,2024-07-04T10:00:00Z,2024-07-04T10:30:00Z,
-1.13,-1.1865,2024-07-04T10:30:00Z,2024-07-04T11:00:00Z,
-1.05,-1.1025,2024-07-04T11:00:00Z,2024-07-04T11:30:00Z,
-1.89,-1.9845,2024-07-04T11:30:00Z,2024-07-04T12:00:00Z,
-1.78,-1.869,2024-07-04T12:00:00Z,2024-07-04T12:30:00Z,
-2.27,-2.3835,2024-07-04T12:30:00Z,2024-07-04T13:00:00Z,
-1.47,-1.5435,2024-07-04T13:00:00Z,2024-07-04T13:30:00Z,
-2.1,-2.205,2024-07-04T13:30:00Z,2024-07-04T14:00:00Z,
-2.0,-2.1,2024-07-04T14:00:00Z,2024-07-04T14:30:00Z,
-0.65,-0.6825,2024-07-04T14:30:00Z,2024-07-04T15:00:00Z,
9.12,9.576,2024-07-04T15:00:00Z,2024-07-04T15:30:00Z,
13.67,14.3535,2024-07-04T15:30:00Z,2024-07-04T16:00:00Z,
13.82,14.511,2024-07-04T16:00:00Z,2024-07-04T16:30:00Z,
16.76,17.598,2024-07-04T16:30:00Z,2024-07-04T17:00:00Z,
19.32,20.286,2024-07-04T17:00:00Z,2024-07-04T17:30:00Z,
19.72,20.706,2024-07-04T17:30:00Z,2024-07-04T18:00:00Z,
8.32,8.736,2024-07-04T18:00:00Z,2024-07-04T18:30:00Z,
8.61,9.0405,2024-07-04T18:30:00Z,2024-07-04T19:00:00Z,
10.25,10.7625,2024-07-04T19:00:00Z,2024-07-04T19:30:00Z,
8.82,9.261,2024-07-04T19:30:00Z,2024-07-04T20:00:00Z,
10.06,10.563,2024-07-04T20:00:00Z,2024-07-04T20:30:00Z,
6.72,7.056,2024-07-04T20:30:00Z,2024-07-04T21:00:00Z,
11.3,11.865,2024-07-04T21:00:00Z,2024-07-04T21:30:00Z,
3.36,3.528,2024-07-04T21:30:00Z,2024-07-04T22:00:00Z,
3.78,3.969,2024-07-04T22:00:00Z,2024-07-04T22:30:00Z,
-1.85,-1.9425,2024-07-04T22:30:00Z,2024-07-04T23:00:00Z,
0.98,1.029,2024-07-04T23:00:00Z,2024-07-04T23:30:00Z,
-1.87,-1.9635,2024-07-04T23:30:00Z,2024-07-05T00:00:00Z,
0.97,1.0185,2024-07-05T00:00:00Z,2024-07-05T00:30:00Z,
1.26,1.323,2024-07-05T00:30:00Z,2024-07-05T01:00:00Z,
1.3,1.365,2024-07-05T01:00:00Z,2024-07-05T01:30:00Z,
1.11,1.1655,2024-07-05T01:30:00Z,2024-07-05T02:00:00Z,
1.36,1.428,2024-07-05T02:00:00Z,2024-07-05T02:30:00Z,
2.25,2.3625,2024-07-05T02:30:00Z,2024-07-05T03:00:00Z,
1.66,1.743,2024-07-05T03:00:00Z,2024-07-05T03:30:00Z,
1.68,1.764,2024-07-05T03:30:00Z,2024-07-05T04:00:00Z,
-1.54,-1.617,2024-07-05T04:00:00Z,2024-07-05T04:30:00Z,
2.1,2.205,2024-07-05T04:30:00Z,2024-07-05T05:00:00Z,
3.36,3.528,2024-07-05T05:00:00Z,2024-07-05T05:30:00Z,
12.6,13.23,2024-07-05T05:30:00Z,2024-07-05T06:00:00Z,
5.98,6.279,2024-07-05T06:00:00Z,2024-07-05T06:30:00Z,
11.55,12.1275,2024-07-05T06:30:00Z,2024-07-05T07:00:00Z,
14.28,14.994,2024-07-05T07:00:00Z,2024-07-05T07:30:00Z,
14.7,15.435,2024-07-05T07:30:00Z,2024-07-05T08:00:00Z,
15.92,16.716,2024-07-05T08:00:00Z,2024-07-05T08:30:00Z,
15.12,15.876,2024-07-05T08:30:00Z,2024-07-05T09:00:00Z,
16.21,17.0205,2024-07-05T09:00:00Z,2024-07-05T09:30:00Z,
16.13,16.9365,2024-07-05T09:30:00Z,2024-07-05T10:00:00Z,
14.78,15.519,2024-07-05T10:00:00Z,2024-07-05T10:30:00Z,
15.41,16.1805,2024-07-05T10:30:00Z,2024-07-05T11:00:00Z,
17.81,18.7005,2024-07-05T11:00:00Z,2024-07-05T11:30:00Z,
17.81,18.7005,2024-07-05T11:30:00Z,2024-07-05T12:00:00Z,
18.27,19.1835,2024-07-05T12:00:00Z,2024-07-05T12:30:00Z,
17.09,17.9445,2024-07-05T12:30:00Z,2024-07-05T13:00:00Z,
17.07,17.9235,2024-07-05T13:00:00Z,2024-07-05T13:30:00Z,
16.42,17.241,2024-07-05T13:30:00Z,2024-07-05T14:00:00Z,
15.83,16.6215,2024-07-05T14:00:00Z,2024-07-05T14:30:00Z,
16.42,17.241,2024-07-05T14:30:00Z,2024-07-05T15:00:00Z,
29.76,31.248,2024-07-05T15:00:00Z,2024-07-05T15:30:00Z,
32.15,33.7575,2024-07-05T15:30:00Z,2024-07-05T16:00:00Z,
32.07,33.6735,2024-07-05T16:00:00Z,2024-07-05T16:30:00Z,
34.17,35.8785,2024-07-05T16:30:00Z,2024-07-05T17:00:00Z,
32.64,34.272,2024-07-05T17:00:00Z,2024-07-05T17:30:00Z,
32.93,34.5765,2024-07-05T17:30:00Z,2024-07-05T18:00:00Z,
20.79,21.8295,2024-07-05T18:00:00Z,2024-07-05T18:30:00Z,
19.97,20.9685,2024-07-05T18:30:00Z,2024-07-05T19:00:00Z,
20.16,21.168,2024-07-05T19:00:00Z,2024-07-05T19:30:00Z,
19.11,20.0655,2024-07-05T19:30:00Z,2024-07-05T20:00:00Z,
19.11,20.0655,2024-07-05T20:00:00Z,2024-07-05T20:30:00Z,
18.52,19.446,2024-07-05T20:30:00Z,2024-07-05T21:00:00Z,
17.76,18.648,2024-07-05T21:00:00Z,2024-07-05T21:30:00Z,
14.7,15.435,2024-07-05T21:30:00Z,2024-07-05T22:00:00Z,
17.01,17.8605,2024-07-05T22:00:00Z,2024-07-05T22:30:00Z,
18.06,18.963,2024-07-05T22:30:00Z,2024-07-05T23:00:00Z,
15.75,16.5375,2024-07-05T23:00:00Z,2024-07-05T23:30:00Z,
15.75,16.5375,2024-07-05T23:30:00Z,2024-07-06T00:00:00Z,
16.88,17.724,2024-07-06T00:00:00Z,2024-07-06T00:30:00Z,
17.35,18.2175,2024-07-06T00:30:00Z,2024-07-06T01:00:00Z,
14.28,14.994,2024-07-06T01:00:00Z,2024-07-06T01:30:00Z,
12.6,13.23,2024-07-06T01:30:00Z,2024-07-06T02:00:00Z,
8.16,8.568,2024-07-06T02:00:00Z,2024-07-06T02:30:00Z,
8.0,8.4,2024-07-06T02:30:00Z,2024-07-06T03:00:00Z,
7.56,7.938,2024-07-06T03:00:00Z,2024-07-06T03:30:00Z,
7.12,7.476,2024-07-06T03:30:00Z,2024-07-06T04:00:00Z,
8.61,9.0405,2024-07-06T04:00:00Z,2024-07-06T04:30:00Z,
8.4,8.82,2024-07-06T04:30:00Z,2024-07-06T05:00:00Z,
12.33,12.9465,2024-07-06T05:00:00Z,2024-07-06T05:30:00Z,
14.15,14.8575,2024-07-06T05:30:00Z,2024-07-06T06:00:00Z,
14.26,14.973,2024-07-06T06:00:00Z,2024-07-06T06:30:00Z,
14.97,15.7185,2024-07-06T06:30:00Z,2024-07-06T07:00:00Z,
16.61,17.4405,2024-07-06T07:00:00Z,2024-07-06T07:30:00Z,
16.38,17.199,2024-07-06T07:30:00Z,2024-07-06T08:00:00Z,
15.54,16.317,2024-07-06T08:00:00Z,2024-07-06T08:30:00Z,
12.5,13.125,2024-07-06T08:30:00Z,2024-07-06T09:00:00Z,
9.87,10.3635,2024-07-06T09:00:00Z,2024-07-06T09:30:00Z,
7.98,8.379,2024-07-06T09:30:00Z,2024-07-06T10:00:00Z,
4.43,4.6515,2024-07-06T10:00:00Z,2024-07-06T10:30:00Z,
3.91,4.1055,2024-07-06T10:30:00Z,2024-07-06T11:00:00Z,
0.02,0.021,2024-07-06T11:00:00Z,2024-07-06T11:30:00Z,
-0.21,-0.2205,2024-07-06T11:30:00Z,2024-07-06T12:00:00Z,
-1.28,-1.344,2024-07-06T12:00:00Z,2024-07-06T12:30:00Z,
-2.1,-2.205,2024-07-06T12:30:00Z,2024-07-06T13:00:00Z,
-3.65,-3.8325,2024-07-06T13:00:00Z,2024-07-06T13:30:00Z,
-3.78,-3.969,2024-07-06T13:30:00Z,2024-07-06T14:00:00Z,
-2.92,-3.066,2024-07-06T14:00:00Z,2024-07-06T14:30:00Z,
-2.1,-2.205,2024-07-06T14:30:00Z,2024-07-06T15:00:00Z,
8.55,8.9775,2024-07-06T15:00:00Z,2024-07-06T15:30:00Z,
12.54,13.167,2024-07-06T15:30:00Z,2024-07-06T16:00:00Z,
11.66,12.243,2024-07-06T16:00:00Z,2024-07-06T16:30:00Z,
15.1,15.855,2024-07-06T16:30:00Z,2024-07-06T17:00:00Z,
17.45,18.3225,2024-07-06T17:00:00Z,2024-07-06T17:30:00Z,
19.51,20.4855,2024-07-06T17:30:00Z,2024-07-06T18:00:00Z,
12.64,13.272,2024-07-06T18:00:00Z,2024-07-06T18:30:00Z,
13.65,14.3325,2024-07-06T18:30:00Z,2024-07-06T19:00:00Z,
15.35,16.1175,2024-07-06T19:00:00Z,2024-07-06T19:30:00Z,
14.7,15.435,2024-07-06T19:30:00Z,2024-07-06T20:00:00Z,
15.71,16.4955,2024-07-06T20:00:00Z,2024-07-06T20:30:00Z,
15.92,16.716,2024-07-06T20:30:00Z,2024-07-06T21:00:00Z,
15.94,16.737,2024-07-06T21:00:00Z,2024-07-06T21:30:00Z,
14.38,15.099,2024-07-06T21:30:00Z,2024-07-06T22:00:00Z,
11.34,11.907,2024-07-06T22:00:00Z,2024-07-06T22:30:00Z,
9.45,9.9225,2024-07-06T22:30:00Z,2024-07-06T23:00:00Z,
7.84,8.232,2024-07-06T23:00:00Z,2024-07-06T23:30:00Z,
7.35,7.7175,2024-07-06T23:30:00Z,2024-07-07T00:00:00Z,
7.14,7.497,2024-07-07T00:00:00Z,2024-07-07T00:30:00Z,
7.73,8.1165,2024-07-07T00:30:00Z,2024-07-07T01:00:00Z,
7.14,7.497,2024-07-07T01:00:00Z,2024-07-07T01:30:00Z,
6.3,6.615,2024-07-07T01:30:00Z,2024-07-07T02:00:00Z,
5.46,5.733,2024-07-07T02:00:00Z,2024-07-07T02:30:00Z,
4.2,4.41,2024-07-07T02:30:00Z,2024-07-07T03:00:00Z,
6.3,6.615,2024-07-07T03:00:00Z,2024-07-07T03:30:00Z,
5.88,6.174,2024-07-07T03:30:00Z,2024-07-07T04:00:00Z,
5.78,6.069,2024-07-07T04:00:00Z,2024-07-07T04:30:00Z,
6.4,6.72,2024-07-07T04:30:00Z,2024-07-07T05:00:00Z,
6.75,7.0875,2024-07-07T05:00:00Z,2024-07-07T05:30:00Z,
9.87,10.3635,2024-07-07T05:30:00Z,2024-07-07T06:00:00Z,
8.82,9.261,2024-07-07T06:00:00Z,2024-07-07T06:30:00Z,
12.7,13.335,2024-07-07T06:30:00Z,2024-07-07T07:00:00Z,
10.6,11.13,2024-07-07T07:00:00Z,2024-07-07T07:30:00Z,
13.02,13.671,2024-07-07T07:30:00Z,2024-07-07T08:00:00Z,
15.96,16.758,2024-07-07T08:00:00Z,2024-07-07T08:30:00Z,
17.22,18.081,2024-07-07T08:30:00Z,2024-07-07T09:00:00Z,
18.61,19.5405,2024-07-07T09:00:00Z,2024-07-07T09:30:00Z,
18.0,18.9,2024-07-07T09:30:00Z,2024-07-07T10:00:00Z,
17.54,18.417,2024-07-07T10:00:00Z,2024-07-07T10:30:00Z,
17.47,18.3435,2024-07-07T10:30:00Z,2024-07-07T11:00:00Z,
18.48,19.404,2024-07-07T11:00:00Z,2024-07-07T11:30:00Z,
17.43,18.3015,2024-07-07T11:30:00Z,2024-07-07T12:00:00Z,
17.77,18.6585,2024-07-07T12:00:00Z,2024-07-07T12:30:00Z,
15.22,15.981,2024-07-07T12:30:00Z,2024-07-07T13:00:00Z,
11.97,12.5685,2024-07-07T13:00:00Z,2024-07-07T13:30:00Z,
12.6,13.23,2024-07-07T13:30:00Z,2024-07-07T14:00:00Z,
13.02,13.671,2024-07-07T14:00:00Z,2024-07-07T14:30:00Z,
14.28,14.994,2024-07-07T14:30:00Z,2024-07-07T15:00:00Z,
27.57,28.9485,2024-07-07T15:00:00Z,2024-07-07T15:30:00Z,
28.75,30.1875,2024-07-07T15:30:00Z,2024-07-07T16:00:00Z,
28.96,30.408,2024-07-07T16:00:00Z,2024-07-07T16:30:00Z,
29.13,30.5865,2024-07-07T16:30:00Z,2024-07-07T17:00:00Z,
29.78,31.269,2024-07-07T17:00:00Z,2024-07-07T17:30:00Z,
29.59,31.0695,2024-07-07T17:30:00Z,2024-07-07T18:00:00Z,
19.42,20.391,2024-07-07T18:00:00Z,2024-07-07T18:30:00Z,
19.82,20.811,2024-07-07T18:30:00Z,2024-07-07T19:00:00Z,
20.08,21.084,2024-07-07T19:00:00Z,2024-07-07T19:30:00Z,
18.63,19.5615,2024-07-07T19:30:00Z,2024-07-07T20:00:00Z,
19.59,20.5695,2024-07-07T20:00:00Z,2024-07-07T20:30:00Z,
18.86,19.803,2024-07-07T20:30:00Z,2024-07-07T21:00:00Z,
18.9,19.845,2024-07-07T21:00:00Z,2024-07-07T21:30:00Z,
16.59,17.4195,2024-07-07T21:30:00Z,2024-07-07T22:00:00Z,
15.12,15.876,2024-07-07T22:00:00Z,2024-07-07T22:30:00Z,
15.35,16.1175,2024-07-07T22:30:00Z,2024-07-07T23:00:00Z,
14.91,15.6555,2024-07-07T23:00:00Z,2024-07-07T23:30:00Z,
15.22,15.981,2024-07-07T23:30:00Z,2024-07-08T00:00:00Z,
14.38,15.099,2024-07-08T00:00:00Z,2024-07-08T00:30:00Z,
14.68,15.414,2024-07-08T00:30:00Z,2024-07-08T01:00:00Z,
14.38,15.099,2024-07-08T01:00:00Z,2024-07-08T01:30:00Z,
14.38,15.099,2024-07-08T01:30:00Z,2024-07-08T02:00:00Z,
14.45,15.1725,2024-07-08T02:00:00Z,2024-07-08T02:30:00Z,
14.38,15.099,2024-07-08T02:30:00Z,2024-07-08T03:00:00Z,
14.49,15.2145,2024-07-08T03:00:00Z,2024-07-08T03:30:00Z,
13.54,14.217,2024-07-08T03:30:00Z,2024-07-08T04:00:00Z,
16.21,17.0205,2024-07-08T04:00:00Z,2024-07-08T04:30:00Z,
15.54,16.317,2024-07-08T04:30:00Z,2024-07-08T05:00:00Z,
17.64,18.522,2024-07-08T05:00:00Z,2024-07-08T05:30:00Z,
17.96,18.858,2024-07-08T05:30:00Z,2024-07-08T06:00:00Z,
17.64,18.522,2024-07-08T06:00:00Z,2024-07-08T06:30:00Z,
19.82,20.811,2024-07-08T06:30:00Z,2024-07-08T07:00:00Z,
18.52,19.446,2024-07-08T07:00:00Z,2024-07-08T07:30:00Z,
17.85,18.7425,2024-07-08T07:30:00Z,2024-07-08T08:00:00Z,
17.25,18.1125,2024-07-08T08:00:00Z,2024-07-08T08:30:00Z,
15.54,16.317,2024-07-08T08:30:00Z,2024-07-08T09:00:00Z,
15.1,15.855,2024-07-08T09:00:00Z,2024-07-08T09:30:00Z,
14.7,15.435,2024-07-08T09:30:00Z,2024-07-08T10:00:00Z,
16.65,17.4825,2024-07-08T10:00:00Z,2024-07-08T10:30:00Z,
16.8,17.64,2024-07-08T10:30:00Z,2024-07-08T11:00:00Z,
17.62,18.501,2024-07-08T11:00:00Z,2024-07-08T11:30:00Z,
17.18,18.039,2024-07-08T11:30:00Z,2024-07-08T12:00:00Z,
16.8,17.64,2024-07-08T12:00:00Z,2024-07-08T12:30:00Z,
15.6,16.38,2024-07-08T12:30:00Z,2024-07-08T13:00:00Z,
15.48,16.254,2024-07-08T13:00:00Z,2024-07-08T13:30:00Z,
14.7,15.435,2024-07-08T13:30:00Z,2024-07-08T14:00:00Z,
14.71,15.4455,2024-07-08T14:00:00Z,2024-07-08T14:30:00Z,
15.75,16.5375,2024-07-08T14:30:00Z,2024-07-08T15:00:00Z,
28.2,29.61,2024-07-08T15:00:00Z,2024-07-08T15:30:00Z,
30.56,32.088,2024-07-08T15:30:00Z,2024-07-08T16:00:00Z,
32.28,33.894,2024-07-08T16:00:00Z,2024-07-08T16:30:00Z,
33.56,35.238,2024-07-08T16:30:00Z,2024-07-08T17:00:00Z,
34.42,36.141,2024-07-08T17:00:00Z,2024-07-08T17:30:00Z,
34.21,35.9205,2024-07-08T17:30:00Z,2024-07-08T18:00:00Z,
23.39,24.5595,2024-07-08T18:00:00Z,2024-07-08T18:30:00Z,
23.56,24.738,2024-07-08T18:30:00Z,2024-07-08T19:00:00Z,
22.26,23.373,2024-07-08T19:00:00Z,2024-07-08T19:30:00Z,
21.0,22.05,2024-07-08T19:30:00Z,2024-07-08T20:00:00Z,
20.65,21.6825,2024-07-08T20:00:00Z,2024-07-08T20:30:00Z,
18.52,19.446,2024-07-08T20:30:00Z,2024-07-08T21:00:00Z,
17.22,18.081,2024-07-08T21:00:00Z,2024-07-08T21:30:00Z,
15.02,15.771,2024-07-08T21:30:00Z,2024-07-08T22:00:00Z,
15.54,16.317,2024-07-08T22:00:00Z,2024-07-08T22:30:00Z,
18.1,19.005,2024-07-08T22:30:00Z,2024-07-08T23:00:00Z,
16.8,17.64,2024-07-08T23:00:00Z,2024-07-08T23:30:00Z,
17.14,17.997,2024-07-08T23:30:00Z,2024-07-09T00:00:00Z,
14.7,15.435,2024-07-09T00:00:00Z,2024-07-09T00:30:00Z,
15.8,16.59,2024-07-09T00:30:00Z,2024-07-09T01:00:00Z,
15.73,16.5165,2024-07-09T01:00:00Z,2024-07-09T01:30:00Z,
14.18,14.889,2024-07-09T01:30:00Z,2024-07-09T02:00:00Z,
14.11,14.8155,2024-07-09T02:00:00Z,2024-07-09T02:30:00Z,
13.65,14.3325,2024-07-09T02:30:00Z,2024-07-09T03:00:00Z,
11.55,12.1275,2024-07-09T03:00:00Z,2024-07-09T03:30:00Z,
10.31,10.8255,2024-07-09T03:30:00Z,2024-07-09T04:00:00Z,
10.5,11.025,2024-07-09T04:00:00Z,2024-07-09T04:30:00Z,
11.01,11.5605,2024-07-09T04:30:00Z,2024-07-09T05:00:00Z,
11.55,12.1275,2024-07-09T05:00:00Z,2024-07-09T05:30:00Z,
14.45,15.1725,2024-07-09T05:30:00Z,2024-07-09T06:00:00Z,
13.67,14.3535,2024-07-09T06:00:00Z,2024-07-09T06:30:00Z,
16.59,17.4195,2024-07-09T06:30:00Z,2024-07-09T07:00:00Z,
14.28,14.994,2024-07-09T07:00:00Z,2024-07-09T07:30:00Z,
14.7,15.435,2024-07-09T07:30:00Z,2024-07-09T08:00:00Z,
16.09,16.8945,2024-07-09T08:00:00Z,2024-07-09T08:30:00Z,
15.69,16.4745,2024-07-09T08:30:00Z,2024-07-09T09:00:00Z,
15.2,15.96,2024-07-09T09:00:00Z,2024-07-09T09:30:00Z,
16.13,16.9365,2024-07-09T09:30:00Z,2024-07-09T10:00:00Z,
16.07,16.8735,2024-07-09T10:00:00Z,2024-07-09T10:30:00Z,
16.59,17.4195,2024-07-09T10:30:00Z,2024-07-09T11:00:00Z,
17.58,18.459,2024-07-09T11:00:00Z,2024-07-09T11:30:00Z,
17.14,17.997,2024-07-09T11:30:00Z,2024-07-09T12:00:00Z,
16.8,17.64,2024-07-09T12:00:00Z,2024-07-09T12:30:00Z,
16.36,17.178,2024-07-09T12:30:00Z,2024-07-09T13:00:00Z,
16.25,17.0625,2024-07-09T13:00:00Z,2024-07-09T13:30:00Z,
15.46,16.233,2024-07-09T13:30:00Z,2024-07-09T14:00:00Z,
14.8,15.54,2024-07-09T14:00:00Z,2024-07-09T14:30:00Z,
14.93,15.6765,2024-07-09T14:30:00Z,2024-07-09T15:00:00Z,
28.04,29.442,2024-07-09T15:00:00Z,2024-07-09T15:30:00Z,
28.37,29.7885,2024-07-09T15:30:00Z,2024-07-09T16:00:00Z,
29.88,31.374,2024-07-09T16:00:00Z,2024-07-09T16:30:00Z,
31.9,33.495,2024-07-09T16:30:00Z,2024-07-09T17:00:00Z,
31.54,33.117,2024-07-09T17:00:00Z,2024-07-09T17:30:00Z,
31.48,33.054,2024-07-09T17:30:00Z,2024-07-09T18:00:00Z,
19.74,20.727,2024-07-09T18:00:00Z,2024-07-09T18:30:00Z,
19.4,20.37,2024-07-09T18:30:00Z,2024-07-09T19:00:00Z,
18.54,19.467,2024-07-09T19:00:00Z,2024-07-09T19:30:00Z,
17.9,18.795,2024-07-09T19:30:00Z,2024-07-09T20:00:00Z,
15.96,16.758,2024-07-09T20:00:00Z,2024-07-09T20:30:00Z,
15.64,16.422,2024-07-09T20:30:00Z,2024-07-09T21:00:00Z,
15.33,16.0965,2024-07-09T21:00:00Z,2024-07-09T21:30:00Z,
13.96,14.658,2024-07-09T21:30:00Z,2024-07-09T22:00:00Z,
14.91,15.6555,2024-07-09T22:00:00Z,2024-07-09T22:30:00Z,
14.91,15.6555,2024-07-09T22:30:00Z,2024-07-09T23:00:00Z,
12.53,13.1565,2024-07-09T23:00:00Z,2024-07-09T23:30:00Z,
12.6,13.23,2024-07-09T23:30:00Z,2024-07-10T00:00:00Z,
10.92,11.466,2024-07-10T00:00:00Z,2024-07-10T00:30:00Z,
10.5,11.025,2024-07-10T00:30:00Z,2024-07-10T01:00:00Z,
10.92,11.466,2024-07-10T01:00:00Z,2024-07-10T01:30:00Z,
9.74,10.227,2024-07-10T01:30:00Z,2024-07-10T02:00:00Z,
9.45,9.9225,2024-07-10T02:00:00Z,2024-07-10T02:30:00Z,
9.24,9.702,2024-07-10T02:30:00Z,2024-07-10T03:00:00Z,
10.25,10.7625,2024-07-10T03:00:00Z,2024-07-10T03:30:00Z,
9.24,9.702,2024-07-10T03:30:00Z,2024-07-10T04:00:00Z,
10.5,11.025,2024-07-10T04:00:00Z,2024-07-10T04:30:00Z,
11.76,12.348,2024-07-10T04:30:00Z,2024-07-10T05:00:00Z,
11.76,12.348,2024-07-10T05:00:00Z,2024-07-10T05:30:00Z,
14.85,15.5925,2024-07-10T05:30:00Z,2024-07-10T06:00:00Z,
16.32,17.136,2024-07-10T06:00:00Z,2024-07-10T06:30:00Z,
18.16,19.068,2024-07-10T06:30:00Z,2024-07-10T07:00:00Z,
18.14,19.047,2024-07-10T07:00:00Z,2024-07-10T07:30:00Z,
18.06,18.963,2024-07-10T07:30:00Z,2024-07-10T08:00:00Z,
18.63,19.5615,2024-07-10T08:00:00Z,2024-07-10T08:30:00Z,
18.06,18.963,2024-07-10T08:30:00Z,2024-07-10T09:00:00Z,
15.12,15.876,2024-07-10T09:00:00Z,2024-07-10T09:30:00Z,
14.61,15.3405,2024-07-10T09:30:00Z,2024-07-10T10:00:00Z,
14.07,14.7735,2024-07-10T10:00:00Z,2024-07-10T10:30:00Z,
14.7,15.435,2024-07-10T10:30:00Z,2024-07-10T11:00:00Z,
13.86,14.553,2024-07-10T11:00:00Z,2024-07-10T11:30:00Z,
12.7,13.335,2024-07-10T11:30:00Z,2024-07-10T12:00:00Z,
11.13,11.6865,2024-07-10T12:00:00Z,2024-07-10T12:30:00Z,
10.29,10.8045,2024-07-10T12:30:00Z,2024-07-10T13:00:00Z,
10.42,10.941,2024-07-10T13:00:00Z,2024-07-10T13:30:00Z,
9.41,9.8805,2024-07-10T13:30:00Z,2024-07-10T14:00:00Z,
10.29,10.8045,2024-07-10T14:00:00Z,2024-07-10T14:30:00Z,
11.0,11.55,2024-07-10T14:30:00Z,2024-07-10T15:00:00Z,
26.1,27.405,2024-07-10T15:00:00Z,2024-07-10T15:30:00Z,
27.16,28.518,2024-07-10T15:30:00Z,2024-07-10T16:00:00Z,
27.57,28.9485,2024-07-10T16:00:00Z,2024-07-10T16:30:00Z,
26.9,28.245,2024-07-10T16:30:00Z,2024-07-10T17:00:00Z,
29.8,31.29,2024-07-10T17:00:00Z,2024-07-10T17:30:00Z,
29.38,30.849,2024-07-10T17:30:00Z,2024-07-10T18:00:00Z,
18.04,18.942,2024-07-10T18:00:00Z,2024-07-10T18:30:00Z,
17.65,18.5325,2024-07-10T18:30:00Z,2024-07-10T19:00:00Z,
18.09,18.9945,2024-07-10T19:00:00Z,2024-07-10T19:30:00Z,
17.03,17.8815,2024-07-10T19:30:00Z,2024-07-10T20:00:00Z,
18.48,19.404,2024-07-10T20:00:00Z,2024-07-10T20:30:00Z,
18.48,19.404,2024-07-10T20:30:00Z,2024-07-10T21:00:00Z,
17.3,18.165,2024-07-10T21:00:00Z,2024-07-10T21:30:00Z,
16.17,16.9785,2024-07-10T21:30:00Z,2024-07-10T22:00:00Z,
16.76,17.598,2024-07-10T22:00:00Z,2024-07-10T22:30:00Z,
16.36,17.178,2024-07-10T22:30:00Z,2024-07-10T23:00:00Z,
14.22,14.931,2024-07-10T23:00:00Z,2024-07-10T23:30:00Z,
13.67,14.3535,2024-07-10T23:30:00Z,2024-07-11T00:00:00Z,
13.23,13.8915,2024-07-11T00:00:00Z,2024-07-11T00:30:00Z,
13.67,14.3535,2024-07-11T00:30:00Z,2024-07-11T01:00:00Z,
13.67,14.3535,2024-07-11T01:00:00Z,2024-07-11T01:30:00Z,
13.44,14.112,2024-07-11T01:30:00Z,2024-07-11T02:00:00Z,
13.03,13.6815,2024-07-11T02:00:00Z,2024-07-11T02:30:00Z,
12.96,13.608,2024-07-11T02:30:00Z,2024-07-11T03:00:00Z,
13.86,14.553,2024-07-11T03:00:00Z,2024-07-11T03:30:00Z,
13.12,13.776,2024-07-11T03:30:00Z,2024-07-11T04:00:00Z,
13.89,14.5845,2024-07-11T04:00:00Z,2024-07-11T04:30:00Z,
13.65,14.3325,2024-07-11T04:30:00Z,2024-07-11T05:00:00Z,
15.72,16.506,2024-07-11T05:00:00Z,2024-07-11T05:30:00Z,
16.84,17.682,2024-07-11T05:30:00Z,2024-07-11T06:00:00Z,
16.34,17.157,2024-07-11T06:00:00Z,2024-07-11T06:30:00Z,
18.9,19.845,2024-07-11T06:30:00Z,2024-07-11T07:00:00Z,
16.34,17.157,2024-07-11T07:00:00Z,2024-07-11T07:30:00Z,
16.55,17.3775,2024-07-11T07:30:00Z,2024-07-11T08:00:00Z,
15.88,16.674,2024-07-11T08:00:00Z,2024-07-11T08:30:00Z,
15.35,16.1175,2024-07-11T08:30:00Z,2024-07-11T09:00:00Z,
13.67,14.3535,2024-07-11T09:00:00Z,2024-07-11T09:30:00Z,
13.23,13.8915,2024-07-11T09:30:00Z,2024-07-11T10:00:00Z,
14.15,14.8575,2024-07-11T10:00:00Z,2024-07-11T10:30:00Z,
15.96,16.758,2024-07-11T10:30:00Z,2024-07-11T11:00:00Z,
14.7,15.435,2024-07-11T11:00:00Z,2024-07-11T11:30:00Z,
14.28,14.994,2024-07-11T11:30:00Z,2024-07-11T12:00:00Z,
13.15,13.8075,2024-07-11T12:00:00Z,2024-07-11T12:30:00Z,
12.75,13.3875,2024-07-11T12:30:00Z,2024-07-11T13:00:00Z,
13.1,13.755,2024-07-11T13:00:00Z,2024-07-11T13:30:00Z,
13.02,13.671,2024-07-11T13:30:00Z,2024-07-11T14:00:00Z,
13.02,13.671,2024-07-11T14:00:00Z,2024-07-11T14:30:00Z,
13.15,13.8075,2024-07-11T14:30:00Z,2024-07-11T15:00:00Z,
26.02,27.321,2024-07-11T15:00:00Z,2024-07-11T15:30:00Z,
27.07,28.4235,2024-07-11T15:30:00Z,2024-07-11T16:00:00Z,
28.75,30.1875,2024-07-11T16:00:00Z,2024-07-11T16:30:00Z,
28.56,29.988,2024-07-11T16:30:00Z,2024-07-11T17:00:00Z,
31.9,33.495,2024-07-11T17:00:00Z,2024-07-11T17:30:00Z,
31.89,33.4845,2024-07-11T17:30:00Z,2024-07-11T18:00:00Z,
19.95,20.9475,2024-07-11T18:00:00Z,2024-07-11T18:30:00Z,
19.32,20.286,2024-07-11T18:30:00Z,2024-07-11T19:00:00Z,
19.8,20.79,2024-07-11T19:00:00Z,2024-07-11T19:30:00Z,
19.79,20.7795,2024-07-11T19:30:00Z,2024-07-11T20:00:00Z,
19.81,20.8005,2024-07-11T20:00:00Z,2024-07-11T20:30:00Z,
18.9,19.845,2024-07-11T20:30:00Z,2024-07-11T21:00:00Z,
17.43,18.3015,2024-07-11T21:00:00Z,2024-07-11T21:30:00Z,
16.21,17.0205,2024-07-11T21:30:00Z,2024-07-11T22:00:00Z,
15.75,16.5375,2024-07-11T22:00:00Z,2024-07-11T22:30:00Z,
16.18,16.989,2024-07-11T22:30:00Z,2024-07-11T23:00:00Z,
15.32,16.086,2024-07-11T23:00:00Z,2024-07-11T23:30:00Z,
15.75,16.5375,2024-07-11T23:30:00Z,2024-07-12T00:00:00Z,
15.5,16.275,2024-07-12T00:00:00Z,2024-07-12T00:30:00Z,
15.29,16.0545,2024-07-12T00:30:00Z,2024-07-12T01:00:00Z,
14.95,15.6975,2024-07-12T01:00:00Z,2024-07-12T01:30:00Z,
13.94,14.637,2024-07-12T01:30:00Z,2024-07-12T02:00:00Z,
13.71,14.3955,2024-07-12T02:00:00Z,2024-07-12T02:30:00Z,
13.44,14.112,2024-07-12T02:30:00Z,2024-07-12T03:00:00Z,
14.05,14.7525,2024-07-12T03:00:00Z,2024-07-12T03:30:00Z,
13.34,14.007,2024-07-12T03:30:00Z,2024-07-12T04:00:00Z,
13.44,14.112,2024-07-12T04:00:00Z,2024-07-12T04:30:00Z,
13.65,14.3325,2024-07-12T04:30:00Z,2024-07-12T05:00:00Z,
14.97,15.7185,2024-07-12T05:00:00Z,2024-07-12T05:30:00Z,
14.49,15.2145,2024-07-12T05:30:00Z,2024-07-12T06:00:00Z,
16.38,17.199,2024-07-12T06:00:00Z,2024-07-12T06:30:00Z,
17.37,18.2385,2024-07-12T06:30:00Z,2024-07-12T07:00:00Z,
17.64,18.522,2024-07-12T07:00:00Z,2024-07-12T07:30:00Z,
18.0,18.9,2024-07-12T07:30:00Z,2024-07-12T08:00:00Z,
17.64,18.522,2024-07-12T08:00:00Z,2024-07-12T08:30:00Z,
16.97,17.8185,2024-07-12T08:30:00Z,2024-07-12T09:00:00Z,
16.67,17.5035,2024-07-12T09:00:00Z,2024-07-12T09:30:00Z,
16.86,17.703,2024-07-12T09:30:00Z,2024-07-12T10:00:00Z,
16.13,16.9365,2024-07-12T10:00:00Z,2024-07-12T10:30:00Z,
16.52,17.346,2024-07-12T10:30:00Z,2024-07-12T11:00:00Z,
15.54,16.317,2024-07-12T11:00:00Z,2024-07-12T11:30:00Z,
15.1,15.855,2024-07-12T11:30:00Z,2024-07-12T12:00:00Z,
13.63,14.3115,2024-07-12T12:00:00Z,2024-07-12T12:30:00Z,
13.46,14.133,2024-07-12T12:30:00Z,2024-07-12T13:00:00Z,
13.64,14.322,2024-07-12T13:00:00Z,2024-07-12T13:30:00Z,
12.62,13.251,2024-07-12T13:30:00Z,2024-07-12T14:00:00Z,
13.02,13.671,2024-07-12T14:00:00Z,2024-07-12T14:30:00Z,
13.02,13.671,2024-07-12T14:30:00Z,2024-07-12T15:00:00Z,
25.52,26.796,2024-07-12T15:00:00Z,2024-07-12T15:30:00Z,
26.44,27.762,2024-07-12T15:30:00Z,2024-07-12T16:00:00Z,
28.33,29.7465,2024-07-12T16:00:00Z,2024-07-12T16:30:00Z,
28.96,30.408,2024-07-12T16:30:00Z,2024-07-12T17:00:00Z,
29.42,30.891,2024-07-12T17:00:00Z,2024-07-12T17:30:00Z,
30.03,31.5315,2024-07-12T17:30:00Z,2024-07-12T18:00:00Z,
17.03,17.8815,2024-07-12T18:00:00Z,2024-07-12T18:30:00Z,
16.7,17.535,2024-07-12T18:30:00Z,2024-07-12T19:00:00Z,
16.95,17.7975,2024-07-12T19:00:00Z,2024-07-12T19:30:00Z,
17.07,17.9235,2024-07-12T19:30:00Z,2024-07-12T20:00:00Z,
16.59,17.4195,2024-07-12T20:00:00Z,2024-07-12T20:30:00Z,
16.09,16.8945,2024-07-12T20:30:00Z,2024-07-12T21:00:00Z,
15.6,16.38,2024-07-12T21:00:00Z,2024-07-12T21:30:00Z,
13.71,14.3955,2024-07-12T21:30:00Z,2024-07-12T22:00:00Z,
15.96,16.758,2024-07-12T22:00:00Z,2024-07-12T22:30:00Z,
17.14,17.997,2024-07-12T22:30:00Z,2024-07-12T23:00:00Z,
15.96,16.758,2024-07-12T23:00:00Z,2024-07-12T23:30:00Z,
16.8,17.64,2024-07-12T23:30:00Z,2024-07-13T00:00:00Z,
15.46,16.233,2024-07-13T00:00:00Z,2024-07-13T00:30:00Z,
13.96,14.658,2024-07-13T00:30:00Z,2024-07-13T01:00:00Z,
13.86,14.553,2024-07-13T01:00:00Z,2024-07-13T01:30:00Z,
11.72,12.306,2024-07-13T01:30:00Z,2024-07-13T02:00:00Z,
12.6,13.23,2024-07-13T02:00:00Z,2024-07-13T02:30:00Z,
11.13,11.6865,2024-07-13T02:30:00Z,2024-07-13T03:00:00Z,
13.02,13.671,2024-07-13T03:00:00Z,2024-07-13T03:30:00Z,
11.15,11.7075,2024-07-13T03:30:00Z,2024-07-13T04:00:00Z,
11.76,12.348,2024-07-13T04:00:00Z,2024-07-13T04:30:00Z,
12.6,13.23,2024-07-13T04:30:00Z,2024-07-13T05:00:00Z,
12.47,13.0935,2024-07-13T05:00:00Z,2024-07-13T05:30:00Z,
12.26,12.873,2024-07-13T05:30:00Z,2024-07-13T06:00:00Z,
13.46,14.133,2024-07-13T06:00:00Z,2024-07-13T06:30:00Z,
15.33,16.0965,2024-07-13T06:30:00Z,2024-07-13T07:00:00Z,
15.33,16.0965,2024-07-13T07:00:00Z,2024-07-13T07:30:00Z,
15.33,16.0965,2024-07-13T07:30:00Z,2024-07-13T08:00:00Z,
17.22,18.081,2024-07-13T08:00:00Z,2024-07-13T08:30:00Z,
14.07,14.7735,2024-07-13T08:30:00Z,2024-07-13T09:00:00Z,
16.65,17.4825,2024-07-13T09:00:00Z,2024-07-13T09:30:00Z,
16.8,17.64,2024-07-13T09:30:00Z,2024-07-13T10:00:00Z,
16.87,17.7135,2024-07-13T10:00:00Z,2024-07-13T10:30:00Z,
17.16,18.018,2024-07-13T10:30:00Z,2024-07-13T11:00:00Z,
17.22,18.081,2024-07-13T11:00:00Z,2024-07-13T11:30:00Z,
16.46,17.283,2024-07-13T11:30:00Z,2024-07-13T12:00:00Z,
13.96,14.658,2024-07-13T12:00:00Z,2024-07-13T12:30:00Z,
13.21,13.8705,2024-07-13T12:30:00Z,2024-07-13T13:00:00Z,
13.18,13.839,2024-07-13T13:00:00Z,2024-07-13T13:30:00Z,
13.25,13.9125,2024-07-13T13:30:00Z,2024-07-13T14:00:00Z,
12.6,13.23,2024-07-13T14:00:00Z,2024-07-13T14:30:00Z,
13.1,13.755,2024-07-13T14:30:00Z,2024-07-13T15:00:00Z,
24.76,25.998,2024-07-13T15:00:00Z,2024-07-13T15:30:00Z,
27.34,28.707,2024-07-13T15:30:00Z,2024-07-13T16:00:00Z,
27.51,28.8855,2024-07-13T16:00:00Z,2024-07-13T16:30:00Z,
29.63,31.1115,2024-07-13T16:30:00Z,2024-07-13T17:00:00Z,
30.43,31.9515,2024-07-13T17:00:00Z,2024-07-13T17:30:00Z,
30.01,31.5105,2024-07-13T17:30:00Z,2024-07-13T18:00:00Z,
17.89,18.7845,2024-07-13T18:00:00Z,2024-07-13T18:30:00Z,
18.14,19.047,2024-07-13T18:30:00Z,2024-07-13T19:00:00Z,
18.58,19.509,2024-07-13T19:00:00Z,2024-07-13T19:30:00Z,
17.22,18.081,2024-07-13T19:30:00Z,2024-07-13T20:00:00Z,
16.48,17.304,2024-07-13T20:00:00Z,2024-07-13T20:30:00Z,
14.99,15.7395,2024-07-13T20:30:00Z,2024-07-13T21:00:00Z,
14.55,15.2775,2024-07-13T21:00:00Z,2024-07-13T21:30:00Z,
11.93,12.5265,2024-07-13T21:30:00Z,2024-07-13T22:00:00Z,
14.49,15.2145,2024-07-13T22:00:00Z,2024-07-13T22:30:00Z,
16.4,17.22,2024-07-13T22:30:00Z,2024-07-13T23:00:00Z,
13.02,13.671,2024-07-13T23:00:00Z,2024-07-13T23:30:00Z,
11.95,12.5475,2024-07-13T23:30:00Z,2024-07-14T00:00:00Z,
11.55,12.1275,2024-07-14T00:00:00Z,2024-07-14T00:30:00Z,
10.79,11.3295,2024-07-14T00:30:00Z,2024-07-14T01:00:00Z,
8.61,9.0405,2024-07-14T01:00:00Z,2024-07-14T01:30:00Z,
6.72,7.056,2024-07-14T01:30:00Z,2024-07-14T02:00:00Z,
6.62,6.951,2024-07-14T02:00:00Z,2024-07-14T02:30:00Z,
6.2,6.51,2024-07-14T02:30:00Z,2024-07-14T03:00:00Z,
7.14,7.497,2024-07-14T03:00:00Z,2024-07-14T03:30:00Z,
6.3,6.615,2024-07-14T03:30:00Z,2024-07-14T04:00:00Z,
5.63,5.9115,2024-07-14T04:00:00Z,2024-07-14T04:30:00Z,
6.3,6.615,2024-07-14T04:30:00Z,2024-07-14T05:00:00Z,
4.37,4.5885,2024-07-14T05:00:00Z,2024-07-14T05:30:00Z,
5.46,5.733,2024-07-14T05:30:00Z,2024-07-14T06:00:00Z,
5.25,5.5125,2024-07-14T06:00:00Z,2024-07-14T06:30:00Z,
6.11,6.4155,2024-07-14T06:30:00Z,2024-07-14T07:00:00Z,
9.01,9.4605,2024-07-14T07:00:00Z,2024-07-14T07:30:00Z,
10.44,10.962,2024-07-14T07:30:00Z,2024-07-14T08:00:00Z,
9.58,10.059,2024-07-14T08:00:00Z,2024-07-14T08:30:00Z,
10.13,10.6365,2024-07-14T08:30:00Z,2024-07-14T09:00:00Z,
12.18,12.789,2024-07-14T09:00:00Z,2024-07-14T09:30:00Z,
12.39,13.0095,2024-07-14T09:30:00Z,2024-07-14T10:00:00Z,
12.58,13.209,2024-07-14T10:00:00Z,2024-07-14T10:30:00Z,
13.65,14.3325,2024-07-14T10:30:00Z,2024-07-14T11:00:00Z,
15.86,16.653,2024-07-14T11:00:00Z,2024-07-14T11:30:00Z,
14.28,14.994,2024-07-14T11:30:00Z,2024-07-14T12:00:00Z,
15.54,16.317,2024-07-14T12:00:00Z,2024-07-14T12:30:00Z,
15.54,16.317,2024-07-14T12:30:00Z,2024-07-14T13:00:00Z,
14.91,15.6555,2024-07-14T13:00:00Z,2024-07-14T13:30:00Z,
14.91,15.6555,2024-07-14T13:30:00Z,2024-07-14T14:00:00Z,
15.12,15.876,2024-07-14T14:00:00Z,2024-07-14T14:30:00Z,
14.7,15.435,2024-07-14T14:30:00Z,2024-07-14T15:00:00Z,
27.47,28.8435,2024-07-14T15:00:00Z,2024-07-14T15:30:00Z,
27.28,28.644,2024-07-14T15:30:00Z,2024-07-14T16:00:00Z,
26.78,28.119,2024-07-14T16:00:00Z,2024-07-14T16:30:00Z,
28.52,29.946,2024-07-14T16:30:00Z,2024-07-14T17:00:00Z,
29.8,31.29,2024-07-14T17:00:00Z,2024-07-14T17:30:00Z,
29.9,31.395,2024-07-14T17:30:00Z,2024-07-14T18:00:00Z,
17.64,18.522,2024-07-14T18:00:00Z,2024-07-14T18:30:00Z,
17.37,18.2385,2024-07-14T18:30:00Z,2024-07-14T19:00:00Z,
17.01,17.8605,2024-07-14T19:00:00Z,2024-07-14T19:30:00Z,
16.38,17.199,2024-07-14T19:30:00Z,2024-07-14T20:00:00Z,
17.85,18.7425,2024-07-14T20:00:00Z,2024-07-14T20:30:00Z,
17.01,17.8605,2024-07-14T20:30:00Z,2024-07-14T21:00:00Z,
15.75,16.5375,2024-07-14T21:00:00Z,2024-07-14T21:30:00Z,
12.14,12.747,2024-07-14T21:30:00Z,2024-07-14T22:00:00Z,
16.7,17.535,2024-07-14T22:00:00Z,2024-07-14T22:30:00Z,
15.81,16.6005,2024-07-14T22:30:00Z,2024-07-14T23:00:00Z,
14.08,14.784,2024-07-14T23:00:00Z,2024-07-14T23:30:00Z,
13.84,14.532,2024-07-14T23:30:00Z,2024-07-15T00:00:00Z,
13.19,13.8495,2024-07-15T00:00:00Z,2024-07-15T00:30:00Z,
13.23,13.8915,2024-07-15T00:30:00Z,2024-07-15T01:00:00Z,
14.78,15.519,2024-07-15T01:00:00Z,2024-07-15T01:30:00Z,
14.28,14.994,2024-07-15T01:30:00Z,2024-07-15T02:00:00Z,
13.44,14.112,2024-07-15T02:00:00Z,2024-07-15T02:30:00Z,
12.85,13.4925,2024-07-15T02:30:00Z,2024-07-15T03:00:00Z,
13.84,14.532,2024-07-15T03:00:00Z,2024-07-15T03:30:00Z,
12.6,13.23,2024-07-15T03:30:00Z,2024-07-15T04:00:00Z,
13.78,14.469,2024-07-15T04:00:00Z,2024-07-15T04:30:00Z,
13.86,14.553,2024-07-15T04:30:00Z,2024-07-15T05:00:00Z,
15.39,16.1595,2024-07-15T05:00:00Z,2024-07-15T05:30:00Z,
16.38,17.199,2024-07-15T05:30:00Z,2024-07-15T06:00:00Z,
13.02,13.671,2024-07-15T06:00:00Z,2024-07-15T06:30:00Z,
15.94,16.737,2024-07-15T06:30:00Z,2024-07-15T07:00:00Z,
15.33,16.0965,2024-07-15T07:00:00Z,2024-07-15T07:30:00Z,
15.27,16.0335,2024-07-15T07:30:00Z,2024-07-15T08:00:00Z,
16.06,16.863,2024-07-15T08:00:00Z,2024-07-15T08:30:00Z,
14.74,15.477,2024-07-15T08:30:00Z,2024-07-15T09:00:00Z,
16.28,17.094,2024-07-15T09:00:00Z,2024-07-15T09:30:00Z,
16.46,17.283,2024-07-15T09:30:00Z,2024-07-15T10:00:00Z,
16.51,17.3355,2024-07-15T10:00:00Z,2024-07-15T10:30:00Z,
17.14,17.997,2024-07-15T10:30:00Z,2024-07-15T11:00:00Z,
17.85,18.7425,2024-07-15T11:00:00Z,2024-07-15T11:30:00Z,
17.85,18.7425,2024-07-15T11:30:00Z,2024-07-15T12:00:00Z,
18.27,19.1835,2024-07-15T12:00:00Z,2024-07-15T12:30:00Z,
17.64,18.522,2024-07-15T12:30:00Z,2024-07-15T13:00:00Z,
16.11,16.9155,2024-07-15T13:00:00Z,2024-07-15T13:30:00Z,
15.54,16.317,2024-07-15T13:30:00Z,2024-07-15T14:00:00Z,
14.3,15.015,2024-07-15T14:00:00Z,2024-07-15T14:30:00Z,
14.8,15.54,2024-07-15T14:30:00Z,2024-07-15T15:00:00Z,
27.83,29.2215,2024-07-15T15:00:00Z,2024-07-15T15:30:00Z,
28.75,30.1875,2024-07-15T15:30:00Z,2024-07-15T16:00:00Z,
32.32,33.936,2024-07-15T16:00:00Z,2024-07-15T16:30:00Z,
33.14,34.797,2024-07-15T16:30:00Z,2024-07-15T17:00:00Z,
33.5,35.175,2024-07-15T17:00:00Z,2024-07-15T17:30:00Z,
33.16,34.818,2024-07-15T17:30:00Z,2024-07-15T18:00:00Z,
20.75,21.7875,2024-07-15T18:00:00Z,2024-07-15T18:30:00Z,
20.31,21.3255,2024-07-15T18:30:00Z,2024-07-15T19:00:00Z,
20.16,21.168,2024-07-15T19:00:00Z,2024-07-15T19:30:00Z,
19.74,20.727,2024-07-15T19:30:00Z,2024-07-15T20:00:00Z,
18.14,19.047,2024-07-15T20:00:00Z,2024-07-15T20:30:00Z,
16.74,17.577,2024-07-15T20:30:00Z,2024-07-15T21:00:00Z,
16.48,17.304,2024-07-15T21:00:00Z,2024-07-15T21:30:00Z,
14.49,15.2145,2024-07-15T21:30:00Z,2024-07-15T22:00:00Z,
14.62,15.351,2024-07-15T22:00:00Z,2024-07-15T22:30:00Z,
16.17,16.9785,2024-07-15T22:30:00Z,2024-07-15T23:00:00Z,
14.83,15.5715,2024-07-15T23:00:00Z,2024-07-15T23:30:00Z,
14.28,14.994,2024-07-15T23:30:00Z,2024-07-16T00:00:00Z,
13.42,14.091,2024-07-16T00:00:00Z,2024-07-16T00:30:00Z,
12.94,13.587,2024-07-16T00:30:00Z,2024-07-16T01:00:00Z,
12.22,12.831,2024-07-16T01:00:00Z,2024-07-16T01:30:00Z,
11.55,12.1275,2024-07-16T01:30:00Z,2024-07-16T02:00:00Z,
11.55,12.1275,2024-07-16T02:00:00Z,2024-07-16T02:30:00Z,
11.55,12.1275,2024-07-16T02:30:00Z,2024-07-16T03:00:00Z,
11.55,12.1275,2024-07-16T03:00:00Z,2024-07-16T03:30:00Z,
11.43,12.0015,2024-07-16T03:30:00Z,2024-07-16T04:00:00Z,
11.76,12.348,2024-07-16T04:00:00Z,2024-07-16T04:30:00Z,
12.81,13.4505,2024-07-16T04:30:00Z,2024-07-16T05:00:00Z,
14.25,14.9625,2024-07-16T05:00:00Z,2024-07-16T05:30:00Z,
14.38,15.099,2024-07-16T05:30:00Z,2024-07-16T06:00:00Z,
13.57,14.2485,2024-07-16T06:00:00Z,2024-07-16T06:30:00Z,
16.0,16.8,2024-07-16T06:30:00Z,2024-07-16T07:00:00Z,
17.37,18.2385,2024-07-16T07:00:00Z,2024-07-16T07:30:00Z,
17.64,18.522,2024-07-16T07:30:00Z,2024-07-16T08:00:00Z,
18.25,19.1625,2024-07-16T08:00:00Z,2024-07-16T08:30:00Z,
16.93,17.7765,2024-07-16T08:30:00Z,2024-07-16T09:00:00Z,
17.81,18.7005,2024-07-16T09:00:00Z,2024-07-16T09:30:00Z,
16.82,17.661,2024-07-16T09:30:00Z,2024-07-16T10:00:00Z,
15.67,16.4535,2024-07-16T10:00:00Z,2024-07-16T10:30:00Z,
15.41,16.1805,2024-07-16T10:30:00Z,2024-07-16T11:00:00Z,
14.45,15.1725,2024-07-16T11:00:00Z,2024-07-16T11:30:00Z,
13.02,13.671,2024-07-16T11:30:00Z,2024-07-16T12:00:00Z,
13.08,13.734,2024-07-16T12:00:00Z,2024-07-16T12:30:00Z,
12.81,13.4505,2024-07-16T12:30:00Z,2024-07-16T13:00:00Z,
12.75,13.3875,2024-07-16T13:00:00Z,2024-07-16T13:30:00Z,
12.92,13.566,2024-07-16T13:30:00Z,2024-07-16T14:00:00Z,
12.68,13.314,2024-07-16T14:00:00Z,2024-07-16T14:30:00Z,
14.25,14.9625,2024-07-16T14:30:00Z,2024-07-16T15:00:00Z,
26.02,27.321,2024-07-16T15:00:00Z,2024-07-16T15:30:00Z,
26.76,28.098,2024-07-16T15:30:00Z,2024-07-16T16:00:00Z,
26.44,27.762,2024-07-16T16:00:00Z,2024-07-16T16:30:00Z,
28.1,29.505,2024-07-16T16:30:00Z,2024-07-16T17:00:00Z,
29.46,30.933,2024-07-16T17:00:00Z,2024-07-16T17:30:00Z,
29.53,31.0065,2024-07-16T17:30:00Z,2024-07-16T18:00:00Z,
19.49,20.4645,2024-07-16T18:00:00Z,2024-07-16T18:30:00Z,
19.26,20.223,2024-07-16T18:30:00Z,2024-07-16T19:00:00Z,
19.47,20.4435,2024-07-16T19:00:00Z,2024-07-16T19:30:00Z,
19.22,20.181,2024-07-16T19:30:00Z,2024-07-16T20:00:00Z,
19.44,20.412,2024-07-16T20:00:00Z,2024-07-16T20:30:00Z,
18.82,19.761,2024-07-16T20:30:00Z,2024-07-16T21:00:00Z,
18.48,19.404,2024-07-16T21:00:00Z,2024-07-16T21:30:00Z,
14.55,15.2775,2024-07-16T21:30:00Z,2024-07-16T22:00:00Z,
19.15,20.1075,2024-07-16T22:00:00Z,2024-07-16T22:30:00Z,
18.06,18.963,2024-07-16T22:30:00Z,2024-07-16T23:00:00Z,
16.53,17.3565,2024-07-16T23:00:00Z,2024-07-16T23:30:00Z,
15.69,16.4745,2024-07-16T23:30:00Z,2024-07-17T00:00:00Z,
15.12,15.876,2024-07-17T00:00:00Z,2024-07-17T00:30:00Z,
14.55,15.2775,2024-07-17T00:30:00Z,2024-07-17T01:00:00Z,
14.91,15.6555,2024-07-17T01:00:00Z,2024-07-17T01:30:00Z,
14.89,15.6345,2024-07-17T01:30:00Z,2024-07-17T02:00:00Z,
14.7,15.435,2024-07-17T02:00:00Z,2024-07-17T02:30:00Z,
14.49,15.2145,2024-07-17T02:30:00Z,2024-07-17T03:00:00Z,
14.49,15.2145,2024-07-17T03:00:00Z,2024-07-17T03:30:00Z,
14.49,15.2145,2024-07-17T03:30:00Z,2024-07-17T04:00:00Z,
14.49,15.2145,2024-07-17T04:00:00Z,2024-07-17T04:30:00Z,
14.49,15.2145,2024-07-17T04:30:00Z,2024-07-17T05:00:00Z,
16.8,17.64,2024-07-17T05:00:00Z,2024-07-17T05:30:00Z,
18.69,19.6245,2024-07-17T05:30:00Z,2024-07-17T06:00:00Z,
17.85,18.7425,2024-07-17T06:00:00Z,2024-07-17T06:30:00Z,
19.36,20.328,2024-07-17T06:30:00Z,2024-07-17T07:00:00Z,
17.81,18.7005,2024-07-17T07:00:00Z,2024-07-17T07:30:00Z,
17.22,18.081,2024-07-17T07:30:00Z,2024-07-17T08:00:00Z,
16.21,17.0205,2024-07-17T08:00:00Z,2024-07-17T08:30:00Z,
15.02,15.771,2024-07-17T08:30:00Z,2024-07-17T09:00:00Z,
14.18,14.889,2024-07-17T09:00:00Z,2024-07-17T09:30:00Z,
14.04,14.742,2024-07-17T09:30:00Z,2024-07-17T10:00:00Z,
13.19,13.8495,2024-07-17T10:00:00Z,2024-07-17T10:30:00Z,
13.23,13.8915,2024-07-17T10:30:00Z,2024-07-17T11:00:00Z,
13.54,14.217,2024-07-17T11:00:00Z,2024-07-17T11:30:00Z,
12.92,13.566,2024-07-17T11:30:00Z,2024-07-17T12:00:00Z,
13.44,14.112,2024-07-17T12:00:00Z,2024-07-17T12:30:00Z,
13.25,13.9125,2024-07-17T12:30:00Z,2024-07-17T13:00:00Z,
13.31,13.9755,2024-07-17T13:00:00Z,2024-07-17T13:30:00Z,
13.44,14.112,2024-07-17T13:30:00Z,2024-07-17T14:00:00Z,
13.26,13.923,2024-07-17T14:00:00Z,2024-07-17T14:30:00Z,
13.86,14.553,2024-07-17T14:30:00Z,2024-07-17T15:00:00Z,
26.54,27.867,2024-07-17T15:00:00Z,2024-07-17T15:30:00Z,
26.65,27.9825,2024-07-17T15:30:00Z,2024-07-17T16:00:00Z,
27.7,29.085,2024-07-17T16:00:00Z,2024-07-17T16:30:00Z,
29.21,30.6705,2024-07-17T16:30:00Z,2024-07-17T17:00:00Z,
32.11,33.7155,2024-07-17T17:00:00Z,2024-07-17T17:30:00Z,
32.28,33.894,2024-07-17T17:30:00Z,2024-07-17T18:00:00Z,
22.68,23.814,2024-07-17T18:00:00Z,2024-07-17T18:30:00Z,
22.14,23.247,2024-07-17T18:30:00Z,2024-07-17T19:00:00Z,
22.85,23.9925,2024-07-17T19:00:00Z,2024-07-17T19:30:00Z,
21.56,22.638,2024-07-17T19:30:00Z,2024-07-17T20:00:00Z,
19.45,20.4225,2024-07-17T20:00:00Z,2024-07-17T20:30:00Z,
18.16,19.068,2024-07-17T20:30:00Z,2024-07-17T21:00:00Z,
17.32,18.186,2024-07-17T21:00:00Z,2024-07-17T21:30:00Z,
15.54,16.317,2024-07-17T21:30:00Z,2024-07-17T22:00:00Z,
15.75,16.5375,2024-07-17T22:00:00Z,2024-07-17T22:30:00Z,
16.09,16.8945,2024-07-17T22:30:00Z,2024-07-17T23:00:00Z,
13.24,13.902,2024-07-17T23:00:00Z,2024-07-17T23:30:00Z,
14.45,15.1725,2024-07-17T23:30:00Z,2024-07-18T00:00:00Z,
12.52,13.146,2024-07-18T00:00:00Z,2024-07-18T00:30:00Z,
13.66,14.343,2024-07-18T00:30:00Z,2024-07-18T01:00:00Z,
12.95,13.5975,2024-07-18T01:00:00Z,2024-07-18T01:30:00Z,
13.27,13.9335,2024-07-18T01:30:00Z,2024-07-18T02:00:00Z,
13.12,13.776,2024-07-18T02:00:00Z,2024-07-18T02:30:00Z,
13.12,13.776,2024-07-18T02:30:00Z,2024-07-18T03:00:00Z,
13.99,14.6895,2024-07-18T03:00:00Z,2024-07-18T03:30:00Z,
13.23,13.8915,2024-07-18T03:30:00Z,2024-07-18T04:00:00Z,
14.07,14.7735,2024-07-18T04:00:00Z,2024-07-18T04:30:00Z,
14.28,14.994,2024-07-18T04:30:00Z,2024-07-18T05:00:00Z,
16.8,17.64,2024-07-18T05:00:00Z,2024-07-18T05:30:00Z,
17.81,18.7005,2024-07-18T05:30:00Z,2024-07-18T06:00:00Z,
15.46,16.233,2024-07-18T06:00:00Z,2024-07-18T06:30:00Z,
17.47,18.3435,2024-07-18T06:30:00Z,2024-07-18T07:00:00Z,
15.96,16.758,2024-07-18T07:00:00Z,2024-07-18T07:30:00Z,
15.33,16.0965,2024-07-18T07:30:00Z,2024-07-18T08:00:00Z,
15.54,16.317,2024-07-18T08:00:00Z,2024-07-18T08:30:00Z,
14.45,15.1725,2024-07-18T08:30:00Z,2024-07-18T09:00:00Z,
14.28,14.994,2024-07-18T09:00:00Z,2024-07-18T09:30:00Z,
14.07,14.7735,2024-07-18T09:30:00Z,2024-07-18T10:00:00Z,
12.81,13.4505,2024-07-18T10:00:00Z,2024-07-18T10:30:00Z,
13.34,14.007,2024-07-18T10:30:00Z,2024-07-18T11:00:00Z,
13.94,14.637,2024-07-18T11:00:00Z,2024-07-18T11:30:00Z,
13.86,14.553,2024-07-18T11:30:00Z,2024-07-18T12:00:00Z,
14.03,14.7315,2024-07-18T12:00:00Z,2024-07-18T12:30:00Z,
13.86,14.553,2024-07-18T12:30:00Z,2024-07-18T13:00:00Z,
14.22,14.931,2024-07-18T13:00:00Z,2024-07-18T13:30:00Z,
14.41,15.1305,2024-07-18T13:30:00Z,2024-07-18T14:00:00Z,
13.86,14.553,2024-07-18T14:00:00Z,2024-07-18T14:30:00Z,
13.92,14.616,2024-07-18T14:30:00Z,2024-07-18T15:00:00Z,
26.86,28.203,2024-07-18T15:00:00Z,2024-07-18T15:30:00Z,
26.86,28.203,2024-07-18T15:30:00Z,2024-07-18T16:00:00Z,
28.02,29.421,2024-07-18T16:00:00Z,2024-07-18T16:30:00Z,
28.96,30.408,2024-07-18T16:30:00Z,2024-07-18T17:00:00Z,
31.69,33.2745,2024-07-18T17:00:00Z,2024-07-18T17:30:00Z,
32.22,33.831,2024-07-18T17:30:00Z,2024-07-18T18:00:00Z,
22.26,23.373,2024-07-18T18:00:00Z,2024-07-18T18:30:00Z,
22.07,23.1735,2024-07-18T18:30:00Z,2024-07-18T19:00:00Z,
22.26,23.373,2024-07-18T19:00:00Z,2024-07-18T19:30:00Z,
22.33,23.4465,2024-07-18T19:30:00Z,2024-07-18T20:00:00Z,
22.05,23.1525,2024-07-18T20:00:00Z,2024-07-18T20:30:00Z,
20.93,21.9765,2024-07-18T20:30:00Z,2024-07-18T21:00:00Z,
19.49,20.4645,2024-07-18T21:00:00Z,2024-07-18T21:30:00Z,
16.62,17.451,2024-07-18T21:30:00Z,2024-07-18T22:00:00Z,
16.18,16.989,2024-07-18T22:00:00Z,2024-07-18T22:30:00Z,
16.17,16.9785,2024-07-18T22:30:00Z,2024-07-18T23:00:00Z,
15.5,16.275,2024-07-18T23:00:00Z,2024-07-18T23:30:00Z,
14.87,15.6135,2024-07-18T23:30:00Z,2024-07-19T00:00:00Z,
14.7,15.435,2024-07-19T00:00:00Z,2024-07-19T00:30:00Z,
14.3,15.015,2024-07-19T00:30:00Z,2024-07-19T01:00:00Z,
15.12,15.876,2024-07-19T01:00:00Z,2024-07-19T01:30:00Z,
13.71,14.3955,2024-07-19T01:30:00Z,2024-07-19T02:00:00Z,
13.65,14.3325,2024-07-19T02:00:00Z,2024-07-19T02:30:00Z,
13.63,14.3115,2024-07-19T02:30:00Z,2024-07-19T03:00:00Z,
14.03,14.7315,2024-07-19T03:00:00Z,2024-07-19T03:30:00Z,
13.73,14.4165,2024-07-19T03:30:00Z,2024-07-19T04:00:00Z,
12.87,13.5135,2024-07-19T04:00:00Z,2024-07-19T04:30:00Z,
14.38,15.099,2024-07-19T04:30:00Z,2024-07-19T05:00:00Z,
15.49,16.2645,2024-07-19T05:00:00Z,2024-07-19T05:30:00Z,
18.69,19.6245,2024-07-19T05:30:00Z,2024-07-19T06:00:00Z,
18.8,19.74,2024-07-19T06:00:00Z,2024-07-19T06:30:00Z,
19.87,20.8635,2024-07-19T06:30:00Z,2024-07-19T07:00:00Z,
19.42,20.391,2024-07-19T07:00:00Z,2024-07-19T07:30:00Z,
19.19,20.1495,2024-07-19T07:30:00Z,2024-07-19T08:00:00Z,
16.17,16.9785,2024-07-19T08:00:00Z,2024-07-19T08:30:00Z,
15.71,16.4955,2024-07-19T08:30:00Z,2024-07-19T09:00:00Z,
14.11,14.8155,2024-07-19T09:00:00Z,2024-07-19T09:30:00Z,
14.38,15.099,2024-07-19T09:30:00Z,2024-07-19T10:00:00Z,
15.18,15.939,2024-07-19T10:00:00Z,2024-07-19T10:30:00Z,
14.11,14.8155,2024-07-19T10:30:00Z,2024-07-19T11:00:00Z,
14.03,14.7315,2024-07-19T11:00:00Z,2024-07-19T11:30:00Z,
12.6,13.23,2024-07-19T11:30:00Z,2024-07-19T12:00:00Z,
12.97,13.6185,2024-07-19T12:00:00Z,2024-07-19T12:30:00Z,
11.93,12.5265,2024-07-19T12:30:00Z,2024-07-19T13:00:00Z,
11.76,12.348,2024-07-19T13:00:00Z,2024-07-19T13:30:00Z,
11.34,11.907,2024-07-19T13:30:00Z,2024-07-19T14:00:00Z,
11.93,12.5265,2024-07-19T14:00:00Z,2024-07-19T14:30:00Z,
11.97,12.5685,2024-07-19T14:30:00Z,2024-07-19T15:00:00Z,
28.72,30.156,2024-07-19T15:00:00Z,2024-07-19T15:30:00Z,
26.95,28.2975,2024-07-19T15:30:00Z,2024-07-19T16:00:00Z,
28.36,29.778,2024-07-19T16:00:00Z,2024-07-19T16:30:00Z,
27.07,28.4235,2024-07-19T16:30:00Z,2024-07-19T17:00:00Z,
29.8,31.29,2024-07-19T17:00:00Z,2024-07-19T17:30:00Z,
30.81,32.3505,2024-07-19T17:30:00Z,2024-07-19T18:00:00Z,
20.16,21.168,2024-07-19T18:00:00Z,2024-07-19T18:30:00Z,
19.74,20.727,2024-07-19T18:30:00Z,2024-07-19T19:00:00Z,
20.39,21.4095,2024-07-19T19:00:00Z,2024-07-19T19:30:00Z,
20.33,21.3465,2024-07-19T19:30:00Z,2024-07-19T20:00:00Z,
18.71,19.6455,2024-07-19T20:00:00Z,2024-07-19T20:30:00Z,
17.85,18.7425,2024-07-19T20:30:00Z,2024-07-19T21:00:00Z,
16.0,16.8,2024-07-19T21:00:00Z,2024-07-19T21:30:00Z,
15.96,16.758,2024-07-19T21:30:00Z,2024-07-19T22:00:00Z,
15.62,16.401,2024-07-19T22:00:00Z,2024-07-19T22:30:00Z,
16.01,16.8105,2024-07-19T22:30:00Z,2024-07-19T23:00:00Z,
13.31,13.9755,2024-07-19T23:00:00Z,2024-07-19T23:30:00Z,
13.86,14.553,2024-07-19T23:30:00Z,2024-07-20T00:00:00Z,
13.44,14.112,2024-07-20T00:00:00Z,2024-07-20T00:30:00Z,
13.23,13.8915,2024-07-20T00:30:00Z,2024-07-20T01:00:00Z,
13.38,14.049,2024-07-20T01:00:00Z,2024-07-20T01:30:00Z,
13.24,13.902,2024-07-20T01:30:00Z,2024-07-20T02:00:00Z,
14.55,15.2775,2024-07-20T02:00:00Z,2024-07-20T02:30:00Z,
14.7,15.435,2024-07-20T02:30:00Z,2024-07-20T03:00:00Z,
14.45,15.1725,2024-07-20T03:00:00Z,2024-07-20T03:30:00Z,
13.91,14.6055,2024-07-20T03:30:00Z,2024-07-20T04:00:00Z,
12.6,13.23,2024-07-20T04:00:00Z,2024-07-20T04:30:00Z,
13.78,14.469,2024-07-20T04:30:00Z,2024-07-20T05:00:00Z,
13.65,14.3325,2024-07-20T05:00:00Z,2024-07-20T05:30:00Z,
13.65,14.3325,2024-07-20T05:30:00Z,2024-07-20T06:00:00Z,
13.65,14.3325,2024-07-20T06:00:00Z,2024-07-20T06:30:00Z,
13.86,14.553,2024-07-20T06:30:00Z,2024-07-20T07:00:00Z,
13.02,13.671,2024-07-20T07:00:00Z,2024-07-20T07:30:00Z,
14.95,15.6975,2024-07-20T07:30:00Z,2024-07-20T08:00:00Z,
15.96,16.758,2024-07-20T08:00:00Z,2024-07-20T08:30:00Z,
16.88,17.724,2024-07-20T08:30:00Z,2024-07-20T09:00:00Z,
16.38,17.199,2024-07-20T09:00:00Z,2024-07-20T09:30:00Z,
15.75,16.5375,2024-07-20T09:30:00Z,2024-07-20T10:00:00Z,
16.46,17.283,2024-07-20T10:00:00Z,2024-07-20T10:30:00Z,
16.76,17.598,2024-07-20T10:30:00Z,2024-07-20T11:00:00Z,
17.64,18.522,2024-07-20T11:00:00Z,2024-07-20T11:30:00Z,
17.14,17.997,2024-07-20T11:30:00Z,2024-07-20T12:00:00Z,
15.86,16.653,2024-07-20T12:00:00Z,2024-07-20T12:30:00Z,
15.12,15.876,2024-07-20T12:30:00Z,2024-07-20T13:00:00Z,
14.57,15.2985,2024-07-20T13:00:00Z,2024-07-20T13:30:00Z,
14.26,14.973,2024-07-20T13:30:00Z,2024-07-20T14:00:00Z,
14.34,15.057,2024-07-20T14:00:00Z,2024-07-20T14:30:00Z,
15.33,16.0965,2024-07-20T14:30:00Z,2024-07-20T15:00:00Z,
28.54,29.967,2024-07-20T15:00:00Z,2024-07-20T15:30:00Z,
28.96,30.408,2024-07-20T15:30:00Z,2024-07-20T16:00:00Z,
28.96,30.408,2024-07-20T16:00:00Z,2024-07-20T16:30:00Z,
30.09,31.5945,2024-07-20T16:30:00Z,2024-07-20T17:00:00Z,
31.9,33.495,2024-07-20T17:00:00Z,2024-07-20T17:30:00Z,
31.9,33.495,2024-07-20T17:30:00Z,2024-07-20T18:00:00Z,
19.53,20.5065,2024-07-20T18:00:00Z,2024-07-20T18:30:00Z,
19.51,20.4855,2024-07-20T18:30:00Z,2024-07-20T19:00:00Z,
18.67,19.6035,2024-07-20T19:00:00Z,2024-07-20T19:30:00Z,
18.19,19.0995,2024-07-20T19:30:00Z,2024-07-20T20:00:00Z,
17.62,18.501,2024-07-20T20:00:00Z,2024-07-20T20:30:00Z,
16.46,17.283,2024-07-20T20:30:00Z,2024-07-20T21:00:00Z,
16.18,16.989,2024-07-20T21:00:00Z,2024-07-20T21:30:00Z,
14.7,15.435,2024-07-20T21:30:00Z,2024-07-20T22:00:00Z,
14.7,15.435,2024-07-20T22:00:00Z,2024-07-20T22:30:00Z,
13.86,14.553,2024-07-20T22:30:00Z,2024-07-20T23:00:00Z,
14.7,15.435,2024-07-20T23:00:00Z,2024-07-20T23:30:00Z,
14.07,14.7735,2024-07-20T23:30:00Z,2024-07-21T00:00:00Z,
11.44,12.012,2024-07-21T00:00:00Z,2024-07-21T00:30:00Z,
12.47,13.0935,2024-07-21T00:30:00Z,2024-07-21T01:00:00Z,
11.4,11.97,2024-07-21T01:00:00Z,2024-07-21T01:30:00Z,
10.92,11.466,2024-07-21T01:30:00Z,2024-07-21T02:00:00Z,
10.92,11.466,2024-07-21T02:00:00Z,2024-07-21T02:30:00Z,
11.49,12.0645,2024-07-21T02:30:00Z,2024-07-21T03:00:00Z,
12.03,12.6315,2024-07-21T03:00:00Z,2024-07-21T03:30:00Z,
12.08,12.684,2024-07-21T03:30:00Z,2024-07-21T04:00:00Z,
13.03,13.6815,2024-07-21T04:00:00Z,2024-07-21T04:30:00Z,
13.44,14.112,2024-07-21T04:30:00Z,2024-07-21T05:00:00Z,
13.44,14.112,2024-07-21T05:00:00Z,2024-07-21T05:30:00Z,
12.92,13.566,2024-07-21T05:30:00Z,2024-07-21T06:00:00Z,
12.81,13.4505,2024-07-21T06:00:00Z,2024-07-21T06:30:00Z,
14.76,15.498,2024-07-21T06:30:00Z,2024-07-21T07:00:00Z,
12.7,13.335,2024-07-21T07:00:00Z,2024-07-21T07:30:00Z,
12.83,13.4715,2024-07-21T07:30:00Z,2024-07-21T08:00:00Z,
14.43,15.1515,2024-07-21T08:00:00Z,2024-07-21T08:30:00Z,
14.97,15.7185,2024-07-21T08:30:00Z,2024-07-21T09:00:00Z,
14.87,15.6135,2024-07-21T09:00:00Z,2024-07-21T09:30:00Z,
15.22,15.981,2024-07-21T09:30:00Z,2024-07-21T10:00:00Z,
13.67,14.3535,2024-07-21T10:00:00Z,2024-07-21T10:30:00Z,
15.33,16.0965,2024-07-21T10:30:00Z,2024-07-21T11:00:00Z,
17.14,17.997,2024-07-21T11:00:00Z,2024-07-21T11:30:00Z,
16.8,17.64,2024-07-21T11:30:00Z,2024-07-21T12:00:00Z,
15.96,16.758,2024-07-21T12:00:00Z,2024-07-21T12:30:00Z,
13.92,14.616,2024-07-21T12:30:00Z,2024-07-21T13:00:00Z,
13.21,13.8705,2024-07-21T13:00:00Z,2024-07-21T13:30:00Z,
11.57,12.1485,2024-07-21T13:30:00Z,2024-07-21T14:00:00Z,
10.29,10.8045,2024-07-21T14:00:00Z,2024-07-21T14:30:00Z,
10.92,11.466,2024-07-21T14:30:00Z,2024-07-21T15:00:00Z,
26.02,27.321,2024-07-21T15:00:00Z,2024-07-21T15:30:00Z,
26.02,27.321,2024-07-21T15:30:00Z,2024-07-21T16:00:00Z,
26.66,27.993,2024-07-21T16:00:00Z,2024-07-21T16:30:00Z,
27.49,28.8645,2024-07-21T16:30:00Z,2024-07-21T17:00:00Z,
30.32,31.836,2024-07-21T17:00:00Z,2024-07-21T17:30:00Z,
30.47,31.9935,2024-07-21T17:30:00Z,2024-07-21T18:00:00Z,
19.15,20.1075,2024-07-21T18:00:00Z,2024-07-21T18:30:00Z,
18.8,19.74,2024-07-21T18:30:00Z,2024-07-21T19:00:00Z,
18.45,19.3725,2024-07-21T19:00:00Z,2024-07-21T19:30:00Z,
19.53,20.5065,2024-07-21T19:30:00Z,2024-07-21T20:00:00Z,
18.8,19.74,2024-07-21T20:00:00Z,2024-07-21T20:30:00Z,
18.48,19.404,2024-07-21T20:30:00Z,2024-07-21T21:00:00Z,
18.14,19.047,2024-07-21T21:00:00Z,2024-07-21T21:30:00Z,
15.25,16.0125,2024-07-21T21:30:00Z,2024-07-21T22:00:00Z,
18.06,18.963,2024-07-21T22:00:00Z,2024-07-21T22:30:00Z,
16.8,17.64,2024-07-21T22:30:00Z,2024-07-21T23:00:00Z,
16.19,16.9995,2024-07-21T23:00:00Z,2024-07-21T23:30:00Z,
16.13,16.9365,2024-07-21T23:30:00Z,2024-07-22T00:00:00Z,
14.3,15.015,2024-07-22T00:00:00Z,2024-07-22T00:30:00Z,
13.79,14.4795,2024-07-22T00:30:00Z,2024-07-22T01:00:00Z,
13.42,14.091,2024-07-22T01:00:00Z,2024-07-22T01:30:00Z,
12.6,13.23,2024-07-22T01:30:00Z,2024-07-22T02:00:00Z,
12.6,13.23,2024-07-22T02:00:00Z,2024-07-22T02:30:00Z,
12.6,13.23,2024-07-22T02:30:00Z,2024-07-22T03:00:00Z,
12.6,13.23,2024-07-22T03:00:00Z,2024-07-22T03:30:00Z,
12.6,13.23,2024-07-22T03:30:00Z,2024-07-22T04:00:00Z,
13.42,14.091,2024-07-22T04:00:00Z,2024-07-22T04:30:00Z,
13.79,14.4795,2024-07-22T04:30:00Z,2024-07-22T05:00:00Z,
15.58,16.359,2024-07-22T05:00:00Z,2024-07-22T05:30:00Z,
18.9,19.845,2024-07-22T05:30:00Z,2024-07-22T06:00:00Z,
16.19,16.9995,2024-07-22T06:00:00Z,2024-07-22T06:30:00Z,
18.71,19.6455,2024-07-22T06:30:00Z,2024-07-22T07:00:00Z,
17.91,18.8055,2024-07-22T07:00:00Z,2024-07-22T07:30:00Z,
18.64,19.572,2024-07-22T07:30:00Z,2024-07-22T08:00:00Z,
18.88,19.824,2024-07-22T08:00:00Z,2024-07-22T08:30:00Z,
16.78,17.619,2024-07-22T08:30:00Z,2024-07-22T09:00:00Z,
15.9,16.695,2024-07-22T09:00:00Z,2024-07-22T09:30:00Z,
15.9,16.695,2024-07-22T09:30:00Z,2024-07-22T10:00:00Z,
16.59,17.4195,2024-07-22T10:00:00Z,2024-07-22T10:30:00Z,
14.81,15.5505,2024-07-22T10:30:00Z,2024-07-22T11:00:00Z,
13.69,14.3745,2024-07-22T11:00:00Z,2024-07-22T11:30:00Z,
12.31,12.9255,2024-07-22T11:30:00Z,2024-07-22T12:00:00Z,
13.23,13.8915,2024-07-22T12:00:00Z,2024-07-22T12:30:00Z,
12.81,13.4505,2024-07-22T12:30:00Z,2024-07-22T13:00:00Z,
11.09,11.6445,2024-07-22T13:00:00Z,2024-07-22T13:30:00Z,
10.92,11.466,2024-07-22T13:30:00Z,2024-07-22T14:00:00Z,
10.92,11.466,2024-07-22T14:00:00Z,2024-07-22T14:30:00Z,
12.18,12.789,2024-07-22T14:30:00Z,2024-07-22T15:00:00Z,
24.97,26.2185,2024-07-22T15:00:00Z,2024-07-22T15:30:00Z,
26.65,27.9825,2024-07-22T15:30:00Z,2024-07-22T16:00:00Z,
27.07,28.4235,2024-07-22T16:00:00Z,2024-07-22T16:30:00Z,
27.49,28.8645,2024-07-22T16:30:00Z,2024-07-22T17:00:00Z,
28.54,29.967,2024-07-22T17:00:00Z,2024-07-22T17:30:00Z,
29.38,30.849,2024-07-22T17:30:00Z,2024-07-22T18:00:00Z,
18.48,19.404,2024-07-22T18:00:00Z,2024-07-22T18:30:00Z,
18.24,19.152,2024-07-22T18:30:00Z,2024-07-22T19:00:00Z,
19.32,20.286,2024-07-22T19:00:00Z,2024-07-22T19:30:00Z,
19.05,20.0025,2024-07-22T19:30:00Z,2024-07-22T20:00:00Z,
18.9,19.845,2024-07-22T20:00:00Z,2024-07-22T20:30:00Z,
18.8,19.74,2024-07-22T20:30:00Z,2024-07-22T21:00:00Z,
16.19,16.9995,2024-07-22T21:00:00Z,2024-07-22T21:30:00Z,
13.44,14.112,2024-07-22T21:30:00Z,2024-07-22T22:00:00Z,
14.7,15.435,2024-07-22T22:00:00Z,2024-07-22T22:30:00Z,
16.7,17.535,2024-07-22T22:30:00Z,2024-07-22T23:00:00Z,
14.38,15.099,2024-07-22T23:00:00Z,2024-07-22T23:30:00Z,
14.66,15.393,2024-07-22T23:30:00Z,2024-07-23T00:00:00Z,
15.12,15.876,2024-07-23T00:00:00Z,2024-07-23T00:30:00Z,
15.34,16.107,2024-07-23T00:30:00Z,2024-07-23T01:00:00Z,
13.4,14.07,2024-07-23T01:00:00Z,2024-07-23T01:30:00Z,
13.31,13.9755,2024-07-23T01:30:00Z,2024-07-23T02:00:00Z,
12.6,13.23,2024-07-23T02:00:00Z,2024-07-23T02:30:00Z,
12.6,13.23,2024-07-23T02:30:00Z,2024-07-23T03:00:00Z,
15.54,16.317,2024-07-23T03:00:00Z,2024-07-23T03:30:00Z,
14.28,14.994,2024-07-23T03:30:00Z,2024-07-23T04:00:00Z,
15.96,16.758,2024-07-23T04:00:00Z,2024-07-23T04:30:00Z,
14.97,15.7185,2024-07-23T04:30:00Z,2024-07-23T05:00:00Z,
16.8,17.64,2024-07-23T05:00:00Z,2024-07-23T05:30:00Z,
18.14,19.047,2024-07-23T05:30:00Z,2024-07-23T06:00:00Z,
18.69,19.6245,2024-07-23T06:00:00Z,2024-07-23T06:30:00Z,
20.4,21.42,2024-07-23T06:30:00Z,2024-07-23T07:00:00Z,
19.11,20.0655,2024-07-23T07:00:00Z,2024-07-23T07:30:00Z,
18.82,19.761,2024-07-23T07:30:00Z,2024-07-23T08:00:00Z,
18.93,19.8765,2024-07-23T08:00:00Z,2024-07-23T08:30:00Z,
17.81,18.7005,2024-07-23T08:30:00Z,2024-07-23T09:00:00Z,
16.87,17.7135,2024-07-23T09:00:00Z,2024-07-23T09:30:00Z,
16.13,16.9365,2024-07-23T09:30:00Z,2024-07-23T10:00:00Z,
15.96,16.758,2024-07-23T10:00:00Z,2024-07-23T10:30:00Z,
14.59,15.3195,2024-07-23T10:30:00Z,2024-07-23T11:00:00Z,
14.09,14.7945,2024-07-23T11:00:00Z,2024-07-23T11:30:00Z,
12.94,13.587,2024-07-23T11:30:00Z,2024-07-23T12:00:00Z,
13.02,13.671,2024-07-23T12:00:00Z,2024-07-23T12:30:00Z,
12.6,13.23,2024-07-23T12:30:00Z,2024-07-23T13:00:00Z,
11.99,12.5895,2024-07-23T13:00:00Z,2024-07-23T13:30:00Z,
12.6,13.23,2024-07-23T13:30:00Z,2024-07-23T14:00:00Z,
12.6,13.23,2024-07-23T14:00:00Z,2024-07-23T14:30:00Z,
12.6,13.23,2024-07-23T14:30:00Z,2024-07-23T15:00:00Z,
26.02,27.321,2024-07-23T15:00:00Z,2024-07-23T15:30:00Z,
26.84,28.182,2024-07-23T15:30:00Z,2024-07-23T16:00:00Z,
27.13,28.4865,2024-07-23T16:00:00Z,2024-07-23T16:30:00Z,
28.54,29.967,2024-07-23T16:30:00Z,2024-07-23T17:00:00Z,
30.56,32.088,2024-07-23T17:00:00Z,2024-07-23T17:30:00Z,
31.35,32.9175,2024-07-23T17:30:00Z,2024-07-23T18:00:00Z,
20.08,21.084,2024-07-23T18:00:00Z,2024-07-23T18:30:00Z,
19.32,20.286,2024-07-23T18:30:00Z,2024-07-23T19:00:00Z,
18.9,19.845,2024-07-23T19:00:00Z,2024-07-23T19:30:00Z,
18.85,19.7925,2024-07-23T19:30:00Z,2024-07-23T20:00:00Z,
19.05,20.0025,2024-07-23T20:00:00Z,2024-07-23T20:30:00Z,
18.85,19.7925,2024-07-23T20:30:00Z,2024-07-23T21:00:00Z,
16.9,17.745,2024-07-23T21:00:00Z,2024-07-23T21:30:00Z,
15.75,16.5375,2024-07-23T21:30:00Z,2024-07-23T22:00:00Z,
19.74,20.727,2024-07-23T22:00:00Z,2024-07-23T22:30:00Z,
17.81,18.7005,2024-07-23T22:30:00Z,2024-07-23T23:00:00Z,
17.85,18.7425,2024-07-23T23:00:00Z,2024-07-23T23:30:00Z,
14.91,15.6555,2024-07-23T23:30:00Z,2024-07-24T00:00:00Z,
14.28,14.994,2024-07-24T00:00:00Z,2024-07-24T00:30:00Z,
13.76,14.448,2024-07-24T00:30:00Z,2024-07-24T01:00:00Z,
13.02,13.671,2024-07-24T01:00:00Z,2024-07-24T01:30:00Z,
12.96,13.608,2024-07-24T01:30:00Z,2024-07-24T02:00:00Z,
12.96,13.608,2024-07-24T02:00:00Z,2024-07-24T02:30:00Z,
12.96,13.608,2024-07-24T02:30:00Z,2024-07-24T03:00:00Z,
12.98,13.629,2024-07-24T03:00:00Z,2024-07-24T03:30:00Z,
12.96,13.608,2024-07-24T03:30:00Z,2024-07-24T04:00:00Z,
12.96,13.608,2024-07-24T04:00:00Z,2024-07-24T04:30:00Z,
13.65,14.3325,2024-07-24T04:30:00Z,2024-07-24T05:00:00Z,
13.34,14.007,2024-07-24T05:00:00Z,2024-07-24T05:30:00Z,
17.03,17.8815,2024-07-24T05:30:00Z,2024-07-24T06:00:00Z,
16.7,17.535,2024-07-24T06:00:00Z,2024-07-24T06:30:00Z,
18.9,19.845,2024-07-24T06:30:00Z,2024-07-24T07:00:00Z,
18.58,19.509,2024-07-24T07:00:00Z,2024-07-24T07:30:00Z,
19.53,20.5065,2024-07-24T07:30:00Z,2024-07-24T08:00:00Z,
18.69,19.6245,2024-07-24T08:00:00Z,2024-07-24T08:30:00Z,
17.64,18.522,2024-07-24T08:30:00Z,2024-07-24T09:00:00Z,
16.48,17.304,2024-07-24T09:00:00Z,2024-07-24T09:30:00Z,
16.23,17.0415,2024-07-24T09:30:00Z,2024-07-24T10:00:00Z,
16.23,17.0415,2024-07-24T10:00:00Z,2024-07-24T10:30:00Z,
15.41,16.1805,2024-07-24T10:30:00Z,2024-07-24T11:00:00Z,
15.56,16.338,2024-07-24T11:00:00Z,2024-07-24T11:30:00Z,
15.22,15.981,2024-07-24T11:30:00Z,2024-07-24T12:00:00Z,
14.74,15.477,2024-07-24T12:00:00Z,2024-07-24T12:30:00Z,
14.01,14.7105,2024-07-24T12:30:00Z,2024-07-24T13:00:00Z,
13.57,14.2485,2024-07-24T13:00:00Z,2024-07-24T13:30:00Z,
13.38,14.049,2024-07-24T13:30:00Z,2024-07-24T14:00:00Z,
12.89,13.5345,2024-07-24T14:00:00Z,2024-07-24T14:30:00Z,
13.02,13.671,2024-07-24T14:30:00Z,2024-07-24T15:00:00Z,
26.09,27.3945,2024-07-24T15:00:00Z,2024-07-24T15:30:00Z,
26.23,27.5415,2024-07-24T15:30:00Z,2024-07-24T16:00:00Z,
25.94,27.237,2024-07-24T16:00:00Z,2024-07-24T16:30:00Z,
27.28,28.644,2024-07-24T16:30:00Z,2024-07-24T17:00:00Z,
29.69,31.1745,2024-07-24T17:00:00Z,2024-07-24T17:30:00Z,
29.48,30.954,2024-07-24T17:30:00Z,2024-07-24T18:00:00Z,
18.88,19.824,2024-07-24T18:00:00Z,2024-07-24T18:30:00Z,
17.77,18.6585,2024-07-24T18:30:00Z,2024-07-24T19:00:00Z,
18.06,18.963,2024-07-24T19:00:00Z,2024-07-24T19:30:00Z,
17.22,18.081,2024-07-24T19:30:00Z,2024-07-24T20:00:00Z,
17.85,18.7425,2024-07-24T20:00:00Z,2024-07-24T20:30:00Z,
16.46,17.283,2024-07-24T20:30:00Z,2024-07-24T21:00:00Z,
16.04,16.842,2024-07-24T21:00:00Z,2024-07-24T21:30:00Z,
13.38,14.049,2024-07-24T21:30:00Z,2024-07-24T22:00:00Z,
14.07,14.7735,2024-07-24T22:00:00Z,2024-07-24T22:30:00Z,
14.18,14.889,2024-07-24T22:30:00Z,2024-07-24T23:00:00Z,
13.29,13.9545,2024-07-24T23:00:00Z,2024-07-24T23:30:00Z,
13.65,14.3325,2024-07-24T23:30:00Z,2024-07-25T00:00:00Z,
13.44,14.112,2024-07-25T00:00:00Z,2024-07-25T00:30:00Z,
13.76,14.448,2024-07-25T00:30:00Z,2024-07-25T01:00:00Z,
14.05,14.7525,2024-07-25T01:00:00Z,2024-07-25T01:30:00Z,
12.93,13.5765,2024-07-25T01:30:00Z,2024-07-25T02:00:00Z,
13.44,14.112,2024-07-25T02:00:00Z,2024-07-25T02:30:00Z,
13.65,14.3325,2024-07-25T02:30:00Z,2024-07-25T03:00:00Z,
14.05,14.7525,2024-07-25T03:00:00Z,2024-07-25T03:30:00Z,
13.76,14.448,2024-07-25T03:30:00Z,2024-07-25T04:00:00Z,
15.02,15.771,2024-07-25T04:00:00Z,2024-07-25T04:30:00Z,
15.77,16.5585,2024-07-25T04:30:00Z,2024-07-25T05:00:00Z,
15.75,16.5375,2024-07-25T05:00:00Z,2024-07-25T05:30:00Z,
15.96,16.758,2024-07-25T05:30:00Z,2024-07-25T06:00:00Z,
14.05,14.7525,2024-07-25T06:00:00Z,2024-07-25T06:30:00Z,
16.8,17.64,2024-07-25T06:30:00Z,2024-07-25T07:00:00Z,
15.18,15.939,2024-07-25T07:00:00Z,2024-07-25T07:30:00Z,
17.64,18.522,2024-07-25T07:30:00Z,2024-07-25T08:00:00Z,
18.48,19.404,2024-07-25T08:00:00Z,2024-07-25T08:30:00Z,
17.32,18.186,2024-07-25T08:30:00Z,2024-07-25T09:00:00Z,
18.27,19.1835,2024-07-25T09:00:00Z,2024-07-25T09:30:00Z,
17.47,18.3435,2024-07-25T09:30:00Z,2024-07-25T10:00:00Z,
17.85,18.7425,2024-07-25T10:00:00Z,2024-07-25T10:30:00Z,
17.54,18.417,2024-07-25T10:30:00Z,2024-07-25T11:00:00Z,
17.43,18.3015,2024-07-25T11:00:00Z,2024-07-25T11:30:00Z,
16.96,17.808,2024-07-25T11:30:00Z,2024-07-25T12:00:00Z,
15.54,16.317,2024-07-25T12:00:00Z,2024-07-25T12:30:00Z,
14.05,14.7525,2024-07-25T12:30:00Z,2024-07-25T13:00:00Z,
13.72,14.406,2024-07-25T13:00:00Z,2024-07-25T13:30:00Z,
13.78,14.469,2024-07-25T13:30:00Z,2024-07-25T14:00:00Z,
12.92,13.566,2024-07-25T14:00:00Z,2024-07-25T14:30:00Z,
13.97,14.6685,2024-07-25T14:30:00Z,2024-07-25T15:00:00Z,
26.65,27.9825,2024-07-25T15:00:00Z,2024-07-25T15:30:00Z,
27.7,29.085,2024-07-25T15:30:00Z,2024-07-25T16:00:00Z,
28.35,29.7675,2024-07-25T16:00:00Z,2024-07-25T16:30:00Z,
29.15,30.6075,2024-07-25T16:30:00Z,2024-07-25T17:00:00Z,
31.9,33.495,2024-07-25T17:00:00Z,2024-07-25T17:30:00Z,
31.06,32.613,2024-07-25T17:30:00Z,2024-07-25T18:00:00Z,
19.79,20.7795,2024-07-25T18:00:00Z,2024-07-25T18:30:00Z,
19.11,20.0655,2024-07-25T18:30:00Z,2024-07-25T19:00:00Z,
18.4,19.32,2024-07-25T19:00:00Z,2024-07-25T19:30:00Z,
18.14,19.047,2024-07-25T19:30:00Z,2024-07-25T20:00:00Z,
18.15,19.0575,2024-07-25T20:00:00Z,2024-07-25T20:30:00Z,
17.85,18.7425,2024-07-25T20:30:00Z,2024-07-25T21:00:00Z,
17.22,18.081,2024-07-25T21:00:00Z,2024-07-25T21:30:00Z,
15.54,16.317,2024-07-25T21:30:00Z,2024-07-25T22:00:00Z,
13.65,14.3325,2024-07-25T22:00:00Z,2024-07-25T22:30:00Z,
14.73,15.4665,2024-07-25T22:30:00Z,2024-07-25T23:00:00Z,
13.6,14.28,2024-07-25T23:00:00Z,2024-07-25T23:30:00Z,
13.44,14.112,2024-07-25T23:30:00Z,2024-07-26T00:00:00Z,
13.1,13.755,2024-07-26T00:00:00Z,2024-07-26T00:30:00Z,
13.23,13.8915,2024-07-26T00:30:00Z,2024-07-26T01:00:00Z,
13.19,13.8495,2024-07-26T01:00:00Z,2024-07-26T01:30:00Z,
13.01,13.6605,2024-07-26T01:30:00Z,2024-07-26T02:00:00Z,
12.79,13.4295,2024-07-26T02:00:00Z,2024-07-26T02:30:00Z,
12.68,13.314,2024-07-26T02:30:00Z,2024-07-26T03:00:00Z,
12.77,13.4085,2024-07-26T03:00:00Z,2024-07-26T03:30:00Z,
12.75,13.3875,2024-07-26T03:30:00Z,2024-07-26T04:00:00Z,
13.44,14.112,2024-07-26T04:00:00Z,2024-07-26T04:30:00Z,
13.3,13.965,2024-07-26T04:30:00Z,2024-07-26T05:00:00Z,
15.49,16.2645,2024-07-26T05:00:00Z,2024-07-26T05:30:00Z,
15.54,16.317,2024-07-26T05:30:00Z,2024-07-26T06:00:00Z,
17.22,18.081,2024-07-26T06:00:00Z,2024-07-26T06:30:00Z,
18.14,19.047,2024-07-26T06:30:00Z,2024-07-26T07:00:00Z,
17.62,18.501,2024-07-26T07:00:00Z,2024-07-26T07:30:00Z,
17.64,18.522,2024-07-26T07:30:00Z,2024-07-26T08:00:00Z,
17.12,17.976,2024-07-26T08:00:00Z,2024-07-26T08:30:00Z,
16.46,17.283,2024-07-26T08:30:00Z,2024-07-26T09:00:00Z,
15.54,16.317,2024-07-26T09:00:00Z,2024-07-26T09:30:00Z,
14.28,14.994,2024-07-26T09:30:00Z,2024-07-26T10:00:00Z,
14.79,15.5295,2024-07-26T10:00:00Z,2024-07-26T10:30:00Z,
13.77,14.4585,2024-07-26T10:30:00Z,2024-07-26T11:00:00Z,
14.49,15.2145,2024-07-26T11:00:00Z,2024-07-26T11:30:00Z,
13.44,14.112,2024-07-26T11:30:00Z,2024-07-26T12:00:00Z,
13.02,13.671,2024-07-26T12:00:00Z,2024-07-26T12:30:00Z,
12.92,13.566,2024-07-26T12:30:00Z,2024-07-26T13:00:00Z,
12.7,13.335,2024-07-26T13:00:00Z,2024-07-26T13:30:00Z,
12.6,13.23,2024-07-26T13:30:00Z,2024-07-26T14:00:00Z,
12.77,13.4085,2024-07-26T14:00:00Z,2024-07-26T14:30:00Z,
13.01,13.6605,2024-07-26T14:30:00Z,2024-07-26T15:00:00Z,
26.86,28.203,2024-07-26T15:00:00Z,2024-07-26T15:30:00Z,
28.96,30.408,2024-07-26T15:30:00Z,2024-07-26T16:00:00Z,
27.79,29.1795,2024-07-26T16:00:00Z,2024-07-26T16:30:00Z,
28.56,29.988,2024-07-26T16:30:00Z,2024-07-26T17:00:00Z,
31.21,32.7705,2024-07-26T17:00:00Z,2024-07-26T17:30:00Z,
31.1,32.655,2024-07-26T17:30:00Z,2024-07-26T18:00:00Z,
18.63,19.5615,2024-07-26T18:00:00Z,2024-07-26T18:30:00Z,
18.42,19.341,2024-07-26T18:30:00Z,2024-07-26T19:00:00Z,
17.49,18.3645,2024-07-26T19:00:00Z,2024-07-26T19:30:00Z,
18.48,19.404,2024-07-26T19:30:00Z,2024-07-26T20:00:00Z,
19.45,20.4225,2024-07-26T20:00:00Z,2024-07-26T20:30:00Z,
19.08,20.034,2024-07-26T20:30:00Z,2024-07-26T21:00:00Z,
18.48,19.404,2024-07-26T21:00:00Z,2024-07-26T21:30:00Z,
16.15,16.9575,2024-07-26T21:30:00Z,2024-07-26T22:00:00Z,
17.64,18.522,2024-07-26T22:00:00Z,2024-07-26T22:30:00Z,
16.46,17.283,2024-07-26T22:30:00Z,2024-07-26T23:00:00Z,
15.12,15.876,2024-07-26T23:00:00Z,2024-07-26T23:30:00Z,
15.16,15.918,2024-07-26T23:30:00Z,2024-07-27T00:00:00Z,
14.7,15.435,2024-07-27T00:00:00Z,2024-07-27T00:30:00Z,
14.7,15.435,2024-07-27T00:30:00Z,2024-07-27T01:00:00Z,
14.7,15.435,2024-07-27T01:00:00Z,2024-07-27T01:30:00Z,
14.13,14.8365,2024-07-27T01:30:00Z,2024-07-27T02:00:00Z,
14.45,15.1725,2024-07-27T02:00:00Z,2024-07-27T02:30:00Z,
14.13,14.8365,2024-07-27T02:30:00Z,2024-07-27T03:00:00Z,
14.28,14.994,2024-07-27T03:00:00Z,2024-07-27T03:30:00Z,
14.28,14.994,2024-07-27T03:30:00Z,2024-07-27T04:00:00Z,
14.13,14.8365,2024-07-27T04:00:00Z,2024-07-27T04:30:00Z,
13.94,14.637,2024-07-27T04:30:00Z,2024-07-27T05:00:00Z,
14.15,14.8575,2024-07-27T05:00:00Z,2024-07-27T05:30:00Z,
14.55,15.2775,2024-07-27T05:30:00Z,2024-07-27T06:00:00Z,
13.65,14.3325,2024-07-27T06:00:00Z,2024-07-27T06:30:00Z,
13.86,14.553,2024-07-27T06:30:00Z,2024-07-27T07:00:00Z,
14.5,15.225,2024-07-27T07:00:00Z,2024-07-27T07:30:00Z,
15.6,16.38,2024-07-27T07:30:00Z,2024-07-27T08:00:00Z,
15.57,16.3485,2024-07-27T08:00:00Z,2024-07-27T08:30:00Z,
15.2,15.96,2024-07-27T08:30:00Z,2024-07-27T09:00:00Z,
15.92,16.716,2024-07-27T09:00:00Z,2024-07-27T09:30:00Z,
15.12,15.876,2024-07-27T09:30:00Z,2024-07-27T10:00:00Z,
15.48,16.254,2024-07-27T10:00:00Z,2024-07-27T10:30:00Z,
14.76,15.498,2024-07-27T10:30:00Z,2024-07-27T11:00:00Z,
15.54,16.317,2024-07-27T11:00:00Z,2024-07-27T11:30:00Z,
14.13,14.8365,2024-07-27T11:30:00Z,2024-07-27T12:00:00Z,
14.18,14.889,2024-07-27T12:00:00Z,2024-07-27T12:30:00Z,
13.65,14.3325,2024-07-27T12:30:00Z,2024-07-27T13:00:00Z,
13.36,14.028,2024-07-27T13:00:00Z,2024-07-27T13:30:00Z,
13.36,14.028,2024-07-27T13:30:00Z,2024-07-27T14:00:00Z,
14.07,14.7735,2024-07-27T14:00:00Z,2024-07-27T14:30:00Z,
14.45,15.1725,2024-07-27T14:30:00Z,2024-07-27T15:00:00Z,
27.67,29.0535,2024-07-27T15:00:00Z,2024-07-27T15:30:00Z,
28.55,29.9775,2024-07-27T15:30:00Z,2024-07-27T16:00:00Z,
28.98,30.429,2024-07-27T16:00:00Z,2024-07-27T16:30:00Z,
30.85,32.3925,2024-07-27T16:30:00Z,2024-07-27T17:00:00Z,
32.15,33.7575,2024-07-27T17:00:00Z,2024-07-27T17:30:00Z,
32.8,34.44,2024-07-27T17:30:00Z,2024-07-27T18:00:00Z,
20.16,21.168,2024-07-27T18:00:00Z,2024-07-27T18:30:00Z,
20.16,21.168,2024-07-27T18:30:00Z,2024-07-27T19:00:00Z,
19.8,20.79,2024-07-27T19:00:00Z,2024-07-27T19:30:00Z,
19.8,20.79,2024-07-27T19:30:00Z,2024-07-27T20:00:00Z,
19.32,20.286,2024-07-27T20:00:00Z,2024-07-27T20:30:00Z,
18.82,19.761,2024-07-27T20:30:00Z,2024-07-27T21:00:00Z,
18.48,19.404,2024-07-27T21:00:00Z,2024-07-27T21:30:00Z,
16.62,17.451,2024-07-27T21:30:00Z,2024-07-27T22:00:00Z,
18.06,18.963,2024-07-27T22:00:00Z,2024-07-27T22:30:00Z,
18.21,19.1205,2024-07-27T22:30:00Z,2024-07-27T23:00:00Z,
16.59,17.4195,2024-07-27T23:00:00Z,2024-07-27T23:30:00Z,
18.38,19.299,2024-07-27T23:30:00Z,2024-07-28T00:00:00Z,
16.99,17.8395,2024-07-28T00:00:00Z,2024-07-28T00:30:00Z,
16.8,17.64,2024-07-28T00:30:00Z,2024-07-28T01:00:00Z,
16.8,17.64,2024-07-28T01:00:00Z,2024-07-28T01:30:00Z,
15.04,15.792,2024-07-28T01:30:00Z,2024-07-28T02:00:00Z,
16.38,17.199,2024-07-28T02:00:00Z,2024-07-28T02:30:00Z,
15.25,16.0125,2024-07-28T02:30:00Z,2024-07-28T03:00:00Z,
15.33,16.0965,2024-07-28T03:00:00Z,2024-07-28T03:30:00Z,
14.08,14.784,2024-07-28T03:30:00Z,2024-07-28T04:00:00Z,
14.08,14.784,2024-07-28T04:00:00Z,2024-07-28T04:30:00Z,
14.51,15.2355,2024-07-28T04:30:00Z,2024-07-28T05:00:00Z,
14.53,15.2565,2024-07-28T05:00:00Z,2024-07-28T05:30:00Z,
15.12,15.876,2024-07-28T05:30:00Z,2024-07-28T06:00:00Z,
15.45,16.2225,2024-07-28T06:00:00Z,2024-07-28T06:30:00Z,
15.54,16.317,2024-07-28T06:30:00Z,2024-07-28T07:00:00Z,
17.01,17.8605,2024-07-28T07:00:00Z,2024-07-28T07:30:00Z,
17.39,18.2595,2024-07-28T07:30:00Z,2024-07-28T08:00:00Z,
16.34,17.157,2024-07-28T08:00:00Z,2024-07-28T08:30:00Z,
15.96,16.758,2024-07-28T08:30:00Z,2024-07-28T09:00:00Z,
16.59,17.4195,2024-07-28T09:00:00Z,2024-07-28T09:30:00Z,
15.33,16.0965,2024-07-28T09:30:00Z,2024-07-28T10:00:00Z,
14.91,15.6555,2024-07-28T10:00:00Z,2024-07-28T10:30:00Z,
14.28,14.994,2024-07-28T10:30:00Z,2024-07-28T11:00:00Z,
15.33,16.0965,2024-07-28T11:00:00Z,2024-07-28T11:30:00Z,
15.12,15.876,2024-07-28T11:30:00Z,2024-07-28T12:00:00Z,
14.01,14.7105,2024-07-28T12:00:00Z,2024-07-28T12:30:00Z,
14.01,14.7105,2024-07-28T12:30:00Z,2024-07-28T13:00:00Z,
13.04,13.692,2024-07-28T13:00:00Z,2024-07-28T13:30:00Z,
13.04,13.692,2024-07-28T13:30:00Z,2024-07-28T14:00:00Z,
14.13,14.8365,2024-07-28T14:00:00Z,2024-07-28T14:30:00Z,
14.38,15.099,2024-07-28T14:30:00Z,2024-07-28T15:00:00Z,
27.7,29.085,2024-07-28T15:00:00Z,2024-07-28T15:30:00Z,
27.32,28.686,2024-07-28T15:30:00Z,2024-07-28T16:00:00Z,
28.33,29.7465,2024-07-28T16:00:00Z,2024-07-28T16:30:00Z,
28.88,30.324,2024-07-28T16:30:00Z,2024-07-28T17:00:00Z,
31.27,32.8335,2024-07-28T17:00:00Z,2024-07-28T17:30:00Z,
31.69,33.2745,2024-07-28T17:30:00Z,2024-07-28T18:00:00Z,
19.15,20.1075,2024-07-28T18:00:00Z,2024-07-28T18:30:00Z,
19.11,20.0655,2024-07-28T18:30:00Z,2024-07-28T19:00:00Z,
18.48,19.404,2024-07-28T19:00:00Z,2024-07-28T19:30:00Z,
18.14,19.047,2024-07-28T19:30:00Z,2024-07-28T20:00:00Z,
18.25,19.1625,2024-07-28T20:00:00Z,2024-07-28T20:30:00Z,
17.26,18.123,2024-07-28T20:30:00Z,2024-07-28T21:00:00Z,
14.89,15.6345,2024-07-28T21:00:00Z,2024-07-28T21:30:00Z,
13.44,14.112,2024-07-28T21:30:00Z,2024-07-28T22:00:00Z,
14.91,15.6555,2024-07-28T22:00:00Z,2024-07-28T22:30:00Z,
13.99,14.6895,2024-07-28T22:30:00Z,2024-07-28T23:00:00Z,
14.09,14.7945,2024-07-28T23:00:00Z,2024-07-28T23:30:00Z,
13.65,14.3325,2024-07-28T23:30:00Z,2024-07-29T00:00:00Z,
12.97,13.6185,2024-07-29T00:00:00Z,2024-07-29T00:30:00Z,
12.1,12.705,2024-07-29T00:30:00Z,2024-07-29T01:00:00Z,
12.68,13.314,2024-07-29T01:00:00Z,2024-07-29T01:30:00Z,
11.4,11.97,2024-07-29T01:30:00Z,2024-07-29T02:00:00Z,
12.7,13.335,2024-07-29T02:00:00Z,2024-07-29T02:30:00Z,
13.0,13.65,2024-07-29T02:30:00Z,2024-07-29T03:00:00Z,
12.55,13.1775,2024-07-29T03:00:00Z,2024-07-29T03:30:00Z,
12.38,12.999,2024-07-29T03:30:00Z,2024-07-29T04:00:00Z,
12.86,13.503,2024-07-29T04:00:00Z,2024-07-29T04:30:00Z,
12.18,12.789,2024-07-29T04:30:00Z,2024-07-29T05:00:00Z,
15.75,16.5375,2024-07-29T05:00:00Z,2024-07-29T05:30:00Z,
15.12,15.876,2024-07-29T05:30:00Z,2024-07-29T06:00:00Z,
15.75,16.5375,2024-07-29T06:00:00Z,2024-07-29T06:30:00Z,
18.44,19.362,2024-07-29T06:30:00Z,2024-07-29T07:00:00Z,
18.48,19.404,2024-07-29T07:00:00Z,2024-07-29T07:30:00Z,
18.6,19.53,2024-07-29T07:30:00Z,2024-07-29T08:00:00Z,
17.85,18.7425,2024-07-29T08:00:00Z,2024-07-29T08:30:00Z,
15.27,16.0335,2024-07-29T08:30:00Z,2024-07-29T09:00:00Z,
14.91,15.6555,2024-07-29T09:00:00Z,2024-07-29T09:30:00Z,
15.33,16.0965,2024-07-29T09:30:00Z,2024-07-29T10:00:00Z,
14.91,15.6555,2024-07-29T10:00:00Z,2024-07-29T10:30:00Z,
14.91,15.6555,2024-07-29T10:30:00Z,2024-07-29T11:00:00Z,
14.98,15.729,2024-07-29T11:00:00Z,2024-07-29T11:30:00Z,
14.49,15.2145,2024-07-29T11:30:00Z,2024-07-29T12:00:00Z,
14.7,15.435,2024-07-29T12:00:00Z,2024-07-29T12:30:00Z,
13.65,14.3325,2024-07-29T12:30:00Z,2024-07-29T13:00:00Z,
13.99,14.6895,2024-07-29T13:00:00Z,2024-07-29T13:30:00Z,
13.7,14.385,2024-07-29T13:30:00Z,2024-07-29T14:00:00Z,
13.65,14.3325,2024-07-29T14:00:00Z,2024-07-29T14:30:00Z,
13.87,14.5635,2024-07-29T14:30:00Z,2024-07-29T15:00:00Z,
27.28,28.644,2024-07-29T15:00:00Z,2024-07-29T15:30:00Z,
27.28,28.644,2024-07-29T15:30:00Z,2024-07-29T16:00:00Z,
28.12,29.526,2024-07-29T16:00:00Z,2024-07-29T16:30:00Z,
30.64,32.172,2024-07-29T16:30:00Z,2024-07-29T17:00:00Z,
31.93,33.5265,2024-07-29T17:00:00Z,2024-07-29T17:30:00Z,
32.13,33.7365,2024-07-29T17:30:00Z,2024-07-29T18:00:00Z,
18.9,19.845,2024-07-29T18:00:00Z,2024-07-29T18:30:00Z,
18.48,19.404,2024-07-29T18:30:00Z,2024-07-29T19:00:00Z,
18.82,19.761,2024-07-29T19:00:00Z,2024-07-29T19:30:00Z,
17.35,18.2175,2024-07-29T19:30:00Z,2024-07-29T20:00:00Z,
17.35,18.2175,2024-07-29T20:00:00Z,2024-07-29T20:30:00Z,
15.54,16.317,2024-07-29T20:30:00Z,2024-07-29T21:00:00Z,
17.64,18.522,2024-07-29T21:00:00Z,2024-07-29T21:30:00Z,
13.05,13.7025,2024-07-29T21:30:00Z,2024-07-29T22:00:00Z,
13.92,14.616,2024-07-29T22:00:00Z,2024-07-29T22:30:00Z,
13.02,13.671,2024-07-29T22:30:00Z,2024-07-29T23:00:00Z,
13.82,14.511,2024-07-29T23:00:00Z,2024-07-29T23:30:00Z,
13.65,14.3325,2024-07-29T23:30:00Z,2024-07-30T00:00:00Z,
14.07,14.7735,2024-07-30T00:00:00Z,2024-07-30T00:30:00Z,
14.07,14.7735,2024-07-30T00:30:00Z,2024-07-30T01:00:00Z,
15.05,15.8025,2024-07-30T01:00:00Z,2024-07-30T01:30:00Z,
14.77,15.5085,2024-07-30T01:30:00Z,2024-07-30T02:00:00Z,
15.12,15.876,2024-07-30T02:00:00Z,2024-07-30T02:30:00Z,
14.26,14.973,2024-07-30T02:30:00Z,2024-07-30T03:00:00Z,
14.77,15.5085,2024-07-30T03:00:00Z,2024-07-30T03:30:00Z,
14.77,15.5085,2024-07-30T03:30:00Z,2024-07-30T04:00:00Z,
14.74,15.477,2024-07-30T04:00:00Z,2024-07-30T04:30:00Z,
14.91,15.6555,2024-07-30T04:30:00Z,2024-07-30T05:00:00Z,
16.8,17.64,2024-07-30T05:00:00Z,2024-07-30T05:30:00Z,
17.85,18.7425,2024-07-30T05:30:00Z,2024-07-30T06:00:00Z,
18.19,19.0995,2024-07-30T06:00:00Z,2024-07-30T06:30:00Z,
20.16,21.168,2024-07-30T06:30:00Z,2024-07-30T07:00:00Z,
18.61,19.5405,2024-07-30T07:00:00Z,2024-07-30T07:30:00Z,
17.93,18.8265,2024-07-30T07:30:00Z,2024-07-30T08:00:00Z,
17.81,18.7005,2024-07-30T08:00:00Z,2024-07-30T08:30:00Z,
15.38,16.149,2024-07-30T08:30:00Z,2024-07-30T09:00:00Z,
14.32,15.036,2024-07-30T09:00:00Z,2024-07-30T09:30:00Z,
13.65,14.3325,2024-07-30T09:30:00Z,2024-07-30T10:00:00Z,
14.16,14.868,2024-07-30T10:00:00Z,2024-07-30T10:30:00Z,
13.65,14.3325,2024-07-30T10:30:00Z,2024-07-30T11:00:00Z,
14.43,15.1515,2024-07-30T11:00:00Z,2024-07-30T11:30:00Z,
14.45,15.1725,2024-07-30T11:30:00Z,2024-07-30T12:00:00Z,
15.12,15.876,2024-07-30T12:00:00Z,2024-07-30T12:30:00Z,
14.15,14.8575,2024-07-30T12:30:00Z,2024-07-30T13:00:00Z,
14.53,15.2565,2024-07-30T13:00:00Z,2024-07-30T13:30:00Z,
14.8,15.54,2024-07-30T13:30:00Z,2024-07-30T14:00:00Z,
14.77,15.5085,2024-07-30T14:00:00Z,2024-07-30T14:30:00Z,
14.85,15.5925,2024-07-30T14:30:00Z,2024-07-30T15:00:00Z,
26.44,27.762,2024-07-30T15:00:00Z,2024-07-30T15:30:00Z,
26.86,28.203,2024-07-30T15:30:00Z,2024-07-30T16:00:00Z,
29.26,30.723,2024-07-30T16:00:00Z,2024-07-30T16:30:00Z,
32.0,33.6,2024-07-30T16:30:00Z,2024-07-30T17:00:00Z,
33.79,35.4795,2024-07-30T17:00:00Z,2024-07-30T17:30:00Z,
34.0,35.7,2024-07-30T17:30:00Z,2024-07-30T18:00:00Z,
22.05,23.1525,2024-07-30T18:00:00Z,2024-07-30T18:30:00Z,
21.57,22.6485,2024-07-30T18:30:00Z,2024-07-30T19:00:00Z,
21.17,22.2285,2024-07-30T19:00:00Z,2024-07-30T19:30:00Z,
21.17,22.2285,2024-07-30T19:30:00Z,2024-07-30T20:00:00Z,
21.0,22.05,2024-07-30T20:00:00Z,2024-07-30T20:30:00Z,
19.3,20.265,2024-07-30T20:30:00Z,2024-07-30T21:00:00Z,
18.48,19.404,2024-07-30T21:00:00Z,2024-07-30T21:30:00Z,
16.46,17.283,2024-07-30T21:30:00Z,2024-07-30T22:00:00Z,
18.16,19.068,2024-07-30T22:00:00Z,2024-07-30T22:30:00Z,
18.69,19.6245,2024-07-30T22:30:00Z,2024-07-30T23:00:00Z,
15.73,16.5165,2024-07-30T23:00:00Z,2024-07-30T23:30:00Z,
16.8,17.64,2024-07-30T23:30:00Z,2024-07-31T00:00:00Z,
16.46,17.283,2024-07-31T00:00:00Z,2024-07-31T00:30:00Z,
15.2,15.96,2024-07-31T00:30:00Z,2024-07-31T01:00:00Z,
14.91,15.6555,2024-07-31T01:00:00Z,2024-07-31T01:30:00Z,
14.91,15.6555,2024-07-31T01:30:00Z,2024-07-31T02:00:00Z,
14.8,15.54,2024-07-31T02:00:00Z,2024-07-31T02:30:00Z,
14.8,15.54,2024-07-31T02:30:00Z,2024-07-31T03:00:00Z,
15.12,15.876,2024-07-31T03:00:00Z,2024-07-31T03:30:00Z,
14.91,15.6555,2024-07-31T03:30:00Z,2024-07-31T04:00:00Z,
14.91,15.6555,2024-07-31T04:00:00Z,2024-07-31T04:30:00Z,
15.54,16.317,2024-07-31T04:30:00Z,2024-07-31T05:00:00Z,
15.75,16.5375,2024-07-31T05:00:00Z,2024-07-31T05:30:00Z,
18.4,19.32,2024-07-31T05:30:00Z,2024-07-31T06:00:00Z,
17.14,17.997,2024-07-31T06:00:00Z,2024-07-31T06:30:00Z,
19.53,20.5065,2024-07-31T06:30:00Z,2024-07-31T07:00:00Z,
18.82,19.761,2024-07-31T07:00:00Z,2024-07-31T07:30:00Z,
18.48,19.404,2024-07-31T07:30:00Z,2024-07-31T08:00:00Z,
18.9,19.845,2024-07-31T08:00:00Z,2024-07-31T08:30:00Z,
16.6,17.43,2024-07-31T08:30:00Z,2024-07-31T09:00:00Z,
17.22,18.081,2024-07-31T09:00:00Z,2024-07-31T09:30:00Z,
16.38,17.199,2024-07-31T09:30:00Z,2024-07-31T10:00:00Z,
16.44,17.262,2024-07-31T10:00:00Z,2024-07-31T10:30:00Z,
15.44,16.212,2024-07-31T10:30:00Z,2024-07-31T11:00:00Z,
16.46,17.283,2024-07-31T11:00:00Z,2024-07-31T11:30:00Z,
15.5,16.275,2024-07-31T11:30:00Z,2024-07-31T12:00:00Z,
15.12,15.876,2024-07-31T12:00:00Z,2024-07-31T12:30:00Z,
14.16,14.868,2024-07-31T12:30:00Z,2024-07-31T13:00:00Z,
14.32,15.036,2024-07-31T13:00:00Z,2024-07-31T13:30:00Z,
14.6,15.33,2024-07-31T13:30:00Z,2024-07-31T14:00:00Z,
15.25,16.0125,2024-07-31T14:00:00Z,2024-07-31T14:30:00Z,
16.8,17.64,2024-07-31T14:30:00Z,2024-07-31T15:00:00Z,
27.7,29.085,2024-07-31T15:00:00Z,2024-07-31T15:30:00Z,
28.96,30.408,2024-07-31T15:30:00Z,2024-07-31T16:00:00Z,
29.9,31.395,2024-07-31T16:00:00Z,2024-07-31T16:30:00Z,
31.06,32.613,2024-07-31T16:30:00Z,2024-07-31T17:00:00Z,
33.48,35.154,2024-07-31T17:00:00Z,2024-07-31T17:30:00Z,
34.0,35.7,2024-07-31T17:30:00Z,2024-07-31T18:00:00Z,
21.42,22.491,2024-07-31T18:00:00Z,2024-07-31T18:30:00Z,
21.0,22.05,2024-07-31T18:30:00Z,2024-07-31T19:00:00Z,
20.58,21.609,2024-07-31T19:00:00Z,2024-07-31T19:30:00Z,
20.5,21.525,2024-07-31T19:30:00Z,2024-07-31T20:00:00Z,
20.16,21.168,2024-07-31T20:00:00Z,2024-07-31T20:30:00Z,
19.15,20.1075,2024-07-31T20:30:00Z,2024-07-31T21:00:00Z,
18.9,19.845,2024-07-31T21:00:00Z,2024-07-31T21:30:00Z,
16.79,17.6295,2024-07-31T21:30:00Z,2024-07-31T22:00:00Z,
16.84,17.682,2024-07-31T22:00:00Z,2024-07-31T22:30:00Z,
16.93,17.7765,2024-07-31T22:30:00Z,2024-07-31T23:00:00Z,
17.17,18.0285,2024-07-31T23:00:00Z,2024-07-31T23:30:00Z,
15.54,16.317,2024-07-31T23:30:00Z,2024-08-01T00:00:00Z,
15.54,16.317,2024-08-01T00:00:00Z,2024-08-01T00:30:00Z,
14.76,15.498,2024-08-01T00:30:00Z,2024-08-01T01:00:00Z,
14.97,15.7185,2024-08-01T01:00:00Z,2024-08-01T01:30:00Z,
14.78,15.519,2024-08-01T01:30:00Z,2024-08-01T02:00:00Z,
15.12,15.876,2024-08-01T02:00:00Z,2024-08-01T02:30:00Z,
14.79,15.5295,2024-08-01T02:30:00Z,2024-08-01T03:00:00Z,
14.43,15.1515,2024-08-01T03:00:00Z,2024-08-01T03:30:00Z,
14.41,15.1305,2024-08-01T03:30:00Z,2024-08-01T04:00:00Z,
15.75,16.5375,2024-08-01T04:00:00Z,2024-08-01T04:30:00Z,
16.9,17.745,2024-08-01T04:30:00Z,2024-08-01T05:00:00Z,
17.64,18.522,2024-08-01T05:00:00Z,2024-08-01T05:30:00Z,
18.33,19.2465,2024-08-01T05:30:00Z,2024-08-01T06:00:00Z,
19.24,20.202,2024-08-01T06:00:00Z,2024-08-01T06:30:00Z,
21.0,22.05,2024-08-01T06:30:00Z,2024-08-01T07:00:00Z,
20.5,21.525,2024-08-01T07:00:00Z,2024-08-01T07:30:00Z,
20.58,21.609,2024-08-01T07:30:00Z,2024-08-01T08:00:00Z,
20.26,21.273,2024-08-01T08:00:00Z,2024-08-01T08:30:00Z,
18.77,19.7085,2024-08-01T08:30:00Z,2024-08-01T09:00:00Z,
18.9,19.845,2024-08-01T09:00:00Z,2024-08-01T09:30:00Z,
18.06,18.963,2024-08-01T09:30:00Z,2024-08-01T10:00:00Z,
18.06,18.963,2024-08-01T10:00:00Z,2024-08-01T10:30:00Z,
16.51,17.3355,2024-08-01T10:30:00Z,2024-08-01T11:00:00Z,
16.19,16.9995,2024-08-01T11:00:00Z,2024-08-01T11:30:00Z,
15.83,16.6215,2024-08-01T11:30:00Z,2024-08-01T12:00:00Z,
15.14,15.897,2024-08-01T12:00:00Z,2024-08-01T12:30:00Z,
14.6,15.33,2024-08-01T12:30:00Z,2024-08-01T13:00:00Z,
14.6,15.33,2024-08-01T13:00:00Z,2024-08-01T13:30:00Z,
14.6,15.33,2024-08-01T13:30:00Z,2024-08-01T14:00:00Z,
14.57,15.2985,2024-08-01T14:00:00Z,2024-08-01T14:30:00Z,
14.7,15.435,2024-08-01T14:30:00Z,2024-08-01T15:00:00Z,
27.6,28.98,2024-08-01T15:00:00Z,2024-08-01T15:30:00Z,
29.38,30.849,2024-08-01T15:30:00Z,2024-08-01T16:00:00Z,
30.37,31.8885,2024-08-01T16:00:00Z,2024-08-01T16:30:00Z,
31.16,32.718,2024-08-01T16:30:00Z,2024-08-01T17:00:00Z,
32.89,34.5345,2024-08-01T17:00:00Z,2024-08-01T17:30:00Z,
32.95,34.5975,2024-08-01T17:30:00Z,2024-08-01T18:00:00Z,
20.88,21.924,2024-08-01T18:00:00Z,2024-08-01T18:30:00Z,
21.5,22.575,2024-08-01T18:30:00Z,2024-08-01T19:00:00Z,
20.16,21.168,2024-08-01T19:00:00Z,2024-08-01T19:30:00Z,
19.74,20.727,2024-08-01T19:30:00Z,2024-08-01T20:00:00Z,
20.33,21.3465,2024-08-01T20:00:00Z,2024-08-01T20:30:00Z,
19.32,20.286,2024-08-01T20:30:00Z,2024-08-01T21:00:00Z,
18.06,18.963,2024-08-01T21:00:00Z,2024-08-01T21:30:00Z,
15.54,16.317,2024-08-01T21:30:00Z,2024-08-01T22:00:00Z,
17.25,18.1125,2024-08-01T22:00:00Z,2024-08-01T22:30:00Z,
18.9,19.845,2024-08-01T22:30:00Z,2024-08-01T23:00:00Z,
16.72,17.556,2024-08-01T23:00:00Z,2024-08-01T23:30:00Z,
16.55,17.3775,2024-08-01T23:30:00Z,2024-08-02T00:00:00Z,
15.67,16.4535,2024-08-02T00:00:00Z,2024-08-02T00:30:00Z,
15.54,16.317,2024-08-02T00:30:00Z,2024-08-02T01:00:00Z,
15.28,16.044,2024-08-02T01:00:00Z,2024-08-02T01:30:00Z,
14.2,14.91,2024-08-02T01:30:00Z,2024-08-02T02:00:00Z,
15.22,15.981,2024-08-02T02:00:00Z,2024-08-02T02:30:00Z,
14.7,15.435,2024-08-02T02:30:00Z,2024-08-02T03:00:00Z,
15.12,15.876,2024-08-02T03:00:00Z,2024-08-02T03:30:00Z,
14.28,14.994,2024-08-02T03:30:00Z,2024-08-02T04:00:00Z,
15.67,16.4535,2024-08-02T04:00:00Z,2024-08-02T04:30:00Z,
16.09,16.8945,2024-08-02T04:30:00Z,2024-08-02T05:00:00Z,
18.27,19.1835,2024-08-02T05:00:00Z,2024-08-02T05:30:00Z,
19.53,20.5065,2024-08-02T05:30:00Z,2024-08-02T06:00:00Z,
18.12,19.026,2024-08-02T06:00:00Z,2024-08-02T06:30:00Z,
19.32,20.286,2024-08-02T06:30:00Z,2024-08-02T07:00:00Z,
19.0,19.95,2024-08-02T07:00:00Z,2024-08-02T07:30:00Z,
18.48,19.404,2024-08-02T07:30:00Z,2024-08-02T08:00:00Z,
16.88,17.724,2024-08-02T08:00:00Z,2024-08-02T08:30:00Z,
16.13,16.9365,2024-08-02T08:30:00Z,2024-08-02T09:00:00Z,
15.33,16.0965,2024-08-02T09:00:00Z,2024-08-02T09:30:00Z,
15.12,15.876,2024-08-02T09:30:00Z,2024-08-02T10:00:00Z,
13.15,13.8075,2024-08-02T10:00:00Z,2024-08-02T10:30:00Z,
12.6,13.23,2024-08-02T10:30:00Z,2024-08-02T11:00:00Z,
12.18,12.789,2024-08-02T11:00:00Z,2024-08-02T11:30:00Z,
12.08,12.684,2024-08-02T11:30:00Z,2024-08-02T12:00:00Z,
12.46,13.083,2024-08-02T12:00:00Z,2024-08-02T12:30:00Z,
11.48,12.054,2024-08-02T12:30:00Z,2024-08-02T13:00:00Z,
12.18,12.789,2024-08-02T13:00:00Z,2024-08-02T13:30:00Z,
12.18,12.789,2024-08-02T13:30:00Z,2024-08-02T14:00:00Z,
13.1,13.755,2024-08-02T14:00:00Z,2024-08-02T14:30:00Z,
13.25,13.9125,2024-08-02T14:30:00Z,2024-08-02T15:00:00Z,
27.07,28.4235,2024-08-02T15:00:00Z,2024-08-02T15:30:00Z,
28.18,29.589,2024-08-02T15:30:00Z,2024-08-02T16:00:00Z,
30.85,32.3925,2024-08-02T16:00:00Z,2024-08-02T16:30:00Z,
28.96,30.408,2024-08-02T16:30:00Z,2024-08-02T17:00:00Z,
30.85,32.3925,2024-08-02T17:00:00Z,2024-08-02T17:30:00Z,
30.85,32.3925,2024-08-02T17:30:00Z,2024-08-02T18:00:00Z,
20.7,21.735,2024-08-02T18:00:00Z,2024-08-02T18:30:00Z,
19.66,20.643,2024-08-02T18:30:00Z,2024-08-02T19:00:00Z,
19.49,20.4645,2024-08-02T19:00:00Z,2024-08-02T19:30:00Z,
19.78,20.769,2024-08-02T19:30:00Z,2024-08-02T20:00:00Z,
18.9,19.845,2024-08-02T20:00:00Z,2024-08-02T20:30:00Z,
18.88,19.824,2024-08-02T20:30:00Z,2024-08-02T21:00:00Z,
18.27,19.1835,2024-08-02T21:00:00Z,2024-08-02T21:30:00Z,
15.33,16.0965,2024-08-02T21:30:00Z,2024-08-02T22:00:00Z,
16.17,16.9785,2024-08-02T22:00:00Z,2024-08-02T22:30:00Z,
16.8,17.64,2024-08-02T22:30:00Z,2024-08-02T23:00:00Z,
16.3,17.115,2024-08-02T23:00:00Z,2024-08-02T23:30:00Z,
16.38,17.199,2024-08-02T23:30:00Z,2024-08-03T00:00:00Z,
16.14,16.947,2024-08-03T00:00:00Z,2024-08-03T00:30:00Z,
15.37,16.1385,2024-08-03T00:30:00Z,2024-08-03T01:00:00Z,
15.46,16.233,2024-08-03T01:00:00Z,2024-08-03T01:30:00Z,
15.22,15.981,2024-08-03T01:30:00Z,2024-08-03T02:00:00Z,
14.79,15.5295,2024-08-03T02:00:00Z,2024-08-03T02:30:00Z,
14.91,15.6555,2024-08-03T02:30:00Z,2024-08-03T03:00:00Z,
15.33,16.0965,2024-08-03T03:00:00Z,2024-08-03T03:30:00Z,
15.48,16.254,2024-08-03T03:30:00Z,2024-08-03T04:00:00Z,
15.71,16.4955,2024-08-03T04:00:00Z,2024-08-03T04:30:00Z,
16.46,17.283,2024-08-03T04:30:00Z,2024-08-03T05:00:00Z,
17.22,18.081,2024-08-03T05:00:00Z,2024-08-03T05:30:00Z,
17.81,18.7005,2024-08-03T05:30:00Z,2024-08-03T06:00:00Z,
14.7,15.435,2024-08-03T06:00:00Z,2024-08-03T06:30:00Z,
16.14,16.947,2024-08-03T06:30:00Z,2024-08-03T07:00:00Z,
18.9,19.845,2024-08-03T07:00:00Z,2024-08-03T07:30:00Z,
19.95,20.9475,2024-08-03T07:30:00Z,2024-08-03T08:00:00Z,
20.18,21.189,2024-08-03T08:00:00Z,2024-08-03T08:30:00Z,
19.62,20.601,2024-08-03T08:30:00Z,2024-08-03T09:00:00Z,
19.74,20.727,2024-08-03T09:00:00Z,2024-08-03T09:30:00Z,
18.23,19.1415,2024-08-03T09:30:00Z,2024-08-03T10:00:00Z,
18.38,19.299,2024-08-03T10:00:00Z,2024-08-03T10:30:00Z,
17.64,18.522,2024-08-03T10:30:00Z,2024-08-03T11:00:00Z,
18.06,18.963,2024-08-03T11:00:00Z,2024-08-03T11:30:00Z,
16.13,16.9365,2024-08-03T11:30:00Z,2024-08-03T12:00:00Z,
13.86,14.553,2024-08-03T12:00:00Z,2024-08-03T12:30:00Z,
13.19,13.8495,2024-08-03T12:30:00Z,2024-08-03T13:00:00Z,
12.39,13.0095,2024-08-03T13:00:00Z,2024-08-03T13:30:00Z,
13.1,13.755,2024-08-03T13:30:00Z,2024-08-03T14:00:00Z,
12.75,13.3875,2024-08-03T14:00:00Z,2024-08-03T14:30:00Z,
13.44,14.112,2024-08-03T14:30:00Z,2024-08-03T15:00:00Z,
25.81,27.1005,2024-08-03T15:00:00Z,2024-08-03T15:30:00Z,
26.86,28.203,2024-08-03T15:30:00Z,2024-08-03T16:00:00Z,
28.39,29.8095,2024-08-03T16:00:00Z,2024-08-03T16:30:00Z,
30.6,32.13,2024-08-03T16:30:00Z,2024-08-03T17:00:00Z,
30.01,31.5105,2024-08-03T17:00:00Z,2024-08-03T17:30:00Z,
31.48,33.054,2024-08-03T17:30:00Z,2024-08-03T18:00:00Z,
19.34,20.307,2024-08-03T18:00:00Z,2024-08-03T18:30:00Z,
20.12,21.126,2024-08-03T18:30:00Z,2024-08-03T19:00:00Z,
19.95,20.9475,2024-08-03T19:00:00Z,2024-08-03T19:30:00Z,
19.13,20.0865,2024-08-03T19:30:00Z,2024-08-03T20:00:00Z,
19.76,20.748,2024-08-03T20:00:00Z,2024-08-03T20:30:00Z,
19.53,20.5065,2024-08-03T20:30:00Z,2024-08-03T21:00:00Z,
18.48,19.404,2024-08-03T21:00:00Z,2024-08-03T21:30:00Z,
15.05,15.8025,2024-08-03T21:30:00Z,2024-08-03T22:00:00Z,
18.86,19.803,2024-08-03T22:00:00Z,2024-08-03T22:30:00Z,
19.32,20.286,2024-08-03T22:30:00Z,2024-08-03T23:00:00Z,
17.01,17.8605,2024-08-03T23:00:00Z,2024-08-03T23:30:00Z,
16.95,17.7975,2024-08-03T23:30:00Z,2024-08-04T00:00:00Z,
16.44,17.262,2024-08-04T00:00:00Z,2024-08-04T00:30:00Z,
16.42,17.241,2024-08-04T00:30:00Z,2024-08-04T01:00:00Z,
15.56,16.338,2024-08-04T01:00:00Z,2024-08-04T01:30:00Z,
15.41,16.1805,2024-08-04T01:30:00Z,2024-08-04T02:00:00Z,
15.54,16.317,2024-08-04T02:00:00Z,2024-08-04T02:30:00Z,
15.12,15.876,2024-08-04T02:30:00Z,2024-08-04T03:00:00Z,
14.13,14.8365,2024-08-04T03:00:00Z,2024-08-04T03:30:00Z,
14.05,14.7525,2024-08-04T03:30:00Z,2024-08-04T04:00:00Z,
13.38,14.049,2024-08-04T04:00:00Z,2024-08-04T04:30:00Z,
13.86,14.553,2024-08-04T04:30:00Z,2024-08-04T05:00:00Z,
13.38,14.049,2024-08-04T05:00:00Z,2024-08-04T05:30:00Z,
13.38,14.049,2024-08-04T05:30:00Z,2024-08-04T06:00:00Z,
14.36,15.078,2024-08-04T06:00:00Z,2024-08-04T06:30:00Z,
15.96,16.758,2024-08-04T06:30:00Z,2024-08-04T07:00:00Z,
16.44,17.262,2024-08-04T07:00:00Z,2024-08-04T07:30:00Z,
17.43,18.3015,2024-08-04T07:30:00Z,2024-08-04T08:00:00Z,
18.48,19.404,2024-08-04T08:00:00Z,2024-08-04T08:30:00Z,
17.39,18.2595,2024-08-04T08:30:00Z,2024-08-04T09:00:00Z,
18.48,19.404,2024-08-04T09:00:00Z,2024-08-04T09:30:00Z,
17.81,18.7005,2024-08-04T09:30:00Z,2024-08-04T10:00:00Z,
17.89,18.7845,2024-08-04T10:00:00Z,2024-08-04T10:30:00Z,
17.77,18.6585,2024-08-04T10:30:00Z,2024-08-04T11:00:00Z,
17.3,18.165,2024-08-04T11:00:00Z,2024-08-04T11:30:00Z,
16.59,17.4195,2024-08-04T11:30:00Z,2024-08-04T12:00:00Z,
14.7,15.435,2024-08-04T12:00:00Z,2024-08-04T12:30:00Z,
13.61,14.2905,2024-08-04T12:30:00Z,2024-08-04T13:00:00Z,
10.92,11.466,2024-08-04T13:00:00Z,2024-08-04T13:30:00Z,
10.59,11.1195,2024-08-04T13:30:00Z,2024-08-04T14:00:00Z,
9.52,9.996,2024-08-04T14:00:00Z,2024-08-04T14:30:00Z,
10.5,11.025,2024-08-04T14:30:00Z,2024-08-04T15:00:00Z,
23.08,24.234,2024-08-04T15:00:00Z,2024-08-04T15:30:00Z,
25.6,26.88,2024-08-04T15:30:00Z,2024-08-04T16:00:00Z,
26.27,27.5835,2024-08-04T16:00:00Z,2024-08-04T16:30:00Z,
27.7,29.085,2024-08-04T16:30:00Z,2024-08-04T17:00:00Z,
29.04,30.492,2024-08-04T17:00:00Z,2024-08-04T17:30:00Z,
29.35,30.8175,2024-08-04T17:30:00Z,2024-08-04T18:00:00Z,
17.01,17.8605,2024-08-04T18:00:00Z,2024-08-04T18:30:00Z,
17.06,17.913,2024-08-04T18:30:00Z,2024-08-04T19:00:00Z,
16.8,17.64,2024-08-04T19:00:00Z,2024-08-04T19:30:00Z,
16.35,17.1675,2024-08-04T19:30:00Z,2024-08-04T20:00:00Z,
17.6,18.48,2024-08-04T20:00:00Z,2024-08-04T20:30:00Z,
15.08,15.834,2024-08-04T20:30:00Z,2024-08-04T21:00:00Z,
13.86,14.553,2024-08-04T21:00:00Z,2024-08-04T21:30:00Z,
12.18,12.789,2024-08-04T21:30:00Z,2024-08-04T22:00:00Z,
9.87,10.3635,2024-08-04T22:00:00Z,2024-08-04T22:30:00Z,
9.45,9.9225,2024-08-04T22:30:00Z,2024-08-04T23:00:00Z,
8.59,9.0195,2024-08-04T23:00:00Z,2024-08-04T23:30:00Z,
8.25,8.6625,2024-08-04T23:30:00Z,2024-08-05T00:00:00Z,
8.78,9.219,2024-08-05T00:00:00Z,2024-08-05T00:30:00Z,
8.04,8.442,2024-08-05T00:30:00Z,2024-08-05T01:00:00Z,
8.32,8.736,2024-08-05T01:00:00Z,2024-08-05T01:30:00Z,
7.81,8.2005,2024-08-05T01:30:00Z,2024-08-05T02:00:00Z,
10.08,10.584,2024-08-05T02:00:00Z,2024-08-05T02:30:00Z,
9.87,10.3635,2024-08-05T02:30:00Z,2024-08-05T03:00:00Z,
9.45,9.9225,2024-08-05T03:00:00Z,2024-08-05T03:30:00Z,
9.45,9.9225,2024-08-05T03:30:00Z,2024-08-05T04:00:00Z,
8.4,8.82,2024-08-05T04:00:00Z,2024-08-05T04:30:00Z,
10.08,10.584,2024-08-05T04:30:00Z,2024-08-05T05:00:00Z,
10.63,11.1615,2024-08-05T05:00:00Z,2024-08-05T05:30:00Z,
10.92,11.466,2024-08-05T05:30:00Z,2024-08-05T06:00:00Z,
10.92,11.466,2024-08-05T06:00:00Z,2024-08-05T06:30:00Z,
12.52,13.146,2024-08-05T06:30:00Z,2024-08-05T07:00:00Z,
10.92,11.466,2024-08-05T07:00:00Z,2024-08-05T07:30:00Z,
12.54,13.167,2024-08-05T07:30:00Z,2024-08-05T08:00:00Z,
11.34,11.907,2024-08-05T08:00:00Z,2024-08-05T08:30:00Z,
10.92,11.466,2024-08-05T08:30:00Z,2024-08-05T09:00:00Z,
11.13,11.6865,2024-08-05T09:00:00Z,2024-08-05T09:30:00Z,
10.92,11.466,2024-08-05T09:30:00Z,2024-08-05T10:00:00Z,
10.65,11.1825,2024-08-05T10:00:00Z,2024-08-05T10:30:00Z,
9.66,10.143,2024-08-05T10:30:00Z,2024-08-05T11:00:00Z,
10.5,11.025,2024-08-05T11:00:00Z,2024-08-05T11:30:00Z,
9.46,9.933,2024-08-05T11:30:00Z,2024-08-05T12:00:00Z,
10.92,11.466,2024-08-05T12:00:00Z,2024-08-05T12:30:00Z,
10.5,11.025,2024-08-05T12:30:00Z,2024-08-05T13:00:00Z,
11.13,11.6865,2024-08-05T13:00:00Z,2024-08-05T13:30:00Z,
11.24,11.802,2024-08-05T13:30:00Z,2024-08-05T14:00:00Z,
11.76,12.348,2024-08-05T14:00:00Z,2024-08-05T14:30:00Z,
12.6,13.23,2024-08-05T14:30:00Z,2024-08-05T15:00:00Z,
26.02,27.321,2024-08-05T15:00:00Z,2024-08-05T15:30:00Z,
27.28,28.644,2024-08-05T15:30:00Z,2024-08-05T16:00:00Z,
29.69,31.1745,2024-08-05T16:00:00Z,2024-08-05T16:30:00Z,
29.38,30.849,2024-08-05T16:30:00Z,2024-08-05T17:00:00Z,
31.88,33.474,2024-08-05T17:00:00Z,2024-08-05T17:30:00Z,
31.69,33.2745,2024-08-05T17:30:00Z,2024-08-05T18:00:00Z,
20.16,21.168,2024-08-05T18:00:00Z,2024-08-05T18:30:00Z,
19.97,20.9685,2024-08-05T18:30:00Z,2024-08-05T19:00:00Z,
19.35,20.3175,2024-08-05T19:00:00Z,2024-08-05T19:30:00Z,
18.9,19.845,2024-08-05T19:30:00Z,2024-08-05T20:00:00Z,
21.0,22.05,2024-08-05T20:00:00Z,2024-08-05T20:30:00Z,
19.32,20.286,2024-08-05T20:30:00Z,2024-08-05T21:00:00Z,
17.81,18.7005,2024-08-05T21:00:00Z,2024-08-05T21:30:00Z,
14.7,15.435,2024-08-05T21:30:00Z,2024-08-05T22:00:00Z,
15.75,16.5375,2024-08-05T22:00:00Z,2024-08-05T22:30:00Z,
15.44,16.212,2024-08-05T22:30:00Z,2024-08-05T23:00:00Z,
12.6,13.23,2024-08-05T23:00:00Z,2024-08-05T23:30:00Z,
12.18,12.789,2024-08-05T23:30:00Z,2024-08-06T00:00:00Z,
11.66,12.243,2024-08-06T00:00:00Z,2024-08-06T00:30:00Z,
11.76,12.348,2024-08-06T00:30:00Z,2024-08-06T01:00:00Z,
11.81,12.4005,2024-08-06T01:00:00Z,2024-08-06T01:30:00Z,
11.66,12.243,2024-08-06T01:30:00Z,2024-08-06T02:00:00Z,
11.67,12.2535,2024-08-06T02:00:00Z,2024-08-06T02:30:00Z,
11.97,12.5685,2024-08-06T02:30:00Z,2024-08-06T03:00:00Z,
12.52,13.146,2024-08-06T03:00:00Z,2024-08-06T03:30:00Z,
11.72,12.306,2024-08-06T03:30:00Z,2024-08-06T04:00:00Z,
13.65,14.3325,2024-08-06T04:00:00Z,2024-08-06T04:30:00Z,
14.28,14.994,2024-08-06T04:30:00Z,2024-08-06T05:00:00Z,
15.12,15.876,2024-08-06T05:00:00Z,2024-08-06T05:30:00Z,
16.63,17.4615,2024-08-06T05:30:00Z,2024-08-06T06:00:00Z,
15.54,16.317,2024-08-06T06:00:00Z,2024-08-06T06:30:00Z,
18.9,19.845,2024-08-06T06:30:00Z,2024-08-06T07:00:00Z,
18.9,19.845,2024-08-06T07:00:00Z,2024-08-06T07:30:00Z,
18.9,19.845,2024-08-06T07:30:00Z,2024-08-06T08:00:00Z,
18.9,19.845,2024-08-06T08:00:00Z,2024-08-06T08:30:00Z,
17.49,18.3645,2024-08-06T08:30:00Z,2024-08-06T09:00:00Z,
16.97,17.8185,2024-08-06T09:00:00Z,2024-08-06T09:30:00Z,
16.35,17.1675,2024-08-06T09:30:00Z,2024-08-06T10:00:00Z,
16.4,17.22,2024-08-06T10:00:00Z,2024-08-06T10:30:00Z,
16.38,17.199,2024-08-06T10:30:00Z,2024-08-06T11:00:00Z,
16.01,16.8105,2024-08-06T11:00:00Z,2024-08-06T11:30:00Z,
15.12,15.876,2024-08-06T11:30:00Z,2024-08-06T12:00:00Z,
13.32,13.986,2024-08-06T12:00:00Z,2024-08-06T12:30:00Z,
12.18,12.789,2024-08-06T12:30:00Z,2024-08-06T13:00:00Z,
11.97,12.5685,2024-08-06T13:00:00Z,2024-08-06T13:30:00Z,
11.97,12.5685,2024-08-06T13:30:00Z,2024-08-06T14:00:00Z,
11.22,11.781,2024-08-06T14:00:00Z,2024-08-06T14:30:00Z,
11.22,11.781,2024-08-06T14:30:00Z,2024-08-06T15:00:00Z,
24.42,25.641,2024-08-06T15:00:00Z,2024-08-06T15:30:00Z,
24.26,25.473,2024-08-06T15:30:00Z,2024-08-06T16:00:00Z,
26.27,27.5835,2024-08-06T16:00:00Z,2024-08-06T16:30:00Z,
27.32,28.686,2024-08-06T16:30:00Z,2024-08-06T17:00:00Z,
29.41,30.8805,2024-08-06T17:00:00Z,2024-08-06T17:30:00Z,
29.5,30.975,2024-08-06T17:30:00Z,2024-08-06T18:00:00Z,
18.69,19.6245,2024-08-06T18:00:00Z,2024-08-06T18:30:00Z,
18.82,19.761,2024-08-06T18:30:00Z,2024-08-06T19:00:00Z,
17.87,18.7635,2024-08-06T19:00:00Z,2024-08-06T19:30:00Z,
18.86,19.803,2024-08-06T19:30:00Z,2024-08-06T20:00:00Z,
18.06,18.963,2024-08-06T20:00:00Z,2024-08-06T20:30:00Z,
17.22,18.081,2024-08-06T20:30:00Z,2024-08-06T21:00:00Z,
16.13,16.9365,2024-08-06T21:00:00Z,2024-08-06T21:30:00Z,
14.7,15.435,2024-08-06T21:30:00Z,2024-08-06T22:00:00Z,
14.64,15.372,2024-08-06T22:00:00Z,2024-08-06T22:30:00Z,
14.7,15.435,2024-08-06T22:30:00Z,2024-08-06T23:00:00Z,
13.23,13.8915,2024-08-06T23:00:00Z,2024-08-06T23:30:00Z,
11.34,11.907,2024-08-06T23:30:00Z,2024-08-07T00:00:00Z,
11.13,11.6865,2024-08-07T00:00:00Z,2024-08-07T00:30:00Z,
9.28,9.744,2024-08-07T00:30:00Z,2024-08-07T01:00:00Z,
9.34,9.807,2024-08-07T01:00:00Z,2024-08-07T01:30:00Z,
7.64,8.022,2024-08-07T01:30:00Z,2024-08-07T02:00:00Z,
8.65,9.0825,2024-08-07T02:00:00Z,2024-08-07T02:30:00Z,
8.3,8.715,2024-08-07T02:30:00Z,2024-08-07T03:00:00Z,
8.19,8.5995,2024-08-07T03:00:00Z,2024-08-07T03:30:00Z,
8.19,8.5995,2024-08-07T03:30:00Z,2024-08-07T04:00:00Z,
7.24,7.602,2024-08-07T04:00:00Z,2024-08-07T04:30:00Z,
7.98,8.379,2024-08-07T04:30:00Z,2024-08-07T05:00:00Z,
9.24,9.702,2024-08-07T05:00:00Z,2024-08-07T05:30:00Z,
12.18,12.789,2024-08-07T05:30:00Z,2024-08-07T06:00:00Z,
11.71,12.2955,2024-08-07T06:00:00Z,2024-08-07T06:30:00Z,
13.86,14.553,2024-08-07T06:30:00Z,2024-08-07T07:00:00Z,
10.88,11.424,2024-08-07T07:00:00Z,2024-08-07T07:30:00Z,
10.1,10.605,2024-08-07T07:30:00Z,2024-08-07T08:00:00Z,
9.14,9.597,2024-08-07T08:00:00Z,2024-08-07T08:30:00Z,
5.96,6.258,2024-08-07T08:30:00Z,2024-08-07T09:00:00Z,
7.35,7.7175,2024-08-07T09:00:00Z,2024-08-07T09:30:00Z,
5.25,5.5125,2024-08-07T09:30:00Z,2024-08-07T10:00:00Z,
6.05,6.3525,2024-08-07T10:00:00Z,2024-08-07T10:30:00Z,
6.2,6.51,2024-08-07T10:30:00Z,2024-08-07T11:00:00Z,
6.72,7.056,2024-08-07T11:00:00Z,2024-08-07T11:30:00Z,
6.3,6.615,2024-08-07T11:30:00Z,2024-08-07T12:00:00Z,
7.56,7.938,2024-08-07T12:00:00Z,2024-08-07T12:30:00Z,
6.3,6.615,2024-08-07T12:30:00Z,2024-08-07T13:00:00Z,
7.56,7.938,2024-08-07T13:00:00Z,2024-08-07T13:30:00Z,
6.51,6.8355,2024-08-07T13:30:00Z,2024-08-07T14:00:00Z,
5.27,5.5335,2024-08-07T14:00:00Z,2024-08-07T14:30:00Z,
7.37,7.7385,2024-08-07T14:30:00Z,2024-08-07T15:00:00Z,
18.25,19.1625,2024-08-07T15:00:00Z,2024-08-07T15:30:00Z,
21.78,22.869,2024-08-07T15:30:00Z,2024-08-07T16:00:00Z,
25.98,27.279,2024-08-07T16:00:00Z,2024-08-07T16:30:00Z,
26.86,28.203,2024-08-07T16:30:00Z,2024-08-07T17:00:00Z,
29.8,31.29,2024-08-07T17:00:00Z,2024-08-07T17:30:00Z,
29.39,30.8595,2024-08-07T17:30:00Z,2024-08-07T18:00:00Z,
17.85,18.7425,2024-08-07T18:00:00Z,2024-08-07T18:30:00Z,
18.06,18.963,2024-08-07T18:30:00Z,2024-08-07T19:00:00Z,
18.19,19.0995,2024-08-07T19:00:00Z,2024-08-07T19:30:00Z,
17.81,18.7005,2024-08-07T19:30:00Z,2024-08-07T20:00:00Z,
16.46,17.283,2024-08-07T20:00:00Z,2024-08-07T20:30:00Z,
14.49,15.2145,2024-08-07T20:30:00Z,2024-08-07T21:00:00Z,
17.64,18.522,2024-08-07T21:00:00Z,2024-08-07T21:30:00Z,
13.02,13.671,2024-08-07T21:30:00Z,2024-08-07T22:00:00Z,
13.42,14.091,2024-08-07T22:00:00Z,2024-08-07T22:30:00Z,
10.58,11.109,2024-08-07T22:30:00Z,2024-08-07T23:00:00Z,
10.14,10.647,2024-08-07T23:00:00Z,2024-08-07T23:30:00Z,
9.03,9.4815,2024-08-07T23:30:00Z,2024-08-08T00:00:00Z,
10.5,11.025,2024-08-08T00:00:00Z,2024-08-08T00:30:00Z,
10.08,10.584,2024-08-08T00:30:00Z,2024-08-08T01:00:00Z,
10.65,11.1825,2024-08-08T01:00:00Z,2024-08-08T01:30:00Z,
9.97,10.4685,2024-08-08T01:30:00Z,2024-08-08T02:00:00Z,
9.66,10.143,2024-08-08T02:00:00Z,2024-08-08T02:30:00Z,
10.44,10.962,2024-08-08T02:30:00Z,2024-08-08T03:00:00Z,
11.38,11.949,2024-08-08T03:00:00Z,2024-08-08T03:30:00Z,
11.43,12.0015,2024-08-08T03:30:00Z,2024-08-08T04:00:00Z,
8.57,8.9985,2024-08-08T04:00:00Z,2024-08-08T04:30:00Z,
12.18,12.789,2024-08-08T04:30:00Z,2024-08-08T05:00:00Z,
15.58,16.359,2024-08-08T05:00:00Z,2024-08-08T05:30:00Z,
19.74,20.727,2024-08-08T05:30:00Z,2024-08-08T06:00:00Z,
16.59,17.4195,2024-08-08T06:00:00Z,2024-08-08T06:30:00Z,
18.25,19.1625,2024-08-08T06:30:00Z,2024-08-08T07:00:00Z,
17.22,18.081,2024-08-08T07:00:00Z,2024-08-08T07:30:00Z,
18.48,19.404,2024-08-08T07:30:00Z,2024-08-08T08:00:00Z,
19.22,20.181,2024-08-08T08:00:00Z,2024-08-08T08:30:00Z,
18.48,19.404,2024-08-08T08:30:00Z,2024-08-08T09:00:00Z,
19.61,20.5905,2024-08-08T09:00:00Z,2024-08-08T09:30:00Z,
17.64,18.522,2024-08-08T09:30:00Z,2024-08-08T10:00:00Z,
18.27,19.1835,2024-08-08T10:00:00Z,2024-08-08T10:30:00Z,
17.47,18.3435,2024-08-08T10:30:00Z,2024-08-08T11:00:00Z,
18.06,18.963,2024-08-08T11:00:00Z,2024-08-08T11:30:00Z,
17.01,17.8605,2024-08-08T11:30:00Z,2024-08-08T12:00:00Z,
17.3,18.165,2024-08-08T12:00:00Z,2024-08-08T12:30:00Z,
15.41,16.1805,2024-08-08T12:30:00Z,2024-08-08T13:00:00Z,
15.33,16.0965,2024-08-08T13:00:00Z,2024-08-08T13:30:00Z,
14.79,15.5295,2024-08-08T13:30:00Z,2024-08-08T14:00:00Z,
14.22,14.931,2024-08-08T14:00:00Z,2024-08-08T14:30:00Z,
15.75,16.5375,2024-08-08T14:30:00Z,2024-08-08T15:00:00Z,
27.78,29.169,2024-08-08T15:00:00Z,2024-08-08T15:30:00Z,
30.47,31.9935,2024-08-08T15:30:00Z,2024-08-08T16:00:00Z,
29.55,31.0275,2024-08-08T16:00:00Z,2024-08-08T16:30:00Z,
30.14,31.647,2024-08-08T16:30:00Z,2024-08-08T17:00:00Z,
30.35,31.8675,2024-08-08T17:00:00Z,2024-08-08T17:30:00Z,
29.62,31.101,2024-08-08T17:30:00Z,2024-08-08T18:00:00Z,
17.61,18.4905,2024-08-08T18:00:00Z,2024-08-08T18:30:00Z,
16.25,17.0625,2024-08-08T18:30:00Z,2024-08-08T19:00:00Z,
14.7,15.435,2024-08-08T19:00:00Z,2024-08-08T19:30:00Z,
14.6,15.33,2024-08-08T19:30:00Z,2024-08-08T20:00:00Z,
14.7,15.435,2024-08-08T20:00:00Z,2024-08-08T20:30:00Z,
10.98,11.529,2024-08-08T20:30:00Z,2024-08-08T21:00:00Z,
10.31,10.8255,2024-08-08T21:00:00Z,2024-08-08T21:30:00Z,
4.83,5.0715,2024-08-08T21:30:00Z,2024-08-08T22:00:00Z,
4.2,4.41,2024-08-08T22:00:00Z,2024-08-08T22:30:00Z,
1.32,1.386,2024-08-08T22:30:00Z,2024-08-08T23:00:00Z,
1.07,1.1235,2024-08-08T23:00:00Z,2024-08-08T23:30:00Z,
0.02,0.021,2024-08-08T23:30:00Z,2024-08-09T00:00:00Z,
-2.1,-2.205,2024-08-09T00:00:00Z,2024-08-09T00:30:00Z,
-2.25,-2.3625,2024-08-09T00:30:00Z,2024-08-09T01:00:00Z,
1.05,1.1025,2024-08-09T01:00:00Z,2024-08-09T01:30:00Z,
-3.0,-3.15,2024-08-09T01:30:00Z,2024-08-09T02:00:00Z,
0.0,0.0,2024-08-09T02:00:00Z,2024-08-09T02:30:00Z,
-0.19,-0.1995,2024-08-09T02:30:00Z,2024-08-09T03:00:00Z,
0.84,0.882,2024-08-09T03:00:00Z,2024-08-09T03:30:00Z,
-1.13,-1.1865,2024-08-09T03:30:00Z,2024-08-09T04:00:00Z,
-0.9,-0.945,2024-08-09T04:00:00Z,2024-08-09T04:30:00Z,
0.92,0.966,2024-08-09T04:30:00Z,2024-08-09T05:00:00Z,
0.67,0.7035,2024-08-09T05:00:00Z,2024-08-09T05:30:00Z,
4.2,4.41,2024-08-09T05:30:00Z,2024-08-09T06:00:00Z,
4.35,4.5675,2024-08-09T06:00:00Z,2024-08-09T06:30:00Z,
4.2,4.41,2024-08-09T06:30:00Z,2024-08-09T07:00:00Z,
3.99,4.1895,2024-08-09T07:00:00Z,2024-08-09T07:30:00Z,
2.1,2.205,2024-08-09T07:30:00Z,2024-08-09T08:00:00Z,
2.79,2.9295,2024-08-09T08:00:00Z,2024-08-09T08:30:00Z,
-0.02,-0.021,2024-08-09T08:30:00Z,2024-08-09T09:00:00Z,
2.1,2.205,2024-08-09T09:00:00Z,2024-08-09T09:30:00Z,
-0.65,-0.6825,2024-08-09T09:30:00Z,2024-08-09T10:00:00Z,
-1.05,-1.1025,2024-08-09T10:00:00Z,2024-08-09T10:30:00Z,
-1.68,-1.764,2024-08-09T10:30:00Z,2024-08-09T11:00:00Z,
-0.48,-0.504,2024-08-09T11:00:00Z,2024-08-09T11:30:00Z,
-2.62,-2.751,2024-08-09T11:30:00Z,2024-08-09T12:00:00Z,
-1.18,-1.239,2024-08-09T12:00:00Z,2024-08-09T12:30:00Z,
-1.1,-1.155,2024-08-09T12:30:00Z,2024-08-09T13:00:00Z,
-2.56,-2.688,2024-08-09T13:00:00Z,2024-08-09T13:30:00Z,
-1.09,-1.1445,2024-08-09T13:30:00Z,2024-08-09T14:00:00Z,
-0.84,-0.882,2024-08-09T14:00:00Z,2024-08-09T14:30:00Z,
1.19,1.2495,2024-08-09T14:30:00Z,2024-08-09T15:00:00Z,
10.9,11.445,2024-08-09T15:00:00Z,2024-08-09T15:30:00Z,
16.7,17.535,2024-08-09T15:30:00Z,2024-08-09T16:00:00Z,
17.7,18.585,2024-08-09T16:00:00Z,2024-08-09T16:30:00Z,
21.4,22.47,2024-08-09T16:30:00Z,2024-08-09T17:00:00Z,
22.97,24.1185,2024-08-09T17:00:00Z,2024-08-09T17:30:00Z,
25.0,26.25,2024-08-09T17:30:00Z,2024-08-09T18:00:00Z,
14.3,15.015,2024-08-09T18:00:00Z,2024-08-09T18:30:00Z,
14.91,15.6555,2024-08-09T18:30:00Z,2024-08-09T19:00:00Z,
13.73,14.4165,2024-08-09T19:00:00Z,2024-08-09T19:30:00Z,
14.44,15.162,2024-08-09T19:30:00Z,2024-08-09T20:00:00Z,
15.31,16.0755,2024-08-09T20:00:00Z,2024-08-09T20:30:00Z,
14.11,14.8155,2024-08-09T20:30:00Z,2024-08-09T21:00:00Z,
12.26,12.873,2024-08-09T21:00:00Z,2024-08-09T21:30:00Z,
11.26,11.823,2024-08-09T21:30:00Z,2024-08-09T22:00:00Z,
13.44,14.112,2024-08-09T22:00:00Z,2024-08-09T22:30:00Z,
6.51,6.8355,2024-08-09T22:30:00Z,2024-08-09T23:00:00Z,
4.2,4.41,2024-08-09T23:00:00Z,2024-08-09T23:30:00Z,
3.36,3.528,2024-08-09T23:30:00Z,2024-08-10T00:00:00Z,
2.52,2.646,2024-08-10T00:00:00Z,2024-08-10T00:30:00Z,
2.23,2.3415,2024-08-10T00:30:00Z,2024-08-10T01:00:00Z,
3.15,3.3075,2024-08-10T01:00:00Z,2024-08-10T01:30:00Z,
2.1,2.205,2024-08-10T01:30:00Z,2024-08-10T02:00:00Z,
2.31,2.4255,2024-08-10T02:00:00Z,2024-08-10T02:30:00Z,
2.5,2.625,2024-08-10T02:30:00Z,2024-08-10T03:00:00Z,
2.62,2.751,2024-08-10T03:00:00Z,2024-08-10T03:30:00Z,
2.42,2.541,2024-08-10T03:30:00Z,2024-08-10T04:00:00Z,
2.62,2.751,2024-08-10T04:00:00Z,2024-08-10T04:30:00Z,
2.62,2.751,2024-08-10T04:30:00Z,2024-08-10T05:00:00Z,
2.62,2.751,2024-08-10T05:00:00Z,2024-08-10T05:30:00Z,
3.15,3.3075,2024-08-10T05:30:00Z,2024-08-10T06:00:00Z,
3.08,3.234,2024-08-10T06:00:00Z,2024-08-10T06:30:00Z,
5.88,6.174,2024-08-10T06:30:00Z,2024-08-10T07:00:00Z,
1.7,1.785,2024-08-10T07:00:00Z,2024-08-10T07:30:00Z,
2.1,2.205,2024-08-10T07:30:00Z,2024-08-10T08:00:00Z,
2.52,2.646,2024-08-10T08:00:00Z,2024-08-10T08:30:00Z,
1.24,1.302,2024-08-10T08:30:00Z,2024-08-10T09:00:00Z,
1.79,1.8795,2024-08-10T09:00:00Z,2024-08-10T09:30:00Z,
0.84,0.882,2024-08-10T09:30:00Z,2024-08-10T10:00:00Z,
0.42,0.441,2024-08-10T10:00:00Z,2024-08-10T10:30:00Z,
1.01,1.0605,2024-08-10T10:30:00Z,2024-08-10T11:00:00Z,
-0.21,-0.2205,2024-08-10T11:00:00Z,2024-08-10T11:30:00Z,
-0.26,-0.273,2024-08-10T11:30:00Z,2024-08-10T12:00:00Z,
0.0,0.0,2024-08-10T12:00:00Z,2024-08-10T12:30:00Z,
-1.13,-1.1865,2024-08-10T12:30:00Z,2024-08-10T13:00:00Z,
0.15,0.1575,2024-08-10T13:00:00Z,2024-08-10T13:30:00Z,
-0.48,-0.504,2024-08-10T13:30:00Z,2024-08-10T14:00:00Z,
0.23,0.2415,2024-08-10T14:00:00Z,2024-08-10T14:30:00Z,
0.23,0.2415,2024-08-10T14:30:00Z,2024-08-10T15:00:00Z,
13.63,14.3115,2024-08-10T15:00:00Z,2024-08-10T15:30:00Z,
19.11,20.0655,2024-08-10T15:30:00Z,2024-08-10T16:00:00Z,
22.85,23.9925,2024-08-10T16:00:00Z,2024-08-10T16:30:00Z,
27.23,28.5915,2024-08-10T16:30:00Z,2024-08-10T17:00:00Z,
30.99,32.5395,2024-08-10T17:00:00Z,2024-08-10T17:30:00Z,
29.93,31.4265,2024-08-10T17:30:00Z,2024-08-10T18:00:00Z,
19.15,20.1075,2024-08-10T18:00:00Z,2024-08-10T18:30:00Z,
19.87,20.8635,2024-08-10T18:30:00Z,2024-08-10T19:00:00Z,
19.32,20.286,2024-08-10T19:00:00Z,2024-08-10T19:30:00Z,
19.38,20.349,2024-08-10T19:30:00Z,2024-08-10T20:00:00Z,
19.53,20.5065,2024-08-10T20:00:00Z,2024-08-10T20:30:00Z,
17.47,18.3435,2024-08-10T20:30:00Z,2024-08-10T21:00:00Z,
19.95,20.9475,2024-08-10T21:00:00Z,2024-08-10T21:30:00Z,
17.12,17.976,2024-08-10T21:30:00Z,2024-08-10T22:00:00Z,
22.47,23.5935,2024-08-10T22:00:00Z,2024-08-10T22:30:00Z,
18.38,19.299,2024-08-10T22:30:00Z,2024-08-10T23:00:00Z,
17.85,18.7425,2024-08-10T23:00:00Z,2024-08-10T23:30:00Z,
17.64,18.522,2024-08-10T23:30:00Z,2024-08-11T00:00:00Z,
17.18,18.039,2024-08-11T00:00:00Z,2024-08-11T00:30:00Z,
17.12,17.976,2024-08-11T00:30:00Z,2024-08-11T01:00:00Z,
15.86,16.653,2024-08-11T01:00:00Z,2024-08-11T01:30:00Z,
14.7,15.435,2024-08-11T01:30:00Z,2024-08-11T02:00:00Z,
15.1,15.855,2024-08-11T02:00:00Z,2024-08-11T02:30:00Z,
15.12,15.876,2024-08-11T02:30:00Z,2024-08-11T03:00:00Z,
15.12,15.876,2024-08-11T03:00:00Z,2024-08-11T03:30:00Z,
15.12,15.876,2024-08-11T03:30:00Z,2024-08-11T04:00:00Z,
15.54,16.317,2024-08-11T04:00:00Z,2024-08-11T04:30:00Z,
15.38,16.149,2024-08-11T04:30:00Z,2024-08-11T05:00:00Z,
14.47,15.1935,2024-08-11T05:00:00Z,2024-08-11T05:30:00Z,
15.46,16.233,2024-08-11T05:30:00Z,2024-08-11T06:00:00Z,
15.22,15.981,2024-08-11T06:00:00Z,2024-08-11T06:30:00Z,
16.17,16.9785,2024-08-11T06:30:00Z,2024-08-11T07:00:00Z,
16.17,16.9785,2024-08-11T07:00:00Z,2024-08-11T07:30:00Z,
17.22,18.081,2024-08-11T07:30:00Z,2024-08-11T08:00:00Z,
17.22,18.081,2024-08-11T08:00:00Z,2024-08-11T08:30:00Z,
16.9,17.745,2024-08-11T08:30:00Z,2024-08-11T09:00:00Z,
17.43,18.3015,2024-08-11T09:00:00Z,2024-08-11T09:30:00Z,
15.54,16.317,2024-08-11T09:30:00Z,2024-08-11T10:00:00Z,
16.15,16.9575,2024-08-11T10:00:00Z,2024-08-11T10:30:00Z,
15.64,16.422,2024-08-11T10:30:00Z,2024-08-11T11:00:00Z,
15.12,15.876,2024-08-11T11:00:00Z,2024-08-11T11:30:00Z,
14.82,15.561,2024-08-11T11:30:00Z,2024-08-11T12:00:00Z,
15.11,15.8655,2024-08-11T12:00:00Z,2024-08-11T12:30:00Z,
13.88,14.574,2024-08-11T12:30:00Z,2024-08-11T13:00:00Z,
13.24,13.902,2024-08-11T13:00:00Z,2024-08-11T13:30:00Z,
13.24,13.902,2024-08-11T13:30:00Z,2024-08-11T14:00:00Z,
12.37,12.9885,2024-08-11T14:00:00Z,2024-08-11T14:30:00Z,
15.12,15.876,2024-08-11T14:30:00Z,2024-08-11T15:00:00Z,
26.23,27.5415,2024-08-11T15:00:00Z,2024-08-11T15:30:00Z,
28.64,30.072,2024-08-11T15:30:00Z,2024-08-11T16:00:00Z,
32.0,33.6,2024-08-11T16:00:00Z,2024-08-11T16:30:00Z,
33.31,34.9755,2024-08-11T16:30:00Z,2024-08-11T17:00:00Z,
33.79,35.4795,2024-08-11T17:00:00Z,2024-08-11T17:30:00Z,
34.21,35.9205,2024-08-11T17:30:00Z,2024-08-11T18:00:00Z,
21.5,22.575,2024-08-11T18:00:00Z,2024-08-11T18:30:00Z,
20.66,21.693,2024-08-11T18:30:00Z,2024-08-11T19:00:00Z,
20.08,21.084,2024-08-11T19:00:00Z,2024-08-11T19:30:00Z,
18.48,19.404,2024-08-11T19:30:00Z,2024-08-11T20:00:00Z,
17.22,18.081,2024-08-11T20:00:00Z,2024-08-11T20:30:00Z,
16.09,16.8945,2024-08-11T20:30:00Z,2024-08-11T21:00:00Z,
18.06,18.963,2024-08-11T21:00:00Z,2024-08-11T21:30:00Z,
13.1,13.755,2024-08-11T21:30:00Z,2024-08-11T22:00:00Z,
6.51,6.8355,2024-08-11T22:00:00Z,2024-08-11T22:30:00Z,
2.1,2.205,2024-08-11T22:30:00Z,2024-08-11T23:00:00Z,
3.44,3.612,2024-08-11T23:00:00Z,2024-08-11T23:30:00Z,
0.56,0.588,2024-08-11T23:30:00Z,2024-08-12T00:00:00Z,
0.52,0.546,2024-08-12T00:00:00Z,2024-08-12T00:30:00Z,
-0.42,-0.441,2024-08-12T00:30:00Z,2024-08-12T01:00:00Z,
0.48,0.504,2024-08-12T01:00:00Z,2024-08-12T01:30:00Z,
-0.34,-0.357,2024-08-12T01:30:00Z,2024-08-12T02:00:00Z,
1.23,1.2915,2024-08-12T02:00:00Z,2024-08-12T02:30:00Z,
-0.34,-0.357,2024-08-12T02:30:00Z,2024-08-12T03:00:00Z,
1.51,1.5855,2024-08-12T03:00:00Z,2024-08-12T03:30:00Z,
1.51,1.5855,2024-08-12T03:30:00Z,2024-08-12T04:00:00Z,
1.47,1.5435,2024-08-12T04:00:00Z,2024-08-12T04:30:00Z,
2.73,2.8665,2024-08-12T04:30:00Z,2024-08-12T05:00:00Z,
3.15,3.3075,2024-08-12T05:00:00Z,2024-08-12T05:30:00Z,
9.34,9.807,2024-08-12T05:30:00Z,2024-08-12T06:00:00Z,
4.1,4.305,2024-08-12T06:00:00Z,2024-08-12T06:30:00Z,
11.76,12.348,2024-08-12T06:30:00Z,2024-08-12T07:00:00Z,
5.59,5.8695,2024-08-12T07:00:00Z,2024-08-12T07:30:00Z,
7.35,7.7175,2024-08-12T07:30:00Z,2024-08-12T08:00:00Z,
9.14,9.597,2024-08-12T08:00:00Z,2024-08-12T08:30:00Z,
7.24,7.602,2024-08-12T08:30:00Z,2024-08-12T09:00:00Z,
7.35,7.7175,2024-08-12T09:00:00Z,2024-08-12T09:30:00Z,
7.25,7.6125,2024-08-12T09:30:00Z,2024-08-12T10:00:00Z,
6.12,6.426,2024-08-12T10:00:00Z,2024-08-12T10:30:00Z,
6.06,6.363,2024-08-12T10:30:00Z,2024-08-12T11:00:00Z,
6.26,6.573,2024-08-12T11:00:00Z,2024-08-12T11:30:00Z,
6.72,7.056,2024-08-12T11:30:00Z,2024-08-12T12:00:00Z,
9.45,9.9225,2024-08-12T12:00:00Z,2024-08-12T12:30:00Z,
5.04,5.292,2024-08-12T12:30:00Z,2024-08-12T13:00:00Z,
8.54,8.967,2024-08-12T13:00:00Z,2024-08-12T13:30:00Z,
9.24,9.702,2024-08-12T13:30:00Z,2024-08-12T14:00:00Z,
8.28,8.694,2024-08-12T14:00:00Z,2024-08-12T14:30:00Z,
11.55,12.1275,2024-08-12T14:30:00Z,2024-08-12T15:00:00Z,
27.28,28.644,2024-08-12T15:00:00Z,2024-08-12T15:30:00Z,
29.17,30.6285,2024-08-12T15:30:00Z,2024-08-12T16:00:00Z,
28.96,30.408,2024-08-12T16:00:00Z,2024-08-12T16:30:00Z,
31.14,32.697,2024-08-12T16:30:00Z,2024-08-12T17:00:00Z,
35.94,37.737,2024-08-12T17:00:00Z,2024-08-12T17:30:00Z,
36.1,37.905,2024-08-12T17:30:00Z,2024-08-12T18:00:00Z,
21.84,22.932,2024-08-12T18:00:00Z,2024-08-12T18:30:00Z,
21.84,22.932,2024-08-12T18:30:00Z,2024-08-12T19:00:00Z,
20.9,21.945,2024-08-12T19:00:00Z,2024-08-12T19:30:00Z,
21.42,22.491,2024-08-12T19:30:00Z,2024-08-12T20:00:00Z,
21.39,22.4595,2024-08-12T20:00:00Z,2024-08-12T20:30:00Z,
18.02,18.921,2024-08-12T20:30:00Z,2024-08-12T21:00:00Z,
19.49,20.4645,2024-08-12T21:00:00Z,2024-08-12T21:30:00Z,
16.28,17.094,2024-08-12T21:30:00Z,2024-08-12T22:00:00Z,
16.9,17.745,2024-08-12T22:00:00Z,2024-08-12T22:30:00Z,
17.9,18.795,2024-08-12T22:30:00Z,2024-08-12T23:00:00Z,
16.48,17.304,2024-08-12T23:00:00Z,2024-08-12T23:30:00Z,
15.46,16.233,2024-08-12T23:30:00Z,2024-08-13T00:00:00Z,
13.29,13.9545,2024-08-13T00:00:00Z,2024-08-13T00:30:00Z,
13.12,13.776,2024-08-13T00:30:00Z,2024-08-13T01:00:00Z,
13.44,14.112,2024-08-13T01:00:00Z,2024-08-13T01:30:00Z,
13.02,13.671,2024-08-13T01:30:00Z,2024-08-13T02:00:00Z,
13.44,14.112,2024-08-13T02:00:00Z,2024-08-13T02:30:00Z,
13.44,14.112,2024-08-13T02:30:00Z,2024-08-13T03:00:00Z,
15.96,16.758,2024-08-13T03:00:00Z,2024-08-13T03:30:00Z,
15.33,16.0965,2024-08-13T03:30:00Z,2024-08-13T04:00:00Z,
17.54,18.417,2024-08-13T04:00:00Z,2024-08-13T04:30:00Z,
19.42,20.391,2024-08-13T04:30:00Z,2024-08-13T05:00:00Z,
19.74,20.727,2024-08-13T05:00:00Z,2024-08-13T05:30:00Z,
21.84,22.932,2024-08-13T05:30:00Z,2024-08-13T06:00:00Z,
19.96,20.958,2024-08-13T06:00:00Z,2024-08-13T06:30:00Z,
21.0,22.05,2024-08-13T06:30:00Z,2024-08-13T07:00:00Z,
20.16,21.168,2024-08-13T07:00:00Z,2024-08-13T07:30:00Z,
19.11,20.0655,2024-08-13T07:30:00Z,2024-08-13T08:00:00Z,
16.83,17.6715,2024-08-13T08:00:00Z,2024-08-13T08:30:00Z,
12.81,13.4505,2024-08-13T08:30:00Z,2024-08-13T09:00:00Z,
10.71,11.2455,2024-08-13T09:00:00Z,2024-08-13T09:30:00Z,
9.03,9.4815,2024-08-13T09:30:00Z,2024-08-13T10:00:00Z,
9.43,9.9015,2024-08-13T10:00:00Z,2024-08-13T10:30:00Z,
7.43,7.8015,2024-08-13T10:30:00Z,2024-08-13T11:00:00Z,
9.14,9.597,2024-08-13T11:00:00Z,2024-08-13T11:30:00Z,
8.3,8.715,2024-08-13T11:30:00Z,2024-08-13T12:00:00Z,
10.08,10.584,2024-08-13T12:00:00Z,2024-08-13T12:30:00Z,
9.14,9.597,2024-08-13T12:30:00Z,2024-08-13T13:00:00Z,
10.46,10.983,2024-08-13T13:00:00Z,2024-08-13T13:30:00Z,
11.79,12.3795,2024-08-13T13:30:00Z,2024-08-13T14:00:00Z,
13.86,14.553,2024-08-13T14:00:00Z,2024-08-13T14:30:00Z,
15.54,16.317,2024-08-13T14:30:00Z,2024-08-13T15:00:00Z,
28.62,30.051,2024-08-13T15:00:00Z,2024-08-13T15:30:00Z,
27.79,29.1795,2024-08-13T15:30:00Z,2024-08-13T16:00:00Z,
29.53,31.0065,2024-08-13T16:00:00Z,2024-08-13T16:30:00Z,
32.47,34.0935,2024-08-13T16:30:00Z,2024-08-13T17:00:00Z,
33.79,35.4795,2024-08-13T17:00:00Z,2024-08-13T17:30:00Z,
33.79,35.4795,2024-08-13T17:30:00Z,2024-08-13T18:00:00Z,
20.39,21.4095,2024-08-13T18:00:00Z,2024-08-13T18:30:00Z,
20.39,21.4095,2024-08-13T18:30:00Z,2024-08-13T19:00:00Z,
19.82,20.811,2024-08-13T19:00:00Z,2024-08-13T19:30:00Z,
19.82,20.811,2024-08-13T19:30:00Z,2024-08-13T20:00:00Z,
22.8,23.94,2024-08-13T20:00:00Z,2024-08-13T20:30:00Z,
20.16,21.168,2024-08-13T20:30:00Z,2024-08-13T21:00:00Z,
20.83,21.8715,2024-08-13T21:00:00Z,2024-08-13T21:30:00Z,
17.64,18.522,2024-08-13T21:30:00Z,2024-08-13T22:00:00Z,
16.8,17.64,2024-08-13T22:00:00Z,2024-08-13T22:30:00Z,
16.74,17.577,2024-08-13T22:30:00Z,2024-08-13T23:00:00Z,
15.25,16.0125,2024-08-13T23:00:00Z,2024-08-13T23:30:00Z,
14.85,15.5925,2024-08-13T23:30:00Z,2024-08-14T00:00:00Z,
16.17,16.9785,2024-08-14T00:00:00Z,2024-08-14T00:30:00Z,
16.23,17.0415,2024-08-14T00:30:00Z,2024-08-14T01:00:00Z,
15.69,16.4745,2024-08-14T01:00:00Z,2024-08-14T01:30:00Z,
15.12,15.876,2024-08-14T01:30:00Z,2024-08-14T02:00:00Z,
15.16,15.918,2024-08-14T02:00:00Z,2024-08-14T02:30:00Z,
15.79,16.5795,2024-08-14T02:30:00Z,2024-08-14T03:00:00Z,
17.03,17.8815,2024-08-14T03:00:00Z,2024-08-14T03:30:00Z,
17.03,17.8815,2024-08-14T03:30:00Z,2024-08-14T04:00:00Z,
16.31,17.1255,2024-08-14T04:00:00Z,2024-08-14T04:30:00Z,
17.81,18.7005,2024-08-14T04:30:00Z,2024-08-14T05:00:00Z,
18.69,19.6245,2024-08-14T05:00:00Z,2024-08-14T05:30:00Z,
17.85,18.7425,2024-08-14T05:30:00Z,2024-08-14T06:00:00Z,
16.38,17.199,2024-08-14T06:00:00Z,2024-08-14T06:30:00Z,
22.7,23.835,2024-08-14T06:30:00Z,2024-08-14T07:00:00Z,
18.9,19.845,2024-08-14T07:00:00Z,2024-08-14T07:30:00Z,
19.28,20.244,2024-08-14T07:30:00Z,2024-08-14T08:00:00Z,
18.9,19.845,2024-08-14T08:00:00Z,2024-08-14T08:30:00Z,
18.56,19.488,2024-08-14T08:30:00Z,2024-08-14T09:00:00Z,
17.81,18.7005,2024-08-14T09:00:00Z,2024-08-14T09:30:00Z,
16.72,17.556,2024-08-14T09:30:00Z,2024-08-14T10:00:00Z,
16.48,17.304,2024-08-14T10:00:00Z,2024-08-14T10:30:00Z,
15.25,16.0125,2024-08-14T10:30:00Z,2024-08-14T11:00:00Z,
15.41,16.1805,2024-08-14T11:00:00Z,2024-08-14T11:30:00Z,
14.2,14.91,2024-08-14T11:30:00Z,2024-08-14T12:00:00Z,
14.28,14.994,2024-08-14T12:00:00Z,2024-08-14T12:30:00Z,
13.61,14.2905,2024-08-14T12:30:00Z,2024-08-14T13:00:00Z,
14.2,14.91,2024-08-14T13:00:00Z,2024-08-14T13:30:00Z,
14.11,14.8155,2024-08-14T13:30:00Z,2024-08-14T14:00:00Z,
14.55,15.2775,2024-08-14T14:00:00Z,2024-08-14T14:30:00Z,
14.3,15.015,2024-08-14T14:30:00Z,2024-08-14T15:00:00Z,
26.6,27.93,2024-08-14T15:00:00Z,2024-08-14T15:30:00Z,
28.08,29.484,2024-08-14T15:30:00Z,2024-08-14T16:00:00Z,
29.8,31.29,2024-08-14T16:00:00Z,2024-08-14T16:30:00Z,
31.9,33.495,2024-08-14T16:30:00Z,2024-08-14T17:00:00Z,
33.08,34.734,2024-08-14T17:00:00Z,2024-08-14T17:30:00Z,
33.04,34.692,2024-08-14T17:30:00Z,2024-08-14T18:00:00Z,
20.16,21.168,2024-08-14T18:00:00Z,2024-08-14T18:30:00Z,
19.72,20.706,2024-08-14T18:30:00Z,2024-08-14T19:00:00Z,
19.49,20.4645,2024-08-14T19:00:00Z,2024-08-14T19:30:00Z,
18.9,19.845,2024-08-14T19:30:00Z,2024-08-14T20:00:00Z,
19.32,20.286,2024-08-14T20:00:00Z,2024-08-14T20:30:00Z,
16.23,17.0415,2024-08-14T20:30:00Z,2024-08-14T21:00:00Z,
15.96,16.758,2024-08-14T21:00:00Z,2024-08-14T21:30:00Z,
15.1,15.855,2024-08-14T21:30:00Z,2024-08-14T22:00:00Z,
15.33,16.0965,2024-08-14T22:00:00Z,2024-08-14T22:30:00Z,
15.75,16.5375,2024-08-14T22:30:00Z,2024-08-14T23:00:00Z,
12.6,13.23,2024-08-14T23:00:00Z,2024-08-14T23:30:00Z,
10.42,10.941,2024-08-14T23:30:00Z,2024-08-15T00:00:00Z,
11.42,11.991,2024-08-15T00:00:00Z,2024-08-15T00:30:00Z,
10.6,11.13,2024-08-15T00:30:00Z,2024-08-15T01:00:00Z,
11.55,12.1275,2024-08-15T01:00:00Z,2024-08-15T01:30:00Z,
9.74,10.227,2024-08-15T01:30:00Z,2024-08-15T02:00:00Z,
7.27,7.6335,2024-08-15T02:00:00Z,2024-08-15T02:30:00Z,
8.4,8.82,2024-08-15T02:30:00Z,2024-08-15T03:00:00Z,
9.41,9.8805,2024-08-15T03:00:00Z,2024-08-15T03:30:00Z,
9.45,9.9225,2024-08-15T03:30:00Z,2024-08-15T04:00:00Z,
9.34,9.807,2024-08-15T04:00:00Z,2024-08-15T04:30:00Z,
11.02,11.571,2024-08-15T04:30:00Z,2024-08-15T05:00:00Z,
10.71,11.2455,2024-08-15T05:00:00Z,2024-08-15T05:30:00Z,
15.1,15.855,2024-08-15T05:30:00Z,2024-08-15T06:00:00Z,
13.02,13.671,2024-08-15T06:00:00Z,2024-08-15T06:30:00Z,
16.13,16.9365,2024-08-15T06:30:00Z,2024-08-15T07:00:00Z,
14.28,14.994,2024-08-15T07:00:00Z,2024-08-15T07:30:00Z,
14.7,15.435,2024-08-15T07:30:00Z,2024-08-15T08:00:00Z,
13.27,13.9335,2024-08-15T08:00:00Z,2024-08-15T08:30:00Z,
10.92,11.466,2024-08-15T08:30:00Z,2024-08-15T09:00:00Z,
9.66,10.143,2024-08-15T09:00:00Z,2024-08-15T09:30:00Z,
8.33,8.7465,2024-08-15T09:30:00Z,2024-08-15T10:00:00Z,
6.32,6.636,2024-08-15T10:00:00Z,2024-08-15T10:30:00Z,
6.26,6.573,2024-08-15T10:30:00Z,2024-08-15T11:00:00Z,
4.7,4.935,2024-08-15T11:00:00Z,2024-08-15T11:30:00Z,
3.86,4.053,2024-08-15T11:30:00Z,2024-08-15T12:00:00Z,
3.99,4.1895,2024-08-15T12:00:00Z,2024-08-15T12:30:00Z,
3.02,3.171,2024-08-15T12:30:00Z,2024-08-15T13:00:00Z,
4.45,4.6725,2024-08-15T13:00:00Z,2024-08-15T13:30:00Z,
4.45,4.6725,2024-08-15T13:30:00Z,2024-08-15T14:00:00Z,
5.25,5.5125,2024-08-15T14:00:00Z,2024-08-15T14:30:00Z,
6.72,7.056,2024-08-15T14:30:00Z,2024-08-15T15:00:00Z,
19.11,20.0655,2024-08-15T15:00:00Z,2024-08-15T15:30:00Z,
23.64,24.822,2024-08-15T15:30:00Z,2024-08-15T16:00:00Z,
27.7,29.085,2024-08-15T16:00:00Z,2024-08-15T16:30:00Z,
29.7,31.185,2024-08-15T16:30:00Z,2024-08-15T17:00:00Z,
30.03,31.5315,2024-08-15T17:00:00Z,2024-08-15T17:30:00Z,
29.32,30.786,2024-08-15T17:30:00Z,2024-08-15T18:00:00Z,
18.9,19.845,2024-08-15T18:00:00Z,2024-08-15T18:30:00Z,
19.28,20.244,2024-08-15T18:30:00Z,2024-08-15T19:00:00Z,
19.1,20.055,2024-08-15T19:00:00Z,2024-08-15T19:30:00Z,
19.12,20.076,2024-08-15T19:30:00Z,2024-08-15T20:00:00Z,
18.69,19.6245,2024-08-15T20:00:00Z,2024-08-15T20:30:00Z,
17.07,17.9235,2024-08-15T20:30:00Z,2024-08-15T21:00:00Z,
17.6,18.48,2024-08-15T21:00:00Z,2024-08-15T21:30:00Z,
14.88,15.624,2024-08-15T21:30:00Z,2024-08-15T22:00:00Z,
15.98,16.779,2024-08-15T22:00:00Z,2024-08-15T22:30:00Z,
14.11,14.8155,2024-08-15T22:30:00Z,2024-08-15T23:00:00Z,
14.66,15.393,2024-08-15T23:00:00Z,2024-08-15T23:30:00Z,
13.21,13.8705,2024-08-15T23:30:00Z,2024-08-16T00:00:00Z,
12.37,12.9885,2024-08-16T00:00:00Z,2024-08-16T00:30:00Z,
11.97,12.5685,2024-08-16T00:30:00Z,2024-08-16T01:00:00Z,
11.74,12.327,2024-08-16T01:00:00Z,2024-08-16T01:30:00Z,
11.51,12.0855,2024-08-16T01:30:00Z,2024-08-16T02:00:00Z,
11.13,11.6865,2024-08-16T02:00:00Z,2024-08-16T02:30:00Z,
11.13,11.6865,2024-08-16T02:30:00Z,2024-08-16T03:00:00Z,
11.93,12.5265,2024-08-16T03:00:00Z,2024-08-16T03:30:00Z,
12.2,12.81,2024-08-16T03:30:00Z,2024-08-16T04:00:00Z,
14.28,14.994,2024-08-16T04:00:00Z,2024-08-16T04:30:00Z,
16.38,17.199,2024-08-16T04:30:00Z,2024-08-16T05:00:00Z,
17.22,18.081,2024-08-16T05:00:00Z,2024-08-16T05:30:00Z,
19.78,20.769,2024-08-16T05:30:00Z,2024-08-16T06:00:00Z,
18.24,19.152,2024-08-16T06:00:00Z,2024-08-16T06:30:00Z,
19.26,20.223,2024-08-16T06:30:00Z,2024-08-16T07:00:00Z,
18.56,19.488,2024-08-16T07:00:00Z,2024-08-16T07:30:00Z,
18.9,19.845,2024-08-16T07:30:00Z,2024-08-16T08:00:00Z,
17.34,18.207,2024-08-16T08:00:00Z,2024-08-16T08:30:00Z,
16.13,16.9365,2024-08-16T08:30:00Z,2024-08-16T09:00:00Z,
14.7,15.435,2024-08-16T09:00:00Z,2024-08-16T09:30:00Z,
14.13,14.8365,2024-08-16T09:30:00Z,2024-08-16T10:00:00Z,
11.78,12.369,2024-08-16T10:00:00Z,2024-08-16T10:30:00Z,
10.58,11.109,2024-08-16T10:30:00Z,2024-08-16T11:00:00Z,
9.66,10.143,2024-08-16T11:00:00Z,2024-08-16T11:30:00Z,
7.56,7.938,2024-08-16T11:30:00Z,2024-08-16T12:00:00Z,
9.45,9.9225,2024-08-16T12:00:00Z,2024-08-16T12:30:00Z,
7.39,7.7595,2024-08-16T12:30:00Z,2024-08-16T13:00:00Z,
9.68,10.164,2024-08-16T13:00:00Z,2024-08-16T13:30:00Z,
9.18,9.639,2024-08-16T13:30:00Z,2024-08-16T14:00:00Z,
11.14,11.697,2024-08-16T14:00:00Z,2024-08-16T14:30:00Z,
12.16,12.768,2024-08-16T14:30:00Z,2024-08-16T15:00:00Z,
24.75,25.9875,2024-08-16T15:00:00Z,2024-08-16T15:30:00Z,
25.77,27.0585,2024-08-16T15:30:00Z,2024-08-16T16:00:00Z,
28.03,29.4315,2024-08-16T16:00:00Z,2024-08-16T16:30:00Z,
28.33,29.7465,2024-08-16T16:30:00Z,2024-08-16T17:00:00Z,
30.18,31.689,2024-08-16T17:00:00Z,2024-08-16T17:30:00Z,
30.18,31.689,2024-08-16T17:30:00Z,2024-08-16T18:00:00Z,
18.75,19.6875,2024-08-16T18:00:00Z,2024-08-16T18:30:00Z,
18.27,19.1835,2024-08-16T18:30:00Z,2024-08-16T19:00:00Z,
18.35,19.2675,2024-08-16T19:00:00Z,2024-08-16T19:30:00Z,
18.9,19.845,2024-08-16T19:30:00Z,2024-08-16T20:00:00Z,
20.92,21.966,2024-08-16T20:00:00Z,2024-08-16T20:30:00Z,
18.9,19.845,2024-08-16T20:30:00Z,2024-08-16T21:00:00Z,
19.0,19.95,2024-08-16T21:00:00Z,2024-08-16T21:30:00Z,
16.72,17.556,2024-08-16T21:30:00Z,2024-08-16T22:00:00Z,
16.79,17.6295,2024-08-16T22:00:00Z,2024-08-16T22:30:00Z,
16.82,17.661,2024-08-16T22:30:00Z,2024-08-16T23:00:00Z,
14.28,14.994,2024-08-16T23:00:00Z,2024-08-16T23:30:00Z,
15.96,16.758,2024-08-16T23:30:00Z,2024-08-17T00:00:00Z,
16.7,17.535,2024-08-17T00:00:00Z,2024-08-17T00:30:00Z,
16.55,17.3775,2024-08-17T00:30:00Z,2024-08-17T01:00:00Z,
16.2,17.01,2024-08-17T01:00:00Z,2024-08-17T01:30:00Z,
16.11,16.9155,2024-08-17T01:30:00Z,2024-08-17T02:00:00Z,
14.18,14.889,2024-08-17T02:00:00Z,2024-08-17T02:30:00Z,
15.12,15.876,2024-08-17T02:30:00Z,2024-08-17T03:00:00Z,
14.83,15.5715,2024-08-17T03:00:00Z,2024-08-17T03:30:00Z,
15.33,16.0965,2024-08-17T03:30:00Z,2024-08-17T04:00:00Z,
15.92,16.716,2024-08-17T04:00:00Z,2024-08-17T04:30:00Z,
16.06,16.863,2024-08-17T04:30:00Z,2024-08-17T05:00:00Z,
14.8,15.54,2024-08-17T05:00:00Z,2024-08-17T05:30:00Z,
15.96,16.758,2024-08-17T05:30:00Z,2024-08-17T06:00:00Z,
15.12,15.876,2024-08-17T06:00:00Z,2024-08-17T06:30:00Z,
15.96,16.758,2024-08-17T06:30:00Z,2024-08-17T07:00:00Z,
15.12,15.876,2024-08-17T07:00:00Z,2024-08-17T07:30:00Z,
14.4,15.12,2024-08-17T07:30:00Z,2024-08-17T08:00:00Z,
12.81,13.4505,2024-08-17T08:00:00Z,2024-08-17T08:30:00Z,
10.5,11.025,2024-08-17T08:30:00Z,2024-08-17T09:00:00Z,
11.76,12.348,2024-08-17T09:00:00Z,2024-08-17T09:30:00Z,
9.68,10.164,2024-08-17T09:30:00Z,2024-08-17T10:00:00Z,
8.82,9.261,2024-08-17T10:00:00Z,2024-08-17T10:30:00Z,
9.24,9.702,2024-08-17T10:30:00Z,2024-08-17T11:00:00Z,
8.61,9.0405,2024-08-17T11:00:00Z,2024-08-17T11:30:00Z,
10.29,10.8045,2024-08-17T11:30:00Z,2024-08-17T12:00:00Z,
8.33,8.7465,2024-08-17T12:00:00Z,2024-08-17T12:30:00Z,
7.73,8.1165,2024-08-17T12:30:00Z,2024-08-17T13:00:00Z,
9.66,10.143,2024-08-17T13:00:00Z,2024-08-17T13:30:00Z,
8.4,8.82,2024-08-17T13:30:00Z,2024-08-17T14:00:00Z,
9.14,9.597,2024-08-17T14:00:00Z,2024-08-17T14:30:00Z,
10.82,11.361,2024-08-17T14:30:00Z,2024-08-17T15:00:00Z,
25.22,26.481,2024-08-17T15:00:00Z,2024-08-17T15:30:00Z,
28.22,29.631,2024-08-17T15:30:00Z,2024-08-17T16:00:00Z,
27.72,29.106,2024-08-17T16:00:00Z,2024-08-17T16:30:00Z,
27.69,29.0745,2024-08-17T16:30:00Z,2024-08-17T17:00:00Z,
29.8,31.29,2024-08-17T17:00:00Z,2024-08-17T17:30:00Z,
30.15,31.6575,2024-08-17T17:30:00Z,2024-08-17T18:00:00Z,
19.95,20.9475,2024-08-17T18:00:00Z,2024-08-17T18:30:00Z,
20.06,21.063,2024-08-17T18:30:00Z,2024-08-17T19:00:00Z,
19.95,20.9475,2024-08-17T19:00:00Z,2024-08-17T19:30:00Z,
19.95,20.9475,2024-08-17T19:30:00Z,2024-08-17T20:00:00Z,
20.0,21.0,2024-08-17T20:00:00Z,2024-08-17T20:30:00Z,
17.58,18.459,2024-08-17T20:30:00Z,2024-08-17T21:00:00Z,
19.64,20.622,2024-08-17T21:00:00Z,2024-08-17T21:30:00Z,
17.64,18.522,2024-08-17T21:30:00Z,2024-08-17T22:00:00Z,
16.48,17.304,2024-08-17T22:00:00Z,2024-08-17T22:30:00Z,
17.07,17.9235,2024-08-17T22:30:00Z,2024-08-17T23:00:00Z,
14.7,15.435,2024-08-17T23:00:00Z,2024-08-17T23:30:00Z,
15.58,16.359,2024-08-17T23:30:00Z,2024-08-18T00:00:00Z,
13.44,14.112,2024-08-18T00:00:00Z,2024-08-18T00:30:00Z,
13.63,14.3115,2024-08-18T00:30:00Z,2024-08-18T01:00:00Z,
11.0,11.55,2024-08-18T01:00:00Z,2024-08-18T01:30:00Z,
8.4,8.82,2024-08-18T01:30:00Z,2024-08-18T02:00:00Z,
11.97,12.5685,2024-08-18T02:00:00Z,2024-08-18T02:30:00Z,
10.0,10.5,2024-08-18T02:30:00Z,2024-08-18T03:00:00Z,
11.97,12.5685,2024-08-18T03:00:00Z,2024-08-18T03:30:00Z,
10.58,11.109,2024-08-18T03:30:00Z,2024-08-18T04:00:00Z,
10.98,11.529,2024-08-18T04:00:00Z,2024-08-18T04:30:00Z,
12.27,12.8835,2024-08-18T04:30:00Z,2024-08-18T05:00:00Z,
11.64,12.222,2024-08-18T05:00:00Z,2024-08-18T05:30:00Z,
12.39,13.0095,2024-08-18T05:30:00Z,2024-08-18T06:00:00Z,
11.99,12.5895,2024-08-18T06:00:00Z,2024-08-18T06:30:00Z,
13.65,14.3325,2024-08-18T06:30:00Z,2024-08-18T07:00:00Z,
10.73,11.2665,2024-08-18T07:00:00Z,2024-08-18T07:30:00Z,
10.48,11.004,2024-08-18T07:30:00Z,2024-08-18T08:00:00Z,
10.29,10.8045,2024-08-18T08:00:00Z,2024-08-18T08:30:00Z,
6.01,6.3105,2024-08-18T08:30:00Z,2024-08-18T09:00:00Z,
7.08,7.434,2024-08-18T09:00:00Z,2024-08-18T09:30:00Z,
4.3,4.515,2024-08-18T09:30:00Z,2024-08-18T10:00:00Z,
4.95,5.1975,2024-08-18T10:00:00Z,2024-08-18T10:30:00Z,
3.57,3.7485,2024-08-18T10:30:00Z,2024-08-18T11:00:00Z,
3.36,3.528,2024-08-18T11:00:00Z,2024-08-18T11:30:00Z,
2.1,2.205,2024-08-18T11:30:00Z,2024-08-18T12:00:00Z,
2.1,2.205,2024-08-18T12:00:00Z,2024-08-18T12:30:00Z,
2.32,2.436,2024-08-18T12:30:00Z,2024-08-18T13:00:00Z,
3.36,3.528,2024-08-18T13:00:00Z,2024-08-18T13:30:00Z,
3.17,3.3285,2024-08-18T13:30:00Z,2024-08-18T14:00:00Z,
2.17,2.2785,2024-08-18T14:00:00Z,2024-08-18T14:30:00Z,
6.09,6.3945,2024-08-18T14:30:00Z,2024-08-18T15:00:00Z,
18.36,19.278,2024-08-18T15:00:00Z,2024-08-18T15:30:00Z,
22.14,23.247,2024-08-18T15:30:00Z,2024-08-18T16:00:00Z,
25.6,26.88,2024-08-18T16:00:00Z,2024-08-18T16:30:00Z,
28.92,30.366,2024-08-18T16:30:00Z,2024-08-18T17:00:00Z,
30.54,32.067,2024-08-18T17:00:00Z,2024-08-18T17:30:00Z,
29.7,31.185,2024-08-18T17:30:00Z,2024-08-18T18:00:00Z,
18.82,19.761,2024-08-18T18:00:00Z,2024-08-18T18:30:00Z,
19.11,20.0655,2024-08-18T18:30:00Z,2024-08-18T19:00:00Z,
18.23,19.1415,2024-08-18T19:00:00Z,2024-08-18T19:30:00Z,
17.99,18.8895,2024-08-18T19:30:00Z,2024-08-18T20:00:00Z,
19.39,20.3595,2024-08-18T20:00:00Z,2024-08-18T20:30:00Z,
16.38,17.199,2024-08-18T20:30:00Z,2024-08-18T21:00:00Z,
19.64,20.622,2024-08-18T21:00:00Z,2024-08-18T21:30:00Z,
14.49,15.2145,2024-08-18T21:30:00Z,2024-08-18T22:00:00Z,
18.27,19.1835,2024-08-18T22:00:00Z,2024-08-18T22:30:00Z,
17.01,17.8605,2024-08-18T22:30:00Z,2024-08-18T23:00:00Z,
16.13,16.9365,2024-08-18T23:00:00Z,2024-08-18T23:30:00Z,
16.72,17.556,2024-08-18T23:30:00Z,2024-08-19T00:00:00Z,
16.5,17.325,2024-08-19T00:00:00Z,2024-08-19T00:30:00Z,
15.88,16.674,2024-08-19T00:30:00Z,2024-08-19T01:00:00Z,
15.29,16.0545,2024-08-19T01:00:00Z,2024-08-19T01:30:00Z,
14.71,15.4455,2024-08-19T01:30:00Z,2024-08-19T02:00:00Z,
15.06,15.813,2024-08-19T02:00:00Z,2024-08-19T02:30:00Z,
14.85,15.5925,2024-08-19T02:30:00Z,2024-08-19T03:00:00Z,
15.12,15.876,2024-08-19T03:00:00Z,2024-08-19T03:30:00Z,
14.77,15.5085,2024-08-19T03:30:00Z,2024-08-19T04:00:00Z,
17.01,17.8605,2024-08-19T04:00:00Z,2024-08-19T04:30:00Z,
15.84,16.632,2024-08-19T04:30:00Z,2024-08-19T05:00:00Z,
18.9,19.845,2024-08-19T05:00:00Z,2024-08-19T05:30:00Z,
19.82,20.811,2024-08-19T05:30:00Z,2024-08-19T06:00:00Z,
19.32,20.286,2024-08-19T06:00:00Z,2024-08-19T06:30:00Z,
21.59,22.6695,2024-08-19T06:30:00Z,2024-08-19T07:00:00Z,
17.96,18.858,2024-08-19T07:00:00Z,2024-08-19T07:30:00Z,
18.71,19.6455,2024-08-19T07:30:00Z,2024-08-19T08:00:00Z,
17.7,18.585,2024-08-19T08:00:00Z,2024-08-19T08:30:00Z,
15.29,16.0545,2024-08-19T08:30:00Z,2024-08-19T09:00:00Z,
15.12,15.876,2024-08-19T09:00:00Z,2024-08-19T09:30:00Z,
15.94,16.737,2024-08-19T09:30:00Z,2024-08-19T10:00:00Z,
14.28,14.994,2024-08-19T10:00:00Z,2024-08-19T10:30:00Z,
15.29,16.0545,2024-08-19T10:30:00Z,2024-08-19T11:00:00Z,
15.29,16.0545,2024-08-19T11:00:00Z,2024-08-19T11:30:00Z,
14.41,15.1305,2024-08-19T11:30:00Z,2024-08-19T12:00:00Z,
15.21,15.9705,2024-08-19T12:00:00Z,2024-08-19T12:30:00Z,
13.35,14.0175,2024-08-19T12:30:00Z,2024-08-19T13:00:00Z,
13.68,14.364,2024-08-19T13:00:00Z,2024-08-19T13:30:00Z,
11.77,12.3585,2024-08-19T13:30:00Z,2024-08-19T14:00:00Z,
14.49,15.2145,2024-08-19T14:00:00Z,2024-08-19T14:30:00Z,
14.01,14.7105,2024-08-19T14:30:00Z,2024-08-19T15:00:00Z,
27.53,28.9065,2024-08-19T15:00:00Z,2024-08-19T15:30:00Z,
28.54,29.967,2024-08-19T15:30:00Z,2024-08-19T16:00:00Z,
30.43,31.9515,2024-08-19T16:00:00Z,2024-08-19T16:30:00Z,
29.88,31.374,2024-08-19T16:30:00Z,2024-08-19T17:00:00Z,
33.79,35.4795,2024-08-19T17:00:00Z,2024-08-19T17:30:00Z,
32.53,34.1565,2024-08-19T17:30:00Z,2024-08-19T18:00:00Z,
21.42,22.491,2024-08-19T18:00:00Z,2024-08-19T18:30:00Z,
20.73,21.7665,2024-08-19T18:30:00Z,2024-08-19T19:00:00Z,
19.75,20.7375,2024-08-19T19:00:00Z,2024-08-19T19:30:00Z,
19.63,20.6115,2024-08-19T19:30:00Z,2024-08-19T20:00:00Z,
17.7,18.585,2024-08-19T20:00:00Z,2024-08-19T20:30:00Z,
15.96,16.758,2024-08-19T20:30:00Z,2024-08-19T21:00:00Z,
15.7,16.485,2024-08-19T21:00:00Z,2024-08-19T21:30:00Z,
12.24,12.852,2024-08-19T21:30:00Z,2024-08-19T22:00:00Z,
12.6,13.23,2024-08-19T22:00:00Z,2024-08-19T22:30:00Z,
11.59,12.1695,2024-08-19T22:30:00Z,2024-08-19T23:00:00Z,
11.61,12.1905,2024-08-19T23:00:00Z,2024-08-19T23:30:00Z,
11.13,11.6865,2024-08-19T23:30:00Z,2024-08-20T00:00:00Z,
10.5,11.025,2024-08-20T00:00:00Z,2024-08-20T00:30:00Z,
10.45,10.9725,2024-08-20T00:30:00Z,2024-08-20T01:00:00Z,
8.19,8.5995,2024-08-20T01:00:00Z,2024-08-20T01:30:00Z,
6.13,6.4365,2024-08-20T01:30:00Z,2024-08-20T02:00:00Z,
6.13,6.4365,2024-08-20T02:00:00Z,2024-08-20T02:30:00Z,
7.31,7.6755,2024-08-20T02:30:00Z,2024-08-20T03:00:00Z,
7.06,7.413,2024-08-20T03:00:00Z,2024-08-20T03:30:00Z,
8.06,8.463,2024-08-20T03:30:00Z,2024-08-20T04:00:00Z,
7.35,7.7175,2024-08-20T04:00:00Z,2024-08-20T04:30:00Z,
12.15,12.7575,2024-08-20T04:30:00Z,2024-08-20T05:00:00Z,
12.6,13.23,2024-08-20T05:00:00Z,2024-08-20T05:30:00Z,
16.8,17.64,2024-08-20T05:30:00Z,2024-08-20T06:00:00Z,
16.59,17.4195,2024-08-20T06:00:00Z,2024-08-20T06:30:00Z,
18.02,18.921,2024-08-20T06:30:00Z,2024-08-20T07:00:00Z,
15.31,16.0755,2024-08-20T07:00:00Z,2024-08-20T07:30:00Z,
16.8,17.64,2024-08-20T07:30:00Z,2024-08-20T08:00:00Z,
14.7,15.435,2024-08-20T08:00:00Z,2024-08-20T08:30:00Z,
12.47,13.0935,2024-08-20T08:30:00Z,2024-08-20T09:00:00Z,
10.0,10.5,2024-08-20T09:00:00Z,2024-08-20T09:30:00Z,
8.46,8.883,2024-08-20T09:30:00Z,2024-08-20T10:00:00Z,
6.76,7.098,2024-08-20T10:00:00Z,2024-08-20T10:30:00Z,
5.72,6.006,2024-08-20T10:30:00Z,2024-08-20T11:00:00Z,
5.33,5.5965,2024-08-20T11:00:00Z,2024-08-20T11:30:00Z,
2.52,2.646,2024-08-20T11:30:00Z,2024-08-20T12:00:00Z,
4.2,4.41,2024-08-20T12:00:00Z,2024-08-20T12:30:00Z,
3.15,3.3075,2024-08-20T12:30:00Z,2024-08-20T13:00:00Z,
5.14,5.397,2024-08-20T13:00:00Z,2024-08-20T13:30:00Z,
5.04,5.292,2024-08-20T13:30:00Z,2024-08-20T14:00:00Z,
4.77,5.0085,2024-08-20T14:00:00Z,2024-08-20T14:30:00Z,
7.08,7.434,2024-08-20T14:30:00Z,2024-08-20T15:00:00Z,
20.66,21.693,2024-08-20T15:00:00Z,2024-08-20T15:30:00Z,
22.96,24.108,2024-08-20T15:30:00Z,2024-08-20T16:00:00Z,
23.92,25.116,2024-08-20T16:00:00Z,2024-08-20T16:30:00Z,
27.13,28.4865,2024-08-20T16:30:00Z,2024-08-20T17:00:00Z,
31.02,32.571,2024-08-20T17:00:00Z,2024-08-20T17:30:00Z,
31.8,33.39,2024-08-20T17:30:00Z,2024-08-20T18:00:00Z,
19.49,20.4645,2024-08-20T18:00:00Z,2024-08-20T18:30:00Z,
19.23,20.1915,2024-08-20T18:30:00Z,2024-08-20T19:00:00Z,
18.48,19.404,2024-08-20T19:00:00Z,2024-08-20T19:30:00Z,
19.42,20.391,2024-08-20T19:30:00Z,2024-08-20T20:00:00Z,
18.8,19.74,2024-08-20T20:00:00Z,2024-08-20T20:30:00Z,
14.83,15.5715,2024-08-20T20:30:00Z,2024-08-20T21:00:00Z,
15.37,16.1385,2024-08-20T21:00:00Z,2024-08-20T21:30:00Z,
11.49,12.0645,2024-08-20T21:30:00Z,2024-08-20T22:00:00Z,
8.99,9.4395,2024-08-20T22:00:00Z,2024-08-20T22:30:00Z,
3.57,3.7485,2024-08-20T22:30:00Z,2024-08-20T23:00:00Z,
2.73,2.8665,2024-08-20T23:00:00Z,2024-08-20T23:30:00Z,
1.28,1.344,2024-08-20T23:30:00Z,2024-08-21T00:00:00Z,
4.66,4.893,2024-08-21T00:00:00Z,2024-08-21T00:30:00Z,
5.04,5.292,2024-08-21T00:30:00Z,2024-08-21T01:00:00Z,
2.1,2.205,2024-08-21T01:00:00Z,2024-08-21T01:30:00Z,
0.52,0.546,2024-08-21T01:30:00Z,2024-08-21T02:00:00Z,
1.3,1.365,2024-08-21T02:00:00Z,2024-08-21T02:30:00Z,
2.1,2.205,2024-08-21T02:30:00Z,2024-08-21T03:00:00Z,
3.78,3.969,2024-08-21T03:00:00Z,2024-08-21T03:30:00Z,
4.1,4.305,2024-08-21T03:30:00Z,2024-08-21T04:00:00Z,
6.64,6.972,2024-08-21T04:00:00Z,2024-08-21T04:30:00Z,
12.26,12.873,2024-08-21T04:30:00Z,2024-08-21T05:00:00Z,
10.92,11.466,2024-08-21T05:00:00Z,2024-08-21T05:30:00Z,
15.54,16.317,2024-08-21T05:30:00Z,2024-08-21T06:00:00Z,
10.08,10.584,2024-08-21T06:00:00Z,2024-08-21T06:30:00Z,
15.46,16.233,2024-08-21T06:30:00Z,2024-08-21T07:00:00Z,
7.56,7.938,2024-08-21T07:00:00Z,2024-08-21T07:30:00Z,
8.9,9.345,2024-08-21T07:30:00Z,2024-08-21T08:00:00Z,
2.6,2.73,2024-08-21T08:00:00Z,2024-08-21T08:30:00Z,
0.76,0.798,2024-08-21T08:30:00Z,2024-08-21T09:00:00Z,
0.42,0.441,2024-08-21T09:00:00Z,2024-08-21T09:30:00Z,
-0.42,-0.441,2024-08-21T09:30:00Z,2024-08-21T10:00:00Z,
-0.42,-0.441,2024-08-21T10:00:00Z,2024-08-21T10:30:00Z,
-0.55,-0.5775,2024-08-21T10:30:00Z,2024-08-21T11:00:00Z,
-0.42,-0.441,2024-08-21T11:00:00Z,2024-08-21T11:30:00Z,
-0.59,-0.6195,2024-08-21T11:30:00Z,2024-08-21T12:00:00Z,
-0.42,-0.441,2024-08-21T12:00:00Z,2024-08-21T12:30:00Z,
-0.42,-0.441,2024-08-21T12:30:00Z,2024-08-21T13:00:00Z,
-0.42,-0.441,2024-08-21T13:00:00Z,2024-08-21T13:30:00Z,
-0.42,-0.441,2024-08-21T13:30:00Z,2024-08-21T14:00:00Z,
0.42,0.441,2024-08-21T14:00:00Z,2024-08-21T14:30:00Z,
1.02,1.071,2024-08-21T14:30:00Z,2024-08-21T15:00:00Z,
13.42,14.091,2024-08-21T15:00:00Z,2024-08-21T15:30:00Z,
16.15,16.9575,2024-08-21T15:30:00Z,2024-08-21T16:00:00Z,
25.13,26.3865,2024-08-21T16:00:00Z,2024-08-21T16:30:00Z,
26.02,27.321,2024-08-21T16:30:00Z,2024-08-21T17:00:00Z,
29.54,31.017,2024-08-21T17:00:00Z,2024-08-21T17:30:00Z,
28.64,30.072,2024-08-21T17:30:00Z,2024-08-21T18:00:00Z,
17.35,18.2175,2024-08-21T18:00:00Z,2024-08-21T18:30:00Z,
15.86,16.653,2024-08-21T18:30:00Z,2024-08-21T19:00:00Z,
15.96,16.758,2024-08-21T19:00:00Z,2024-08-21T19:30:00Z,
16.38,17.199,2024-08-21T19:30:00Z,2024-08-21T20:00:00Z,
17.64,18.522,2024-08-21T20:00:00Z,2024-08-21T20:30:00Z,
13.23,13.8915,2024-08-21T20:30:00Z,2024-08-21T21:00:00Z,
13.12,13.776,2024-08-21T21:00:00Z,2024-08-21T21:30:00Z,
9.45,9.9225,2024-08-21T21:30:00Z,2024-08-21T22:00:00Z,
6.15,6.4575,2024-08-21T22:00:00Z,2024-08-21T22:30:00Z,
0.59,0.6195,2024-08-21T22:30:00Z,2024-08-21T23:00:00Z,
0.84,0.882,2024-08-21T23:00:00Z,2024-08-21T23:30:00Z,
-0.21,-0.2205,2024-08-21T23:30:00Z,2024-08-22T00:00:00Z,
-1.05,-1.1025,2024-08-22T00:00:00Z,2024-08-22T00:30:00Z,
-1.91,-2.0055,2024-08-22T00:30:00Z,2024-08-22T01:00:00Z,
0.0,0.0,2024-08-22T01:00:00Z,2024-08-22T01:30:00Z,
-1.89,-1.9845,2024-08-22T01:30:00Z,2024-08-22T02:00:00Z,
-1.89,-1.9845,2024-08-22T02:00:00Z,2024-08-22T02:30:00Z,
-2.1,-2.205,2024-08-22T02:30:00Z,2024-08-22T03:00:00Z,
-1.91,-2.0055,2024-08-22T03:00:00Z,2024-08-22T03:30:00Z,
-1.91,-2.0055,2024-08-22T03:30:00Z,2024-08-22T04:00:00Z,
-0.02,-0.021,2024-08-22T04:00:00Z,2024-08-22T04:30:00Z,
2.73,2.8665,2024-08-22T04:30:00Z,2024-08-22T05:00:00Z,
1.28,1.344,2024-08-22T05:00:00Z,2024-08-22T05:30:00Z,
7.35,7.7175,2024-08-22T05:30:00Z,2024-08-22T06:00:00Z,
2.99,3.1395,2024-08-22T06:00:00Z,2024-08-22T06:30:00Z,
8.4,8.82,2024-08-22T06:30:00Z,2024-08-22T07:00:00Z,
4.03,4.2315,2024-08-22T07:00:00Z,2024-08-22T07:30:00Z,
7.46,7.833,2024-08-22T07:30:00Z,2024-08-22T08:00:00Z,
5.45,5.7225,2024-08-22T08:00:00Z,2024-08-22T08:30:00Z,
3.57,3.7485,2024-08-22T08:30:00Z,2024-08-22T09:00:00Z,
0.25,0.2625,2024-08-22T09:00:00Z,2024-08-22T09:30:00Z,
0.0,0.0,2024-08-22T09:30:00Z,2024-08-22T10:00:00Z,
-0.42,-0.441,2024-08-22T10:00:00Z,2024-08-22T10:30:00Z,
-0.25,-0.2625,2024-08-22T10:30:00Z,2024-08-22T11:00:00Z,
-1.47,-1.5435,2024-08-22T11:00:00Z,2024-08-22T11:30:00Z,
-1.89,-1.9845,2024-08-22T11:30:00Z,2024-08-22T12:00:00Z,
-1.07,-1.1235,2024-08-22T12:00:00Z,2024-08-22T12:30:00Z,
-1.89,-1.9845,2024-08-22T12:30:00Z,2024-08-22T13:00:00Z,
-1.89,-1.9845,2024-08-22T13:00:00Z,2024-08-22T13:30:00Z,
-1.89,-1.9845,2024-08-22T13:30:00Z,2024-08-22T14:00:00Z,
-1.91,-2.0055,2024-08-22T14:00:00Z,2024-08-22T14:30:00Z,
1.07,1.1235,2024-08-22T14:30:00Z,2024-08-22T15:00:00Z,
14.68,15.414,2024-08-22T15:00:00Z,2024-08-22T15:30:00Z,
20.93,21.9765,2024-08-22T15:30:00Z,2024-08-22T16:00:00Z,
26.44,27.762,2024-08-22T16:00:00Z,2024-08-22T16:30:00Z,
29.13,30.5865,2024-08-22T16:30:00Z,2024-08-22T17:00:00Z,
32.81,34.4505,2024-08-22T17:00:00Z,2024-08-22T17:30:00Z,
33.83,35.5215,2024-08-22T17:30:00Z,2024-08-22T18:00:00Z,
22.05,23.1525,2024-08-22T18:00:00Z,2024-08-22T18:30:00Z,
22.51,23.6355,2024-08-22T18:30:00Z,2024-08-22T19:00:00Z,
19.82,20.811,2024-08-22T19:00:00Z,2024-08-22T19:30:00Z,
20.79,21.8295,2024-08-22T19:30:00Z,2024-08-22T20:00:00Z,
20.11,21.1155,2024-08-22T20:00:00Z,2024-08-22T20:30:00Z,
16.11,16.9155,2024-08-22T20:30:00Z,2024-08-22T21:00:00Z,
15.96,16.758,2024-08-22T21:00:00Z,2024-08-22T21:30:00Z,
10.08,10.584,2024-08-22T21:30:00Z,2024-08-22T22:00:00Z,
11.09,11.6445,2024-08-22T22:00:00Z,2024-08-22T22:30:00Z,
7.41,7.7805,2024-08-22T22:30:00Z,2024-08-22T23:00:00Z,
7.35,7.7175,2024-08-22T23:00:00Z,2024-08-22T23:30:00Z,
7.0,7.35,2024-08-22T23:30:00Z,2024-08-23T00:00:00Z,
6.72,7.056,2024-08-23T00:00:00Z,2024-08-23T00:30:00Z,
5.88,6.174,2024-08-23T00:30:00Z,2024-08-23T01:00:00Z,
4.86,5.103,2024-08-23T01:00:00Z,2024-08-23T01:30:00Z,
1.26,1.323,2024-08-23T01:30:00Z,2024-08-23T02:00:00Z,
2.42,2.541,2024-08-23T02:00:00Z,2024-08-23T02:30:00Z,
0.94,0.987,2024-08-23T02:30:00Z,2024-08-23T03:00:00Z,
2.52,2.646,2024-08-23T03:00:00Z,2024-08-23T03:30:00Z,
-0.07,-0.0735,2024-08-23T03:30:00Z,2024-08-23T04:00:00Z,
2.16,2.268,2024-08-23T04:00:00Z,2024-08-23T04:30:00Z,
2.42,2.541,2024-08-23T04:30:00Z,2024-08-23T05:00:00Z,
4.1,4.305,2024-08-23T05:00:00Z,2024-08-23T05:30:00Z,
7.35,7.7175,2024-08-23T05:30:00Z,2024-08-23T06:00:00Z,
3.57,3.7485,2024-08-23T06:00:00Z,2024-08-23T06:30:00Z,
7.64,8.022,2024-08-23T06:30:00Z,2024-08-23T07:00:00Z,
1.73,1.8165,2024-08-23T07:00:00Z,2024-08-23T07:30:00Z,
2.1,2.205,2024-08-23T07:30:00Z,2024-08-23T08:00:00Z,
1.13,1.1865,2024-08-23T08:00:00Z,2024-08-23T08:30:00Z,
-2.1,-2.205,2024-08-23T08:30:00Z,2024-08-23T09:00:00Z,
1.26,1.323,2024-08-23T09:00:00Z,2024-08-23T09:30:00Z,
-0.42,-0.441,2024-08-23T09:30:00Z,2024-08-23T10:00:00Z,
0.94,0.987,2024-08-23T10:00:00Z,2024-08-23T10:30:00Z,
-0.42,-0.441,2024-08-23T10:30:00Z,2024-08-23T11:00:00Z,
-0.32,-0.336,2024-08-23T11:00:00Z,2024-08-23T11:30:00Z,
-1.43,-1.5015,2024-08-23T11:30:00Z,2024-08-23T12:00:00Z,
-0.27,-0.2835,2024-08-23T12:00:00Z,2024-08-23T12:30:00Z,
-1.93,-2.0265,2024-08-23T12:30:00Z,2024-08-23T13:00:00Z,
-0.32,-0.336,2024-08-23T13:00:00Z,2024-08-23T13:30:00Z,
0.26,0.273,2024-08-23T13:30:00Z,2024-08-23T14:00:00Z,
-1.26,-1.323,2024-08-23T14:00:00Z,2024-08-23T14:30:00Z,
0.0,0.0,2024-08-23T14:30:00Z,2024-08-23T15:00:00Z,
10.16,10.668,2024-08-23T15:00:00Z,2024-08-23T15:30:00Z,
16.26,17.073,2024-08-23T15:30:00Z,2024-08-23T16:00:00Z,
20.64,21.672,2024-08-23T16:00:00Z,2024-08-23T16:30:00Z,
24.66,25.893,2024-08-23T16:30:00Z,2024-08-23T17:00:00Z,
29.38,30.849,2024-08-23T17:00:00Z,2024-08-23T17:30:00Z,
30.43,31.9515,2024-08-23T17:30:00Z,2024-08-23T18:00:00Z,
20.37,21.3885,2024-08-23T18:00:00Z,2024-08-23T18:30:00Z,
20.37,21.3885,2024-08-23T18:30:00Z,2024-08-23T19:00:00Z,
20.16,21.168,2024-08-23T19:00:00Z,2024-08-23T19:30:00Z,
20.16,21.168,2024-08-23T19:30:00Z,2024-08-23T20:00:00Z,
21.52,22.596,2024-08-23T20:00:00Z,2024-08-23T20:30:00Z,
18.58,19.509,2024-08-23T20:30:00Z,2024-08-23T21:00:00Z,
18.14,19.047,2024-08-23T21:00:00Z,2024-08-23T21:30:00Z,
15.09,15.8445,2024-08-23T21:30:00Z,2024-08-23T22:00:00Z,
18.06,18.963,2024-08-23T22:00:00Z,2024-08-23T22:30:00Z,
14.11,14.8155,2024-08-23T22:30:00Z,2024-08-23T23:00:00Z,
12.43,13.0515,2024-08-23T23:00:00Z,2024-08-23T23:30:00Z,
11.97,12.5685,2024-08-23T23:30:00Z,2024-08-24T00:00:00Z,
11.98,12.579,2024-08-24T00:00:00Z,2024-08-24T00:30:00Z,
13.12,13.776,2024-08-24T00:30:00Z,2024-08-24T01:00:00Z,
12.6,13.23,2024-08-24T01:00:00Z,2024-08-24T01:30:00Z,
11.97,12.5685,2024-08-24T01:30:00Z,2024-08-24T02:00:00Z,
12.58,13.209,2024-08-24T02:00:00Z,2024-08-24T02:30:00Z,
12.5,13.125,2024-08-24T02:30:00Z,2024-08-24T03:00:00Z,
11.86,12.453,2024-08-24T03:00:00Z,2024-08-24T03:30:00Z,
14.01,14.7105,2024-08-24T03:30:00Z,2024-08-24T04:00:00Z,
13.88,14.574,2024-08-24T04:00:00Z,2024-08-24T04:30:00Z,
15.75,16.5375,2024-08-24T04:30:00Z,2024-08-24T05:00:00Z,
13.88,14.574,2024-08-24T05:00:00Z,2024-08-24T05:30:00Z,
16.8,17.64,2024-08-24T05:30:00Z,2024-08-24T06:00:00Z,
9.66,10.143,2024-08-24T06:00:00Z,2024-08-24T06:30:00Z,
13.58,14.259,2024-08-24T06:30:00Z,2024-08-24T07:00:00Z,
15.96,16.758,2024-08-24T07:00:00Z,2024-08-24T07:30:00Z,
19.49,20.4645,2024-08-24T07:30:00Z,2024-08-24T08:00:00Z,
18.16,19.068,2024-08-24T08:00:00Z,2024-08-24T08:30:00Z,
17.16,18.018,2024-08-24T08:30:00Z,2024-08-24T09:00:00Z,
17.64,18.522,2024-08-24T09:00:00Z,2024-08-24T09:30:00Z,
16.56,17.388,2024-08-24T09:30:00Z,2024-08-24T10:00:00Z,
18.48,19.404,2024-08-24T10:00:00Z,2024-08-24T10:30:00Z,
18.5,19.425,2024-08-24T10:30:00Z,2024-08-24T11:00:00Z,
16.38,17.199,2024-08-24T11:00:00Z,2024-08-24T11:30:00Z,
15.2,15.96,2024-08-24T11:30:00Z,2024-08-24T12:00:00Z,
14.24,14.952,2024-08-24T12:00:00Z,2024-08-24T12:30:00Z,
10.88,11.424,2024-08-24T12:30:00Z,2024-08-24T13:00:00Z,
4.7,4.935,2024-08-24T13:00:00Z,2024-08-24T13:30:00Z,
2.52,2.646,2024-08-24T13:30:00Z,2024-08-24T14:00:00Z,
4.83,5.0715,2024-08-24T14:00:00Z,2024-08-24T14:30:00Z,
4.62,4.851,2024-08-24T14:30:00Z,2024-08-24T15:00:00Z,
15.1,15.855,2024-08-24T15:00:00Z,2024-08-24T15:30:00Z,
21.02,22.071,2024-08-24T15:30:00Z,2024-08-24T16:00:00Z,
22.85,23.9925,2024-08-24T16:00:00Z,2024-08-24T16:30:00Z,
25.39,26.6595,2024-08-24T16:30:00Z,2024-08-24T17:00:00Z,
28.13,29.5365,2024-08-24T17:00:00Z,2024-08-24T17:30:00Z,
29.54,31.017,2024-08-24T17:30:00Z,2024-08-24T18:00:00Z,
14.28,14.994,2024-08-24T18:00:00Z,2024-08-24T18:30:00Z,
13.02,13.671,2024-08-24T18:30:00Z,2024-08-24T19:00:00Z,
12.6,13.23,2024-08-24T19:00:00Z,2024-08-24T19:30:00Z,
12.6,13.23,2024-08-24T19:30:00Z,2024-08-24T20:00:00Z,
11.97,12.5685,2024-08-24T20:00:00Z,2024-08-24T20:30:00Z,
7.79,8.1795,2024-08-24T20:30:00Z,2024-08-24T21:00:00Z,
9.39,9.8595,2024-08-24T21:00:00Z,2024-08-24T21:30:00Z,
3.17,3.3285,2024-08-24T21:30:00Z,2024-08-24T22:00:00Z,
2.84,2.982,2024-08-24T22:00:00Z,2024-08-24T22:30:00Z,
-2.52,-2.646,2024-08-24T22:30:00Z,2024-08-24T23:00:00Z,
0.0,0.0,2024-08-24T23:00:00Z,2024-08-24T23:30:00Z,
-2.0,-2.1,2024-08-24T23:30:00Z,2024-08-25T00:00:00Z,
-2.0,-2.1,2024-08-25T00:00:00Z,2024-08-25T00:30:00Z,
-0.8,-0.84,2024-08-25T00:30:00Z,2024-08-25T01:00:00Z,
1.78,1.869,2024-08-25T01:00:00Z,2024-08-25T01:30:00Z,
-0.04,-0.042,2024-08-25T01:30:00Z,2024-08-25T02:00:00Z,
0.0,0.0,2024-08-25T02:00:00Z,2024-08-25T02:30:00Z,
1.05,1.1025,2024-08-25T02:30:00Z,2024-08-25T03:00:00Z,
0.79,0.8295,2024-08-25T03:00:00Z,2024-08-25T03:30:00Z,
0.21,0.2205,2024-08-25T03:30:00Z,2024-08-25T04:00:00Z,
-0.42,-0.441,2024-08-25T04:00:00Z,2024-08-25T04:30:00Z,
0.63,0.6615,2024-08-25T04:30:00Z,2024-08-25T05:00:00Z,
-0.04,-0.042,2024-08-25T05:00:00Z,2024-08-25T05:30:00Z,
0.89,0.9345,2024-08-25T05:30:00Z,2024-08-25T06:00:00Z,
-1.05,-1.1025,2024-08-25T06:00:00Z,2024-08-25T06:30:00Z,
-0.65,-0.6825,2024-08-25T06:30:00Z,2024-08-25T07:00:00Z,
-0.63,-0.6615,2024-08-25T07:00:00Z,2024-08-25T07:30:00Z,
-1.05,-1.1025,2024-08-25T07:30:00Z,2024-08-25T08:00:00Z,
-0.21,-0.2205,2024-08-25T08:00:00Z,2024-08-25T08:30:00Z,
-2.1,-2.205,2024-08-25T08:30:00Z,2024-08-25T09:00:00Z,
-0.89,-0.9345,2024-08-25T09:00:00Z,2024-08-25T09:30:00Z,
-1.68,-1.764,2024-08-25T09:30:00Z,2024-08-25T10:00:00Z,
-1.84,-1.932,2024-08-25T10:00:00Z,2024-08-25T10:30:00Z,
-2.54,-2.667,2024-08-25T10:30:00Z,2024-08-25T11:00:00Z,
-2.1,-2.205,2024-08-25T11:00:00Z,2024-08-25T11:30:00Z,
-2.1,-2.205,2024-08-25T11:30:00Z,2024-08-25T12:00:00Z,
-1.78,-1.869,2024-08-25T12:00:00Z,2024-08-25T12:30:00Z,
-1.37,-1.4385,2024-08-25T12:30:00Z,2024-08-25T13:00:00Z,
0.0,0.0,2024-08-25T13:00:00Z,2024-08-25T13:30:00Z,
0.02,0.021,2024-08-25T13:30:00Z,2024-08-25T14:00:00Z,
-2.67,-2.8035,2024-08-25T14:00:00Z,2024-08-25T14:30:00Z,
-1.26,-1.323,2024-08-25T14:30:00Z,2024-08-25T15:00:00Z,
8.04,8.442,2024-08-25T15:00:00Z,2024-08-25T15:30:00Z,
12.98,13.629,2024-08-25T15:30:00Z,2024-08-25T16:00:00Z,
17.03,17.8815,2024-08-25T16:00:00Z,2024-08-25T16:30:00Z,
21.69,22.7745,2024-08-25T16:30:00Z,2024-08-25T17:00:00Z,
27.7,29.085,2024-08-25T17:00:00Z,2024-08-25T17:30:00Z,
28.75,30.1875,2024-08-25T17:30:00Z,2024-08-25T18:00:00Z,
17.21,18.0705,2024-08-25T18:00:00Z,2024-08-25T18:30:00Z,
17.21,18.0705,2024-08-25T18:30:00Z,2024-08-25T19:00:00Z,
19.33,20.2965,2024-08-25T19:00:00Z,2024-08-25T19:30:00Z,
19.49,20.4645,2024-08-25T19:30:00Z,2024-08-25T20:00:00Z,
19.49,20.4645,2024-08-25T20:00:00Z,2024-08-25T20:30:00Z,
15.52,16.296,2024-08-25T20:30:00Z,2024-08-25T21:00:00Z,
19.32,20.286,2024-08-25T21:00:00Z,2024-08-25T21:30:00Z,
12.87,13.5135,2024-08-25T21:30:00Z,2024-08-25T22:00:00Z,
10.08,10.584,2024-08-25T22:00:00Z,2024-08-25T22:30:00Z,
8.4,8.82,2024-08-25T22:30:00Z,2024-08-25T23:00:00Z,
7.35,7.7175,2024-08-25T23:00:00Z,2024-08-25T23:30:00Z,
6.3,6.615,2024-08-25T23:30:00Z,2024-08-26T00:00:00Z,
5.25,5.5125,2024-08-26T00:00:00Z,2024-08-26T00:30:00Z,
6.05,6.3525,2024-08-26T00:30:00Z,2024-08-26T01:00:00Z,
7.35,7.7175,2024-08-26T01:00:00Z,2024-08-26T01:30:00Z,
6.72,7.056,2024-08-26T01:30:00Z,2024-08-26T02:00:00Z,
5.89,6.1845,2024-08-26T02:00:00Z,2024-08-26T02:30:00Z,
7.14,7.497,2024-08-26T02:30:00Z,2024-08-26T03:00:00Z,
8.36,8.778,2024-08-26T03:00:00Z,2024-08-26T03:30:00Z,
6.05,6.3525,2024-08-26T03:30:00Z,2024-08-26T04:00:00Z,
6.3,6.615,2024-08-26T04:00:00Z,2024-08-26T04:30:00Z,
8.74,9.177,2024-08-26T04:30:00Z,2024-08-26T05:00:00Z,
7.56,7.938,2024-08-26T05:00:00Z,2024-08-26T05:30:00Z,
10.09,10.5945,2024-08-26T05:30:00Z,2024-08-26T06:00:00Z,
13.38,14.049,2024-08-26T06:00:00Z,2024-08-26T06:30:00Z,
17.64,18.522,2024-08-26T06:30:00Z,2024-08-26T07:00:00Z,
11.05,11.6025,2024-08-26T07:00:00Z,2024-08-26T07:30:00Z,
13.65,14.3325,2024-08-26T07:30:00Z,2024-08-26T08:00:00Z,
9.2,9.66,2024-08-26T08:00:00Z,2024-08-26T08:30:00Z,
8.08,8.484,2024-08-26T08:30:00Z,2024-08-26T09:00:00Z,
7.56,7.938,2024-08-26T09:00:00Z,2024-08-26T09:30:00Z,
7.77,8.1585,2024-08-26T09:30:00Z,2024-08-26T10:00:00Z,
5.02,5.271,2024-08-26T10:00:00Z,2024-08-26T10:30:00Z,
6.3,6.615,2024-08-26T10:30:00Z,2024-08-26T11:00:00Z,
6.09,6.3945,2024-08-26T11:00:00Z,2024-08-26T11:30:00Z,
5.25,5.5125,2024-08-26T11:30:00Z,2024-08-26T12:00:00Z,
9.11,9.5655,2024-08-26T12:00:00Z,2024-08-26T12:30:00Z,
7.98,8.379,2024-08-26T12:30:00Z,2024-08-26T13:00:00Z,
10.08,10.584,2024-08-26T13:00:00Z,2024-08-26T13:30:00Z,
9.56,10.038,2024-08-26T13:30:00Z,2024-08-26T14:00:00Z,
10.5,11.025,2024-08-26T14:00:00Z,2024-08-26T14:30:00Z,
10.5,11.025,2024-08-26T14:30:00Z,2024-08-26T15:00:00Z,
27.49,28.8645,2024-08-26T15:00:00Z,2024-08-26T15:30:00Z,
28.54,29.967,2024-08-26T15:30:00Z,2024-08-26T16:00:00Z,
30.52,32.046,2024-08-26T16:00:00Z,2024-08-26T16:30:00Z,
30.98,32.529,2024-08-26T16:30:00Z,2024-08-26T17:00:00Z,
33.41,35.0805,2024-08-26T17:00:00Z,2024-08-26T17:30:00Z,
33.52,35.196,2024-08-26T17:30:00Z,2024-08-26T18:00:00Z,
21.76,22.848,2024-08-26T18:00:00Z,2024-08-26T18:30:00Z,
20.37,21.3885,2024-08-26T18:30:00Z,2024-08-26T19:00:00Z,
20.68,21.714,2024-08-26T19:00:00Z,2024-08-26T19:30:00Z,
18.9,19.845,2024-08-26T19:30:00Z,2024-08-26T20:00:00Z,
19.82,20.811,2024-08-26T20:00:00Z,2024-08-26T20:30:00Z,
16.38,17.199,2024-08-26T20:30:00Z,2024-08-26T21:00:00Z,
16.59,17.4195,2024-08-26T21:00:00Z,2024-08-26T21:30:00Z,
14.28,14.994,2024-08-26T21:30:00Z,2024-08-26T22:00:00Z,
16.38,17.199,2024-08-26T22:00:00Z,2024-08-26T22:30:00Z,
16.67,17.5035,2024-08-26T22:30:00Z,2024-08-26T23:00:00Z,
16.38,17.199,2024-08-26T23:00:00Z,2024-08-26T23:30:00Z,
13.23,13.8915,2024-08-26T23:30:00Z,2024-08-27T00:00:00Z,
9.51,9.9855,2024-08-27T00:00:00Z,2024-08-27T00:30:00Z,
8.73,9.1665,2024-08-27T00:30:00Z,2024-08-27T01:00:00Z,
11.55,12.1275,2024-08-27T01:00:00Z,2024-08-27T01:30:00Z,
6.72,7.056,2024-08-27T01:30:00Z,2024-08-27T02:00:00Z,
7.39,7.7595,2024-08-27T02:00:00Z,2024-08-27T02:30:00Z,
6.51,6.8355,2024-08-27T02:30:00Z,2024-08-27T03:00:00Z,
8.87,9.3135,2024-08-27T03:00:00Z,2024-08-27T03:30:00Z,
7.93,8.3265,2024-08-27T03:30:00Z,2024-08-27T04:00:00Z,
6.72,7.056,2024-08-27T04:00:00Z,2024-08-27T04:30:00Z,
8.76,9.198,2024-08-27T04:30:00Z,2024-08-27T05:00:00Z,
8.72,9.156,2024-08-27T05:00:00Z,2024-08-27T05:30:00Z,
12.6,13.23,2024-08-27T05:30:00Z,2024-08-27T06:00:00Z,
12.64,13.272,2024-08-27T06:00:00Z,2024-08-27T06:30:00Z,
16.04,16.842,2024-08-27T06:30:00Z,2024-08-27T07:00:00Z,
12.6,13.23,2024-08-27T07:00:00Z,2024-08-27T07:30:00Z,
13.59,14.2695,2024-08-27T07:30:00Z,2024-08-27T08:00:00Z,
10.21,10.7205,2024-08-27T08:00:00Z,2024-08-27T08:30:00Z,
7.83,8.2215,2024-08-27T08:30:00Z,2024-08-27T09:00:00Z,
5.25,5.5125,2024-08-27T09:00:00Z,2024-08-27T09:30:00Z,
4.41,4.6305,2024-08-27T09:30:00Z,2024-08-27T10:00:00Z,
1.88,1.974,2024-08-27T10:00:00Z,2024-08-27T10:30:00Z,
1.03,1.0815,2024-08-27T10:30:00Z,2024-08-27T11:00:00Z,
1.28,1.344,2024-08-27T11:00:00Z,2024-08-27T11:30:00Z,
0.45,0.4725,2024-08-27T11:30:00Z,2024-08-27T12:00:00Z,
1.58,1.659,2024-08-27T12:00:00Z,2024-08-27T12:30:00Z,
0.48,0.504,2024-08-27T12:30:00Z,2024-08-27T13:00:00Z,
4.14,4.347,2024-08-27T13:00:00Z,2024-08-27T13:30:00Z,
5.75,6.0375,2024-08-27T13:30:00Z,2024-08-27T14:00:00Z,
8.4,8.82,2024-08-27T14:00:00Z,2024-08-27T14:30:00Z,
10.08,10.584,2024-08-27T14:30:00Z,2024-08-27T15:00:00Z,
27.2,28.56,2024-08-27T15:00:00Z,2024-08-27T15:30:00Z,
28.12,29.526,2024-08-27T15:30:00Z,2024-08-27T16:00:00Z,
32.95,34.5975,2024-08-27T16:00:00Z,2024-08-27T16:30:00Z,
34.0,35.7,2024-08-27T16:30:00Z,2024-08-27T17:00:00Z,
34.0,35.7,2024-08-27T17:00:00Z,2024-08-27T17:30:00Z,
33.37,35.0385,2024-08-27T17:30:00Z,2024-08-27T18:00:00Z,
22.47,23.5935,2024-08-27T18:00:00Z,2024-08-27T18:30:00Z,
22.05,23.1525,2024-08-27T18:30:00Z,2024-08-27T19:00:00Z,
19.32,20.286,2024-08-27T19:00:00Z,2024-08-27T19:30:00Z,
21.0,22.05,2024-08-27T19:30:00Z,2024-08-27T20:00:00Z,
19.46,20.433,2024-08-27T20:00:00Z,2024-08-27T20:30:00Z,
14.28,14.994,2024-08-27T20:30:00Z,2024-08-27T21:00:00Z,
15.6,16.38,2024-08-27T21:00:00Z,2024-08-27T21:30:00Z,
11.55,12.1275,2024-08-27T21:30:00Z,2024-08-27T22:00:00Z,
16.38,17.199,2024-08-27T22:00:00Z,2024-08-27T22:30:00Z,
17.64,18.522,2024-08-27T22:30:00Z,2024-08-27T23:00:00Z,
18.0,18.9,2024-08-27T23:00:00Z,2024-08-27T23:30:00Z,
17.22,18.081,2024-08-27T23:30:00Z,2024-08-28T00:00:00Z,
16.03,16.8315,2024-08-28T00:00:00Z,2024-08-28T00:30:00Z,
16.03,16.8315,2024-08-28T00:30:00Z,2024-08-28T01:00:00Z,
15.57,16.3485,2024-08-28T01:00:00Z,2024-08-28T01:30:00Z,
15.46,16.233,2024-08-28T01:30:00Z,2024-08-28T02:00:00Z,
14.7,15.435,2024-08-28T02:00:00Z,2024-08-28T02:30:00Z,
14.49,15.2145,2024-08-28T02:30:00Z,2024-08-28T03:00:00Z,
16.38,17.199,2024-08-28T03:00:00Z,2024-08-28T03:30:00Z,
16.4,17.22,2024-08-28T03:30:00Z,2024-08-28T04:00:00Z,
18.82,19.761,2024-08-28T04:00:00Z,2024-08-28T04:30:00Z,
19.74,20.727,2024-08-28T04:30:00Z,2024-08-28T05:00:00Z,
21.0,22.05,2024-08-28T05:00:00Z,2024-08-28T05:30:00Z,
21.5,22.575,2024-08-28T05:30:00Z,2024-08-28T06:00:00Z,
18.48,19.404,2024-08-28T06:00:00Z,2024-08-28T06:30:00Z,
21.84,22.932,2024-08-28T06:30:00Z,2024-08-28T07:00:00Z,
19.49,20.4645,2024-08-28T07:00:00Z,2024-08-28T07:30:00Z,
19.84,20.832,2024-08-28T07:30:00Z,2024-08-28T08:00:00Z,
18.36,19.278,2024-08-28T08:00:00Z,2024-08-28T08:30:00Z,
17.64,18.522,2024-08-28T08:30:00Z,2024-08-28T09:00:00Z,
18.48,19.404,2024-08-28T09:00:00Z,2024-08-28T09:30:00Z,
17.06,17.913,2024-08-28T09:30:00Z,2024-08-28T10:00:00Z,
13.44,14.112,2024-08-28T10:00:00Z,2024-08-28T10:30:00Z,
12.88,13.524,2024-08-28T10:30:00Z,2024-08-28T11:00:00Z,
15.77,16.5585,2024-08-28T11:00:00Z,2024-08-28T11:30:00Z,
15.5,16.275,2024-08-28T11:30:00Z,2024-08-28T12:00:00Z,
16.34,17.157,2024-08-28T12:00:00Z,2024-08-28T12:30:00Z,
13.92,14.616,2024-08-28T12:30:00Z,2024-08-28T13:00:00Z,
15.93,16.7265,2024-08-28T13:00:00Z,2024-08-28T13:30:00Z,
14.83,15.5715,2024-08-28T13:30:00Z,2024-08-28T14:00:00Z,
15.96,16.758,2024-08-28T14:00:00Z,2024-08-28T14:30:00Z,
14.07,14.7735,2024-08-28T14:30:00Z,2024-08-28T15:00:00Z,
29.38,30.849,2024-08-28T15:00:00Z,2024-08-28T15:30:00Z,
28.69,30.1245,2024-08-28T15:30:00Z,2024-08-28T16:00:00Z,
31.77,33.3585,2024-08-28T16:00:00Z,2024-08-28T16:30:00Z,
33.81,35.5005,2024-08-28T16:30:00Z,2024-08-28T17:00:00Z,
35.47,37.2435,2024-08-28T17:00:00Z,2024-08-28T17:30:00Z,
35.89,37.6845,2024-08-28T17:30:00Z,2024-08-28T18:00:00Z,
22.89,24.0345,2024-08-28T18:00:00Z,2024-08-28T18:30:00Z,
22.89,24.0345,2024-08-28T18:30:00Z,2024-08-28T19:00:00Z,
22.51,23.6355,2024-08-28T19:00:00Z,2024-08-28T19:30:00Z,
22.47,23.5935,2024-08-28T19:30:00Z,2024-08-28T20:00:00Z,
21.0,22.05,2024-08-28T20:00:00Z,2024-08-28T20:30:00Z,
17.9,18.795,2024-08-28T20:30:00Z,2024-08-28T21:00:00Z,
17.41,18.2805,2024-08-28T21:00:00Z,2024-08-28T21:30:00Z,
17.47,18.3435,2024-08-28T21:30:00Z,2024-08-28T22:00:00Z,
15.6,16.38,2024-08-28T22:00:00Z,2024-08-28T22:30:00Z,
17.64,18.522,2024-08-28T22:30:00Z,2024-08-28T23:00:00Z,
16.63,17.4615,2024-08-28T23:00:00Z,2024-08-28T23:30:00Z,
16.57,17.3985,2024-08-28T23:30:00Z,2024-08-29T00:00:00Z,
16.53,17.3565,2024-08-29T00:00:00Z,2024-08-29T00:30:00Z,
17.43,18.3015,2024-08-29T00:30:00Z,2024-08-29T01:00:00Z,
15.92,16.716,2024-08-29T01:00:00Z,2024-08-29T01:30:00Z,
14.7,15.435,2024-08-29T01:30:00Z,2024-08-29T02:00:00Z,
16.59,17.4195,2024-08-29T02:00:00Z,2024-08-29T02:30:00Z,
16.57,17.3985,2024-08-29T02:30:00Z,2024-08-29T03:00:00Z,
16.57,17.3985,2024-08-29T03:00:00Z,2024-08-29T03:30:00Z,
15.08,15.834,2024-08-29T03:30:00Z,2024-08-29T04:00:00Z,
19.74,20.727,2024-08-29T04:00:00Z,2024-08-29T04:30:00Z,
19.73,20.7165,2024-08-29T04:30:00Z,2024-08-29T05:00:00Z,
22.89,24.0345,2024-08-29T05:00:00Z,2024-08-29T05:30:00Z,
24.53,25.7565,2024-08-29T05:30:00Z,2024-08-29T06:00:00Z,
20.68,21.714,2024-08-29T06:00:00Z,2024-08-29T06:30:00Z,
22.26,23.373,2024-08-29T06:30:00Z,2024-08-29T07:00:00Z,
20.43,21.4515,2024-08-29T07:00:00Z,2024-08-29T07:30:00Z,
20.5,21.525,2024-08-29T07:30:00Z,2024-08-29T08:00:00Z,
16.8,17.64,2024-08-29T08:00:00Z,2024-08-29T08:30:00Z,
18.02,18.921,2024-08-29T08:30:00Z,2024-08-29T09:00:00Z,
16.8,17.64,2024-08-29T09:00:00Z,2024-08-29T09:30:00Z,
16.7,17.535,2024-08-29T09:30:00Z,2024-08-29T10:00:00Z,
13.02,13.671,2024-08-29T10:00:00Z,2024-08-29T10:30:00Z,
12.18,12.789,2024-08-29T10:30:00Z,2024-08-29T11:00:00Z,
10.5,11.025,2024-08-29T11:00:00Z,2024-08-29T11:30:00Z,
9.34,9.807,2024-08-29T11:30:00Z,2024-08-29T12:00:00Z,
12.62,13.251,2024-08-29T12:00:00Z,2024-08-29T12:30:00Z,
10.54,11.067,2024-08-29T12:30:00Z,2024-08-29T13:00:00Z,
16.17,16.9785,2024-08-29T13:00:00Z,2024-08-29T13:30:00Z,
15.33,16.0965,2024-08-29T13:30:00Z,2024-08-29T14:00:00Z,
16.8,17.64,2024-08-29T14:00:00Z,2024-08-29T14:30:00Z,
16.59,17.4195,2024-08-29T14:30:00Z,2024-08-29T15:00:00Z,
32.11,33.7155,2024-08-29T15:00:00Z,2024-08-29T15:30:00Z,
28.96,30.408,2024-08-29T15:30:00Z,2024-08-29T16:00:00Z,
31.88,33.474,2024-08-29T16:00:00Z,2024-08-29T16:30:00Z,
34.21,35.9205,2024-08-29T16:30:00Z,2024-08-29T17:00:00Z,
35.89,37.6845,2024-08-29T17:00:00Z,2024-08-29T17:30:00Z,
36.62,38.451,2024-08-29T17:30:00Z,2024-08-29T18:00:00Z,
23.31,24.4755,2024-08-29T18:00:00Z,2024-08-29T18:30:00Z,
23.31,24.4755,2024-08-29T18:30:00Z,2024-08-29T19:00:00Z,
23.86,25.053,2024-08-29T19:00:00Z,2024-08-29T19:30:00Z,
24.19,25.3995,2024-08-29T19:30:00Z,2024-08-29T20:00:00Z,
21.77,22.8585,2024-08-29T20:00:00Z,2024-08-29T20:30:00Z,
18.73,19.6665,2024-08-29T20:30:00Z,2024-08-29T21:00:00Z,
18.73,19.6665,2024-08-29T21:00:00Z,2024-08-29T21:30:00Z,
15.75,16.5375,2024-08-29T21:30:00Z,2024-08-29T22:00:00Z,
19.53,20.5065,2024-08-29T22:00:00Z,2024-08-29T22:30:00Z,
19.74,20.727,2024-08-29T22:30:00Z,2024-08-29T23:00:00Z,
17.74,18.627,2024-08-29T23:00:00Z,2024-08-29T23:30:00Z,
16.17,16.9785,2024-08-29T23:30:00Z,2024-08-30T00:00:00Z,
16.09,16.8945,2024-08-30T00:00:00Z,2024-08-30T00:30:00Z,
16.17,16.9785,2024-08-30T00:30:00Z,2024-08-30T01:00:00Z,
14.83,15.5715,2024-08-30T01:00:00Z,2024-08-30T01:30:00Z,
14.49,15.2145,2024-08-30T01:30:00Z,2024-08-30T02:00:00Z,
14.07,14.7735,2024-08-30T02:00:00Z,2024-08-30T02:30:00Z,
14.07,14.7735,2024-08-30T02:30:00Z,2024-08-30T03:00:00Z,
15.22,15.981,2024-08-30T03:00:00Z,2024-08-30T03:30:00Z,
14.38,15.099,2024-08-30T03:30:00Z,2024-08-30T04:00:00Z,
16.7,17.535,2024-08-30T04:00:00Z,2024-08-30T04:30:00Z,
18.71,19.6455,2024-08-30T04:30:00Z,2024-08-30T05:00:00Z,
21.84,22.932,2024-08-30T05:00:00Z,2024-08-30T05:30:00Z,
23.42,24.591,2024-08-30T05:30:00Z,2024-08-30T06:00:00Z,
20.29,21.3045,2024-08-30T06:00:00Z,2024-08-30T06:30:00Z,
24.19,25.3995,2024-08-30T06:30:00Z,2024-08-30T07:00:00Z,
20.16,21.168,2024-08-30T07:00:00Z,2024-08-30T07:30:00Z,
20.68,21.714,2024-08-30T07:30:00Z,2024-08-30T08:00:00Z,
18.14,19.047,2024-08-30T08:00:00Z,2024-08-30T08:30:00Z,
16.8,17.64,2024-08-30T08:30:00Z,2024-08-30T09:00:00Z,
15.96,16.758,2024-08-30T09:00:00Z,2024-08-30T09:30:00Z,
15.54,16.317,2024-08-30T09:30:00Z,2024-08-30T10:00:00Z,
15.27,16.0335,2024-08-30T10:00:00Z,2024-08-30T10:30:00Z,
15.25,16.0125,2024-08-30T10:30:00Z,2024-08-30T11:00:00Z,
15.12,15.876,2024-08-30T11:00:00Z,2024-08-30T11:30:00Z,
15.48,16.254,2024-08-30T11:30:00Z,2024-08-30T12:00:00Z,
16.38,17.199,2024-08-30T12:00:00Z,2024-08-30T12:30:00Z,
15.75,16.5375,2024-08-30T12:30:00Z,2024-08-30T13:00:00Z,
15.08,15.834,2024-08-30T13:00:00Z,2024-08-30T13:30:00Z,
14.7,15.435,2024-08-30T13:30:00Z,2024-08-30T14:00:00Z,
13.86,14.553,2024-08-30T14:00:00Z,2024-08-30T14:30:00Z,
14.07,14.7735,2024-08-30T14:30:00Z,2024-08-30T15:00:00Z,
29.81,31.3005,2024-08-30T15:00:00Z,2024-08-30T15:30:00Z,
31.48,33.054,2024-08-30T15:30:00Z,2024-08-30T16:00:00Z,
31.9,33.495,2024-08-30T16:00:00Z,2024-08-30T16:30:00Z,
35.51,37.2855,2024-08-30T16:30:00Z,2024-08-30T17:00:00Z,
35.5,37.275,2024-08-30T17:00:00Z,2024-08-30T17:30:00Z,
37.19,39.0495,2024-08-30T17:30:00Z,2024-08-30T18:00:00Z,
24.47,25.6935,2024-08-30T18:00:00Z,2024-08-30T18:30:00Z,
23.5,24.675,2024-08-30T18:30:00Z,2024-08-30T19:00:00Z,
19.87,20.8635,2024-08-30T19:00:00Z,2024-08-30T19:30:00Z,
19.45,20.4225,2024-08-30T19:30:00Z,2024-08-30T20:00:00Z,
18.69,19.6245,2024-08-30T20:00:00Z,2024-08-30T20:30:00Z,
17.12,17.976,2024-08-30T20:30:00Z,2024-08-30T21:00:00Z,
18.48,19.404,2024-08-30T21:00:00Z,2024-08-30T21:30:00Z,
15.96,16.758,2024-08-30T21:30:00Z,2024-08-30T22:00:00Z,
17.74,18.627,2024-08-30T22:00:00Z,2024-08-30T22:30:00Z,
18.38,19.299,2024-08-30T22:30:00Z,2024-08-30T23:00:00Z,
17.43,18.3015,2024-08-30T23:00:00Z,2024-08-30T23:30:00Z,
17.6,18.48,2024-08-30T23:30:00Z,2024-08-31T00:00:00Z,
17.66,18.543,2024-08-31T00:00:00Z,2024-08-31T00:30:00Z,
17.74,18.627,2024-08-31T00:30:00Z,2024-08-31T01:00:00Z,
17.74,18.627,2024-08-31T01:00:00Z,2024-08-31T01:30:00Z,
17.74,18.627,2024-08-31T01:30:00Z,2024-08-31T02:00:00Z,
18.8,19.74,2024-08-31T02:00:00Z,2024-08-31T02:30:00Z,
17.5,18.375,2024-08-31T02:30:00Z,2024-08-31T03:00:00Z,
17.43,18.3015,2024-08-31T03:00:00Z,2024-08-31T03:30:00Z,
17.2,18.06,2024-08-31T03:30:00Z,2024-08-31T04:00:00Z,
15.98,16.779,2024-08-31T04:00:00Z,2024-08-31T04:30:00Z,
16.48,17.304,2024-08-31T04:30:00Z,2024-08-31T05:00:00Z,
17.85,18.7425,2024-08-31T05:00:00Z,2024-08-31T05:30:00Z,
18.65,19.5825,2024-08-31T05:30:00Z,2024-08-31T06:00:00Z,
18.33,19.2465,2024-08-31T06:00:00Z,2024-08-31T06:30:00Z,
19.53,20.5065,2024-08-31T06:30:00Z,2024-08-31T07:00:00Z,
18.82,19.761,2024-08-31T07:00:00Z,2024-08-31T07:30:00Z,
18.14,19.047,2024-08-31T07:30:00Z,2024-08-31T08:00:00Z,
17.28,18.144,2024-08-31T08:00:00Z,2024-08-31T08:30:00Z,
16.9,17.745,2024-08-31T08:30:00Z,2024-08-31T09:00:00Z,
16.51,17.3355,2024-08-31T09:00:00Z,2024-08-31T09:30:00Z,
15.54,16.317,2024-08-31T09:30:00Z,2024-08-31T10:00:00Z,
14.6,15.33,2024-08-31T10:00:00Z,2024-08-31T10:30:00Z,
13.02,13.671,2024-08-31T10:30:00Z,2024-08-31T11:00:00Z,
11.09,11.6445,2024-08-31T11:00:00Z,2024-08-31T11:30:00Z,
10.35,10.8675,2024-08-31T11:30:00Z,2024-08-31T12:00:00Z,
8.86,9.303,2024-08-31T12:00:00Z,2024-08-31T12:30:00Z,
7.77,8.1585,2024-08-31T12:30:00Z,2024-08-31T13:00:00Z,
5.38,5.649,2024-08-31T13:00:00Z,2024-08-31T13:30:00Z,
4.62,4.851,2024-08-31T13:30:00Z,2024-08-31T14:00:00Z,
6.67,7.0035,2024-08-31T14:00:00Z,2024-08-31T14:30:00Z,
9.24,9.702,2024-08-31T14:30:00Z,2024-08-31T15:00:00Z,
27.07,28.4235,2024-08-31T15:00:00Z,2024-08-31T15:30:00Z,
27.75,29.1375,2024-08-31T15:30:00Z,2024-08-31T16:00:00Z,
31.8,33.39,2024-08-31T16:00:00Z,2024-08-31T16:30:00Z,
33.48,35.154,2024-08-31T16:30:00Z,2024-08-31T17:00:00Z,
36.94,38.787,2024-08-31T17:00:00Z,2024-08-31T17:30:00Z,
37.19,39.0495,2024-08-31T17:30:00Z,2024-08-31T18:00:00Z,
22.05,23.1525,2024-08-31T18:00:00Z,2024-08-31T18:30:00Z,
21.23,22.2915,2024-08-31T18:30:00Z,2024-08-31T19:00:00Z,
19.95,20.9475,2024-08-31T19:00:00Z,2024-08-31T19:30:00Z,
18.58,19.509,2024-08-31T19:30:00Z,2024-08-31T20:00:00Z,
19.11,20.0655,2024-08-31T20:00:00Z,2024-08-31T20:30:00Z,
14.49,15.2145,2024-08-31T20:30:00Z,2024-08-31T21:00:00Z,
14.49,15.2145,2024-08-31T21:00:00Z,2024-08-31T21:30:00Z,
14.78,15.519,2024-08-31T21:30:00Z,2024-08-31T22:00:00Z,
17.64,18.522,2024-08-31T22:00:00Z,2024-08-31T22:30:00Z,
16.59,17.4195,2024-08-31T22:30:00Z,2024-08-31T23:00:00Z,
15.54,16.317,2024-08-31T23:00:00Z,2024-08-31T23:30:00Z,
14.91,15.6555,2024-08-31T23:30:00Z,2024-09-01T00:00:00Z,
14.03,14.7315,2024-09-01T00:00:00Z,2024-09-01T00:30:00Z,
14.07,14.7735,2024-09-01T00:30:00Z,2024-09-01T01:00:00Z,
13.49,14.1645,2024-09-01T01:00:00Z,2024-09-01T01:30:00Z,
11.55,12.1275,2024-09-01T01:30:00Z,2024-09-01T02:00:00Z,
10.92,11.466,2024-09-01T02:00:00Z,2024-09-01T02:30:00Z,
10.92,11.466,2024-09-01T02:30:00Z,2024-09-01T03:00:00Z,
11.55,12.1275,2024-09-01T03:00:00Z,2024-09-01T03:30:00Z,
11.55,12.1275,2024-09-01T03:30:00Z,2024-09-01T04:00:00Z,
11.76,12.348,2024-09-01T04:00:00Z,2024-09-01T04:30:00Z,
12.6,13.23,2024-09-01T04:30:00Z,2024-09-01T05:00:00Z,
10.5,11.025,2024-09-01T05:00:00Z,2024-09-01T05:30:00Z,
12.92,13.566,2024-09-01T05:30:00Z,2024-09-01T06:00:00Z,
10.42,10.941,2024-09-01T06:00:00Z,2024-09-01T06:30:00Z,
11.76,12.348,2024-09-01T06:30:00Z,2024-09-01T07:00:00Z,
5.04,5.292,2024-09-01T07:00:00Z,2024-09-01T07:30:00Z,
9.45,9.9225,2024-09-01T07:30:00Z,2024-09-01T08:00:00Z,
3.15,3.3075,2024-09-01T08:00:00Z,2024-09-01T08:30:00Z,
3.15,3.3075,2024-09-01T08:30:00Z,2024-09-01T09:00:00Z,
2.89,3.0345,2024-09-01T09:00:00Z,2024-09-01T09:30:00Z,
2.84,2.982,2024-09-01T09:30:00Z,2024-09-01T10:00:00Z,
4.2,4.41,2024-09-01T10:00:00Z,2024-09-01T10:30:00Z,
4.83,5.0715,2024-09-01T10:30:00Z,2024-09-01T11:00:00Z,
4.77,5.0085,2024-09-01T11:00:00Z,2024-09-01T11:30:00Z,
4.83,5.0715,2024-09-01T11:30:00Z,2024-09-01T12:00:00Z,
5.61,5.8905,2024-09-01T12:00:00Z,2024-09-01T12:30:00Z,
4.41,4.6305,2024-09-01T12:30:00Z,2024-09-01T13:00:00Z,
6.3,6.615,2024-09-01T13:00:00Z,2024-09-01T13:30:00Z,
5.47,5.7435,2024-09-01T13:30:00Z,2024-09-01T14:00:00Z,
6.3,6.615,2024-09-01T14:00:00Z,2024-09-01T14:30:00Z,
8.2,8.61,2024-09-01T14:30:00Z,2024-09-01T15:00:00Z,
28.92,30.366,2024-09-01T15:00:00Z,2024-09-01T15:30:00Z,
28.38,29.799,2024-09-01T15:30:00Z,2024-09-01T16:00:00Z,
32.95,34.5975,2024-09-01T16:00:00Z,2024-09-01T16:30:00Z,
34.34,36.057,2024-09-01T16:30:00Z,2024-09-01T17:00:00Z,
35.05,36.8025,2024-09-01T17:00:00Z,2024-09-01T17:30:00Z,
35.05,36.8025,2024-09-01T17:30:00Z,2024-09-01T18:00:00Z,
21.42,22.491,2024-09-01T18:00:00Z,2024-09-01T18:30:00Z,
19.79,20.7795,2024-09-01T18:30:00Z,2024-09-01T19:00:00Z,
19.37,20.3385,2024-09-01T19:00:00Z,2024-09-01T19:30:00Z,
19.51,20.4855,2024-09-01T19:30:00Z,2024-09-01T20:00:00Z,
20.73,21.7665,2024-09-01T20:00:00Z,2024-09-01T20:30:00Z,
17.77,18.6585,2024-09-01T20:30:00Z,2024-09-01T21:00:00Z,
18.48,19.404,2024-09-01T21:00:00Z,2024-09-01T21:30:00Z,
15.96,16.758,2024-09-01T21:30:00Z,2024-09-01T22:00:00Z,
16.38,17.199,2024-09-01T22:00:00Z,2024-09-01T22:30:00Z,
17.43,18.3015,2024-09-01T22:30:00Z,2024-09-01T23:00:00Z,
18.48,19.404,2024-09-01T23:00:00Z,2024-09-01T23:30:00Z,
17.64,18.522,2024-09-01T23:30:00Z,2024-09-02T00:00:00Z,
16.38,17.199,2024-09-02T00:00:00Z,2024-09-02T00:30:00Z,
16.62,17.451,2024-09-02T00:30:00Z,2024-09-02T01:00:00Z,
16.38,17.199,2024-09-02T01:00:00Z,2024-09-02T01:30:00Z,
16.13,16.9365,2024-09-02T01:30:00Z,2024-09-02T02:00:00Z,
15.54,16.317,2024-09-02T02:00:00Z,2024-09-02T02:30:00Z,
15.33,16.0965,2024-09-02T02:30:00Z,2024-09-02T03:00:00Z,
16.24,17.052,2024-09-02T03:00:00Z,2024-09-02T03:30:00Z,
15.75,16.5375,2024-09-02T03:30:00Z,2024-09-02T04:00:00Z,
19.32,20.286,2024-09-02T04:00:00Z,2024-09-02T04:30:00Z,
17.85,18.7425,2024-09-02T04:30:00Z,2024-09-02T05:00:00Z,
20.16,21.168,2024-09-02T05:00:00Z,2024-09-02T05:30:00Z,
22.51,23.6355,2024-09-02T05:30:00Z,2024-09-02T06:00:00Z,
21.0,22.05,2024-09-02T06:00:00Z,2024-09-02T06:30:00Z,
24.36,25.578,2024-09-02T06:30:00Z,2024-09-02T07:00:00Z,
20.04,21.042,2024-09-02T07:00:00Z,2024-09-02T07:30:00Z,
21.63,22.7115,2024-09-02T07:30:00Z,2024-09-02T08:00:00Z,
19.11,20.0655,2024-09-02T08:00:00Z,2024-09-02T08:30:00Z,
19.39,20.3595,2024-09-02T08:30:00Z,2024-09-02T09:00:00Z,
18.54,19.467,2024-09-02T09:00:00Z,2024-09-02T09:30:00Z,
18.06,18.963,2024-09-02T09:30:00Z,2024-09-02T10:00:00Z,
16.59,17.4195,2024-09-02T10:00:00Z,2024-09-02T10:30:00Z,
16.59,17.4195,2024-09-02T10:30:00Z,2024-09-02T11:00:00Z,
16.59,17.4195,2024-09-02T11:00:00Z,2024-09-02T11:30:00Z,
16.42,17.241,2024-09-02T11:30:00Z,2024-09-02T12:00:00Z,
17.43,18.3015,2024-09-02T12:00:00Z,2024-09-02T12:30:00Z,
16.85,17.6925,2024-09-02T12:30:00Z,2024-09-02T13:00:00Z,
18.45,19.3725,2024-09-02T13:00:00Z,2024-09-02T13:30:00Z,
17.85,18.7425,2024-09-02T13:30:00Z,2024-09-02T14:00:00Z,
18.27,19.1835,2024-09-02T14:00:00Z,2024-09-02T14:30:00Z,
17.49,18.3645,2024-09-02T14:30:00Z,2024-09-02T15:00:00Z,
34.0,35.7,2024-09-02T15:00:00Z,2024-09-02T15:30:00Z,
34.01,35.7105,2024-09-02T15:30:00Z,2024-09-02T16:00:00Z,
37.15,39.0075,2024-09-02T16:00:00Z,2024-09-02T16:30:00Z,
38.2,40.11,2024-09-02T16:30:00Z,2024-09-02T17:00:00Z,
39.04,40.992,2024-09-02T17:00:00Z,2024-09-02T17:30:00Z,
38.41,40.3305,2024-09-02T17:30:00Z,2024-09-02T18:00:00Z,
25.66,26.943,2024-09-02T18:00:00Z,2024-09-02T18:30:00Z,
25.2,26.46,2024-09-02T18:30:00Z,2024-09-02T19:00:00Z,
25.2,26.46,2024-09-02T19:00:00Z,2024-09-02T19:30:00Z,
23.52,24.696,2024-09-02T19:30:00Z,2024-09-02T20:00:00Z,
22.68,23.814,2024-09-02T20:00:00Z,2024-09-02T20:30:00Z,
19.17,20.1285,2024-09-02T20:30:00Z,2024-09-02T21:00:00Z,
19.32,20.286,2024-09-02T21:00:00Z,2024-09-02T21:30:00Z,
18.69,19.6245,2024-09-02T21:30:00Z,2024-09-02T22:00:00Z,
17.11,17.9655,2024-09-02T22:00:00Z,2024-09-02T22:30:00Z,
16.8,17.64,2024-09-02T22:30:00Z,2024-09-02T23:00:00Z,
16.7,17.535,2024-09-02T23:00:00Z,2024-09-02T23:30:00Z,
16.8,17.64,2024-09-02T23:30:00Z,2024-09-03T00:00:00Z,
16.38,17.199,2024-09-03T00:00:00Z,2024-09-03T00:30:00Z,
16.17,16.9785,2024-09-03T00:30:00Z,2024-09-03T01:00:00Z,
16.17,16.9785,2024-09-03T01:00:00Z,2024-09-03T01:30:00Z,
15.22,15.981,2024-09-03T01:30:00Z,2024-09-03T02:00:00Z,
15.86,16.653,2024-09-03T02:00:00Z,2024-09-03T02:30:00Z,
15.92,16.716,2024-09-03T02:30:00Z,2024-09-03T03:00:00Z,
16.48,17.304,2024-09-03T03:00:00Z,2024-09-03T03:30:00Z,
16.38,17.199,2024-09-03T03:30:00Z,2024-09-03T04:00:00Z,
19.22,20.181,2024-09-03T04:00:00Z,2024-09-03T04:30:00Z,
20.6,21.63,2024-09-03T04:30:00Z,2024-09-03T05:00:00Z,
22.68,23.814,2024-09-03T05:00:00Z,2024-09-03T05:30:00Z,
24.68,25.914,2024-09-03T05:30:00Z,2024-09-03T06:00:00Z,
20.79,21.8295,2024-09-03T06:00:00Z,2024-09-03T06:30:00Z,
24.99,26.2395,2024-09-03T06:30:00Z,2024-09-03T07:00:00Z,
21.21,22.2705,2024-09-03T07:00:00Z,2024-09-03T07:30:00Z,
22.18,23.289,2024-09-03T07:30:00Z,2024-09-03T08:00:00Z,
20.22,21.231,2024-09-03T08:00:00Z,2024-09-03T08:30:00Z,
19.32,20.286,2024-09-03T08:30:00Z,2024-09-03T09:00:00Z,
18.06,18.963,2024-09-03T09:00:00Z,2024-09-03T09:30:00Z,
17.11,17.9655,2024-09-03T09:30:00Z,2024-09-03T10:00:00Z,
16.17,16.9785,2024-09-03T10:00:00Z,2024-09-03T10:30:00Z,
16.11,16.9155,2024-09-03T10:30:00Z,2024-09-03T11:00:00Z,
16.28,17.094,2024-09-03T11:00:00Z,2024-09-03T11:30:00Z,
16.04,16.842,2024-09-03T11:30:00Z,2024-09-03T12:00:00Z,
16.38,17.199,2024-09-03T12:00:00Z,2024-09-03T12:30:00Z,
15.83,16.6215,2024-09-03T12:30:00Z,2024-09-03T13:00:00Z,
15.37,16.1385,2024-09-03T13:00:00Z,2024-09-03T13:30:00Z,
15.96,16.758,2024-09-03T13:30:00Z,2024-09-03T14:00:00Z,
17.11,17.9655,2024-09-03T14:00:00Z,2024-09-03T14:30:00Z,
17.11,17.9655,2024-09-03T14:30:00Z,2024-09-03T15:00:00Z,
30.22,31.731,2024-09-03T15:00:00Z,2024-09-03T15:30:00Z,
31.27,32.8335,2024-09-03T15:30:00Z,2024-09-03T16:00:00Z,
31.58,33.159,2024-09-03T16:00:00Z,2024-09-03T16:30:00Z,
35.69,37.4745,2024-09-03T16:30:00Z,2024-09-03T17:00:00Z,
35.88,37.674,2024-09-03T17:00:00Z,2024-09-03T17:30:00Z,
36.52,38.346,2024-09-03T17:30:00Z,2024-09-03T18:00:00Z,
24.99,26.2395,2024-09-03T18:00:00Z,2024-09-03T18:30:00Z,
24.57,25.7985,2024-09-03T18:30:00Z,2024-09-03T19:00:00Z,
25.83,27.1215,2024-09-03T19:00:00Z,2024-09-03T19:30:00Z,
24.36,25.578,2024-09-03T19:30:00Z,2024-09-03T20:00:00Z,
23.84,25.032,2024-09-03T20:00:00Z,2024-09-03T20:30:00Z,
21.17,22.2285,2024-09-03T20:30:00Z,2024-09-03T21:00:00Z,
20.21,21.2205,2024-09-03T21:00:00Z,2024-09-03T21:30:00Z,
17.56,18.438,2024-09-03T21:30:00Z,2024-09-03T22:00:00Z,
18.69,19.6245,2024-09-03T22:00:00Z,2024-09-03T22:30:00Z,
18.69,19.6245,2024-09-03T22:30:00Z,2024-09-03T23:00:00Z,
16.7,17.535,2024-09-03T23:00:00Z,2024-09-03T23:30:00Z,
16.09,16.8945,2024-09-03T23:30:00Z,2024-09-04T00:00:00Z,
16.09,16.8945,2024-09-04T00:00:00Z,2024-09-04T00:30:00Z,
16.09,16.8945,2024-09-04T00:30:00Z,2024-09-04T01:00:00Z,
16.09,16.8945,2024-09-04T01:00:00Z,2024-09-04T01:30:00Z,
16.09,16.8945,2024-09-04T01:30:00Z,2024-09-04T02:00:00Z,
15.12,15.876,2024-09-04T02:00:00Z,2024-09-04T02:30:00Z,
14.93,15.6765,2024-09-04T02:30:00Z,2024-09-04T03:00:00Z,
16.09,16.8945,2024-09-04T03:00:00Z,2024-09-04T03:30:00Z,
16.09,16.8945,2024-09-04T03:30:00Z,2024-09-04T04:00:00Z,
17.66,18.543,2024-09-04T04:00:00Z,2024-09-04T04:30:00Z,
17.43,18.3015,2024-09-04T04:30:00Z,2024-09-04T05:00:00Z,
19.74,20.727,2024-09-04T05:00:00Z,2024-09-04T05:30:00Z,
22.2,23.31,2024-09-04T05:30:00Z,2024-09-04T06:00:00Z,
21.84,22.932,2024-09-04T06:00:00Z,2024-09-04T06:30:00Z,
24.19,25.3995,2024-09-04T06:30:00Z,2024-09-04T07:00:00Z,
21.88,22.974,2024-09-04T07:00:00Z,2024-09-04T07:30:00Z,
22.26,23.373,2024-09-04T07:30:00Z,2024-09-04T08:00:00Z,
21.0,22.05,2024-09-04T08:00:00Z,2024-09-04T08:30:00Z,
20.16,21.168,2024-09-04T08:30:00Z,2024-09-04T09:00:00Z,
17.54,18.417,2024-09-04T09:00:00Z,2024-09-04T09:30:00Z,
16.3,17.115,2024-09-04T09:30:00Z,2024-09-04T10:00:00Z,
16.09,16.8945,2024-09-04T10:00:00Z,2024-09-04T10:30:00Z,
16.09,16.8945,2024-09-04T10:30:00Z,2024-09-04T11:00:00Z,
16.46,17.283,2024-09-04T11:00:00Z,2024-09-04T11:30:00Z,
16.09,16.8945,2024-09-04T11:30:00Z,2024-09-04T12:00:00Z,
16.09,16.8945,2024-09-04T12:00:00Z,2024-09-04T12:30:00Z,
16.0,16.8,2024-09-04T12:30:00Z,2024-09-04T13:00:00Z,
16.51,17.3355,2024-09-04T13:00:00Z,2024-09-04T13:30:00Z,
16.09,16.8945,2024-09-04T13:30:00Z,2024-09-04T14:00:00Z,
17.32,18.186,2024-09-04T14:00:00Z,2024-09-04T14:30:00Z,
17.94,18.837,2024-09-04T14:30:00Z,2024-09-04T15:00:00Z,
31.38,32.949,2024-09-04T15:00:00Z,2024-09-04T15:30:00Z,
32.53,34.1565,2024-09-04T15:30:00Z,2024-09-04T16:00:00Z,
34.94,36.687,2024-09-04T16:00:00Z,2024-09-04T16:30:00Z,
37.46,39.333,2024-09-04T16:30:00Z,2024-09-04T17:00:00Z,
35.47,37.2435,2024-09-04T17:00:00Z,2024-09-04T17:30:00Z,
35.68,37.464,2024-09-04T17:30:00Z,2024-09-04T18:00:00Z,
23.2,24.36,2024-09-04T18:00:00Z,2024-09-04T18:30:00Z,
22.79,23.9295,2024-09-04T18:30:00Z,2024-09-04T19:00:00Z,
22.86,24.003,2024-09-04T19:00:00Z,2024-09-04T19:30:00Z,
20.58,21.609,2024-09-04T19:30:00Z,2024-09-04T20:00:00Z,
20.47,21.4935,2024-09-04T20:00:00Z,2024-09-04T20:30:00Z,
16.09,16.8945,2024-09-04T20:30:00Z,2024-09-04T21:00:00Z,
16.9,17.745,2024-09-04T21:00:00Z,2024-09-04T21:30:00Z,
17.01,17.8605,2024-09-04T21:30:00Z,2024-09-04T22:00:00Z,
16.8,17.64,2024-09-04T22:00:00Z,2024-09-04T22:30:00Z,
17.53,18.4065,2024-09-04T22:30:00Z,2024-09-04T23:00:00Z,
17.77,18.6585,2024-09-04T23:00:00Z,2024-09-04T23:30:00Z,
17.3,18.165,2024-09-04T23:30:00Z,2024-09-05T00:00:00Z,
17.81,18.7005,2024-09-05T00:00:00Z,2024-09-05T00:30:00Z,
16.43,17.2515,2024-09-05T00:30:00Z,2024-09-05T01:00:00Z,
16.7,17.535,2024-09-05T01:00:00Z,2024-09-05T01:30:00Z,
15.3,16.065,2024-09-05T01:30:00Z,2024-09-05T02:00:00Z,
15.7,16.485,2024-09-05T02:00:00Z,2024-09-05T02:30:00Z,
15.22,15.981,2024-09-05T02:30:00Z,2024-09-05T03:00:00Z,
14.62,15.351,2024-09-05T03:00:00Z,2024-09-05T03:30:00Z,
14.7,15.435,2024-09-05T03:30:00Z,2024-09-05T04:00:00Z,
15.37,16.1385,2024-09-05T04:00:00Z,2024-09-05T04:30:00Z,
17.18,18.039,2024-09-05T04:30:00Z,2024-09-05T05:00:00Z,
18.86,19.803,2024-09-05T05:00:00Z,2024-09-05T05:30:00Z,
19.11,20.0655,2024-09-05T05:30:00Z,2024-09-05T06:00:00Z,
19.84,20.832,2024-09-05T06:00:00Z,2024-09-05T06:30:00Z,
22.36,23.478,2024-09-05T06:30:00Z,2024-09-05T07:00:00Z,
18.27,19.1835,2024-09-05T07:00:00Z,2024-09-05T07:30:00Z,
18.58,19.509,2024-09-05T07:30:00Z,2024-09-05T08:00:00Z,
19.15,20.1075,2024-09-05T08:00:00Z,2024-09-05T08:30:00Z,
17.24,18.102,2024-09-05T08:30:00Z,2024-09-05T09:00:00Z,
17.3,18.165,2024-09-05T09:00:00Z,2024-09-05T09:30:00Z,
17.26,18.123,2024-09-05T09:30:00Z,2024-09-05T10:00:00Z,
15.96,16.758,2024-09-05T10:00:00Z,2024-09-05T10:30:00Z,
18.58,19.509,2024-09-05T10:30:00Z,2024-09-05T11:00:00Z,
18.48,19.404,2024-09-05T11:00:00Z,2024-09-05T11:30:00Z,
16.8,17.64,2024-09-05T11:30:00Z,2024-09-05T12:00:00Z,
15.92,16.716,2024-09-05T12:00:00Z,2024-09-05T12:30:00Z,
15.04,15.792,2024-09-05T12:30:00Z,2024-09-05T13:00:00Z,
14.07,14.7735,2024-09-05T13:00:00Z,2024-09-05T13:30:00Z,
13.65,14.3325,2024-09-05T13:30:00Z,2024-09-05T14:00:00Z,
13.63,14.3115,2024-09-05T14:00:00Z,2024-09-05T14:30:00Z,
15.54,16.317,2024-09-05T14:30:00Z,2024-09-05T15:00:00Z,
27.18,28.539,2024-09-05T15:00:00Z,2024-09-05T15:30:00Z,
26.89,28.2345,2024-09-05T15:30:00Z,2024-09-05T16:00:00Z,
28.46,29.883,2024-09-05T16:00:00Z,2024-09-05T16:30:00Z,
30.85,32.3925,2024-09-05T16:30:00Z,2024-09-05T17:00:00Z,
32.03,33.6315,2024-09-05T17:00:00Z,2024-09-05T17:30:00Z,
31.27,32.8335,2024-09-05T17:30:00Z,2024-09-05T18:00:00Z,
18.98,19.929,2024-09-05T18:00:00Z,2024-09-05T18:30:00Z,
17.66,18.543,2024-09-05T18:30:00Z,2024-09-05T19:00:00Z,
17.93,18.8265,2024-09-05T19:00:00Z,2024-09-05T19:30:00Z,
15.75,16.5375,2024-09-05T19:30:00Z,2024-09-05T20:00:00Z,
16.13,16.9365,2024-09-05T20:00:00Z,2024-09-05T20:30:00Z,
14.18,14.889,2024-09-05T20:30:00Z,2024-09-05T21:00:00Z,
14.08,14.784,2024-09-05T21:00:00Z,2024-09-05T21:30:00Z,
12.92,13.566,2024-09-05T21:30:00Z,2024-09-05T22:00:00Z,
14.7,15.435,2024-09-05T22:00:00Z,2024-09-05T22:30:00Z,
14.09,14.7945,2024-09-05T22:30:00Z,2024-09-05T23:00:00Z,
13.44,14.112,2024-09-05T23:00:00Z,2024-09-05T23:30:00Z,
12.84,13.482,2024-09-05T23:30:00Z,2024-09-06T00:00:00Z,
11.57,12.1485,2024-09-06T00:00:00Z,2024-09-06T00:30:00Z,
11.7,12.285,2024-09-06T00:30:00Z,2024-09-06T01:00:00Z,
10.81,11.3505,2024-09-06T01:00:00Z,2024-09-06T01:30:00Z,
9.98,10.479,2024-09-06T01:30:00Z,2024-09-06T02:00:00Z,
10.5,11.025,2024-09-06T02:00:00Z,2024-09-06T02:30:00Z,
10.5,11.025,2024-09-06T02:30:00Z,2024-09-06T03:00:00Z,
13.81,14.5005,2024-09-06T03:00:00Z,2024-09-06T03:30:00Z,
13.44,14.112,2024-09-06T03:30:00Z,2024-09-06T04:00:00Z,
15.96,16.758,2024-09-06T04:00:00Z,2024-09-06T04:30:00Z,
16.4,17.22,2024-09-06T04:30:00Z,2024-09-06T05:00:00Z,
19.95,20.9475,2024-09-06T05:00:00Z,2024-09-06T05:30:00Z,
20.06,21.063,2024-09-06T05:30:00Z,2024-09-06T06:00:00Z,
18.06,18.963,2024-09-06T06:00:00Z,2024-09-06T06:30:00Z,
20.16,21.168,2024-09-06T06:30:00Z,2024-09-06T07:00:00Z,
18.48,19.404,2024-09-06T07:00:00Z,2024-09-06T07:30:00Z,
19.11,20.0655,2024-09-06T07:30:00Z,2024-09-06T08:00:00Z,
18.48,19.404,2024-09-06T08:00:00Z,2024-09-06T08:30:00Z,
18.11,19.0155,2024-09-06T08:30:00Z,2024-09-06T09:00:00Z,
18.01,18.9105,2024-09-06T09:00:00Z,2024-09-06T09:30:00Z,
17.64,18.522,2024-09-06T09:30:00Z,2024-09-06T10:00:00Z,
16.53,17.3565,2024-09-06T10:00:00Z,2024-09-06T10:30:00Z,
16.8,17.64,2024-09-06T10:30:00Z,2024-09-06T11:00:00Z,
17.85,18.7425,2024-09-06T11:00:00Z,2024-09-06T11:30:00Z,
17.22,18.081,2024-09-06T11:30:00Z,2024-09-06T12:00:00Z,
17.7,18.585,2024-09-06T12:00:00Z,2024-09-06T12:30:00Z,
15.93,16.7265,2024-09-06T12:30:00Z,2024-09-06T13:00:00Z,
15.96,16.758,2024-09-06T13:00:00Z,2024-09-06T13:30:00Z,
15.21,15.9705,2024-09-06T13:30:00Z,2024-09-06T14:00:00Z,
14.94,15.687,2024-09-06T14:00:00Z,2024-09-06T14:30:00Z,
14.97,15.7185,2024-09-06T14:30:00Z,2024-09-06T15:00:00Z,
29.17,30.6285,2024-09-06T15:00:00Z,2024-09-06T15:30:00Z,
28.75,30.1875,2024-09-06T15:30:00Z,2024-09-06T16:00:00Z,
31.29,32.8545,2024-09-06T16:00:00Z,2024-09-06T16:30:00Z,
32.95,34.5975,2024-09-06T16:30:00Z,2024-09-06T17:00:00Z,
33.51,35.1855,2024-09-06T17:00:00Z,2024-09-06T17:30:00Z,
34.0,35.7,2024-09-06T17:30:00Z,2024-09-06T18:00:00Z,
21.42,22.491,2024-09-06T18:00:00Z,2024-09-06T18:30:00Z,
21.67,22.7535,2024-09-06T18:30:00Z,2024-09-06T19:00:00Z,
19.82,20.811,2024-09-06T19:00:00Z,2024-09-06T19:30:00Z,
16.85,17.6925,2024-09-06T19:30:00Z,2024-09-06T20:00:00Z,
20.16,21.168,2024-09-06T20:00:00Z,2024-09-06T20:30:00Z,
16.42,17.241,2024-09-06T20:30:00Z,2024-09-06T21:00:00Z,
17.85,18.7425,2024-09-06T21:00:00Z,2024-09-06T21:30:00Z,
17.63,18.5115,2024-09-06T21:30:00Z,2024-09-06T22:00:00Z,
18.27,19.1835,2024-09-06T22:00:00Z,2024-09-06T22:30:00Z,
17.77,18.6585,2024-09-06T22:30:00Z,2024-09-06T23:00:00Z,
18.27,19.1835,2024-09-06T23:00:00Z,2024-09-06T23:30:00Z,
17.64,18.522,2024-09-06T23:30:00Z,2024-09-07T00:00:00Z,
16.55,17.3775,2024-09-07T00:00:00Z,2024-09-07T00:30:00Z,
16.38,17.199,2024-09-07T00:30:00Z,2024-09-07T01:00:00Z,
15.33,16.0965,2024-09-07T01:00:00Z,2024-09-07T01:30:00Z,
14.49,15.2145,2024-09-07T01:30:00Z,2024-09-07T02:00:00Z,
15.94,16.737,2024-09-07T02:00:00Z,2024-09-07T02:30:00Z,
15.44,16.212,2024-09-07T02:30:00Z,2024-09-07T03:00:00Z,
16.29,17.1045,2024-09-07T03:00:00Z,2024-09-07T03:30:00Z,
15.41,16.1805,2024-09-07T03:30:00Z,2024-09-07T04:00:00Z,
15.88,16.674,2024-09-07T04:00:00Z,2024-09-07T04:30:00Z,
15.79,16.5795,2024-09-07T04:30:00Z,2024-09-07T05:00:00Z,
18.9,19.845,2024-09-07T05:00:00Z,2024-09-07T05:30:00Z,
17.22,18.081,2024-09-07T05:30:00Z,2024-09-07T06:00:00Z,
15.94,16.737,2024-09-07T06:00:00Z,2024-09-07T06:30:00Z,
16.39,17.2095,2024-09-07T06:30:00Z,2024-09-07T07:00:00Z,
15.44,16.212,2024-09-07T07:00:00Z,2024-09-07T07:30:00Z,
17.26,18.123,2024-09-07T07:30:00Z,2024-09-07T08:00:00Z,
19.0,19.95,2024-09-07T08:00:00Z,2024-09-07T08:30:00Z,
19.76,20.748,2024-09-07T08:30:00Z,2024-09-07T09:00:00Z,
19.53,20.5065,2024-09-07T09:00:00Z,2024-09-07T09:30:00Z,
19.38,20.349,2024-09-07T09:30:00Z,2024-09-07T10:00:00Z,
18.69,19.6245,2024-09-07T10:00:00Z,2024-09-07T10:30:00Z,
18.27,19.1835,2024-09-07T10:30:00Z,2024-09-07T11:00:00Z,
19.22,20.181,2024-09-07T11:00:00Z,2024-09-07T11:30:00Z,
17.96,18.858,2024-09-07T11:30:00Z,2024-09-07T12:00:00Z,
16.29,17.1045,2024-09-07T12:00:00Z,2024-09-07T12:30:00Z,
15.33,16.0965,2024-09-07T12:30:00Z,2024-09-07T13:00:00Z,
17.38,18.249,2024-09-07T13:00:00Z,2024-09-07T13:30:00Z,
17.64,18.522,2024-09-07T13:30:00Z,2024-09-07T14:00:00Z,
16.29,17.1045,2024-09-07T14:00:00Z,2024-09-07T14:30:00Z,
18.5,19.425,2024-09-07T14:30:00Z,2024-09-07T15:00:00Z,
31.57,33.1485,2024-09-07T15:00:00Z,2024-09-07T15:30:00Z,
32.02,33.621,2024-09-07T15:30:00Z,2024-09-07T16:00:00Z,
35.47,37.2435,2024-09-07T16:00:00Z,2024-09-07T16:30:00Z,
37.78,39.669,2024-09-07T16:30:00Z,2024-09-07T17:00:00Z,
36.95,38.7975,2024-09-07T17:00:00Z,2024-09-07T17:30:00Z,
36.31,38.1255,2024-09-07T17:30:00Z,2024-09-07T18:00:00Z,
23.1,24.255,2024-09-07T18:00:00Z,2024-09-07T18:30:00Z,
23.86,25.053,2024-09-07T18:30:00Z,2024-09-07T19:00:00Z,
21.17,22.2285,2024-09-07T19:00:00Z,2024-09-07T19:30:00Z,
19.03,19.9815,2024-09-07T19:30:00Z,2024-09-07T20:00:00Z,
17.86,18.753,2024-09-07T20:00:00Z,2024-09-07T20:30:00Z,
15.75,16.5375,2024-09-07T20:30:00Z,2024-09-07T21:00:00Z,
18.05,18.9525,2024-09-07T21:00:00Z,2024-09-07T21:30:00Z,
17.96,18.858,2024-09-07T21:30:00Z,2024-09-07T22:00:00Z,
20.1,21.105,2024-09-07T22:00:00Z,2024-09-07T22:30:00Z,
21.0,22.05,2024-09-07T22:30:00Z,2024-09-07T23:00:00Z,
19.95,20.9475,2024-09-07T23:00:00Z,2024-09-07T23:30:00Z,
19.64,20.622,2024-09-07T23:30:00Z,2024-09-08T00:00:00Z,
18.9,19.845,2024-09-08T00:00:00Z,2024-09-08T00:30:00Z,
18.9,19.845,2024-09-08T00:30:00Z,2024-09-08T01:00:00Z,
17.01,17.8605,2024-09-08T01:00:00Z,2024-09-08T01:30:00Z,
15.61,16.3905,2024-09-08T01:30:00Z,2024-09-08T02:00:00Z,
15.96,16.758,2024-09-08T02:00:00Z,2024-09-08T02:30:00Z,
15.61,16.3905,2024-09-08T02:30:00Z,2024-09-08T03:00:00Z,
15.61,16.3905,2024-09-08T03:00:00Z,2024-09-08T03:30:00Z,
15.61,16.3905,2024-09-08T03:30:00Z,2024-09-08T04:00:00Z,
14.92,15.666,2024-09-08T04:00:00Z,2024-09-08T04:30:00Z,
14.92,15.666,2024-09-08T04:30:00Z,2024-09-08T05:00:00Z,
14.7,15.435,2024-09-08T05:00:00Z,2024-09-08T05:30:00Z,
15.66,16.443,2024-09-08T05:30:00Z,2024-09-08T06:00:00Z,
12.89,13.5345,2024-09-08T06:00:00Z,2024-09-08T06:30:00Z,
15.28,16.044,2024-09-08T06:30:00Z,2024-09-08T07:00:00Z,
13.86,14.553,2024-09-08T07:00:00Z,2024-09-08T07:30:00Z,
16.67,17.5035,2024-09-08T07:30:00Z,2024-09-08T08:00:00Z,
18.27,19.1835,2024-09-08T08:00:00Z,2024-09-08T08:30:00Z,
19.45,20.4225,2024-09-08T08:30:00Z,2024-09-08T09:00:00Z,
19.47,20.4435,2024-09-08T09:00:00Z,2024-09-08T09:30:00Z,
18.42,19.341,2024-09-08T09:30:00Z,2024-09-08T10:00:00Z,
18.75,19.6875,2024-09-08T10:00:00Z,2024-09-08T10:30:00Z,
19.53,20.5065,2024-09-08T10:30:00Z,2024-09-08T11:00:00Z,
18.27,19.1835,2024-09-08T11:00:00Z,2024-09-08T11:30:00Z,
16.86,17.703,2024-09-08T11:30:00Z,2024-09-08T12:00:00Z,
15.54,16.317,2024-09-08T12:00:00Z,2024-09-08T12:30:00Z,
14.7,15.435,2024-09-08T12:30:00Z,2024-09-08T13:00:00Z,
12.6,13.23,2024-09-08T13:00:00Z,2024-09-08T13:30:00Z,
12.53,13.1565,2024-09-08T13:30:00Z,2024-09-08T14:00:00Z,
12.39,13.0095,2024-09-08T14:00:00Z,2024-09-08T14:30:00Z,
13.86,14.553,2024-09-08T14:30:00Z,2024-09-08T15:00:00Z,
27.82,29.211,2024-09-08T15:00:00Z,2024-09-08T15:30:00Z,
28.54,29.967,2024-09-08T15:30:00Z,2024-09-08T16:00:00Z,
29.38,30.849,2024-09-08T16:00:00Z,2024-09-08T16:30:00Z,
32.11,33.7155,2024-09-08T16:30:00Z,2024-09-08T17:00:00Z,
33.03,34.6815,2024-09-08T17:00:00Z,2024-09-08T17:30:00Z,
33.16,34.818,2024-09-08T17:30:00Z,2024-09-08T18:00:00Z,
20.73,21.7665,2024-09-08T18:00:00Z,2024-09-08T18:30:00Z,
20.38,21.399,2024-09-08T18:30:00Z,2024-09-08T19:00:00Z,
20.06,21.063,2024-09-08T19:00:00Z,2024-09-08T19:30:00Z,
17.96,18.858,2024-09-08T19:30:00Z,2024-09-08T20:00:00Z,
17.96,18.858,2024-09-08T20:00:00Z,2024-09-08T20:30:00Z,
15.22,15.981,2024-09-08T20:30:00Z,2024-09-08T21:00:00Z,
16.43,17.2515,2024-09-08T21:00:00Z,2024-09-08T21:30:00Z,
14.62,15.351,2024-09-08T21:30:00Z,2024-09-08T22:00:00Z,
17.81,18.7005,2024-09-08T22:00:00Z,2024-09-08T22:30:00Z,
16.8,17.64,2024-09-08T22:30:00Z,2024-09-08T23:00:00Z,
16.59,17.4195,2024-09-08T23:00:00Z,2024-09-08T23:30:00Z,
15.33,16.0965,2024-09-08T23:30:00Z,2024-09-09T00:00:00Z,
15.45,16.2225,2024-09-09T00:00:00Z,2024-09-09T00:30:00Z,
15.45,16.2225,2024-09-09T00:30:00Z,2024-09-09T01:00:00Z,
15.51,16.2855,2024-09-09T01:00:00Z,2024-09-09T01:30:00Z,
13.59,14.2695,2024-09-09T01:30:00Z,2024-09-09T02:00:00Z,
15.42,16.191,2024-09-09T02:00:00Z,2024-09-09T02:30:00Z,
14.54,15.267,2024-09-09T02:30:00Z,2024-09-09T03:00:00Z,
14.78,15.519,2024-09-09T03:00:00Z,2024-09-09T03:30:00Z,
13.85,14.5425,2024-09-09T03:30:00Z,2024-09-09T04:00:00Z,
14.2,14.91,2024-09-09T04:00:00Z,2024-09-09T04:30:00Z,
14.7,15.435,2024-09-09T04:30:00Z,2024-09-09T05:00:00Z,
17.64,18.522,2024-09-09T05:00:00Z,2024-09-09T05:30:00Z,
19.74,20.727,2024-09-09T05:30:00Z,2024-09-09T06:00:00Z,
21.0,22.05,2024-09-09T06:00:00Z,2024-09-09T06:30:00Z,
24.19,25.3995,2024-09-09T06:30:00Z,2024-09-09T07:00:00Z,
22.47,23.5935,2024-09-09T07:00:00Z,2024-09-09T07:30:00Z,
22.85,23.9925,2024-09-09T07:30:00Z,2024-09-09T08:00:00Z,
19.53,20.5065,2024-09-09T08:00:00Z,2024-09-09T08:30:00Z,
18.06,18.963,2024-09-09T08:30:00Z,2024-09-09T09:00:00Z,
15.33,16.0965,2024-09-09T09:00:00Z,2024-09-09T09:30:00Z,
15.73,16.5165,2024-09-09T09:30:00Z,2024-09-09T10:00:00Z,
14.28,14.994,2024-09-09T10:00:00Z,2024-09-09T10:30:00Z,
14.6,15.33,2024-09-09T10:30:00Z,2024-09-09T11:00:00Z,
14.49,15.2145,2024-09-09T11:00:00Z,2024-09-09T11:30:00Z,
14.07,14.7735,2024-09-09T11:30:00Z,2024-09-09T12:00:00Z,
14.07,14.7735,2024-09-09T12:00:00Z,2024-09-09T12:30:00Z,
14.07,14.7735,2024-09-09T12:30:00Z,2024-09-09T13:00:00Z,
14.07,14.7735,2024-09-09T13:00:00Z,2024-09-09T13:30:00Z,
14.09,14.7945,2024-09-09T13:30:00Z,2024-09-09T14:00:00Z,
14.07,14.7735,2024-09-09T14:00:00Z,2024-09-09T14:30:00Z,
13.65,14.3325,2024-09-09T14:30:00Z,2024-09-09T15:00:00Z,
27.07,28.4235,2024-09-09T15:00:00Z,2024-09-09T15:30:00Z,
27.7,29.085,2024-09-09T15:30:00Z,2024-09-09T16:00:00Z,
29.54,31.017,2024-09-09T16:00:00Z,2024-09-09T16:30:00Z,
33.32,34.986,2024-09-09T16:30:00Z,2024-09-09T17:00:00Z,
35.18,36.939,2024-09-09T17:00:00Z,2024-09-09T17:30:00Z,
35.78,37.569,2024-09-09T17:30:00Z,2024-09-09T18:00:00Z,
21.0,22.05,2024-09-09T18:00:00Z,2024-09-09T18:30:00Z,
20.69,21.7245,2024-09-09T18:30:00Z,2024-09-09T19:00:00Z,
18.06,18.963,2024-09-09T19:00:00Z,2024-09-09T19:30:00Z,
14.7,15.435,2024-09-09T19:30:00Z,2024-09-09T20:00:00Z,
15.09,15.8445,2024-09-09T20:00:00Z,2024-09-09T20:30:00Z,
13.65,14.3325,2024-09-09T20:30:00Z,2024-09-09T21:00:00Z,
13.57,14.2485,2024-09-09T21:00:00Z,2024-09-09T21:30:00Z,
12.6,13.23,2024-09-09T21:30:00Z,2024-09-09T22:00:00Z,
16.8,17.64,2024-09-09T22:00:00Z,2024-09-09T22:30:00Z,
11.76,12.348,2024-09-09T22:30:00Z,2024-09-09T23:00:00Z,
9.45,9.9225,2024-09-09T23:00:00Z,2024-09-09T23:30:00Z,
7.35,7.7175,2024-09-09T23:30:00Z,2024-09-10T00:00:00Z,
5.25,5.5125,2024-09-10T00:00:00Z,2024-09-10T00:30:00Z,
3.36,3.528,2024-09-10T00:30:00Z,2024-09-10T01:00:00Z,
2.29,2.4045,2024-09-10T01:00:00Z,2024-09-10T01:30:00Z,
-1.05,-1.1025,2024-09-10T01:30:00Z,2024-09-10T02:00:00Z,
1.16,1.218,2024-09-10T02:00:00Z,2024-09-10T02:30:00Z,
0.0,0.0,2024-09-10T02:30:00Z,2024-09-10T03:00:00Z,
2.52,2.646,2024-09-10T03:00:00Z,2024-09-10T03:30:00Z,
1.68,1.764,2024-09-10T03:30:00Z,2024-09-10T04:00:00Z,
0.54,0.567,2024-09-10T04:00:00Z,2024-09-10T04:30:00Z,
3.02,3.171,2024-09-10T04:30:00Z,2024-09-10T05:00:00Z,
5.04,5.292,2024-09-10T05:00:00Z,2024-09-10T05:30:00Z,
7.99,8.3895,2024-09-10T05:30:00Z,2024-09-10T06:00:00Z,
10.5,11.025,2024-09-10T06:00:00Z,2024-09-10T06:30:00Z,
13.15,13.8075,2024-09-10T06:30:00Z,2024-09-10T07:00:00Z,
10.71,11.2455,2024-09-10T07:00:00Z,2024-09-10T07:30:00Z,
10.5,11.025,2024-09-10T07:30:00Z,2024-09-10T08:00:00Z,
9.03,9.4815,2024-09-10T08:00:00Z,2024-09-10T08:30:00Z,
9.03,9.4815,2024-09-10T08:30:00Z,2024-09-10T09:00:00Z,
2.1,2.205,2024-09-10T09:00:00Z,2024-09-10T09:30:00Z,
1.36,1.428,2024-09-10T09:30:00Z,2024-09-10T10:00:00Z,
-0.15,-0.1575,2024-09-10T10:00:00Z,2024-09-10T10:30:00Z,
0.16,0.168,2024-09-10T10:30:00Z,2024-09-10T11:00:00Z,
2.1,2.205,2024-09-10T11:00:00Z,2024-09-10T11:30:00Z,
0.67,0.7035,2024-09-10T11:30:00Z,2024-09-10T12:00:00Z,
2.04,2.142,2024-09-10T12:00:00Z,2024-09-10T12:30:00Z,
0.4,0.42,2024-09-10T12:30:00Z,2024-09-10T13:00:00Z,
1.89,1.9845,2024-09-10T13:00:00Z,2024-09-10T13:30:00Z,
1.03,1.0815,2024-09-10T13:30:00Z,2024-09-10T14:00:00Z,
0.0,0.0,2024-09-10T14:00:00Z,2024-09-10T14:30:00Z,
2.0,2.1,2024-09-10T14:30:00Z,2024-09-10T15:00:00Z,
16.15,16.9575,2024-09-10T15:00:00Z,2024-09-10T15:30:00Z,
24.55,25.7775,2024-09-10T15:30:00Z,2024-09-10T16:00:00Z,
27.49,28.8645,2024-09-10T16:00:00Z,2024-09-10T16:30:00Z,
31.16,32.718,2024-09-10T16:30:00Z,2024-09-10T17:00:00Z,
30.81,32.3505,2024-09-10T17:00:00Z,2024-09-10T17:30:00Z,
32.11,33.7155,2024-09-10T17:30:00Z,2024-09-10T18:00:00Z,
19.74,20.727,2024-09-10T18:00:00Z,2024-09-10T18:30:00Z,
20.17,21.1785,2024-09-10T18:30:00Z,2024-09-10T19:00:00Z,
21.17,22.2285,2024-09-10T19:00:00Z,2024-09-10T19:30:00Z,
20.14,21.147,2024-09-10T19:30:00Z,2024-09-10T20:00:00Z,
19.95,20.9475,2024-09-10T20:00:00Z,2024-09-10T20:30:00Z,
15.58,16.359,2024-09-10T20:30:00Z,2024-09-10T21:00:00Z,
13.65,14.3325,2024-09-10T21:00:00Z,2024-09-10T21:30:00Z,
8.61,9.0405,2024-09-10T21:30:00Z,2024-09-10T22:00:00Z,
9.08,9.534,2024-09-10T22:00:00Z,2024-09-10T22:30:00Z,
2.73,2.8665,2024-09-10T22:30:00Z,2024-09-10T23:00:00Z,
2.84,2.982,2024-09-10T23:00:00Z,2024-09-10T23:30:00Z,
3.13,3.2865,2024-09-10T23:30:00Z,2024-09-11T00:00:00Z,
2.52,2.646,2024-09-11T00:00:00Z,2024-09-11T00:30:00Z,
2.94,3.087,2024-09-11T00:30:00Z,2024-09-11T01:00:00Z,
5.23,5.4915,2024-09-11T01:00:00Z,2024-09-11T01:30:00Z,
2.1,2.205,2024-09-11T01:30:00Z,2024-09-11T02:00:00Z,
3.34,3.507,2024-09-11T02:00:00Z,2024-09-11T02:30:00Z,
3.09,3.2445,2024-09-11T02:30:00Z,2024-09-11T03:00:00Z,
4.15,4.3575,2024-09-11T03:00:00Z,2024-09-11T03:30:00Z,
2.31,2.4255,2024-09-11T03:30:00Z,2024-09-11T04:00:00Z,
3.36,3.528,2024-09-11T04:00:00Z,2024-09-11T04:30:00Z,
7.34,7.707,2024-09-11T04:30:00Z,2024-09-11T05:00:00Z,
15.86,16.653,2024-09-11T05:00:00Z,2024-09-11T05:30:00Z,
18.69,19.6245,2024-09-11T05:30:00Z,2024-09-11T06:00:00Z,
18.77,19.7085,2024-09-11T06:00:00Z,2024-09-11T06:30:00Z,
20.79,21.8295,2024-09-11T06:30:00Z,2024-09-11T07:00:00Z,
18.27,19.1835,2024-09-11T07:00:00Z,2024-09-11T07:30:00Z,
18.27,19.1835,2024-09-11T07:30:00Z,2024-09-11T08:00:00Z,
15.12,15.876,2024-09-11T08:00:00Z,2024-09-11T08:30:00Z,
10.76,11.298,2024-09-11T08:30:00Z,2024-09-11T09:00:00Z,
11.0,11.55,2024-09-11T09:00:00Z,2024-09-11T09:30:00Z,
9.03,9.4815,2024-09-11T09:30:00Z,2024-09-11T10:00:00Z,
7.81,8.2005,2024-09-11T10:00:00Z,2024-09-11T10:30:00Z,
9.76,10.248,2024-09-11T10:30:00Z,2024-09-11T11:00:00Z,
10.05,10.5525,2024-09-11T11:00:00Z,2024-09-11T11:30:00Z,
7.11,7.4655,2024-09-11T11:30:00Z,2024-09-11T12:00:00Z,
8.19,8.5995,2024-09-11T12:00:00Z,2024-09-11T12:30:00Z,
7.0,7.35,2024-09-11T12:30:00Z,2024-09-11T13:00:00Z,
8.4,8.82,2024-09-11T13:00:00Z,2024-09-11T13:30:00Z,
6.3,6.615,2024-09-11T13:30:00Z,2024-09-11T14:00:00Z,
9.03,9.4815,2024-09-11T14:00:00Z,2024-09-11T14:30:00Z,
10.29,10.8045,2024-09-11T14:30:00Z,2024-09-11T15:00:00Z,
26.23,27.5415,2024-09-11T15:00:00Z,2024-09-11T15:30:00Z,
30.43,31.9515,2024-09-11T15:30:00Z,2024-09-11T16:00:00Z,
30.22,31.731,2024-09-11T16:00:00Z,2024-09-11T16:30:00Z,
30.64,32.172,2024-09-11T16:30:00Z,2024-09-11T17:00:00Z,
33.86,35.553,2024-09-11T17:00:00Z,2024-09-11T17:30:00Z,
34.42,36.141,2024-09-11T17:30:00Z,2024-09-11T18:00:00Z,
21.44,22.512,2024-09-11T18:00:00Z,2024-09-11T18:30:00Z,
21.53,22.6065,2024-09-11T18:30:00Z,2024-09-11T19:00:00Z,
20.87,21.9135,2024-09-11T19:00:00Z,2024-09-11T19:30:00Z,
17.85,18.7425,2024-09-11T19:30:00Z,2024-09-11T20:00:00Z,
17.75,18.6375,2024-09-11T20:00:00Z,2024-09-11T20:30:00Z,
17.01,17.8605,2024-09-11T20:30:00Z,2024-09-11T21:00:00Z,
17.85,18.7425,2024-09-11T21:00:00Z,2024-09-11T21:30:00Z,
16.38,17.199,2024-09-11T21:30:00Z,2024-09-11T22:00:00Z,
16.25,17.0625,2024-09-11T22:00:00Z,2024-09-11T22:30:00Z,
14.28,14.994,2024-09-11T22:30:00Z,2024-09-11T23:00:00Z,
14.38,15.099,2024-09-11T23:00:00Z,2024-09-11T23:30:00Z,
14.7,15.435,2024-09-11T23:30:00Z,2024-09-12T00:00:00Z,
13.78,14.469,2024-09-12T00:00:00Z,2024-09-12T00:30:00Z,
14.7,15.435,2024-09-12T00:30:00Z,2024-09-12T01:00:00Z,
13.29,13.9545,2024-09-12T01:00:00Z,2024-09-12T01:30:00Z,
12.84,13.482,2024-09-12T01:30:00Z,2024-09-12T02:00:00Z,
12.39,13.0095,2024-09-12T02:00:00Z,2024-09-12T02:30:00Z,
12.46,13.083,2024-09-12T02:30:00Z,2024-09-12T03:00:00Z,
15.33,16.0965,2024-09-12T03:00:00Z,2024-09-12T03:30:00Z,
12.94,13.587,2024-09-12T03:30:00Z,2024-09-12T04:00:00Z,
16.24,17.052,2024-09-12T04:00:00Z,2024-09-12T04:30:00Z,
16.21,17.0205,2024-09-12T04:30:00Z,2024-09-12T05:00:00Z,
20.16,21.168,2024-09-12T05:00:00Z,2024-09-12T05:30:00Z,
22.05,23.1525,2024-09-12T05:30:00Z,2024-09-12T06:00:00Z,
22.34,23.457,2024-09-12T06:00:00Z,2024-09-12T06:30:00Z,
25.77,27.0585,2024-09-12T06:30:00Z,2024-09-12T07:00:00Z,
20.16,21.168,2024-09-12T07:00:00Z,2024-09-12T07:30:00Z,
19.42,20.391,2024-09-12T07:30:00Z,2024-09-12T08:00:00Z,
17.01,17.8605,2024-09-12T08:00:00Z,2024-09-12T08:30:00Z,
14.89,15.6345,2024-09-12T08:30:00Z,2024-09-12T09:00:00Z,
14.71,15.4455,2024-09-12T09:00:00Z,2024-09-12T09:30:00Z,
13.23,13.8915,2024-09-12T09:30:00Z,2024-09-12T10:00:00Z,
14.07,14.7735,2024-09-12T10:00:00Z,2024-09-12T10:30:00Z,
14.37,15.0885,2024-09-12T10:30:00Z,2024-09-12T11:00:00Z,
14.8,15.54,2024-09-12T11:00:00Z,2024-09-12T11:30:00Z,
14.28,14.994,2024-09-12T11:30:00Z,2024-09-12T12:00:00Z,
14.7,15.435,2024-09-12T12:00:00Z,2024-09-12T12:30:00Z,
14.11,14.8155,2024-09-12T12:30:00Z,2024-09-12T13:00:00Z,
15.75,16.5375,2024-09-12T13:00:00Z,2024-09-12T13:30:00Z,
13.96,14.658,2024-09-12T13:30:00Z,2024-09-12T14:00:00Z,
14.86,15.603,2024-09-12T14:00:00Z,2024-09-12T14:30:00Z,
14.86,15.603,2024-09-12T14:30:00Z,2024-09-12T15:00:00Z,
30.95,32.4975,2024-09-12T15:00:00Z,2024-09-12T15:30:00Z,
31.01,32.5605,2024-09-12T15:30:00Z,2024-09-12T16:00:00Z,
28.54,29.967,2024-09-12T16:00:00Z,2024-09-12T16:30:00Z,
32.64,34.272,2024-09-12T16:30:00Z,2024-09-12T17:00:00Z,
35.18,36.939,2024-09-12T17:00:00Z,2024-09-12T17:30:00Z,
36.84,38.682,2024-09-12T17:30:00Z,2024-09-12T18:00:00Z,
22.58,23.709,2024-09-12T18:00:00Z,2024-09-12T18:30:00Z,
22.34,23.457,2024-09-12T18:30:00Z,2024-09-12T19:00:00Z,
21.0,22.05,2024-09-12T19:00:00Z,2024-09-12T19:30:00Z,
20.06,21.063,2024-09-12T19:30:00Z,2024-09-12T20:00:00Z,
18.69,19.6245,2024-09-12T20:00:00Z,2024-09-12T20:30:00Z,
16.49,17.3145,2024-09-12T20:30:00Z,2024-09-12T21:00:00Z,
16.95,17.7975,2024-09-12T21:00:00Z,2024-09-12T21:30:00Z,
16.8,17.64,2024-09-12T21:30:00Z,2024-09-12T22:00:00Z,
17.22,18.081,2024-09-12T22:00:00Z,2024-09-12T22:30:00Z,
17.64,18.522,2024-09-12T22:30:00Z,2024-09-12T23:00:00Z,
15.81,16.6005,2024-09-12T23:00:00Z,2024-09-12T23:30:00Z,
15.55,16.3275,2024-09-12T23:30:00Z,2024-09-13T00:00:00Z,
15.35,16.1175,2024-09-13T00:00:00Z,2024-09-13T00:30:00Z,
15.54,16.317,2024-09-13T00:30:00Z,2024-09-13T01:00:00Z,
15.33,16.0965,2024-09-13T01:00:00Z,2024-09-13T01:30:00Z,
15.22,15.981,2024-09-13T01:30:00Z,2024-09-13T02:00:00Z,
15.24,16.002,2024-09-13T02:00:00Z,2024-09-13T02:30:00Z,
15.29,16.0545,2024-09-13T02:30:00Z,2024-09-13T03:00:00Z,
15.37,16.1385,2024-09-13T03:00:00Z,2024-09-13T03:30:00Z,
14.95,15.6975,2024-09-13T03:30:00Z,2024-09-13T04:00:00Z,
17.74,18.627,2024-09-13T04:00:00Z,2024-09-13T04:30:00Z,
17.43,18.3015,2024-09-13T04:30:00Z,2024-09-13T05:00:00Z,
21.42,22.491,2024-09-13T05:00:00Z,2024-09-13T05:30:00Z,
23.1,24.255,2024-09-13T05:30:00Z,2024-09-13T06:00:00Z,
23.0,24.15,2024-09-13T06:00:00Z,2024-09-13T06:30:00Z,
25.35,26.6175,2024-09-13T06:30:00Z,2024-09-13T07:00:00Z,
21.7,22.785,2024-09-13T07:00:00Z,2024-09-13T07:30:00Z,
20.62,21.651,2024-09-13T07:30:00Z,2024-09-13T08:00:00Z,
19.04,19.992,2024-09-13T08:00:00Z,2024-09-13T08:30:00Z,
16.95,17.7975,2024-09-13T08:30:00Z,2024-09-13T09:00:00Z,
15.86,16.653,2024-09-13T09:00:00Z,2024-09-13T09:30:00Z,
16.43,17.2515,2024-09-13T09:30:00Z,2024-09-13T10:00:00Z,
15.38,16.149,2024-09-13T10:00:00Z,2024-09-13T10:30:00Z,
15.71,16.4955,2024-09-13T10:30:00Z,2024-09-13T11:00:00Z,
15.66,16.443,2024-09-13T11:00:00Z,2024-09-13T11:30:00Z,
15.08,15.834,2024-09-13T11:30:00Z,2024-09-13T12:00:00Z,
15.67,16.4535,2024-09-13T12:00:00Z,2024-09-13T12:30:00Z,
13.78,14.469,2024-09-13T12:30:00Z,2024-09-13T13:00:00Z,
15.64,16.422,2024-09-13T13:00:00Z,2024-09-13T13:30:00Z,
14.71,15.4455,2024-09-13T13:30:00Z,2024-09-13T14:00:00Z,
15.25,16.0125,2024-09-13T14:00:00Z,2024-09-13T14:30:00Z,
16.38,17.199,2024-09-13T14:30:00Z,2024-09-13T15:00:00Z,
29.13,30.5865,2024-09-13T15:00:00Z,2024-09-13T15:30:00Z,
30.94,32.487,2024-09-13T15:30:00Z,2024-09-13T16:00:00Z,
31.56,33.138,2024-09-13T16:00:00Z,2024-09-13T16:30:00Z,
34.0,35.7,2024-09-13T16:30:00Z,2024-09-13T17:00:00Z,
33.46,35.133,2024-09-13T17:00:00Z,2024-09-13T17:30:00Z,
34.72,36.456,2024-09-13T17:30:00Z,2024-09-13T18:00:00Z,
21.81,22.9005,2024-09-13T18:00:00Z,2024-09-13T18:30:00Z,
21.63,22.7115,2024-09-13T18:30:00Z,2024-09-13T19:00:00Z,
21.83,22.9215,2024-09-13T19:00:00Z,2024-09-13T19:30:00Z,
18.81,19.7505,2024-09-13T19:30:00Z,2024-09-13T20:00:00Z,
16.38,17.199,2024-09-13T20:00:00Z,2024-09-13T20:30:00Z,
13.28,13.944,2024-09-13T20:30:00Z,2024-09-13T21:00:00Z,
15.75,16.5375,2024-09-13T21:00:00Z,2024-09-13T21:30:00Z,
13.36,14.028,2024-09-13T21:30:00Z,2024-09-13T22:00:00Z,
17.85,18.7425,2024-09-13T22:00:00Z,2024-09-13T22:30:00Z,
18.9,19.845,2024-09-13T22:30:00Z,2024-09-13T23:00:00Z,
18.14,19.047,2024-09-13T23:00:00Z,2024-09-13T23:30:00Z,
18.01,18.9105,2024-09-13T23:30:00Z,2024-09-14T00:00:00Z,
16.82,17.661,2024-09-14T00:00:00Z,2024-09-14T00:30:00Z,
17.12,17.976,2024-09-14T00:30:00Z,2024-09-14T01:00:00Z,
16.06,16.863,2024-09-14T01:00:00Z,2024-09-14T01:30:00Z,
14.24,14.952,2024-09-14T01:30:00Z,2024-09-14T02:00:00Z,
11.76,12.348,2024-09-14T02:00:00Z,2024-09-14T02:30:00Z,
10.67,11.2035,2024-09-14T02:30:00Z,2024-09-14T03:00:00Z,
11.55,12.1275,2024-09-14T03:00:00Z,2024-09-14T03:30:00Z,
10.71,11.2455,2024-09-14T03:30:00Z,2024-09-14T04:00:00Z,
10.5,11.025,2024-09-14T04:00:00Z,2024-09-14T04:30:00Z,
12.37,12.9885,2024-09-14T04:30:00Z,2024-09-14T05:00:00Z,
16.36,17.178,2024-09-14T05:00:00Z,2024-09-14T05:30:00Z,
18.38,19.299,2024-09-14T05:30:00Z,2024-09-14T06:00:00Z,
17.56,18.438,2024-09-14T06:00:00Z,2024-09-14T06:30:00Z,
19.74,20.727,2024-09-14T06:30:00Z,2024-09-14T07:00:00Z,
16.76,17.598,2024-09-14T07:00:00Z,2024-09-14T07:30:00Z,
17.62,18.501,2024-09-14T07:30:00Z,2024-09-14T08:00:00Z,
16.35,17.1675,2024-09-14T08:00:00Z,2024-09-14T08:30:00Z,
13.31,13.9755,2024-09-14T08:30:00Z,2024-09-14T09:00:00Z,
10.5,11.025,2024-09-14T09:00:00Z,2024-09-14T09:30:00Z,
7.56,7.938,2024-09-14T09:30:00Z,2024-09-14T10:00:00Z,
2.1,2.205,2024-09-14T10:00:00Z,2024-09-14T10:30:00Z,
0.84,0.882,2024-09-14T10:30:00Z,2024-09-14T11:00:00Z,
0.21,0.2205,2024-09-14T11:00:00Z,2024-09-14T11:30:00Z,
0.0,0.0,2024-09-14T11:30:00Z,2024-09-14T12:00:00Z,
0.21,0.2205,2024-09-14T12:00:00Z,2024-09-14T12:30:00Z,
-0.65,-0.6825,2024-09-14T12:30:00Z,2024-09-14T13:00:00Z,
-0.42,-0.441,2024-09-14T13:00:00Z,2024-09-14T13:30:00Z,
0.22,0.231,2024-09-14T13:30:00Z,2024-09-14T14:00:00Z,
1.3,1.365,2024-09-14T14:00:00Z,2024-09-14T14:30:00Z,
2.1,2.205,2024-09-14T14:30:00Z,2024-09-14T15:00:00Z,
21.36,22.428,2024-09-14T15:00:00Z,2024-09-14T15:30:00Z,
23.92,25.116,2024-09-14T15:30:00Z,2024-09-14T16:00:00Z,
27.07,28.4235,2024-09-14T16:00:00Z,2024-09-14T16:30:00Z,
31.34,32.907,2024-09-14T16:30:00Z,2024-09-14T17:00:00Z,
34.0,35.7,2024-09-14T17:00:00Z,2024-09-14T17:30:00Z,
34.0,35.7,2024-09-14T17:30:00Z,2024-09-14T18:00:00Z,
19.45,20.4225,2024-09-14T18:00:00Z,2024-09-14T18:30:00Z,
19.23,20.1915,2024-09-14T18:30:00Z,2024-09-14T19:00:00Z,
19.26,20.223,2024-09-14T19:00:00Z,2024-09-14T19:30:00Z,
18.35,19.2675,2024-09-14T19:30:00Z,2024-09-14T20:00:00Z,
18.48,19.404,2024-09-14T20:00:00Z,2024-09-14T20:30:00Z,
15.62,16.401,2024-09-14T20:30:00Z,2024-09-14T21:00:00Z,
17.47,18.3435,2024-09-14T21:00:00Z,2024-09-14T21:30:00Z,
15.12,15.876,2024-09-14T21:30:00Z,2024-09-14T22:00:00Z,
14.38,15.099,2024-09-14T22:00:00Z,2024-09-14T22:30:00Z,
12.71,13.3455,2024-09-14T22:30:00Z,2024-09-14T23:00:00Z,
11.76,12.348,2024-09-14T23:00:00Z,2024-09-14T23:30:00Z,
12.18,12.789,2024-09-14T23:30:00Z,2024-09-15T00:00:00Z,
9.45,9.9225,2024-09-15T00:00:00Z,2024-09-15T00:30:00Z,
10.6,11.13,2024-09-15T00:30:00Z,2024-09-15T01:00:00Z,
11.93,12.5265,2024-09-15T01:00:00Z,2024-09-15T01:30:00Z,
11.76,12.348,2024-09-15T01:30:00Z,2024-09-15T02:00:00Z,
11.97,12.5685,2024-09-15T02:00:00Z,2024-09-15T02:30:00Z,
12.01,12.6105,2024-09-15T02:30:00Z,2024-09-15T03:00:00Z,
11.97,12.5685,2024-09-15T03:00:00Z,2024-09-15T03:30:00Z,
12.1,12.705,2024-09-15T03:30:00Z,2024-09-15T04:00:00Z,
11.66,12.243,2024-09-15T04:00:00Z,2024-09-15T04:30:00Z,
13.02,13.671,2024-09-15T04:30:00Z,2024-09-15T05:00:00Z,
13.04,13.692,2024-09-15T05:00:00Z,2024-09-15T05:30:00Z,
15.64,16.422,2024-09-15T05:30:00Z,2024-09-15T06:00:00Z,
15.51,16.2855,2024-09-15T06:00:00Z,2024-09-15T06:30:00Z,
16.77,17.6085,2024-09-15T06:30:00Z,2024-09-15T07:00:00Z,
14.32,15.036,2024-09-15T07:00:00Z,2024-09-15T07:30:00Z,
17.68,18.564,2024-09-15T07:30:00Z,2024-09-15T08:00:00Z,
17.85,18.7425,2024-09-15T08:00:00Z,2024-09-15T08:30:00Z,
17.85,18.7425,2024-09-15T08:30:00Z,2024-09-15T09:00:00Z,
17.85,18.7425,2024-09-15T09:00:00Z,2024-09-15T09:30:00Z,
16.59,17.4195,2024-09-15T09:30:00Z,2024-09-15T10:00:00Z,
15.86,16.653,2024-09-15T10:00:00Z,2024-09-15T10:30:00Z,
16.94,17.787,2024-09-15T10:30:00Z,2024-09-15T11:00:00Z,
16.8,17.64,2024-09-15T11:00:00Z,2024-09-15T11:30:00Z,
16.8,17.64,2024-09-15T11:30:00Z,2024-09-15T12:00:00Z,
17.57,18.4485,2024-09-15T12:00:00Z,2024-09-15T12:30:00Z,
16.7,17.535,2024-09-15T12:30:00Z,2024-09-15T13:00:00Z,
16.8,17.64,2024-09-15T13:00:00Z,2024-09-15T13:30:00Z,
16.17,16.9785,2024-09-15T13:30:00Z,2024-09-15T14:00:00Z,
16.8,17.64,2024-09-15T14:00:00Z,2024-09-15T14:30:00Z,
17.22,18.081,2024-09-15T14:30:00Z,2024-09-15T15:00:00Z,
27.7,29.085,2024-09-15T15:00:00Z,2024-09-15T15:30:00Z,
28.75,30.1875,2024-09-15T15:30:00Z,2024-09-15T16:00:00Z,
30.88,32.424,2024-09-15T16:00:00Z,2024-09-15T16:30:00Z,
33.79,35.4795,2024-09-15T16:30:00Z,2024-09-15T17:00:00Z,
36.52,38.346,2024-09-15T17:00:00Z,2024-09-15T17:30:00Z,
37.26,39.123,2024-09-15T17:30:00Z,2024-09-15T18:00:00Z,
23.1,24.255,2024-09-15T18:00:00Z,2024-09-15T18:30:00Z,
23.1,24.255,2024-09-15T18:30:00Z,2024-09-15T19:00:00Z,
21.5,22.575,2024-09-15T19:00:00Z,2024-09-15T19:30:00Z,
18.9,19.845,2024-09-15T19:30:00Z,2024-09-15T20:00:00Z,
21.17,22.2285,2024-09-15T20:00:00Z,2024-09-15T20:30:00Z,
17.64,18.522,2024-09-15T20:30:00Z,2024-09-15T21:00:00Z,
17.64,18.522,2024-09-15T21:00:00Z,2024-09-15T21:30:00Z,
16.42,17.241,2024-09-15T21:30:00Z,2024-09-15T22:00:00Z,
16.17,16.9785,2024-09-15T22:00:00Z,2024-09-15T22:30:00Z,
16.17,16.9785,2024-09-15T22:30:00Z,2024-09-15T23:00:00Z,
14.91,15.6555,2024-09-15T23:00:00Z,2024-09-15T23:30:00Z,
14.91,15.6555,2024-09-15T23:30:00Z,2024-09-16T00:00:00Z,
14.36,15.078,2024-09-16T00:00:00Z,2024-09-16T00:30:00Z,
14.7,15.435,2024-09-16T00:30:00Z,2024-09-16T01:00:00Z,
14.7,15.435,2024-09-16T01:00:00Z,2024-09-16T01:30:00Z,
14.7,15.435,2024-09-16T01:30:00Z,2024-09-16T02:00:00Z,
14.7,15.435,2024-09-16T02:00:00Z,2024-09-16T02:30:00Z,
14.91,15.6555,2024-09-16T02:30:00Z,2024-09-16T03:00:00Z,
14.7,15.435,2024-09-16T03:00:00Z,2024-09-16T03:30:00Z,
14.28,14.994,2024-09-16T03:30:00Z,2024-09-16T04:00:00Z,
16.93,17.7765,2024-09-16T04:00:00Z,2024-09-16T04:30:00Z,
16.8,17.64,2024-09-16T04:30:00Z,2024-09-16T05:00:00Z,
21.25,22.3125,2024-09-16T05:00:00Z,2024-09-16T05:30:00Z,
23.45,24.6225,2024-09-16T05:30:00Z,2024-09-16T06:00:00Z,
23.94,25.137,2024-09-16T06:00:00Z,2024-09-16T06:30:00Z,
26.71,28.0455,2024-09-16T06:30:00Z,2024-09-16T07:00:00Z,
22.58,23.709,2024-09-16T07:00:00Z,2024-09-16T07:30:00Z,
21.42,22.491,2024-09-16T07:30:00Z,2024-09-16T08:00:00Z,
20.58,21.609,2024-09-16T08:00:00Z,2024-09-16T08:30:00Z,
18.08,18.984,2024-09-16T08:30:00Z,2024-09-16T09:00:00Z,
16.53,17.3565,2024-09-16T09:00:00Z,2024-09-16T09:30:00Z,
15.96,16.758,2024-09-16T09:30:00Z,2024-09-16T10:00:00Z,
15.84,16.632,2024-09-16T10:00:00Z,2024-09-16T10:30:00Z,
15.84,16.632,2024-09-16T10:30:00Z,2024-09-16T11:00:00Z,
15.75,16.5375,2024-09-16T11:00:00Z,2024-09-16T11:30:00Z,
15.12,15.876,2024-09-16T11:30:00Z,2024-09-16T12:00:00Z,
15.16,15.918,2024-09-16T12:00:00Z,2024-09-16T12:30:00Z,
15.12,15.876,2024-09-16T12:30:00Z,2024-09-16T13:00:00Z,
14.7,15.435,2024-09-16T13:00:00Z,2024-09-16T13:30:00Z,
15.75,16.5375,2024-09-16T13:30:00Z,2024-09-16T14:00:00Z,
14.7,15.435,2024-09-16T14:00:00Z,2024-09-16T14:30:00Z,
14.72,15.456,2024-09-16T14:30:00Z,2024-09-16T15:00:00Z,
28.54,29.967,2024-09-16T15:00:00Z,2024-09-16T15:30:00Z,
29.8,31.29,2024-09-16T15:30:00Z,2024-09-16T16:00:00Z,
31.25,32.8125,2024-09-16T16:00:00Z,2024-09-16T16:30:00Z,
36.1,37.905,2024-09-16T16:30:00Z,2024-09-16T17:00:00Z,
35.04,36.792,2024-09-16T17:00:00Z,2024-09-16T17:30:00Z,
36.02,37.821,2024-09-16T17:30:00Z,2024-09-16T18:00:00Z,
22.84,23.982,2024-09-16T18:00:00Z,2024-09-16T18:30:00Z,
22.26,23.373,2024-09-16T18:30:00Z,2024-09-16T19:00:00Z,
22.34,23.457,2024-09-16T19:00:00Z,2024-09-16T19:30:00Z,
20.13,21.1365,2024-09-16T19:30:00Z,2024-09-16T20:00:00Z,
16.56,17.388,2024-09-16T20:00:00Z,2024-09-16T20:30:00Z,
15.33,16.0965,2024-09-16T20:30:00Z,2024-09-16T21:00:00Z,
14.7,15.435,2024-09-16T21:00:00Z,2024-09-16T21:30:00Z,
14.51,15.2355,2024-09-16T21:30:00Z,2024-09-16T22:00:00Z,
16.17,16.9785,2024-09-16T22:00:00Z,2024-09-16T22:30:00Z,
16.91,17.7555,2024-09-16T22:30:00Z,2024-09-16T23:00:00Z,
15.76,16.548,2024-09-16T23:00:00Z,2024-09-16T23:30:00Z,
15.46,16.233,2024-09-16T23:30:00Z,2024-09-17T00:00:00Z,
15.02,15.771,2024-09-17T00:00:00Z,2024-09-17T00:30:00Z,
15.02,15.771,2024-09-17T00:30:00Z,2024-09-17T01:00:00Z,
15.02,15.771,2024-09-17T01:00:00Z,2024-09-17T01:30:00Z,
15.03,15.7815,2024-09-17T01:30:00Z,2024-09-17T02:00:00Z,
15.02,15.771,2024-09-17T02:00:00Z,2024-09-17T02:30:00Z,
14.82,15.561,2024-09-17T02:30:00Z,2024-09-17T03:00:00Z,
17.01,17.8605,2024-09-17T03:00:00Z,2024-09-17T03:30:00Z,
15.62,16.401,2024-09-17T03:30:00Z,2024-09-17T04:00:00Z,
18.32,19.236,2024-09-17T04:00:00Z,2024-09-17T04:30:00Z,
16.8,17.64,2024-09-17T04:30:00Z,2024-09-17T05:00:00Z,
19.95,20.9475,2024-09-17T05:00:00Z,2024-09-17T05:30:00Z,
20.58,21.609,2024-09-17T05:30:00Z,2024-09-17T06:00:00Z,
22.51,23.6355,2024-09-17T06:00:00Z,2024-09-17T06:30:00Z,
25.2,26.46,2024-09-17T06:30:00Z,2024-09-17T07:00:00Z,
20.5,21.525,2024-09-17T07:00:00Z,2024-09-17T07:30:00Z,
19.66,20.643,2024-09-17T07:30:00Z,2024-09-17T08:00:00Z,
18.05,18.9525,2024-09-17T08:00:00Z,2024-09-17T08:30:00Z,
14.89,15.6345,2024-09-17T08:30:00Z,2024-09-17T09:00:00Z,
15.54,16.317,2024-09-17T09:00:00Z,2024-09-17T09:30:00Z,
14.28,14.994,2024-09-17T09:30:00Z,2024-09-17T10:00:00Z,
14.28,14.994,2024-09-17T10:00:00Z,2024-09-17T10:30:00Z,
14.7,15.435,2024-09-17T10:30:00Z,2024-09-17T11:00:00Z,
14.66,15.393,2024-09-17T11:00:00Z,2024-09-17T11:30:00Z,
14.28,14.994,2024-09-17T11:30:00Z,2024-09-17T12:00:00Z,
14.28,14.994,2024-09-17T12:00:00Z,2024-09-17T12:30:00Z,
13.86,14.553,2024-09-17T12:30:00Z,2024-09-17T13:00:00Z,
14.28,14.994,2024-09-17T13:00:00Z,2024-09-17T13:30:00Z,
14.09,14.7945,2024-09-17T13:30:00Z,2024-09-17T14:00:00Z,
13.65,14.3325,2024-09-17T14:00:00Z,2024-09-17T14:30:00Z,
14.77,15.5085,2024-09-17T14:30:00Z,2024-09-17T15:00:00Z,
28.75,30.1875,2024-09-17T15:00:00Z,2024-09-17T15:30:00Z,
30.55,32.0775,2024-09-17T15:30:00Z,2024-09-17T16:00:00Z,
32.95,34.5975,2024-09-17T16:00:00Z,2024-09-17T16:30:00Z,
35.12,36.876,2024-09-17T16:30:00Z,2024-09-17T17:00:00Z,
36.1,37.905,2024-09-17T17:00:00Z,2024-09-17T17:30:00Z,
37.14,38.997,2024-09-17T17:30:00Z,2024-09-17T18:00:00Z,
21.63,22.7115,2024-09-17T18:00:00Z,2024-09-17T18:30:00Z,
21.63,22.7115,2024-09-17T18:30:00Z,2024-09-17T19:00:00Z,
20.48,21.504,2024-09-17T19:00:00Z,2024-09-17T19:30:00Z,
15.96,16.758,2024-09-17T19:30:00Z,2024-09-17T20:00:00Z,
16.8,17.64,2024-09-17T20:00:00Z,2024-09-17T20:30:00Z,
14.28,14.994,2024-09-17T20:30:00Z,2024-09-17T21:00:00Z,
16.17,16.9785,2024-09-17T21:00:00Z,2024-09-17T21:30:00Z,
15.54,16.317,2024-09-17T21:30:00Z,2024-09-17T22:00:00Z,
16.38,17.199,2024-09-17T22:00:00Z,2024-09-17T22:30:00Z,
15.54,16.317,2024-09-17T22:30:00Z,2024-09-17T23:00:00Z,
15.18,15.939,2024-09-17T23:00:00Z,2024-09-17T23:30:00Z,
15.12,15.876,2024-09-17T23:30:00Z,2024-09-18T00:00:00Z,
13.86,14.553,2024-09-18T00:00:00Z,2024-09-18T00:30:00Z,
14.28,14.994,2024-09-18T00:30:00Z,2024-09-18T01:00:00Z,
14.7,15.435,2024-09-18T01:00:00Z,2024-09-18T01:30:00Z,
14.7,15.435,2024-09-18T01:30:00Z,2024-09-18T02:00:00Z,
14.64,15.372,2024-09-18T02:00:00Z,2024-09-18T02:30:00Z,
13.86,14.553,2024-09-18T02:30:00Z,2024-09-18T03:00:00Z,
15.08,15.834,2024-09-18T03:00:00Z,2024-09-18T03:30:00Z,
14.7,15.435,2024-09-18T03:30:00Z,2024-09-18T04:00:00Z,
17.43,18.3015,2024-09-18T04:00:00Z,2024-09-18T04:30:00Z,
16.8,17.64,2024-09-18T04:30:00Z,2024-09-18T05:00:00Z,
19.07,20.0235,2024-09-18T05:00:00Z,2024-09-18T05:30:00Z,
19.9,20.895,2024-09-18T05:30:00Z,2024-09-18T06:00:00Z,
21.52,22.596,2024-09-18T06:00:00Z,2024-09-18T06:30:00Z,
24.96,26.208,2024-09-18T06:30:00Z,2024-09-18T07:00:00Z,
19.64,20.622,2024-09-18T07:00:00Z,2024-09-18T07:30:00Z,
19.3,20.265,2024-09-18T07:30:00Z,2024-09-18T08:00:00Z,
18.48,19.404,2024-09-18T08:00:00Z,2024-09-18T08:30:00Z,
15.18,15.939,2024-09-18T08:30:00Z,2024-09-18T09:00:00Z,
16.12,16.926,2024-09-18T09:00:00Z,2024-09-18T09:30:00Z,
15.18,15.939,2024-09-18T09:30:00Z,2024-09-18T10:00:00Z,
14.85,15.5925,2024-09-18T10:00:00Z,2024-09-18T10:30:00Z,
14.72,15.456,2024-09-18T10:30:00Z,2024-09-18T11:00:00Z,
14.18,14.889,2024-09-18T11:00:00Z,2024-09-18T11:30:00Z,
13.86,14.553,2024-09-18T11:30:00Z,2024-09-18T12:00:00Z,
14.28,14.994,2024-09-18T12:00:00Z,2024-09-18T12:30:00Z,
13.86,14.553,2024-09-18T12:30:00Z,2024-09-18T13:00:00Z,
13.93,14.6265,2024-09-18T13:00:00Z,2024-09-18T13:30:00Z,
14.0,14.7,2024-09-18T13:30:00Z,2024-09-18T14:00:00Z,
13.02,13.671,2024-09-18T14:00:00Z,2024-09-18T14:30:00Z,
14.0,14.7,2024-09-18T14:30:00Z,2024-09-18T15:00:00Z,
26.94,28.287,2024-09-18T15:00:00Z,2024-09-18T15:30:00Z,
27.7,29.085,2024-09-18T15:30:00Z,2024-09-18T16:00:00Z,
31.02,32.571,2024-09-18T16:00:00Z,2024-09-18T16:30:00Z,
34.74,36.477,2024-09-18T16:30:00Z,2024-09-18T17:00:00Z,
35.71,37.4955,2024-09-18T17:00:00Z,2024-09-18T17:30:00Z,
36.69,38.5245,2024-09-18T17:30:00Z,2024-09-18T18:00:00Z,
21.0,22.05,2024-09-18T18:00:00Z,2024-09-18T18:30:00Z,
20.5,21.525,2024-09-18T18:30:00Z,2024-09-18T19:00:00Z,
17.68,18.564,2024-09-18T19:00:00Z,2024-09-18T19:30:00Z,
17.43,18.3015,2024-09-18T19:30:00Z,2024-09-18T20:00:00Z,
16.8,17.64,2024-09-18T20:00:00Z,2024-09-18T20:30:00Z,
15.84,16.632,2024-09-18T20:30:00Z,2024-09-18T21:00:00Z,
16.38,17.199,2024-09-18T21:00:00Z,2024-09-18T21:30:00Z,
16.17,16.9785,2024-09-18T21:30:00Z,2024-09-18T22:00:00Z,
14.72,15.456,2024-09-18T22:00:00Z,2024-09-18T22:30:00Z,
13.65,14.3325,2024-09-18T22:30:00Z,2024-09-18T23:00:00Z,
14.41,15.1305,2024-09-18T23:00:00Z,2024-09-18T23:30:00Z,
14.39,15.1095,2024-09-18T23:30:00Z,2024-09-19T00:00:00Z,
14.28,14.994,2024-09-19T00:00:00Z,2024-09-19T00:30:00Z,
14.38,15.099,2024-09-19T00:30:00Z,2024-09-19T01:00:00Z,
14.49,15.2145,2024-09-19T01:00:00Z,2024-09-19T01:30:00Z,
14.28,14.994,2024-09-19T01:30:00Z,2024-09-19T02:00:00Z,
14.28,14.994,2024-09-19T02:00:00Z,2024-09-19T02:30:00Z,
13.78,14.469,2024-09-19T02:30:00Z,2024-09-19T03:00:00Z,
15.08,15.834,2024-09-19T03:00:00Z,2024-09-19T03:30:00Z,
14.41,15.1305,2024-09-19T03:30:00Z,2024-09-19T04:00:00Z,
15.22,15.981,2024-09-19T04:00:00Z,2024-09-19T04:30:00Z,
15.01,15.7605,2024-09-19T04:30:00Z,2024-09-19T05:00:00Z,
17.03,17.8815,2024-09-19T05:00:00Z,2024-09-19T05:30:00Z,
20.83,21.8715,2024-09-19T05:30:00Z,2024-09-19T06:00:00Z,
18.54,19.467,2024-09-19T06:00:00Z,2024-09-19T06:30:00Z,
21.99,23.0895,2024-09-19T06:30:00Z,2024-09-19T07:00:00Z,
20.33,21.3465,2024-09-19T07:00:00Z,2024-09-19T07:30:00Z,
20.12,21.126,2024-09-19T07:30:00Z,2024-09-19T08:00:00Z,
20.66,21.693,2024-09-19T08:00:00Z,2024-09-19T08:30:00Z,
18.14,19.047,2024-09-19T08:30:00Z,2024-09-19T09:00:00Z,
19.15,20.1075,2024-09-19T09:00:00Z,2024-09-19T09:30:00Z,
16.63,17.4615,2024-09-19T09:30:00Z,2024-09-19T10:00:00Z,
15.12,15.876,2024-09-19T10:00:00Z,2024-09-19T10:30:00Z,
14.88,15.624,2024-09-19T10:30:00Z,2024-09-19T11:00:00Z,
14.92,15.666,2024-09-19T11:00:00Z,2024-09-19T11:30:00Z,
14.72,15.456,2024-09-19T11:30:00Z,2024-09-19T12:00:00Z,
13.96,14.658,2024-09-19T12:00:00Z,2024-09-19T12:30:00Z,
13.86,14.553,2024-09-19T12:30:00Z,2024-09-19T13:00:00Z,
13.94,14.637,2024-09-19T13:00:00Z,2024-09-19T13:30:00Z,
14.72,15.456,2024-09-19T13:30:00Z,2024-09-19T14:00:00Z,
13.99,14.6895,2024-09-19T14:00:00Z,2024-09-19T14:30:00Z,
14.67,15.4035,2024-09-19T14:30:00Z,2024-09-19T15:00:00Z,
27.92,29.316,2024-09-19T15:00:00Z,2024-09-19T15:30:00Z,
29.09,30.5445,2024-09-19T15:30:00Z,2024-09-19T16:00:00Z,
31.35,32.9175,2024-09-19T16:00:00Z,2024-09-19T16:30:00Z,
34.84,36.582,2024-09-19T16:30:00Z,2024-09-19T17:00:00Z,
35.62,37.401,2024-09-19T17:00:00Z,2024-09-19T17:30:00Z,
35.85,37.6425,2024-09-19T17:30:00Z,2024-09-19T18:00:00Z,
20.79,21.8295,2024-09-19T18:00:00Z,2024-09-19T18:30:00Z,
20.76,21.798,2024-09-19T18:30:00Z,2024-09-19T19:00:00Z,
20.16,21.168,2024-09-19T19:00:00Z,2024-09-19T19:30:00Z,
16.97,17.8185,2024-09-19T19:30:00Z,2024-09-19T20:00:00Z,
16.59,17.4195,2024-09-19T20:00:00Z,2024-09-19T20:30:00Z,
15.44,16.212,2024-09-19T20:30:00Z,2024-09-19T21:00:00Z,
15.73,16.5165,2024-09-19T21:00:00Z,2024-09-19T21:30:00Z,
14.31,15.0255,2024-09-19T21:30:00Z,2024-09-19T22:00:00Z,
19.74,20.727,2024-09-19T22:00:00Z,2024-09-19T22:30:00Z,
17.41,18.2805,2024-09-19T22:30:00Z,2024-09-19T23:00:00Z,
15.52,16.296,2024-09-19T23:00:00Z,2024-09-19T23:30:00Z,
14.87,15.6135,2024-09-19T23:30:00Z,2024-09-20T00:00:00Z,
13.44,14.112,2024-09-20T00:00:00Z,2024-09-20T00:30:00Z,
13.44,14.112,2024-09-20T00:30:00Z,2024-09-20T01:00:00Z,
13.44,14.112,2024-09-20T01:00:00Z,2024-09-20T01:30:00Z,
13.42,14.091,2024-09-20T01:30:00Z,2024-09-20T02:00:00Z,
13.86,14.553,2024-09-20T02:00:00Z,2024-09-20T02:30:00Z,
13.32,13.986,2024-09-20T02:30:00Z,2024-09-20T03:00:00Z,
14.87,15.6135,2024-09-20T03:00:00Z,2024-09-20T03:30:00Z,
13.44,14.112,2024-09-20T03:30:00Z,2024-09-20T04:00:00Z,
17.66,18.543,2024-09-20T04:00:00Z,2024-09-20T04:30:00Z,
16.97,17.8185,2024-09-20T04:30:00Z,2024-09-20T05:00:00Z,
19.1,20.055,2024-09-20T05:00:00Z,2024-09-20T05:30:00Z,
19.1,20.055,2024-09-20T05:30:00Z,2024-09-20T06:00:00Z,
17.41,18.2805,2024-09-20T06:00:00Z,2024-09-20T06:30:00Z,
22.47,23.5935,2024-09-20T06:30:00Z,2024-09-20T07:00:00Z,
20.37,21.3885,2024-09-20T07:00:00Z,2024-09-20T07:30:00Z,
19.72,20.706,2024-09-20T07:30:00Z,2024-09-20T08:00:00Z,
19.95,20.9475,2024-09-20T08:00:00Z,2024-09-20T08:30:00Z,
18.9,19.845,2024-09-20T08:30:00Z,2024-09-20T09:00:00Z,
16.82,17.661,2024-09-20T09:00:00Z,2024-09-20T09:30:00Z,
17.43,18.3015,2024-09-20T09:30:00Z,2024-09-20T10:00:00Z,
16.89,17.7345,2024-09-20T10:00:00Z,2024-09-20T10:30:00Z,
16.34,17.157,2024-09-20T10:30:00Z,2024-09-20T11:00:00Z,
15.48,16.254,2024-09-20T11:00:00Z,2024-09-20T11:30:00Z,
13.44,14.112,2024-09-20T11:30:00Z,2024-09-20T12:00:00Z,
13.73,14.4165,2024-09-20T12:00:00Z,2024-09-20T12:30:00Z,
13.44,14.112,2024-09-20T12:30:00Z,2024-09-20T13:00:00Z,
13.02,13.671,2024-09-20T13:00:00Z,2024-09-20T13:30:00Z,
12.98,13.629,2024-09-20T13:30:00Z,2024-09-20T14:00:00Z,
11.76,12.348,2024-09-20T14:00:00Z,2024-09-20T14:30:00Z,
13.44,14.112,2024-09-20T14:30:00Z,2024-09-20T15:00:00Z,
27.87,29.2635,2024-09-20T15:00:00Z,2024-09-20T15:30:00Z,
28.52,29.946,2024-09-20T15:30:00Z,2024-09-20T16:00:00Z,
32.32,33.936,2024-09-20T16:00:00Z,2024-09-20T16:30:00Z,
34.0,35.7,2024-09-20T16:30:00Z,2024-09-20T17:00:00Z,
37.15,39.0075,2024-09-20T17:00:00Z,2024-09-20T17:30:00Z,
37.15,39.0075,2024-09-20T17:30:00Z,2024-09-20T18:00:00Z,
21.32,22.386,2024-09-20T18:00:00Z,2024-09-20T18:30:00Z,
21.84,22.932,2024-09-20T18:30:00Z,2024-09-20T19:00:00Z,
16.72,17.556,2024-09-20T19:00:00Z,2024-09-20T19:30:00Z,
16.67,17.5035,2024-09-20T19:30:00Z,2024-09-20T20:00:00Z,
16.59,17.4195,2024-09-20T20:00:00Z,2024-09-20T20:30:00Z,
15.96,16.758,2024-09-20T20:30:00Z,2024-09-20T21:00:00Z,
15.75,16.5375,2024-09-20T21:00:00Z,2024-09-20T21:30:00Z,
15.57,16.3485,2024-09-20T21:30:00Z,2024-09-20T22:00:00Z,
14.7,15.435,2024-09-20T22:00:00Z,2024-09-20T22:30:00Z,
14.49,15.2145,2024-09-20T22:30:00Z,2024-09-20T23:00:00Z,
15.94,16.737,2024-09-20T23:00:00Z,2024-09-20T23:30:00Z,
15.92,16.716,2024-09-20T23:30:00Z,2024-09-21T00:00:00Z,
14.92,15.666,2024-09-21T00:00:00Z,2024-09-21T00:30:00Z,
15.12,15.876,2024-09-21T00:30:00Z,2024-09-21T01:00:00Z,
15.84,16.632,2024-09-21T01:00:00Z,2024-09-21T01:30:00Z,
15.12,15.876,2024-09-21T01:30:00Z,2024-09-21T02:00:00Z,
16.72,17.556,2024-09-21T02:00:00Z,2024-09-21T02:30:00Z,
15.96,16.758,2024-09-21T02:30:00Z,2024-09-21T03:00:00Z,
16.28,17.094,2024-09-21T03:00:00Z,2024-09-21T03:30:00Z,
15.29,16.0545,2024-09-21T03:30:00Z,2024-09-21T04:00:00Z,
18.48,19.404,2024-09-21T04:00:00Z,2024-09-21T04:30:00Z,
16.8,17.64,2024-09-21T04:30:00Z,2024-09-21T05:00:00Z,
17.72,18.606,2024-09-21T05:00:00Z,2024-09-21T05:30:00Z,
17.64,18.522,2024-09-21T05:30:00Z,2024-09-21T06:00:00Z,
13.44,14.112,2024-09-21T06:00:00Z,2024-09-21T06:30:00Z,
16.38,17.199,2024-09-21T06:30:00Z,2024-09-21T07:00:00Z,
13.86,14.553,2024-09-21T07:00:00Z,2024-09-21T07:30:00Z,
15.75,16.5375,2024-09-21T07:30:00Z,2024-09-21T08:00:00Z,
17.85,18.7425,2024-09-21T08:00:00Z,2024-09-21T08:30:00Z,
17.98,18.879,2024-09-21T08:30:00Z,2024-09-21T09:00:00Z,
17.07,17.9235,2024-09-21T09:00:00Z,2024-09-21T09:30:00Z,
16.36,17.178,2024-09-21T09:30:00Z,2024-09-21T10:00:00Z,
15.41,16.1805,2024-09-21T10:00:00Z,2024-09-21T10:30:00Z,
14.99,15.7395,2024-09-21T10:30:00Z,2024-09-21T11:00:00Z,
14.28,14.994,2024-09-21T11:00:00Z,2024-09-21T11:30:00Z,
13.83,14.5215,2024-09-21T11:30:00Z,2024-09-21T12:00:00Z,
13.23,13.8915,2024-09-21T12:00:00Z,2024-09-21T12:30:00Z,
13.23,13.8915,2024-09-21T12:30:00Z,2024-09-21T13:00:00Z,
13.11,13.7655,2024-09-21T13:00:00Z,2024-09-21T13:30:00Z,
13.23,13.8915,2024-09-21T13:30:00Z,2024-09-21T14:00:00Z,
12.96,13.608,2024-09-21T14:00:00Z,2024-09-21T14:30:00Z,
13.65,14.3325,2024-09-21T14:30:00Z,2024-09-21T15:00:00Z,
30.12,31.626,2024-09-21T15:00:00Z,2024-09-21T15:30:00Z,
30.17,31.6785,2024-09-21T15:30:00Z,2024-09-21T16:00:00Z,
34.0,35.7,2024-09-21T16:00:00Z,2024-09-21T16:30:00Z,
36.48,38.304,2024-09-21T16:30:00Z,2024-09-21T17:00:00Z,
35.34,37.107,2024-09-21T17:00:00Z,2024-09-21T17:30:00Z,
34.63,36.3615,2024-09-21T17:30:00Z,2024-09-21T18:00:00Z,
20.33,21.3465,2024-09-21T18:00:00Z,2024-09-21T18:30:00Z,
20.77,21.8085,2024-09-21T18:30:00Z,2024-09-21T19:00:00Z,
18.69,19.6245,2024-09-21T19:00:00Z,2024-09-21T19:30:00Z,
14.99,15.7395,2024-09-21T19:30:00Z,2024-09-21T20:00:00Z,
16.23,17.0415,2024-09-21T20:00:00Z,2024-09-21T20:30:00Z,
14.99,15.7395,2024-09-21T20:30:00Z,2024-09-21T21:00:00Z,
15.33,16.0965,2024-09-21T21:00:00Z,2024-09-21T21:30:00Z,
15.75,16.5375,2024-09-21T21:30:00Z,2024-09-21T22:00:00Z,
19.64,20.622,2024-09-21T22:00:00Z,2024-09-21T22:30:00Z,
18.62,19.551,2024-09-21T22:30:00Z,2024-09-21T23:00:00Z,
17.22,18.081,2024-09-21T23:00:00Z,2024-09-21T23:30:00Z,
17.12,17.976,2024-09-21T23:30:00Z,2024-09-22T00:00:00Z,
17.22,18.081,2024-09-22T00:00:00Z,2024-09-22T00:30:00Z,
17.22,18.081,2024-09-22T00:30:00Z,2024-09-22T01:00:00Z,
17.09,17.9445,2024-09-22T01:00:00Z,2024-09-22T01:30:00Z,
16.59,17.4195,2024-09-22T01:30:00Z,2024-09-22T02:00:00Z,
17.22,18.081,2024-09-22T02:00:00Z,2024-09-22T02:30:00Z,
16.21,17.0205,2024-09-22T02:30:00Z,2024-09-22T03:00:00Z,
16.8,17.64,2024-09-22T03:00:00Z,2024-09-22T03:30:00Z,
15.56,16.338,2024-09-22T03:30:00Z,2024-09-22T04:00:00Z,
17.05,17.9025,2024-09-22T04:00:00Z,2024-09-22T04:30:00Z,
16.2,17.01,2024-09-22T04:30:00Z,2024-09-22T05:00:00Z,
17.2,18.06,2024-09-22T05:00:00Z,2024-09-22T05:30:00Z,
16.76,17.598,2024-09-22T05:30:00Z,2024-09-22T06:00:00Z,
14.62,15.351,2024-09-22T06:00:00Z,2024-09-22T06:30:00Z,
15.54,16.317,2024-09-22T06:30:00Z,2024-09-22T07:00:00Z,
15.06,15.813,2024-09-22T07:00:00Z,2024-09-22T07:30:00Z,
17.01,17.8605,2024-09-22T07:30:00Z,2024-09-22T08:00:00Z,
17.85,18.7425,2024-09-22T08:00:00Z,2024-09-22T08:30:00Z,
17.6,18.48,2024-09-22T08:30:00Z,2024-09-22T09:00:00Z,
18.82,19.761,2024-09-22T09:00:00Z,2024-09-22T09:30:00Z,
17.91,18.8055,2024-09-22T09:30:00Z,2024-09-22T10:00:00Z,
18.77,19.7085,2024-09-22T10:00:00Z,2024-09-22T10:30:00Z,
18.53,19.4565,2024-09-22T10:30:00Z,2024-09-22T11:00:00Z,
19.53,20.5065,2024-09-22T11:00:00Z,2024-09-22T11:30:00Z,
19.32,20.286,2024-09-22T11:30:00Z,2024-09-22T12:00:00Z,
19.34,20.307,2024-09-22T12:00:00Z,2024-09-22T12:30:00Z,
18.27,19.1835,2024-09-22T12:30:00Z,2024-09-22T13:00:00Z,
18.48,19.404,2024-09-22T13:00:00Z,2024-09-22T13:30:00Z,
15.96,16.758,2024-09-22T13:30:00Z,2024-09-22T14:00:00Z,
14.49,15.2145,2024-09-22T14:00:00Z,2024-09-22T14:30:00Z,
14.91,15.6555,2024-09-22T14:30:00Z,2024-09-22T15:00:00Z,
28.54,29.967,2024-09-22T15:00:00Z,2024-09-22T15:30:00Z,
29.38,30.849,2024-09-22T15:30:00Z,2024-09-22T16:00:00Z,
33.26,34.923,2024-09-22T16:00:00Z,2024-09-22T16:30:00Z,
35.85,37.6425,2024-09-22T16:30:00Z,2024-09-22T17:00:00Z,
36.1,37.905,2024-09-22T17:00:00Z,2024-09-22T17:30:00Z,
35.74,37.527,2024-09-22T17:30:00Z,2024-09-22T18:00:00Z,
22.89,24.0345,2024-09-22T18:00:00Z,2024-09-22T18:30:00Z,
21.92,23.016,2024-09-22T18:30:00Z,2024-09-22T19:00:00Z,
20.74,21.777,2024-09-22T19:00:00Z,2024-09-22T19:30:00Z,
17.54,18.417,2024-09-22T19:30:00Z,2024-09-22T20:00:00Z,
19.95,20.9475,2024-09-22T20:00:00Z,2024-09-22T20:30:00Z,
18.06,18.963,2024-09-22T20:30:00Z,2024-09-22T21:00:00Z,
15.96,16.758,2024-09-22T21:00:00Z,2024-09-22T21:30:00Z,
15.12,15.876,2024-09-22T21:30:00Z,2024-09-22T22:00:00Z,
15.83,16.6215,2024-09-22T22:00:00Z,2024-09-22T22:30:00Z,
15.18,15.939,2024-09-22T22:30:00Z,2024-09-22T23:00:00Z,
14.28,14.994,2024-09-22T23:00:00Z,2024-09-22T23:30:00Z,
13.86,14.553,2024-09-22T23:30:00Z,2024-09-23T00:00:00Z,
13.86,14.553,2024-09-23T00:00:00Z,2024-09-23T00:30:00Z,
14.07,14.7735,2024-09-23T00:30:00Z,2024-09-23T01:00:00Z,
15.14,15.897,2024-09-23T01:00:00Z,2024-09-23T01:30:00Z,
14.93,15.6765,2024-09-23T01:30:00Z,2024-09-23T02:00:00Z,
14.28,14.994,2024-09-23T02:00:00Z,2024-09-23T02:30:00Z,
14.41,15.1305,2024-09-23T02:30:00Z,2024-09-23T03:00:00Z,
14.91,15.6555,2024-09-23T03:00:00Z,2024-09-23T03:30:00Z,
14.87,15.6135,2024-09-23T03:30:00Z,2024-09-23T04:00:00Z,
14.95,15.6975,2024-09-23T04:00:00Z,2024-09-23T04:30:00Z,
14.29,15.0045,2024-09-23T04:30:00Z,2024-09-23T05:00:00Z,
15.96,16.758,2024-09-23T05:00:00Z,2024-09-23T05:30:00Z,
17.43,18.3015,2024-09-23T05:30:00Z,2024-09-23T06:00:00Z,
21.0,22.05,2024-09-23T06:00:00Z,2024-09-23T06:30:00Z,
25.62,26.901,2024-09-23T06:30:00Z,2024-09-23T07:00:00Z,
20.9,21.945,2024-09-23T07:00:00Z,2024-09-23T07:30:00Z,
22.05,23.1525,2024-09-23T07:30:00Z,2024-09-23T08:00:00Z,
21.0,22.05,2024-09-23T08:00:00Z,2024-09-23T08:30:00Z,
19.74,20.727,2024-09-23T08:30:00Z,2024-09-23T09:00:00Z,
19.99,20.9895,2024-09-23T09:00:00Z,2024-09-23T09:30:00Z,
19.95,20.9475,2024-09-23T09:30:00Z,2024-09-23T10:00:00Z,
18.9,19.845,2024-09-23T10:00:00Z,2024-09-23T10:30:00Z,
18.27,19.1835,2024-09-23T10:30:00Z,2024-09-23T11:00:00Z,
20.16,21.168,2024-09-23T11:00:00Z,2024-09-23T11:30:00Z,
18.14,19.047,2024-09-23T11:30:00Z,2024-09-23T12:00:00Z,
16.8,17.64,2024-09-23T12:00:00Z,2024-09-23T12:30:00Z,
16.38,17.199,2024-09-23T12:30:00Z,2024-09-23T13:00:00Z,
16.8,17.64,2024-09-23T13:00:00Z,2024-09-23T13:30:00Z,
15.96,16.758,2024-09-23T13:30:00Z,2024-09-23T14:00:00Z,
17.12,17.976,2024-09-23T14:00:00Z,2024-09-23T14:30:00Z,
16.4,17.22,2024-09-23T14:30:00Z,2024-09-23T15:00:00Z,
35.85,37.6425,2024-09-23T15:00:00Z,2024-09-23T15:30:00Z,
37.86,39.753,2024-09-23T15:30:00Z,2024-09-23T16:00:00Z,
38.62,40.551,2024-09-23T16:00:00Z,2024-09-23T16:30:00Z,
41.56,43.638,2024-09-23T16:30:00Z,2024-09-23T17:00:00Z,
40.3,42.315,2024-09-23T17:00:00Z,2024-09-23T17:30:00Z,
40.09,42.0945,2024-09-23T17:30:00Z,2024-09-23T18:00:00Z,
26.88,28.224,2024-09-23T18:00:00Z,2024-09-23T18:30:00Z,
26.38,27.699,2024-09-23T18:30:00Z,2024-09-23T19:00:00Z,
21.57,22.6485,2024-09-23T19:00:00Z,2024-09-23T19:30:00Z,
19.47,20.4435,2024-09-23T19:30:00Z,2024-09-23T20:00:00Z,
17.64,18.522,2024-09-23T20:00:00Z,2024-09-23T20:30:00Z,
15.46,16.233,2024-09-23T20:30:00Z,2024-09-23T21:00:00Z,
14.85,15.5925,2024-09-23T21:00:00Z,2024-09-23T21:30:00Z,
15.18,15.939,2024-09-23T21:30:00Z,2024-09-23T22:00:00Z,
16.8,17.64,2024-09-23T22:00:00Z,2024-09-23T22:30:00Z,
15.19,15.9495,2024-09-23T22:30:00Z,2024-09-23T23:00:00Z,
14.83,15.5715,2024-09-23T23:00:00Z,2024-09-23T23:30:00Z,
14.07,14.7735,2024-09-23T23:30:00Z,2024-09-24T00:00:00Z,
14.61,15.3405,2024-09-24T00:00:00Z,2024-09-24T00:30:00Z,
14.7,15.435,2024-09-24T00:30:00Z,2024-09-24T01:00:00Z,
14.07,14.7735,2024-09-24T01:00:00Z,2024-09-24T01:30:00Z,
13.65,14.3325,2024-09-24T01:30:00Z,2024-09-24T02:00:00Z,
13.71,14.3955,2024-09-24T02:00:00Z,2024-09-24T02:30:00Z,
13.65,14.3325,2024-09-24T02:30:00Z,2024-09-24T03:00:00Z,
13.76,14.448,2024-09-24T03:00:00Z,2024-09-24T03:30:00Z,
13.65,14.3325,2024-09-24T03:30:00Z,2024-09-24T04:00:00Z,
16.42,17.241,2024-09-24T04:00:00Z,2024-09-24T04:30:00Z,
16.38,17.199,2024-09-24T04:30:00Z,2024-09-24T05:00:00Z,
15.14,15.897,2024-09-24T05:00:00Z,2024-09-24T05:30:00Z,
18.9,19.845,2024-09-24T05:30:00Z,2024-09-24T06:00:00Z,
18.82,19.761,2024-09-24T06:00:00Z,2024-09-24T06:30:00Z,
23.18,24.339,2024-09-24T06:30:00Z,2024-09-24T07:00:00Z,
19.49,20.4645,2024-09-24T07:00:00Z,2024-09-24T07:30:00Z,
19.34,20.307,2024-09-24T07:30:00Z,2024-09-24T08:00:00Z,
20.16,21.168,2024-09-24T08:00:00Z,2024-09-24T08:30:00Z,
18.9,19.845,2024-09-24T08:30:00Z,2024-09-24T09:00:00Z,
15.96,16.758,2024-09-24T09:00:00Z,2024-09-24T09:30:00Z,
14.7,15.435,2024-09-24T09:30:00Z,2024-09-24T10:00:00Z,
14.97,15.7185,2024-09-24T10:00:00Z,2024-09-24T10:30:00Z,
14.97,15.7185,2024-09-24T10:30:00Z,2024-09-24T11:00:00Z,
14.97,15.7185,2024-09-24T11:00:00Z,2024-09-24T11:30:00Z,
14.7,15.435,2024-09-24T11:30:00Z,2024-09-24T12:00:00Z,
14.53,15.2565,2024-09-24T12:00:00Z,2024-09-24T12:30:00Z,
14.41,15.1305,2024-09-24T12:30:00Z,2024-09-24T13:00:00Z,
14.49,15.2145,2024-09-24T13:00:00Z,2024-09-24T13:30:00Z,
14.85,15.5925,2024-09-24T13:30:00Z,2024-09-24T14:00:00Z,
14.7,15.435,2024-09-24T14:00:00Z,2024-09-24T14:30:00Z,
14.97,15.7185,2024-09-24T14:30:00Z,2024-09-24T15:00:00Z,
29.41,30.8805,2024-09-24T15:00:00Z,2024-09-24T15:30:00Z,
31.48,33.054,2024-09-24T15:30:00Z,2024-09-24T16:00:00Z,
32.76,34.398,2024-09-24T16:00:00Z,2024-09-24T16:30:00Z,
35.22,36.981,2024-09-24T16:30:00Z,2024-09-24T17:00:00Z,
35.05,36.8025,2024-09-24T17:00:00Z,2024-09-24T17:30:00Z,
35.85,37.6425,2024-09-24T17:30:00Z,2024-09-24T18:00:00Z,
21.21,22.2705,2024-09-24T18:00:00Z,2024-09-24T18:30:00Z,
20.16,21.168,2024-09-24T18:30:00Z,2024-09-24T19:00:00Z,
17.56,18.438,2024-09-24T19:00:00Z,2024-09-24T19:30:00Z,
16.57,17.3985,2024-09-24T19:30:00Z,2024-09-24T20:00:00Z,
16.38,17.199,2024-09-24T20:00:00Z,2024-09-24T20:30:00Z,
15.38,16.149,2024-09-24T20:30:00Z,2024-09-24T21:00:00Z,
14.52,15.246,2024-09-24T21:00:00Z,2024-09-24T21:30:00Z,
12.7,13.335,2024-09-24T21:30:00Z,2024-09-24T22:00:00Z,
14.91,15.6555,2024-09-24T22:00:00Z,2024-09-24T22:30:00Z,
14.91,15.6555,2024-09-24T22:30:00Z,2024-09-24T23:00:00Z,
14.6,15.33,2024-09-24T23:00:00Z,2024-09-24T23:30:00Z,
14.7,15.435,2024-09-24T23:30:00Z,2024-09-25T00:00:00Z,
14.7,15.435,2024-09-25T00:00:00Z,2024-09-25T00:30:00Z,
14.7,15.435,2024-09-25T00:30:00Z,2024-09-25T01:00:00Z,
14.7,15.435,2024-09-25T01:00:00Z,2024-09-25T01:30:00Z,
14.91,15.6555,2024-09-25T01:30:00Z,2024-09-25T02:00:00Z,
14.7,15.435,2024-09-25T02:00:00Z,2024-09-25T02:30:00Z,
14.87,15.6135,2024-09-25T02:30:00Z,2024-09-25T03:00:00Z,
14.95,15.6975,2024-09-25T03:00:00Z,2024-09-25T03:30:00Z,
14.7,15.435,2024-09-25T03:30:00Z,2024-09-25T04:00:00Z,
15.37,16.1385,2024-09-25T04:00:00Z,2024-09-25T04:30:00Z,
14.3,15.015,2024-09-25T04:30:00Z,2024-09-25T05:00:00Z,
16.4,17.22,2024-09-25T05:00:00Z,2024-09-25T05:30:00Z,
16.59,17.4195,2024-09-25T05:30:00Z,2024-09-25T06:00:00Z,
15.54,16.317,2024-09-25T06:00:00Z,2024-09-25T06:30:00Z,
18.63,19.5615,2024-09-25T06:30:00Z,2024-09-25T07:00:00Z,
20.58,21.609,2024-09-25T07:00:00Z,2024-09-25T07:30:00Z,
20.5,21.525,2024-09-25T07:30:00Z,2024-09-25T08:00:00Z,
20.66,21.693,2024-09-25T08:00:00Z,2024-09-25T08:30:00Z,
20.5,21.525,2024-09-25T08:30:00Z,2024-09-25T09:00:00Z,
21.0,22.05,2024-09-25T09:00:00Z,2024-09-25T09:30:00Z,
20.37,21.3885,2024-09-25T09:30:00Z,2024-09-25T10:00:00Z,
19.15,20.1075,2024-09-25T10:00:00Z,2024-09-25T10:30:00Z,
18.48,19.404,2024-09-25T10:30:00Z,2024-09-25T11:00:00Z,
18.44,19.362,2024-09-25T11:00:00Z,2024-09-25T11:30:00Z,
17.39,18.2595,2024-09-25T11:30:00Z,2024-09-25T12:00:00Z,
16.86,17.703,2024-09-25T12:00:00Z,2024-09-25T12:30:00Z,
16.38,17.199,2024-09-25T12:30:00Z,2024-09-25T13:00:00Z,
15.96,16.758,2024-09-25T13:00:00Z,2024-09-25T13:30:00Z,
15.46,16.233,2024-09-25T13:30:00Z,2024-09-25T14:00:00Z,
16.02,16.821,2024-09-25T14:00:00Z,2024-09-25T14:30:00Z,
17.01,17.8605,2024-09-25T14:30:00Z,2024-09-25T15:00:00Z,
30.85,32.3925,2024-09-25T15:00:00Z,2024-09-25T15:30:00Z,
33.37,35.0385,2024-09-25T15:30:00Z,2024-09-25T16:00:00Z,
37.15,39.0075,2024-09-25T16:00:00Z,2024-09-25T16:30:00Z,
39.04,40.992,2024-09-25T16:30:00Z,2024-09-25T17:00:00Z,
38.2,40.11,2024-09-25T17:00:00Z,2024-09-25T17:30:00Z,
38.2,40.11,2024-09-25T17:30:00Z,2024-09-25T18:00:00Z,
23.1,24.255,2024-09-25T18:00:00Z,2024-09-25T18:30:00Z,
21.0,22.05,2024-09-25T18:30:00Z,2024-09-25T19:00:00Z,
17.85,18.7425,2024-09-25T19:00:00Z,2024-09-25T19:30:00Z,
17.85,18.7425,2024-09-25T19:30:00Z,2024-09-25T20:00:00Z,
16.8,17.64,2024-09-25T20:00:00Z,2024-09-25T20:30:00Z,
16.91,17.7555,2024-09-25T20:30:00Z,2024-09-25T21:00:00Z,
18.06,18.963,2024-09-25T21:00:00Z,2024-09-25T21:30:00Z,
16.28,17.094,2024-09-25T21:30:00Z,2024-09-25T22:00:00Z,
16.38,17.199,2024-09-25T22:00:00Z,2024-09-25T22:30:00Z,
17.64,18.522,2024-09-25T22:30:00Z,2024-09-25T23:00:00Z,
16.7,17.535,2024-09-25T23:00:00Z,2024-09-25T23:30:00Z,
15.0,15.75,2024-09-25T23:30:00Z,2024-09-26T00:00:00Z,
14.38,15.099,2024-09-26T00:00:00Z,2024-09-26T00:30:00Z,
13.72,14.406,2024-09-26T00:30:00Z,2024-09-26T01:00:00Z,
13.65,14.3325,2024-09-26T01:00:00Z,2024-09-26T01:30:00Z,
12.08,12.684,2024-09-26T01:30:00Z,2024-09-26T02:00:00Z,
11.34,11.907,2024-09-26T02:00:00Z,2024-09-26T02:30:00Z,
10.92,11.466,2024-09-26T02:30:00Z,2024-09-26T03:00:00Z,
10.9,11.445,2024-09-26T03:00:00Z,2024-09-26T03:30:00Z,
9.76,10.248,2024-09-26T03:30:00Z,2024-09-26T04:00:00Z,
10.92,11.466,2024-09-26T04:00:00Z,2024-09-26T04:30:00Z,
12.47,13.0935,2024-09-26T04:30:00Z,2024-09-26T05:00:00Z,
15.07,15.8235,2024-09-26T05:00:00Z,2024-09-26T05:30:00Z,
16.17,16.9785,2024-09-26T05:30:00Z,2024-09-26T06:00:00Z,
15.82,16.611,2024-09-26T06:00:00Z,2024-09-26T06:30:00Z,
19.07,20.0235,2024-09-26T06:30:00Z,2024-09-26T07:00:00Z,
19.53,20.5065,2024-09-26T07:00:00Z,2024-09-26T07:30:00Z,
19.33,20.2965,2024-09-26T07:30:00Z,2024-09-26T08:00:00Z,
20.16,21.168,2024-09-26T08:00:00Z,2024-09-26T08:30:00Z,
19.32,20.286,2024-09-26T08:30:00Z,2024-09-26T09:00:00Z,
19.11,20.0655,2024-09-26T09:00:00Z,2024-09-26T09:30:00Z,
18.56,19.488,2024-09-26T09:30:00Z,2024-09-26T10:00:00Z,
15.89,16.6845,2024-09-26T10:00:00Z,2024-09-26T10:30:00Z,
15.33,16.0965,2024-09-26T10:30:00Z,2024-09-26T11:00:00Z,
15.57,16.3485,2024-09-26T11:00:00Z,2024-09-26T11:30:00Z,
15.12,15.876,2024-09-26T11:30:00Z,2024-09-26T12:00:00Z,
14.98,15.729,2024-09-26T12:00:00Z,2024-09-26T12:30:00Z,
15.04,15.792,2024-09-26T12:30:00Z,2024-09-26T13:00:00Z,
14.49,15.2145,2024-09-26T13:00:00Z,2024-09-26T13:30:00Z,
14.83,15.5715,2024-09-26T13:30:00Z,2024-09-26T14:00:00Z,
14.07,14.7735,2024-09-26T14:00:00Z,2024-09-26T14:30:00Z,
15.96,16.758,2024-09-26T14:30:00Z,2024-09-26T15:00:00Z,
27.97,29.3685,2024-09-26T15:00:00Z,2024-09-26T15:30:00Z,
31.03,32.5815,2024-09-26T15:30:00Z,2024-09-26T16:00:00Z,
31.54,33.117,2024-09-26T16:00:00Z,2024-09-26T16:30:00Z,
32.32,33.936,2024-09-26T16:30:00Z,2024-09-26T17:00:00Z,
31.69,33.2745,2024-09-26T17:00:00Z,2024-09-26T17:30:00Z,
32.11,33.7155,2024-09-26T17:30:00Z,2024-09-26T18:00:00Z,
18.27,19.1835,2024-09-26T18:00:00Z,2024-09-26T18:30:00Z,
17.74,18.627,2024-09-26T18:30:00Z,2024-09-26T19:00:00Z,
17.97,18.8685,2024-09-26T19:00:00Z,2024-09-26T19:30:00Z,
17.74,18.627,2024-09-26T19:30:00Z,2024-09-26T20:00:00Z,
17.74,18.627,2024-09-26T20:00:00Z,2024-09-26T20:30:00Z,
15.33,16.0965,2024-09-26T20:30:00Z,2024-09-26T21:00:00Z,
11.91,12.5055,2024-09-26T21:00:00Z,2024-09-26T21:30:00Z,
7.24,7.602,2024-09-26T21:30:00Z,2024-09-26T22:00:00Z,
4.83,5.0715,2024-09-26T22:00:00Z,2024-09-26T22:30:00Z,
1.18,1.239,2024-09-26T22:30:00Z,2024-09-26T23:00:00Z,
0.21,0.2205,2024-09-26T23:00:00Z,2024-09-26T23:30:00Z,
-0.34,-0.357,2024-09-26T23:30:00Z,2024-09-27T00:00:00Z,
-0.21,-0.2205,2024-09-27T00:00:00Z,2024-09-27T00:30:00Z,
-0.42,-0.441,2024-09-27T00:30:00Z,2024-09-27T01:00:00Z,
-0.12,-0.126,2024-09-27T01:00:00Z,2024-09-27T01:30:00Z,
-1.66,-1.743,2024-09-27T01:30:00Z,2024-09-27T02:00:00Z,
-0.63,-0.6615,2024-09-27T02:00:00Z,2024-09-27T02:30:00Z,
-0.89,-0.9345,2024-09-27T02:30:00Z,2024-09-27T03:00:00Z,
-0.5,-0.525,2024-09-27T03:00:00Z,2024-09-27T03:30:00Z,
-0.92,-0.966,2024-09-27T03:30:00Z,2024-09-27T04:00:00Z,
-0.92,-0.966,2024-09-27T04:00:00Z,2024-09-27T04:30:00Z,
0.21,0.2205,2024-09-27T04:30:00Z,2024-09-27T05:00:00Z,
1.78,1.869,2024-09-27T05:00:00Z,2024-09-27T05:30:00Z,
8.22,8.631,2024-09-27T05:30:00Z,2024-09-27T06:00:00Z,
14.45,15.1725,2024-09-27T06:00:00Z,2024-09-27T06:30:00Z,
18.54,19.467,2024-09-27T06:30:00Z,2024-09-27T07:00:00Z,
20.68,21.714,2024-09-27T07:00:00Z,2024-09-27T07:30:00Z,
20.58,21.609,2024-09-27T07:30:00Z,2024-09-27T08:00:00Z,
20.79,21.8295,2024-09-27T08:00:00Z,2024-09-27T08:30:00Z,
20.44,21.462,2024-09-27T08:30:00Z,2024-09-27T09:00:00Z,
19.53,20.5065,2024-09-27T09:00:00Z,2024-09-27T09:30:00Z,
18.71,19.6455,2024-09-27T09:30:00Z,2024-09-27T10:00:00Z,
17.35,18.2175,2024-09-27T10:00:00Z,2024-09-27T10:30:00Z,
16.53,17.3565,2024-09-27T10:30:00Z,2024-09-27T11:00:00Z,
15.86,16.653,2024-09-27T11:00:00Z,2024-09-27T11:30:00Z,
14.2,14.91,2024-09-27T11:30:00Z,2024-09-27T12:00:00Z,
12.56,13.188,2024-09-27T12:00:00Z,2024-09-27T12:30:00Z,
11.44,12.012,2024-09-27T12:30:00Z,2024-09-27T13:00:00Z,
10.46,10.983,2024-09-27T13:00:00Z,2024-09-27T13:30:00Z,
9.24,9.702,2024-09-27T13:30:00Z,2024-09-27T14:00:00Z,
10.42,10.941,2024-09-27T14:00:00Z,2024-09-27T14:30:00Z,
12.6,13.23,2024-09-27T14:30:00Z,2024-09-27T15:00:00Z,
26.76,28.098,2024-09-27T15:00:00Z,2024-09-27T15:30:00Z,
28.79,30.2295,2024-09-27T15:30:00Z,2024-09-27T16:00:00Z,
28.54,29.967,2024-09-27T16:00:00Z,2024-09-27T16:30:00Z,
30.43,31.9515,2024-09-27T16:30:00Z,2024-09-27T17:00:00Z,
32.1,33.705,2024-09-27T17:00:00Z,2024-09-27T17:30:00Z,
33.9,35.595,2024-09-27T17:30:00Z,2024-09-27T18:00:00Z,
21.84,22.932,2024-09-27T18:00:00Z,2024-09-27T18:30:00Z,
20.16,21.168,2024-09-27T18:30:00Z,2024-09-27T19:00:00Z,
21.0,22.05,2024-09-27T19:00:00Z,2024-09-27T19:30:00Z,
19.22,20.181,2024-09-27T19:30:00Z,2024-09-27T20:00:00Z,
18.9,19.845,2024-09-27T20:00:00Z,2024-09-27T20:30:00Z,
16.13,16.9365,2024-09-27T20:30:00Z,2024-09-27T21:00:00Z,
17.32,18.186,2024-09-27T21:00:00Z,2024-09-27T21:30:00Z,
16.8,17.64,2024-09-27T21:30:00Z,2024-09-27T22:00:00Z,
15.54,16.317,2024-09-27T22:00:00Z,2024-09-27T22:30:00Z,
12.6,13.23,2024-09-27T22:30:00Z,2024-09-27T23:00:00Z,
12.7,13.335,2024-09-27T23:00:00Z,2024-09-27T23:30:00Z,
12.7,13.335,2024-09-27T23:30:00Z,2024-09-28T00:00:00Z,
11.97,12.5685,2024-09-28T00:00:00Z,2024-09-28T00:30:00Z,
12.7,13.335,2024-09-28T00:30:00Z,2024-09-28T01:00:00Z,
12.43,13.0515,2024-09-28T01:00:00Z,2024-09-28T01:30:00Z,
11.66,12.243,2024-09-28T01:30:00Z,2024-09-28T02:00:00Z,
11.86,12.453,2024-09-28T02:00:00Z,2024-09-28T02:30:00Z,
11.97,12.5685,2024-09-28T02:30:00Z,2024-09-28T03:00:00Z,
12.81,13.4505,2024-09-28T03:00:00Z,2024-09-28T03:30:00Z,
13.57,14.2485,2024-09-28T03:30:00Z,2024-09-28T04:00:00Z,
15.96,16.758,2024-09-28T04:00:00Z,2024-09-28T04:30:00Z,
17.43,18.3015,2024-09-28T04:30:00Z,2024-09-28T05:00:00Z,
18.06,18.963,2024-09-28T05:00:00Z,2024-09-28T05:30:00Z,
17.22,18.081,2024-09-28T05:30:00Z,2024-09-28T06:00:00Z,
17.43,18.3015,2024-09-28T06:00:00Z,2024-09-28T06:30:00Z,
19.22,20.181,2024-09-28T06:30:00Z,2024-09-28T07:00:00Z,
19.74,20.727,2024-09-28T07:00:00Z,2024-09-28T07:30:00Z,
19.82,20.811,2024-09-28T07:30:00Z,2024-09-28T08:00:00Z,
20.68,21.714,2024-09-28T08:00:00Z,2024-09-28T08:30:00Z,
20.16,21.168,2024-09-28T08:30:00Z,2024-09-28T09:00:00Z,
19.95,20.9475,2024-09-28T09:00:00Z,2024-09-28T09:30:00Z,
17.64,18.522,2024-09-28T09:30:00Z,2024-09-28T10:00:00Z,
14.45,15.1725,2024-09-28T10:00:00Z,2024-09-28T10:30:00Z,
15.64,16.422,2024-09-28T10:30:00Z,2024-09-28T11:00:00Z,
14.8,15.54,2024-09-28T11:00:00Z,2024-09-28T11:30:00Z,
15.75,16.5375,2024-09-28T11:30:00Z,2024-09-28T12:00:00Z,
14.91,15.6555,2024-09-28T12:00:00Z,2024-09-28T12:30:00Z,
14.5,15.225,2024-09-28T12:30:00Z,2024-09-28T13:00:00Z,
15.12,15.876,2024-09-28T13:00:00Z,2024-09-28T13:30:00Z,
15.71,16.4955,2024-09-28T13:30:00Z,2024-09-28T14:00:00Z,
14.07,14.7735,2024-09-28T14:00:00Z,2024-09-28T14:30:00Z,
14.94,15.687,2024-09-28T14:30:00Z,2024-09-28T15:00:00Z,
27.7,29.085,2024-09-28T15:00:00Z,2024-09-28T15:30:00Z,
31.07,32.6235,2024-09-28T15:30:00Z,2024-09-28T16:00:00Z,
32.22,33.831,2024-09-28T16:00:00Z,2024-09-28T16:30:00Z,
34.42,36.141,2024-09-28T16:30:00Z,2024-09-28T17:00:00Z,
37.68,39.564,2024-09-28T17:00:00Z,2024-09-28T17:30:00Z,
38.2,40.11,2024-09-28T17:30:00Z,2024-09-28T18:00:00Z,
25.2,26.46,2024-09-28T18:00:00Z,2024-09-28T18:30:00Z,
23.56,24.738,2024-09-28T18:30:00Z,2024-09-28T19:00:00Z,
21.42,22.491,2024-09-28T19:00:00Z,2024-09-28T19:30:00Z,
18.06,18.963,2024-09-28T19:30:00Z,2024-09-28T20:00:00Z,
18.67,19.6035,2024-09-28T20:00:00Z,2024-09-28T20:30:00Z,
16.46,17.283,2024-09-28T20:30:00Z,2024-09-28T21:00:00Z,
18.43,19.3515,2024-09-28T21:00:00Z,2024-09-28T21:30:00Z,
17.12,17.976,2024-09-28T21:30:00Z,2024-09-28T22:00:00Z,
20.79,21.8295,2024-09-28T22:00:00Z,2024-09-28T22:30:00Z,
19.79,20.7795,2024-09-28T22:30:00Z,2024-09-28T23:00:00Z,
18.56,19.488,2024-09-28T23:00:00Z,2024-09-28T23:30:00Z,
17.02,17.871,2024-09-28T23:30:00Z,2024-09-29T00:00:00Z,
17.22,18.081,2024-09-29T00:00:00Z,2024-09-29T00:30:00Z,
17.32,18.186,2024-09-29T00:30:00Z,2024-09-29T01:00:00Z,
17.43,18.3015,2024-09-29T01:00:00Z,2024-09-29T01:30:00Z,
18.12,19.026,2024-09-29T01:30:00Z,2024-09-29T02:00:00Z,
17.64,18.522,2024-09-29T02:00:00Z,2024-09-29T02:30:00Z,
16.1,16.905,2024-09-29T02:30:00Z,2024-09-29T03:00:00Z,
15.12,15.876,2024-09-29T03:00:00Z,2024-09-29T03:30:00Z,
14.53,15.2565,2024-09-29T03:30:00Z,2024-09-29T04:00:00Z,
14.91,15.6555,2024-09-29T04:00:00Z,2024-09-29T04:30:00Z,
14.91,15.6555,2024-09-29T04:30:00Z,2024-09-29T05:00:00Z,
15.43,16.2015,2024-09-29T05:00:00Z,2024-09-29T05:30:00Z,
16.46,17.283,2024-09-29T05:30:00Z,2024-09-29T06:00:00Z,
14.53,15.2565,2024-09-29T06:00:00Z,2024-09-29T06:30:00Z,
16.17,16.9785,2024-09-29T06:30:00Z,2024-09-29T07:00:00Z,
16.53,17.3565,2024-09-29T07:00:00Z,2024-09-29T07:30:00Z,
19.04,19.992,2024-09-29T07:30:00Z,2024-09-29T08:00:00Z,
19.74,20.727,2024-09-29T08:00:00Z,2024-09-29T08:30:00Z,
19.95,20.9475,2024-09-29T08:30:00Z,2024-09-29T09:00:00Z,
19.95,20.9475,2024-09-29T09:00:00Z,2024-09-29T09:30:00Z,
18.06,18.963,2024-09-29T09:30:00Z,2024-09-29T10:00:00Z,
17.64,18.522,2024-09-29T10:00:00Z,2024-09-29T10:30:00Z,
16.59,17.4195,2024-09-29T10:30:00Z,2024-09-29T11:00:00Z,
17.43,18.3015,2024-09-29T11:00:00Z,2024-09-29T11:30:00Z,
15.96,16.758,2024-09-29T11:30:00Z,2024-09-29T12:00:00Z,
16.1,16.905,2024-09-29T12:00:00Z,2024-09-29T12:30:00Z,
15.2,15.96,2024-09-29T12:30:00Z,2024-09-29T13:00:00Z,
14.28,14.994,2024-09-29T13:00:00Z,2024-09-29T13:30:00Z,
14.28,14.994,2024-09-29T13:30:00Z,2024-09-29T14:00:00Z,
12.75,13.3875,2024-09-29T14:00:00Z,2024-09-29T14:30:00Z,
12.83,13.4715,2024-09-29T14:30:00Z,2024-09-29T15:00:00Z,
27.76,29.148,2024-09-29T15:00:00Z,2024-09-29T15:30:00Z,
30.85,32.3925,2024-09-29T15:30:00Z,2024-09-29T16:00:00Z,
36.18,37.989,2024-09-29T16:00:00Z,2024-09-29T16:30:00Z,
37.15,39.0075,2024-09-29T16:30:00Z,2024-09-29T17:00:00Z,
36.1,37.905,2024-09-29T17:00:00Z,2024-09-29T17:30:00Z,
35.26,37.023,2024-09-29T17:30:00Z,2024-09-29T18:00:00Z,
18.9,19.845,2024-09-29T18:00:00Z,2024-09-29T18:30:00Z,
17.38,18.249,2024-09-29T18:30:00Z,2024-09-29T19:00:00Z,
16.13,16.9365,2024-09-29T19:00:00Z,2024-09-29T19:30:00Z,
15.79,16.5795,2024-09-29T19:30:00Z,2024-09-29T20:00:00Z,
15.64,16.422,2024-09-29T20:00:00Z,2024-09-29T20:30:00Z,
11.34,11.907,2024-09-29T20:30:00Z,2024-09-29T21:00:00Z,
10.92,11.466,2024-09-29T21:00:00Z,2024-09-29T21:30:00Z,
6.64,6.972,2024-09-29T21:30:00Z,2024-09-29T22:00:00Z,
5.88,6.174,2024-09-29T22:00:00Z,2024-09-29T22:30:00Z,
2.1,2.205,2024-09-29T22:30:00Z,2024-09-29T23:00:00Z,
2.94,3.087,2024-09-29T23:00:00Z,2024-09-29T23:30:00Z,
2.52,2.646,2024-09-29T23:30:00Z,2024-09-30T00:00:00Z,
2.1,2.205,2024-09-30T00:00:00Z,2024-09-30T00:30:00Z,
2.94,3.087,2024-09-30T00:30:00Z,2024-09-30T01:00:00Z,
1.05,1.1025,2024-09-30T01:00:00Z,2024-09-30T01:30:00Z,
0.49,0.5145,2024-09-30T01:30:00Z,2024-09-30T02:00:00Z,
2.39,2.5095,2024-09-30T02:00:00Z,2024-09-30T02:30:00Z,
2.02,2.121,2024-09-30T02:30:00Z,2024-09-30T03:00:00Z,
2.23,2.3415,2024-09-30T03:00:00Z,2024-09-30T03:30:00Z,
2.81,2.9505,2024-09-30T03:30:00Z,2024-09-30T04:00:00Z,
6.72,7.056,2024-09-30T04:00:00Z,2024-09-30T04:30:00Z,
9.7,10.185,2024-09-30T04:30:00Z,2024-09-30T05:00:00Z,
14.91,15.6555,2024-09-30T05:00:00Z,2024-09-30T05:30:00Z,
16.17,16.9785,2024-09-30T05:30:00Z,2024-09-30T06:00:00Z,
16.82,17.661,2024-09-30T06:00:00Z,2024-09-30T06:30:00Z,
17.85,18.7425,2024-09-30T06:30:00Z,2024-09-30T07:00:00Z,
17.64,18.522,2024-09-30T07:00:00Z,2024-09-30T07:30:00Z,
15.12,15.876,2024-09-30T07:30:00Z,2024-09-30T08:00:00Z,
18.78,19.719,2024-09-30T08:00:00Z,2024-09-30T08:30:00Z,
18.48,19.404,2024-09-30T08:30:00Z,2024-09-30T09:00:00Z,
19.95,20.9475,2024-09-30T09:00:00Z,2024-09-30T09:30:00Z,
20.16,21.168,2024-09-30T09:30:00Z,2024-09-30T10:00:00Z,
19.74,20.727,2024-09-30T10:00:00Z,2024-09-30T10:30:00Z,
19.95,20.9475,2024-09-30T10:30:00Z,2024-09-30T11:00:00Z,
20.58,21.609,2024-09-30T11:00:00Z,2024-09-30T11:30:00Z,
20.16,21.168,2024-09-30T11:30:00Z,2024-09-30T12:00:00Z,
19.74,20.727,2024-09-30T12:00:00Z,2024-09-30T12:30:00Z,
19.09,20.0445,2024-09-30T12:30:00Z,2024-09-30T13:00:00Z,
17.85,18.7425,2024-09-30T13:00:00Z,2024-09-30T13:30:00Z,
17.43,18.3015,2024-09-30T13:30:00Z,2024-09-30T14:00:00Z,
17.17,18.0285,2024-09-30T14:00:00Z,2024-09-30T14:30:00Z,
17.64,18.522,2024-09-30T14:30:00Z,2024-09-30T15:00:00Z,
30.18,31.689,2024-09-30T15:00:00Z,2024-09-30T15:30:00Z,
33.16,34.818,2024-09-30T15:30:00Z,2024-09-30T16:00:00Z,
34.42,36.141,2024-09-30T16:00:00Z,2024-09-30T16:30:00Z,
36.1,37.905,2024-09-30T16:30:00Z,2024-09-30T17:00:00Z,
35.26,37.023,2024-09-30T17:00:00Z,2024-09-30T17:30:00Z,
35.26,37.023,2024-09-30T17:30:00Z,2024-09-30T18:00:00Z,
23.33,24.4965,2024-09-30T18:00:00Z,2024-09-30T18:30:00Z,
21.42,22.491,2024-09-30T18:30:00Z,2024-09-30T19:00:00Z,
20.16,21.168,2024-09-30T19:00:00Z,2024-09-30T19:30:00Z,
16.05,16.8525,2024-09-30T19:30:00Z,2024-09-30T20:00:00Z,
17.01,17.8605,2024-09-30T20:00:00Z,2024-09-30T20:30:00Z,
15.62,16.401,2024-09-30T20:30:00Z,2024-09-30T21:00:00Z,
17.22,18.081,2024-09-30T21:00:00Z,2024-09-30T21:30:00Z,
16.38,17.199,2024-09-30T21:30:00Z,2024-09-30T22:00:00Z,
17.01,17.8605,2024-09-30T22:00:00Z,2024-09-30T22:30:00Z,
17.01,17.8605,2024-09-30T22:30:00Z,2024-09-30T23:00:00Z,
14.45,15.1725,2024-09-30T23:00:00Z,2024-09-30T23:30:00Z,
11.35,11.9175,2024-09-30T23:30:00Z,2024-10-01T00:00:00Z,
8.02,8.421,2024-10-01T00:00:00Z,2024-10-01T00:30:00Z,
8.4,8.82,2024-10-01T00:30:00Z,2024-10-01T01:00:00Z,
6.26,6.573,2024-10-01T01:00:00Z,2024-10-01T01:30:00Z,
4.61,4.8405,2024-10-01T01:30:00Z,2024-10-01T02:00:00Z,
4.16,4.368,2024-10-01T02:00:00Z,2024-10-01T02:30:00Z,
2.19,2.2995,2024-10-01T02:30:00Z,2024-10-01T03:00:00Z,
3.53,3.7065,2024-10-01T03:00:00Z,2024-10-01T03:30:00Z,
3.78,3.969,2024-10-01T03:30:00Z,2024-10-01T04:00:00Z,
10.29,10.8045,2024-10-01T04:00:00Z,2024-10-01T04:30:00Z,
11.21,11.7705,2024-10-01T04:30:00Z,2024-10-01T05:00:00Z,
17.22,18.081,2024-10-01T05:00:00Z,2024-10-01T05:30:00Z,
16.8,17.64,2024-10-01T05:30:00Z,2024-10-01T06:00:00Z,
18.9,19.845,2024-10-01T06:00:00Z,2024-10-01T06:30:00Z,
21.34,22.407,2024-10-01T06:30:00Z,2024-10-01T07:00:00Z,
21.0,22.05,2024-10-01T07:00:00Z,2024-10-01T07:30:00Z,
20.75,21.7875,2024-10-01T07:30:00Z,2024-10-01T08:00:00Z,
21.0,22.05,2024-10-01T08:00:00Z,2024-10-01T08:30:00Z,
20.16,21.168,2024-10-01T08:30:00Z,2024-10-01T09:00:00Z,
18.02,18.921,2024-10-01T09:00:00Z,2024-10-01T09:30:00Z,
16.55,17.3775,2024-10-01T09:30:00Z,2024-10-01T10:00:00Z,
15.62,16.401,2024-10-01T10:00:00Z,2024-10-01T10:30:00Z,
15.54,16.317,2024-10-01T10:30:00Z,2024-10-01T11:00:00Z,
15.54,16.317,2024-10-01T11:00:00Z,2024-10-01T11:30:00Z,
14.7,15.435,2024-10-01T11:30:00Z,2024-10-01T12:00:00Z,
15.94,16.737,2024-10-01T12:00:00Z,2024-10-01T12:30:00Z,
14.7,15.435,2024-10-01T12:30:00Z,2024-10-01T13:00:00Z,
15.41,16.1805,2024-10-01T13:00:00Z,2024-10-01T13:30:00Z,
14.28,14.994,2024-10-01T13:30:00Z,2024-10-01T14:00:00Z,
13.67,14.3535,2024-10-01T14:00:00Z,2024-10-01T14:30:00Z,
15.12,15.876,2024-10-01T14:30:00Z,2024-10-01T15:00:00Z,
28.75,30.1875,2024-10-01T15:00:00Z,2024-10-01T15:30:00Z,
32.74,34.377,2024-10-01T15:30:00Z,2024-10-01T16:00:00Z,
32.95,34.5975,2024-10-01T16:00:00Z,2024-10-01T16:30:00Z,
36.73,38.5665,2024-10-01T16:30:00Z,2024-10-01T17:00:00Z,
35.95,37.7475,2024-10-01T17:00:00Z,2024-10-01T17:30:00Z,
37.34,39.207,2024-10-01T17:30:00Z,2024-10-01T18:00:00Z,
23.86,25.053,2024-10-01T18:00:00Z,2024-10-01T18:30:00Z,
21.61,22.6905,2024-10-01T18:30:00Z,2024-10-01T19:00:00Z,
18.27,19.1835,2024-10-01T19:00:00Z,2024-10-01T19:30:00Z,
15.79,16.5795,2024-10-01T19:30:00Z,2024-10-01T20:00:00Z,
16.46,17.283,2024-10-01T20:00:00Z,2024-10-01T20:30:00Z,
15.93,16.7265,2024-10-01T20:30:00Z,2024-10-01T21:00:00Z,
16.8,17.64,2024-10-01T21:00:00Z,2024-10-01T21:30:00Z,
15.88,16.674,2024-10-01T21:30:00Z,2024-10-01T22:00:00Z,
16.8,17.64,2024-10-01T22:00:00Z,2024-10-01T22:30:00Z,
14.91,15.6555,2024-10-01T22:30:00Z,2024-10-01T23:00:00Z,
14.28,14.994,2024-10-01T23:00:00Z,2024-10-01T23:30:00Z,
15.12,15.876,2024-10-01T23:30:00Z,2024-10-02T00:00:00Z,
14.28,14.994,2024-10-02T00:00:00Z,2024-10-02T00:30:00Z,
15.75,16.5375,2024-10-02T00:30:00Z,2024-10-02T01:00:00Z,
15.71,16.4955,2024-10-02T01:00:00Z,2024-10-02T01:30:00Z,
13.82,14.511,2024-10-02T01:30:00Z,2024-10-02T02:00:00Z,
15.22,15.981,2024-10-02T02:00:00Z,2024-10-02T02:30:00Z,
15.29,16.0545,2024-10-02T02:30:00Z,2024-10-02T03:00:00Z,
15.54,16.317,2024-10-02T03:00:00Z,2024-10-02T03:30:00Z,
14.18,14.889,2024-10-02T03:30:00Z,2024-10-02T04:00:00Z,
16.59,17.4195,2024-10-02T04:00:00Z,2024-10-02T04:30:00Z,
15.96,16.758,2024-10-02T04:30:00Z,2024-10-02T05:00:00Z,
20.16,21.168,2024-10-02T05:00:00Z,2024-10-02T05:30:00Z,
19.11,20.0655,2024-10-02T05:30:00Z,2024-10-02T06:00:00Z,
21.0,22.05,2024-10-02T06:00:00Z,2024-10-02T06:30:00Z,
25.2,26.46,2024-10-02T06:30:00Z,2024-10-02T07:00:00Z,
19.17,20.1285,2024-10-02T07:00:00Z,2024-10-02T07:30:00Z,
17.64,18.522,2024-10-02T07:30:00Z,2024-10-02T08:00:00Z,
19.72,20.706,2024-10-02T08:00:00Z,2024-10-02T08:30:00Z,
16.15,16.9575,2024-10-02T08:30:00Z,2024-10-02T09:00:00Z,
15.79,16.5795,2024-10-02T09:00:00Z,2024-10-02T09:30:00Z,
14.91,15.6555,2024-10-02T09:30:00Z,2024-10-02T10:00:00Z,
15.31,16.0755,2024-10-02T10:00:00Z,2024-10-02T10:30:00Z,
15.33,16.0965,2024-10-02T10:30:00Z,2024-10-02T11:00:00Z,
15.69,16.4745,2024-10-02T11:00:00Z,2024-10-02T11:30:00Z,
13.71,14.3955,2024-10-02T11:30:00Z,2024-10-02T12:00:00Z,
15.07,15.8235,2024-10-02T12:00:00Z,2024-10-02T12:30:00Z,
14.51,15.2355,2024-10-02T12:30:00Z,2024-10-02T13:00:00Z,
13.44,14.112,2024-10-02T13:00:00Z,2024-10-02T13:30:00Z,
13.23,13.8915,2024-10-02T13:30:00Z,2024-10-02T14:00:00Z,
13.44,14.112,2024-10-02T14:00:00Z,2024-10-02T14:30:00Z,
14.35,15.0675,2024-10-02T14:30:00Z,2024-10-02T15:00:00Z,
26.96,28.308,2024-10-02T15:00:00Z,2024-10-02T15:30:00Z,
31.98,33.579,2024-10-02T15:30:00Z,2024-10-02T16:00:00Z,
32.74,34.377,2024-10-02T16:00:00Z,2024-10-02T16:30:00Z,
35.96,37.758,2024-10-02T16:30:00Z,2024-10-02T17:00:00Z,
35.93,37.7265,2024-10-02T17:00:00Z,2024-10-02T17:30:00Z,
37.28,39.144,2024-10-02T17:30:00Z,2024-10-02T18:00:00Z,
22.22,23.331,2024-10-02T18:00:00Z,2024-10-02T18:30:00Z,
21.63,22.7115,2024-10-02T18:30:00Z,2024-10-02T19:00:00Z,
19.84,20.832,2024-10-02T19:00:00Z,2024-10-02T19:30:00Z,
15.33,16.0965,2024-10-02T19:30:00Z,2024-10-02T20:00:00Z,
17.68,18.564,2024-10-02T20:00:00Z,2024-10-02T20:30:00Z,
17.64,18.522,2024-10-02T20:30:00Z,2024-10-02T21:00:00Z,
16.11,16.9155,2024-10-02T21:00:00Z,2024-10-02T21:30:00Z,
15.79,16.5795,2024-10-02T21:30:00Z,2024-10-02T22:00:00Z,
16.82,17.661,2024-10-02T22:00:00Z,2024-10-02T22:30:00Z,
15.95,16.7475,2024-10-02T22:30:00Z,2024-10-02T23:00:00Z,
15.33,16.0965,2024-10-02T23:00:00Z,2024-10-02T23:30:00Z,
15.54,16.317,2024-10-02T23:30:00Z,2024-10-03T00:00:00Z,
15.77,16.5585,2024-10-03T00:00:00Z,2024-10-03T00:30:00Z,
16.93,17.7765,2024-10-03T00:30:00Z,2024-10-03T01:00:00Z,
16.39,17.2095,2024-10-03T01:00:00Z,2024-10-03T01:30:00Z,
16.2,17.01,2024-10-03T01:30:00Z,2024-10-03T02:00:00Z,
15.9,16.695,2024-10-03T02:00:00Z,2024-10-03T02:30:00Z,
16.17,16.9785,2024-10-03T02:30:00Z,2024-10-03T03:00:00Z,
17.65,18.5325,2024-10-03T03:00:00Z,2024-10-03T03:30:00Z,
16.84,17.682,2024-10-03T03:30:00Z,2024-10-03T04:00:00Z,
16.9,17.745,2024-10-03T04:00:00Z,2024-10-03T04:30:00Z,
16.2,17.01,2024-10-03T04:30:00Z,2024-10-03T05:00:00Z,
20.16,21.168,2024-10-03T05:00:00Z,2024-10-03T05:30:00Z,
19.96,20.958,2024-10-03T05:30:00Z,2024-10-03T06:00:00Z,
22.88,24.024,2024-10-03T06:00:00Z,2024-10-03T06:30:00Z,
24.33,25.5465,2024-10-03T06:30:00Z,2024-10-03T07:00:00Z,
23.62,24.801,2024-10-03T07:00:00Z,2024-10-03T07:30:00Z,
23.62,24.801,2024-10-03T07:30:00Z,2024-10-03T08:00:00Z,
22.89,24.0345,2024-10-03T08:00:00Z,2024-10-03T08:30:00Z,
21.27,22.3335,2024-10-03T08:30:00Z,2024-10-03T09:00:00Z,
19.45,20.4225,2024-10-03T09:00:00Z,2024-10-03T09:30:00Z,
17.26,18.123,2024-10-03T09:30:00Z,2024-10-03T10:00:00Z,
16.15,16.9575,2024-10-03T10:00:00Z,2024-10-03T10:30:00Z,
16.15,16.9575,2024-10-03T10:30:00Z,2024-10-03T11:00:00Z,
16.38,17.199,2024-10-03T11:00:00Z,2024-10-03T11:30:00Z,
16.38,17.199,2024-10-03T11:30:00Z,2024-10-03T12:00:00Z,
15.75,16.5375,2024-10-03T12:00:00Z,2024-10-03T12:30:00Z,
15.75,16.5375,2024-10-03T12:30:00Z,2024-10-03T13:00:00Z,
16.2,17.01,2024-10-03T13:00:00Z,2024-10-03T13:30:00Z,
16.38,17.199,2024-10-03T13:30:00Z,2024-10-03T14:00:00Z,
16.38,17.199,2024-10-03T14:00:00Z,2024-10-03T14:30:00Z,
16.82,17.661,2024-10-03T14:30:00Z,2024-10-03T15:00:00Z,
30.26,31.773,2024-10-03T15:00:00Z,2024-10-03T15:30:00Z,
31.59,33.1695,2024-10-03T15:30:00Z,2024-10-03T16:00:00Z,
35.68,37.464,2024-10-03T16:00:00Z,2024-10-03T16:30:00Z,
37.77,39.6585,2024-10-03T16:30:00Z,2024-10-03T17:00:00Z,
38.62,40.551,2024-10-03T17:00:00Z,2024-10-03T17:30:00Z,
40.13,42.1365,2024-10-03T17:30:00Z,2024-10-03T18:00:00Z,
25.7,26.985,2024-10-03T18:00:00Z,2024-10-03T18:30:00Z,
23.5,24.675,2024-10-03T18:30:00Z,2024-10-03T19:00:00Z,
21.0,22.05,2024-10-03T19:00:00Z,2024-10-03T19:30:00Z,
17.41,18.2805,2024-10-03T19:30:00Z,2024-10-03T20:00:00Z,
18.9,19.845,2024-10-03T20:00:00Z,2024-10-03T20:30:00Z,
17.43,18.3015,2024-10-03T20:30:00Z,2024-10-03T21:00:00Z,
16.82,17.661,2024-10-03T21:00:00Z,2024-10-03T21:30:00Z,
16.63,17.4615,2024-10-03T21:30:00Z,2024-10-03T22:00:00Z,
16.8,17.64,2024-10-03T22:00:00Z,2024-10-03T22:30:00Z,
17.64,18.522,2024-10-03T22:30:00Z,2024-10-03T23:00:00Z,
15.28,16.044,2024-10-03T23:00:00Z,2024-10-03T23:30:00Z,
14.26,14.973,2024-10-03T23:30:00Z,2024-10-04T00:00:00Z,
13.23,13.8915,2024-10-04T00:00:00Z,2024-10-04T00:30:00Z,
13.65,14.3325,2024-10-04T00:30:00Z,2024-10-04T01:00:00Z,
13.23,13.8915,2024-10-04T01:00:00Z,2024-10-04T01:30:00Z,
13.23,13.8915,2024-10-04T01:30:00Z,2024-10-04T02:00:00Z,
13.23,13.8915,2024-10-04T02:00:00Z,2024-10-04T02:30:00Z,
12.6,13.23,2024-10-04T02:30:00Z,2024-10-04T03:00:00Z,
12.66,13.293,2024-10-04T03:00:00Z,2024-10-04T03:30:00Z,
10.54,11.067,2024-10-04T03:30:00Z,2024-10-04T04:00:00Z,
17.35,18.2175,2024-10-04T04:00:00Z,2024-10-04T04:30:00Z,
17.22,18.081,2024-10-04T04:30:00Z,2024-10-04T05:00:00Z,
20.16,21.168,2024-10-04T05:00:00Z,2024-10-04T05:30:00Z,
20.37,21.3885,2024-10-04T05:30:00Z,2024-10-04T06:00:00Z,
24.78,26.019,2024-10-04T06:00:00Z,2024-10-04T06:30:00Z,
26.93,28.2765,2024-10-04T06:30:00Z,2024-10-04T07:00:00Z,
22.07,23.1735,2024-10-04T07:00:00Z,2024-10-04T07:30:00Z,
21.5,22.575,2024-10-04T07:30:00Z,2024-10-04T08:00:00Z,
17.32,18.186,2024-10-04T08:00:00Z,2024-10-04T08:30:00Z,
17.6,18.48,2024-10-04T08:30:00Z,2024-10-04T09:00:00Z,
17.66,18.543,2024-10-04T09:00:00Z,2024-10-04T09:30:00Z,
15.54,16.317,2024-10-04T09:30:00Z,2024-10-04T10:00:00Z,
16.38,17.199,2024-10-04T10:00:00Z,2024-10-04T10:30:00Z,
14.7,15.435,2024-10-04T10:30:00Z,2024-10-04T11:00:00Z,
15.12,15.876,2024-10-04T11:00:00Z,2024-10-04T11:30:00Z,
15.12,15.876,2024-10-04T11:30:00Z,2024-10-04T12:00:00Z,
14.49,15.2145,2024-10-04T12:00:00Z,2024-10-04T12:30:00Z,
14.28,14.994,2024-10-04T12:30:00Z,2024-10-04T13:00:00Z,
14.62,15.351,2024-10-04T13:00:00Z,2024-10-04T13:30:00Z,
14.49,15.2145,2024-10-04T13:30:00Z,2024-10-04T14:00:00Z,
15.12,15.876,2024-10-04T14:00:00Z,2024-10-04T14:30:00Z,
15.92,16.716,2024-10-04T14:30:00Z,2024-10-04T15:00:00Z,
29.8,31.29,2024-10-04T15:00:00Z,2024-10-04T15:30:00Z,
30.85,32.3925,2024-10-04T15:30:00Z,2024-10-04T16:00:00Z,
32.74,34.377,2024-10-04T16:00:00Z,2024-10-04T16:30:00Z,
35.47,37.2435,2024-10-04T16:30:00Z,2024-10-04T17:00:00Z,
37.53,39.4065,2024-10-04T17:00:00Z,2024-10-04T17:30:00Z,
38.2,40.11,2024-10-04T17:30:00Z,2024-10-04T18:00:00Z,
22.85,23.9925,2024-10-04T18:00:00Z,2024-10-04T18:30:00Z,
21.1,22.155,2024-10-04T18:30:00Z,2024-10-04T19:00:00Z,
18.27,19.1835,2024-10-04T19:00:00Z,2024-10-04T19:30:00Z,
15.51,16.2855,2024-10-04T19:30:00Z,2024-10-04T20:00:00Z,
16.8,17.64,2024-10-04T20:00:00Z,2024-10-04T20:30:00Z,
16.17,16.9785,2024-10-04T20:30:00Z,2024-10-04T21:00:00Z,
14.62,15.351,2024-10-04T21:00:00Z,2024-10-04T21:30:00Z,
14.7,15.435,2024-10-04T21:30:00Z,2024-10-04T22:00:00Z,
17.66,18.543,2024-10-04T22:00:00Z,2024-10-04T22:30:00Z,
18.06,18.963,2024-10-04T22:30:00Z,2024-10-04T23:00:00Z,
15.14,15.897,2024-10-04T23:00:00Z,2024-10-04T23:30:00Z,
14.52,15.246,2024-10-04T23:30:00Z,2024-10-05T00:00:00Z,
13.54,14.217,2024-10-05T00:00:00Z,2024-10-05T00:30:00Z,
14.63,15.3615,2024-10-05T00:30:00Z,2024-10-05T01:00:00Z,
13.1,13.755,2024-10-05T01:00:00Z,2024-10-05T01:30:00Z,
12.73,13.3665,2024-10-05T01:30:00Z,2024-10-05T02:00:00Z,
12.68,13.314,2024-10-05T02:00:00Z,2024-10-05T02:30:00Z,
12.18,12.789,2024-10-05T02:30:00Z,2024-10-05T03:00:00Z,
14.52,15.246,2024-10-05T03:00:00Z,2024-10-05T03:30:00Z,
14.52,15.246,2024-10-05T03:30:00Z,2024-10-05T04:00:00Z,
15.46,16.233,2024-10-05T04:00:00Z,2024-10-05T04:30:00Z,
15.75,16.5375,2024-10-05T04:30:00Z,2024-10-05T05:00:00Z,
17.85,18.7425,2024-10-05T05:00:00Z,2024-10-05T05:30:00Z,
20.79,21.8295,2024-10-05T05:30:00Z,2024-10-05T06:00:00Z,
19.55,20.5275,2024-10-05T06:00:00Z,2024-10-05T06:30:00Z,
23.1,24.255,2024-10-05T06:30:00Z,2024-10-05T07:00:00Z,
20.16,21.168,2024-10-05T07:00:00Z,2024-10-05T07:30:00Z,
20.33,21.3465,2024-10-05T07:30:00Z,2024-10-05T08:00:00Z,
18.9,19.845,2024-10-05T08:00:00Z,2024-10-05T08:30:00Z,
16.8,17.64,2024-10-05T08:30:00Z,2024-10-05T09:00:00Z,
14.91,15.6555,2024-10-05T09:00:00Z,2024-10-05T09:30:00Z,
12.41,13.0305,2024-10-05T09:30:00Z,2024-10-05T10:00:00Z,
9.96,10.458,2024-10-05T10:00:00Z,2024-10-05T10:30:00Z,
9.33,9.7965,2024-10-05T10:30:00Z,2024-10-05T11:00:00Z,
7.56,7.938,2024-10-05T11:00:00Z,2024-10-05T11:30:00Z,
8.21,8.6205,2024-10-05T11:30:00Z,2024-10-05T12:00:00Z,
8.61,9.0405,2024-10-05T12:00:00Z,2024-10-05T12:30:00Z,
6.63,6.9615,2024-10-05T12:30:00Z,2024-10-05T13:00:00Z,
9.89,10.3845,2024-10-05T13:00:00Z,2024-10-05T13:30:00Z,
9.57,10.0485,2024-10-05T13:30:00Z,2024-10-05T14:00:00Z,
11.98,12.579,2024-10-05T14:00:00Z,2024-10-05T14:30:00Z,
13.05,13.7025,2024-10-05T14:30:00Z,2024-10-05T15:00:00Z,
27.52,28.896,2024-10-05T15:00:00Z,2024-10-05T15:30:00Z,
28.6,30.03,2024-10-05T15:30:00Z,2024-10-05T16:00:00Z,
32.89,34.5345,2024-10-05T16:00:00Z,2024-10-05T16:30:00Z,
35.47,37.2435,2024-10-05T16:30:00Z,2024-10-05T17:00:00Z,
35.89,37.6845,2024-10-05T17:00:00Z,2024-10-05T17:30:00Z,
36.73,38.5665,2024-10-05T17:30:00Z,2024-10-05T18:00:00Z,
20.5,21.525,2024-10-05T18:00:00Z,2024-10-05T18:30:00Z,
18.06,18.963,2024-10-05T18:30:00Z,2024-10-05T19:00:00Z,
17.32,18.186,2024-10-05T19:00:00Z,2024-10-05T19:30:00Z,
15.82,16.611,2024-10-05T19:30:00Z,2024-10-05T20:00:00Z,
15.12,15.876,2024-10-05T20:00:00Z,2024-10-05T20:30:00Z,
14.52,15.246,2024-10-05T20:30:00Z,2024-10-05T21:00:00Z,
11.51,12.0855,2024-10-05T21:00:00Z,2024-10-05T21:30:00Z,
5.04,5.292,2024-10-05T21:30:00Z,2024-10-05T22:00:00Z,
13.23,13.8915,2024-10-05T22:00:00Z,2024-10-05T22:30:00Z,
9.87,10.3635,2024-10-05T22:30:00Z,2024-10-05T23:00:00Z,
10.08,10.584,2024-10-05T23:00:00Z,2024-10-05T23:30:00Z,
9.92,10.416,2024-10-05T23:30:00Z,2024-10-06T00:00:00Z,
8.37,8.7885,2024-10-06T00:00:00Z,2024-10-06T00:30:00Z,
10.29,10.8045,2024-10-06T00:30:00Z,2024-10-06T01:00:00Z,
9.66,10.143,2024-10-06T01:00:00Z,2024-10-06T01:30:00Z,
8.21,8.6205,2024-10-06T01:30:00Z,2024-10-06T02:00:00Z,
9.24,9.702,2024-10-06T02:00:00Z,2024-10-06T02:30:00Z,
8.72,9.156,2024-10-06T02:30:00Z,2024-10-06T03:00:00Z,
9.34,9.807,2024-10-06T03:00:00Z,2024-10-06T03:30:00Z,
8.72,9.156,2024-10-06T03:30:00Z,2024-10-06T04:00:00Z,
9.66,10.143,2024-10-06T04:00:00Z,2024-10-06T04:30:00Z,
9.45,9.9225,2024-10-06T04:30:00Z,2024-10-06T05:00:00Z,
8.9,9.345,2024-10-06T05:00:00Z,2024-10-06T05:30:00Z,
12.1,12.705,2024-10-06T05:30:00Z,2024-10-06T06:00:00Z,
11.55,12.1275,2024-10-06T06:00:00Z,2024-10-06T06:30:00Z,
16.0,16.8,2024-10-06T06:30:00Z,2024-10-06T07:00:00Z,
11.55,12.1275,2024-10-06T07:00:00Z,2024-10-06T07:30:00Z,
13.61,14.2905,2024-10-06T07:30:00Z,2024-10-06T08:00:00Z,
17.85,18.7425,2024-10-06T08:00:00Z,2024-10-06T08:30:00Z,
18.27,19.1835,2024-10-06T08:30:00Z,2024-10-06T09:00:00Z,
19.74,20.727,2024-10-06T09:00:00Z,2024-10-06T09:30:00Z,
18.95,19.8975,2024-10-06T09:30:00Z,2024-10-06T10:00:00Z,
17.91,18.8055,2024-10-06T10:00:00Z,2024-10-06T10:30:00Z,
18.48,19.404,2024-10-06T10:30:00Z,2024-10-06T11:00:00Z,
20.17,21.1785,2024-10-06T11:00:00Z,2024-10-06T11:30:00Z,
19.52,20.496,2024-10-06T11:30:00Z,2024-10-06T12:00:00Z,
18.38,19.299,2024-10-06T12:00:00Z,2024-10-06T12:30:00Z,
17.81,18.7005,2024-10-06T12:30:00Z,2024-10-06T13:00:00Z,
17.93,18.8265,2024-10-06T13:00:00Z,2024-10-06T13:30:00Z,
19.32,20.286,2024-10-06T13:30:00Z,2024-10-06T14:00:00Z,
17.85,18.7425,2024-10-06T14:00:00Z,2024-10-06T14:30:00Z,
18.16,19.068,2024-10-06T14:30:00Z,2024-10-06T15:00:00Z,
30.72,32.256,2024-10-06T15:00:00Z,2024-10-06T15:30:00Z,
33.37,35.0385,2024-10-06T15:30:00Z,2024-10-06T16:00:00Z,
34.58,36.309,2024-10-06T16:00:00Z,2024-10-06T16:30:00Z,
36.35,38.1675,2024-10-06T16:30:00Z,2024-10-06T17:00:00Z,
36.62,38.451,2024-10-06T17:00:00Z,2024-10-06T17:30:00Z,
36.7,38.535,2024-10-06T17:30:00Z,2024-10-06T18:00:00Z,
23.31,24.4755,2024-10-06T18:00:00Z,2024-10-06T18:30:00Z,
20.53,21.5565,2024-10-06T18:30:00Z,2024-10-06T19:00:00Z,
21.04,22.092,2024-10-06T19:00:00Z,2024-10-06T19:30:00Z,
17.85,18.7425,2024-10-06T19:30:00Z,2024-10-06T20:00:00Z,
19.24,20.202,2024-10-06T20:00:00Z,2024-10-06T20:30:00Z,
15.75,16.5375,2024-10-06T20:30:00Z,2024-10-06T21:00:00Z,
17.01,17.8605,2024-10-06T21:00:00Z,2024-10-06T21:30:00Z,
16.59,17.4195,2024-10-06T21:30:00Z,2024-10-06T22:00:00Z,
17.01,17.8605,2024-10-06T22:00:00Z,2024-10-06T22:30:00Z,
15.58,16.359,2024-10-06T22:30:00Z,2024-10-06T23:00:00Z,
11.76,12.348,2024-10-06T23:00:00Z,2024-10-06T23:30:00Z,
12.7,13.335,2024-10-06T23:30:00Z,2024-10-07T00:00:00Z,
11.76,12.348,2024-10-07T00:00:00Z,2024-10-07T00:30:00Z,
13.23,13.8915,2024-10-07T00:30:00Z,2024-10-07T01:00:00Z,
14.7,15.435,2024-10-07T01:00:00Z,2024-10-07T01:30:00Z,
14.01,14.7105,2024-10-07T01:30:00Z,2024-10-07T02:00:00Z,
14.49,15.2145,2024-10-07T02:00:00Z,2024-10-07T02:30:00Z,
14.12,14.826,2024-10-07T02:30:00Z,2024-10-07T03:00:00Z,
13.96,14.658,2024-10-07T03:00:00Z,2024-10-07T03:30:00Z,
13.36,14.028,2024-10-07T03:30:00Z,2024-10-07T04:00:00Z,
11.72,12.306,2024-10-07T04:00:00Z,2024-10-07T04:30:00Z,
14.7,15.435,2024-10-07T04:30:00Z,2024-10-07T05:00:00Z,
15.54,16.317,2024-10-07T05:00:00Z,2024-10-07T05:30:00Z,
18.06,18.963,2024-10-07T05:30:00Z,2024-10-07T06:00:00Z,
18.27,19.1835,2024-10-07T06:00:00Z,2024-10-07T06:30:00Z,
20.56,21.588,2024-10-07T06:30:00Z,2024-10-07T07:00:00Z,
21.17,22.2285,2024-10-07T07:00:00Z,2024-10-07T07:30:00Z,
21.0,22.05,2024-10-07T07:30:00Z,2024-10-07T08:00:00Z,
20.79,21.8295,2024-10-07T08:00:00Z,2024-10-07T08:30:00Z,
17.85,18.7425,2024-10-07T08:30:00Z,2024-10-07T09:00:00Z,
19.46,20.433,2024-10-07T09:00:00Z,2024-10-07T09:30:00Z,
19.11,20.0655,2024-10-07T09:30:00Z,2024-10-07T10:00:00Z,
18.48,19.404,2024-10-07T10:00:00Z,2024-10-07T10:30:00Z,
17.89,18.7845,2024-10-07T10:30:00Z,2024-10-07T11:00:00Z,
17.49,18.3645,2024-10-07T11:00:00Z,2024-10-07T11:30:00Z,
17.65,18.5325,2024-10-07T11:30:00Z,2024-10-07T12:00:00Z,
18.18,19.089,2024-10-07T12:00:00Z,2024-10-07T12:30:00Z,
17.85,18.7425,2024-10-07T12:30:00Z,2024-10-07T13:00:00Z,
17.85,18.7425,2024-10-07T13:00:00Z,2024-10-07T13:30:00Z,
17.96,18.858,2024-10-07T13:30:00Z,2024-10-07T14:00:00Z,
18.69,19.6245,2024-10-07T14:00:00Z,2024-10-07T14:30:00Z,
18.69,19.6245,2024-10-07T14:30:00Z,2024-10-07T15:00:00Z,
32.45,34.0725,2024-10-07T15:00:00Z,2024-10-07T15:30:00Z,
37.78,39.669,2024-10-07T15:30:00Z,2024-10-07T16:00:00Z,
41.35,43.4175,2024-10-07T16:00:00Z,2024-10-07T16:30:00Z,
44.55,46.7775,2024-10-07T16:30:00Z,2024-10-07T17:00:00Z,
46.6,48.93,2024-10-07T17:00:00Z,2024-10-07T17:30:00Z,
47.65,50.0325,2024-10-07T17:30:00Z,2024-10-07T18:00:00Z,
26.69,28.0245,2024-10-07T18:00:00Z,2024-10-07T18:30:00Z,
23.1,24.255,2024-10-07T18:30:00Z,2024-10-07T19:00:00Z,
20.28,21.294,2024-10-07T19:00:00Z,2024-10-07T19:30:00Z,
16.68,17.514,2024-10-07T19:30:00Z,2024-10-07T20:00:00Z,
19.95,20.9475,2024-10-07T20:00:00Z,2024-10-07T20:30:00Z,
18.01,18.9105,2024-10-07T20:30:00Z,2024-10-07T21:00:00Z,
17.85,18.7425,2024-10-07T21:00:00Z,2024-10-07T21:30:00Z,
17.43,18.3015,2024-10-07T21:30:00Z,2024-10-07T22:00:00Z,
18.9,19.845,2024-10-07T22:00:00Z,2024-10-07T22:30:00Z,
19.32,20.286,2024-10-07T22:30:00Z,2024-10-07T23:00:00Z,
19.24,20.202,2024-10-07T23:00:00Z,2024-10-07T23:30:00Z,
18.37,19.2885,2024-10-07T23:30:00Z,2024-10-08T00:00:00Z,
17.64,18.522,2024-10-08T00:00:00Z,2024-10-08T00:30:00Z,
17.49,18.3645,2024-10-08T00:30:00Z,2024-10-08T01:00:00Z,
15.97,16.7685,2024-10-08T01:00:00Z,2024-10-08T01:30:00Z,
14.28,14.994,2024-10-08T01:30:00Z,2024-10-08T02:00:00Z,
15.25,16.0125,2024-10-08T02:00:00Z,2024-10-08T02:30:00Z,
13.65,14.3325,2024-10-08T02:30:00Z,2024-10-08T03:00:00Z,
15.54,16.317,2024-10-08T03:00:00Z,2024-10-08T03:30:00Z,
14.7,15.435,2024-10-08T03:30:00Z,2024-10-08T04:00:00Z,
14.7,15.435,2024-10-08T04:00:00Z,2024-10-08T04:30:00Z,
14.91,15.6555,2024-10-08T04:30:00Z,2024-10-08T05:00:00Z,
16.34,17.157,2024-10-08T05:00:00Z,2024-10-08T05:30:00Z,
18.69,19.6245,2024-10-08T05:30:00Z,2024-10-08T06:00:00Z,
18.98,19.929,2024-10-08T06:00:00Z,2024-10-08T06:30:00Z,
22.59,23.7195,2024-10-08T06:30:00Z,2024-10-08T07:00:00Z,
23.65,24.8325,2024-10-08T07:00:00Z,2024-10-08T07:30:00Z,
21.57,22.6485,2024-10-08T07:30:00Z,2024-10-08T08:00:00Z,
22.59,23.7195,2024-10-08T08:00:00Z,2024-10-08T08:30:00Z,
20.37,21.3885,2024-10-08T08:30:00Z,2024-10-08T09:00:00Z,
20.9,21.945,2024-10-08T09:00:00Z,2024-10-08T09:30:00Z,
18.84,19.782,2024-10-08T09:30:00Z,2024-10-08T10:00:00Z,
18.8,19.74,2024-10-08T10:00:00Z,2024-10-08T10:30:00Z,
17.43,18.3015,2024-10-08T10:30:00Z,2024-10-08T11:00:00Z,
16.7,17.535,2024-10-08T11:00:00Z,2024-10-08T11:30:00Z,
15.71,16.4955,2024-10-08T11:30:00Z,2024-10-08T12:00:00Z,
15.96,16.758,2024-10-08T12:00:00Z,2024-10-08T12:30:00Z,
15.66,16.443,2024-10-08T12:30:00Z,2024-10-08T13:00:00Z,
15.33,16.0965,2024-10-08T13:00:00Z,2024-10-08T13:30:00Z,
15.33,16.0965,2024-10-08T13:30:00Z,2024-10-08T14:00:00Z,
15.54,16.317,2024-10-08T14:00:00Z,2024-10-08T14:30:00Z,
17.26,18.123,2024-10-08T14:30:00Z,2024-10-08T15:00:00Z,
31.9,33.495,2024-10-08T15:00:00Z,2024-10-08T15:30:00Z,
34.25,35.9625,2024-10-08T15:30:00Z,2024-10-08T16:00:00Z,
38.2,40.11,2024-10-08T16:00:00Z,2024-10-08T16:30:00Z,
39.46,41.433,2024-10-08T16:30:00Z,2024-10-08T17:00:00Z,
38.1,40.005,2024-10-08T17:00:00Z,2024-10-08T17:30:00Z,
38.41,40.3305,2024-10-08T17:30:00Z,2024-10-08T18:00:00Z,
21.36,22.428,2024-10-08T18:00:00Z,2024-10-08T18:30:00Z,
18.98,19.929,2024-10-08T18:30:00Z,2024-10-08T19:00:00Z,
17.01,17.8605,2024-10-08T19:00:00Z,2024-10-08T19:30:00Z,
18.35,19.2675,2024-10-08T19:30:00Z,2024-10-08T20:00:00Z,
17.65,18.5325,2024-10-08T20:00:00Z,2024-10-08T20:30:00Z,
17.24,18.102,2024-10-08T20:30:00Z,2024-10-08T21:00:00Z,
16.38,17.199,2024-10-08T21:00:00Z,2024-10-08T21:30:00Z,
15.33,16.0965,2024-10-08T21:30:00Z,2024-10-08T22:00:00Z,
16.38,17.199,2024-10-08T22:00:00Z,2024-10-08T22:30:00Z,
12.67,13.3035,2024-10-08T22:30:00Z,2024-10-08T23:00:00Z,
12.6,13.23,2024-10-08T23:00:00Z,2024-10-08T23:30:00Z,
10.3,10.815,2024-10-08T23:30:00Z,2024-10-09T00:00:00Z,
11.62,12.201,2024-10-09T00:00:00Z,2024-10-09T00:30:00Z,
11.76,12.348,2024-10-09T00:30:00Z,2024-10-09T01:00:00Z,
11.76,12.348,2024-10-09T01:00:00Z,2024-10-09T01:30:00Z,
9.89,10.3845,2024-10-09T01:30:00Z,2024-10-09T02:00:00Z,
10.45,10.9725,2024-10-09T02:00:00Z,2024-10-09T02:30:00Z,
10.44,10.962,2024-10-09T02:30:00Z,2024-10-09T03:00:00Z,
11.55,12.1275,2024-10-09T03:00:00Z,2024-10-09T03:30:00Z,
11.55,12.1275,2024-10-09T03:30:00Z,2024-10-09T04:00:00Z,
13.15,13.8075,2024-10-09T04:00:00Z,2024-10-09T04:30:00Z,
15.16,15.918,2024-10-09T04:30:00Z,2024-10-09T05:00:00Z,
17.1,17.955,2024-10-09T05:00:00Z,2024-10-09T05:30:00Z,
17.64,18.522,2024-10-09T05:30:00Z,2024-10-09T06:00:00Z,
15.95,16.7475,2024-10-09T06:00:00Z,2024-10-09T06:30:00Z,
19.68,20.664,2024-10-09T06:30:00Z,2024-10-09T07:00:00Z,
21.0,22.05,2024-10-09T07:00:00Z,2024-10-09T07:30:00Z,
20.79,21.8295,2024-10-09T07:30:00Z,2024-10-09T08:00:00Z,
21.06,22.113,2024-10-09T08:00:00Z,2024-10-09T08:30:00Z,
20.92,21.966,2024-10-09T08:30:00Z,2024-10-09T09:00:00Z,
20.79,21.8295,2024-10-09T09:00:00Z,2024-10-09T09:30:00Z,
19.72,20.706,2024-10-09T09:30:00Z,2024-10-09T10:00:00Z,
18.05,18.9525,2024-10-09T10:00:00Z,2024-10-09T10:30:00Z,
17.85,18.7425,2024-10-09T10:30:00Z,2024-10-09T11:00:00Z,
17.16,18.018,2024-10-09T11:00:00Z,2024-10-09T11:30:00Z,
15.96,16.758,2024-10-09T11:30:00Z,2024-10-09T12:00:00Z,
16.59,17.4195,2024-10-09T12:00:00Z,2024-10-09T12:30:00Z,
15.04,15.792,2024-10-09T12:30:00Z,2024-10-09T13:00:00Z,
15.04,15.792,2024-10-09T13:00:00Z,2024-10-09T13:30:00Z,
15.04,15.792,2024-10-09T13:30:00Z,2024-10-09T14:00:00Z,
14.93,15.6765,2024-10-09T14:00:00Z,2024-10-09T14:30:00Z,
16.84,17.682,2024-10-09T14:30:00Z,2024-10-09T15:00:00Z,
30.01,31.5105,2024-10-09T15:00:00Z,2024-10-09T15:30:00Z,
33.58,35.259,2024-10-09T15:30:00Z,2024-10-09T16:00:00Z,
34.0,35.7,2024-10-09T16:00:00Z,2024-10-09T16:30:00Z,
35.34,37.107,2024-10-09T16:30:00Z,2024-10-09T17:00:00Z,
34.84,36.582,2024-10-09T17:00:00Z,2024-10-09T17:30:00Z,
35.89,37.6845,2024-10-09T17:30:00Z,2024-10-09T18:00:00Z,
20.41,21.4305,2024-10-09T18:00:00Z,2024-10-09T18:30:00Z,
17.85,18.7425,2024-10-09T18:30:00Z,2024-10-09T19:00:00Z,
17.88,18.774,2024-10-09T19:00:00Z,2024-10-09T19:30:00Z,
17.22,18.081,2024-10-09T19:30:00Z,2024-10-09T20:00:00Z,
18.98,19.929,2024-10-09T20:00:00Z,2024-10-09T20:30:00Z,
16.31,17.1255,2024-10-09T20:30:00Z,2024-10-09T21:00:00Z,
16.4,17.22,2024-10-09T21:00:00Z,2024-10-09T21:30:00Z,
12.62,13.251,2024-10-09T21:30:00Z,2024-10-09T22:00:00Z,
13.79,14.4795,2024-10-09T22:00:00Z,2024-10-09T22:30:00Z,
7.7,8.085,2024-10-09T22:30:00Z,2024-10-09T23:00:00Z,
6.51,6.8355,2024-10-09T23:00:00Z,2024-10-09T23:30:00Z,
8.4,8.82,2024-10-09T23:30:00Z,2024-10-10T00:00:00Z,
6.3,6.615,2024-10-10T00:00:00Z,2024-10-10T00:30:00Z,
6.93,7.2765,2024-10-10T00:30:00Z,2024-10-10T01:00:00Z,
6.3,6.615,2024-10-10T01:00:00Z,2024-10-10T01:30:00Z,
5.67,5.9535,2024-10-10T01:30:00Z,2024-10-10T02:00:00Z,
5.88,6.174,2024-10-10T02:00:00Z,2024-10-10T02:30:00Z,
4.53,4.7565,2024-10-10T02:30:00Z,2024-10-10T03:00:00Z,
6.09,6.3945,2024-10-10T03:00:00Z,2024-10-10T03:30:00Z,
6.51,6.8355,2024-10-10T03:30:00Z,2024-10-10T04:00:00Z,
9.35,9.8175,2024-10-10T04:00:00Z,2024-10-10T04:30:00Z,
12.5,13.125,2024-10-10T04:30:00Z,2024-10-10T05:00:00Z,
14.1,14.805,2024-10-10T05:00:00Z,2024-10-10T05:30:00Z,
15.96,16.758,2024-10-10T05:30:00Z,2024-10-10T06:00:00Z,
17.68,18.564,2024-10-10T06:00:00Z,2024-10-10T06:30:00Z,
20.16,21.168,2024-10-10T06:30:00Z,2024-10-10T07:00:00Z,
21.36,22.428,2024-10-10T07:00:00Z,2024-10-10T07:30:00Z,
20.14,21.147,2024-10-10T07:30:00Z,2024-10-10T08:00:00Z,
21.84,22.932,2024-10-10T08:00:00Z,2024-10-10T08:30:00Z,
20.37,21.3885,2024-10-10T08:30:00Z,2024-10-10T09:00:00Z,
19.26,20.223,2024-10-10T09:00:00Z,2024-10-10T09:30:00Z,
16.29,17.1045,2024-10-10T09:30:00Z,2024-10-10T10:00:00Z,
17.64,18.522,2024-10-10T10:00:00Z,2024-10-10T10:30:00Z,
16.53,17.3565,2024-10-10T10:30:00Z,2024-10-10T11:00:00Z,
16.25,17.0625,2024-10-10T11:00:00Z,2024-10-10T11:30:00Z,
16.17,16.9785,2024-10-10T11:30:00Z,2024-10-10T12:00:00Z,
15.75,16.5375,2024-10-10T12:00:00Z,2024-10-10T12:30:00Z,
14.91,15.6555,2024-10-10T12:30:00Z,2024-10-10T13:00:00Z,
15.75,16.5375,2024-10-10T13:00:00Z,2024-10-10T13:30:00Z,
15.54,16.317,2024-10-10T13:30:00Z,2024-10-10T14:00:00Z,
15.02,15.771,2024-10-10T14:00:00Z,2024-10-10T14:30:00Z,
15.75,16.5375,2024-10-10T14:30:00Z,2024-10-10T15:00:00Z,
27.49,28.8645,2024-10-10T15:00:00Z,2024-10-10T15:30:00Z,
33.06,34.713,2024-10-10T15:30:00Z,2024-10-10T16:00:00Z,
31.46,33.033,2024-10-10T16:00:00Z,2024-10-10T16:30:00Z,
35.16,36.918,2024-10-10T16:30:00Z,2024-10-10T17:00:00Z,
37.26,39.123,2024-10-10T17:00:00Z,2024-10-10T17:30:00Z,
39.16,41.118,2024-10-10T17:30:00Z,2024-10-10T18:00:00Z,
24.0,25.2,2024-10-10T18:00:00Z,2024-10-10T18:30:00Z,
21.16,22.218,2024-10-10T18:30:00Z,2024-10-10T19:00:00Z,
20.79,21.8295,2024-10-10T19:00:00Z,2024-10-10T19:30:00Z,
16.8,17.64,2024-10-10T19:30:00Z,2024-10-10T20:00:00Z,
17.44,18.312,2024-10-10T20:00:00Z,2024-10-10T20:30:00Z,
16.96,17.808,2024-10-10T20:30:00Z,2024-10-10T21:00:00Z,
18.94,19.887,2024-10-10T21:00:00Z,2024-10-10T21:30:00Z,
13.86,14.553,2024-10-10T21:30:00Z,2024-10-10T22:00:00Z,
18.69,19.6245,2024-10-10T22:00:00Z,2024-10-10T22:30:00Z,
19.03,19.9815,2024-10-10T22:30:00Z,2024-10-10T23:00:00Z,
17.85,18.7425,2024-10-10T23:00:00Z,2024-10-10T23:30:00Z,
17.17,18.0285,2024-10-10T23:30:00Z,2024-10-11T00:00:00Z,
14.43,15.1515,2024-10-11T00:00:00Z,2024-10-11T00:30:00Z,
14.62,15.351,2024-10-11T00:30:00Z,2024-10-11T01:00:00Z,
14.7,15.435,2024-10-11T01:00:00Z,2024-10-11T01:30:00Z,
14.44,15.162,2024-10-11T01:30:00Z,2024-10-11T02:00:00Z,
14.68,15.414,2024-10-11T02:00:00Z,2024-10-11T02:30:00Z,
14.76,15.498,2024-10-11T02:30:00Z,2024-10-11T03:00:00Z,
15.12,15.876,2024-10-11T03:00:00Z,2024-10-11T03:30:00Z,
14.51,15.2355,2024-10-11T03:30:00Z,2024-10-11T04:00:00Z,
15.96,16.758,2024-10-11T04:00:00Z,2024-10-11T04:30:00Z,
15.96,16.758,2024-10-11T04:30:00Z,2024-10-11T05:00:00Z,
20.66,21.693,2024-10-11T05:00:00Z,2024-10-11T05:30:00Z,
23.47,24.6435,2024-10-11T05:30:00Z,2024-10-11T06:00:00Z,
23.6,24.78,2024-10-11T06:00:00Z,2024-10-11T06:30:00Z,
28.14,29.547,2024-10-11T06:30:00Z,2024-10-11T07:00:00Z,
23.52,24.696,2024-10-11T07:00:00Z,2024-10-11T07:30:00Z,
22.58,23.709,2024-10-11T07:30:00Z,2024-10-11T08:00:00Z,
24.36,25.578,2024-10-11T08:00:00Z,2024-10-11T08:30:00Z,
22.05,23.1525,2024-10-11T08:30:00Z,2024-10-11T09:00:00Z,
18.06,18.963,2024-10-11T09:00:00Z,2024-10-11T09:30:00Z,
15.54,16.317,2024-10-11T09:30:00Z,2024-10-11T10:00:00Z,
16.38,17.199,2024-10-11T10:00:00Z,2024-10-11T10:30:00Z,
15.55,16.3275,2024-10-11T10:30:00Z,2024-10-11T11:00:00Z,
16.21,17.0205,2024-10-11T11:00:00Z,2024-10-11T11:30:00Z,
15.55,16.3275,2024-10-11T11:30:00Z,2024-10-11T12:00:00Z,
15.54,16.317,2024-10-11T12:00:00Z,2024-10-11T12:30:00Z,
15.54,16.317,2024-10-11T12:30:00Z,2024-10-11T13:00:00Z,
15.71,16.4955,2024-10-11T13:00:00Z,2024-10-11T13:30:00Z,
15.75,16.5375,2024-10-11T13:30:00Z,2024-10-11T14:00:00Z,
15.45,16.2225,2024-10-11T14:00:00Z,2024-10-11T14:30:00Z,
16.52,17.346,2024-10-11T14:30:00Z,2024-10-11T15:00:00Z,
29.36,30.828,2024-10-11T15:00:00Z,2024-10-11T15:30:00Z,
33.37,35.0385,2024-10-11T15:30:00Z,2024-10-11T16:00:00Z,
37.32,39.186,2024-10-11T16:00:00Z,2024-10-11T16:30:00Z,
40.07,42.0735,2024-10-11T16:30:00Z,2024-10-11T17:00:00Z,
40.15,42.1575,2024-10-11T17:00:00Z,2024-10-11T17:30:00Z,
42.25,44.3625,2024-10-11T17:30:00Z,2024-10-11T18:00:00Z,
25.2,26.46,2024-10-11T18:00:00Z,2024-10-11T18:30:00Z,
21.84,22.932,2024-10-11T18:30:00Z,2024-10-11T19:00:00Z,
17.86,18.753,2024-10-11T19:00:00Z,2024-10-11T19:30:00Z,
14.7,15.435,2024-10-11T19:30:00Z,2024-10-11T20:00:00Z,
18.35,19.2675,2024-10-11T20:00:00Z,2024-10-11T20:30:00Z,
18.48,19.404,2024-10-11T20:30:00Z,2024-10-11T21:00:00Z,
17.14,17.997,2024-10-11T21:00:00Z,2024-10-11T21:30:00Z,
16.59,17.4195,2024-10-11T21:30:00Z,2024-10-11T22:00:00Z,
18.06,18.963,2024-10-11T22:00:00Z,2024-10-11T22:30:00Z,
15.96,16.758,2024-10-11T22:30:00Z,2024-10-11T23:00:00Z,
17.64,18.522,2024-10-11T23:00:00Z,2024-10-11T23:30:00Z,
17.59,18.4695,2024-10-11T23:30:00Z,2024-10-12T00:00:00Z,
16.38,17.199,2024-10-12T00:00:00Z,2024-10-12T00:30:00Z,
17.2,18.06,2024-10-12T00:30:00Z,2024-10-12T01:00:00Z,
15.75,16.5375,2024-10-12T01:00:00Z,2024-10-12T01:30:00Z,
13.02,13.671,2024-10-12T01:30:00Z,2024-10-12T02:00:00Z,
13.86,14.553,2024-10-12T02:00:00Z,2024-10-12T02:30:00Z,
13.02,13.671,2024-10-12T02:30:00Z,2024-10-12T03:00:00Z,
13.3,13.965,2024-10-12T03:00:00Z,2024-10-12T03:30:00Z,
12.26,12.873,2024-10-12T03:30:00Z,2024-10-12T04:00:00Z,
10.92,11.466,2024-10-12T04:00:00Z,2024-10-12T04:30:00Z,
11.76,12.348,2024-10-12T04:30:00Z,2024-10-12T05:00:00Z,
14.28,14.994,2024-10-12T05:00:00Z,2024-10-12T05:30:00Z,
17.22,18.081,2024-10-12T05:30:00Z,2024-10-12T06:00:00Z,
16.66,17.493,2024-10-12T06:00:00Z,2024-10-12T06:30:00Z,
19.74,20.727,2024-10-12T06:30:00Z,2024-10-12T07:00:00Z,
18.72,19.656,2024-10-12T07:00:00Z,2024-10-12T07:30:00Z,
20.65,21.6825,2024-10-12T07:30:00Z,2024-10-12T08:00:00Z,
22.81,23.9505,2024-10-12T08:00:00Z,2024-10-12T08:30:00Z,
21.4,22.47,2024-10-12T08:30:00Z,2024-10-12T09:00:00Z,
20.79,21.8295,2024-10-12T09:00:00Z,2024-10-12T09:30:00Z,
18.69,19.6245,2024-10-12T09:30:00Z,2024-10-12T10:00:00Z,
17.85,18.7425,2024-10-12T10:00:00Z,2024-10-12T10:30:00Z,
17.49,18.3645,2024-10-12T10:30:00Z,2024-10-12T11:00:00Z,
16.8,17.64,2024-10-12T11:00:00Z,2024-10-12T11:30:00Z,
16.21,17.0205,2024-10-12T11:30:00Z,2024-10-12T12:00:00Z,
16.38,17.199,2024-10-12T12:00:00Z,2024-10-12T12:30:00Z,
14.03,14.7315,2024-10-12T12:30:00Z,2024-10-12T13:00:00Z,
12.6,13.23,2024-10-12T13:00:00Z,2024-10-12T13:30:00Z,
12.6,13.23,2024-10-12T13:30:00Z,2024-10-12T14:00:00Z,
13.23,13.8915,2024-10-12T14:00:00Z,2024-10-12T14:30:00Z,
13.14,13.797,2024-10-12T14:30:00Z,2024-10-12T15:00:00Z,
27.7,29.085,2024-10-12T15:00:00Z,2024-10-12T15:30:00Z,
31.06,32.613,2024-10-12T15:30:00Z,2024-10-12T16:00:00Z,
31.06,32.613,2024-10-12T16:00:00Z,2024-10-12T16:30:00Z,
34.84,36.582,2024-10-12T16:30:00Z,2024-10-12T17:00:00Z,
35.74,37.527,2024-10-12T17:00:00Z,2024-10-12T17:30:00Z,
36.44,38.262,2024-10-12T17:30:00Z,2024-10-12T18:00:00Z,
22.05,23.1525,2024-10-12T18:00:00Z,2024-10-12T18:30:00Z,
17.01,17.8605,2024-10-12T18:30:00Z,2024-10-12T19:00:00Z,
17.43,18.3015,2024-10-12T19:00:00Z,2024-10-12T19:30:00Z,
11.97,12.5685,2024-10-12T19:30:00Z,2024-10-12T20:00:00Z,
9.47,9.9435,2024-10-12T20:00:00Z,2024-10-12T20:30:00Z,
7.06,7.413,2024-10-12T20:30:00Z,2024-10-12T21:00:00Z,
8.08,8.484,2024-10-12T21:00:00Z,2024-10-12T21:30:00Z,
5.48,5.754,2024-10-12T21:30:00Z,2024-10-12T22:00:00Z,
2.6,2.73,2024-10-12T22:00:00Z,2024-10-12T22:30:00Z,
-1.05,-1.1025,2024-10-12T22:30:00Z,2024-10-12T23:00:00Z,
-0.69,-0.7245,2024-10-12T23:00:00Z,2024-10-12T23:30:00Z,
0.27,0.2835,2024-10-12T23:30:00Z,2024-10-13T00:00:00Z,
-0.63,-0.6615,2024-10-13T00:00:00Z,2024-10-13T00:30:00Z,
0.57,0.5985,2024-10-13T00:30:00Z,2024-10-13T01:00:00Z,
-0.21,-0.2205,2024-10-13T01:00:00Z,2024-10-13T01:30:00Z,
-0.38,-0.399,2024-10-13T01:30:00Z,2024-10-13T02:00:00Z,
-1.05,-1.1025,2024-10-13T02:00:00Z,2024-10-13T02:30:00Z,
0.0,0.0,2024-10-13T02:30:00Z,2024-10-13T03:00:00Z,
0.0,0.0,2024-10-13T03:00:00Z,2024-10-13T03:30:00Z,
1.48,1.554,2024-10-13T03:30:00Z,2024-10-13T04:00:00Z,
0.19,0.1995,2024-10-13T04:00:00Z,2024-10-13T04:30:00Z,
4.22,4.431,2024-10-13T04:30:00Z,2024-10-13T05:00:00Z,
2.1,2.205,2024-10-13T05:00:00Z,2024-10-13T05:30:00Z,
8.04,8.442,2024-10-13T05:30:00Z,2024-10-13T06:00:00Z,
14.28,14.994,2024-10-13T06:00:00Z,2024-10-13T06:30:00Z,
14.49,15.2145,2024-10-13T06:30:00Z,2024-10-13T07:00:00Z,
16.8,17.64,2024-10-13T07:00:00Z,2024-10-13T07:30:00Z,
19.11,20.0655,2024-10-13T07:30:00Z,2024-10-13T08:00:00Z,
20.21,21.2205,2024-10-13T08:00:00Z,2024-10-13T08:30:00Z,
19.74,20.727,2024-10-13T08:30:00Z,2024-10-13T09:00:00Z,
17.83,18.7215,2024-10-13T09:00:00Z,2024-10-13T09:30:00Z,
17.14,17.997,2024-10-13T09:30:00Z,2024-10-13T10:00:00Z,
18.16,19.068,2024-10-13T10:00:00Z,2024-10-13T10:30:00Z,
16.87,17.7135,2024-10-13T10:30:00Z,2024-10-13T11:00:00Z,
19.53,20.5065,2024-10-13T11:00:00Z,2024-10-13T11:30:00Z,
17.85,18.7425,2024-10-13T11:30:00Z,2024-10-13T12:00:00Z,
19.93,20.9265,2024-10-13T12:00:00Z,2024-10-13T12:30:00Z,
19.03,19.9815,2024-10-13T12:30:00Z,2024-10-13T13:00:00Z,
18.94,19.887,2024-10-13T13:00:00Z,2024-10-13T13:30:00Z,
18.9,19.845,2024-10-13T13:30:00Z,2024-10-13T14:00:00Z,
17.87,18.7635,2024-10-13T14:00:00Z,2024-10-13T14:30:00Z,
19.02,19.971,2024-10-13T14:30:00Z,2024-10-13T15:00:00Z,
31.06,32.613,2024-10-13T15:00:00Z,2024-10-13T15:30:00Z,
36.52,38.346,2024-10-13T15:30:00Z,2024-10-13T16:00:00Z,
37.57,39.4485,2024-10-13T16:00:00Z,2024-10-13T16:30:00Z,
40.35,42.3675,2024-10-13T16:30:00Z,2024-10-13T17:00:00Z,
40.03,42.0315,2024-10-13T17:00:00Z,2024-10-13T17:30:00Z,
39.11,41.0655,2024-10-13T17:30:00Z,2024-10-13T18:00:00Z,
24.72,25.956,2024-10-13T18:00:00Z,2024-10-13T18:30:00Z,
22.01,23.1105,2024-10-13T18:30:00Z,2024-10-13T19:00:00Z,
21.84,22.932,2024-10-13T19:00:00Z,2024-10-13T19:30:00Z,
16.38,17.199,2024-10-13T19:30:00Z,2024-10-13T20:00:00Z,
17.72,18.606,2024-10-13T20:00:00Z,2024-10-13T20:30:00Z,
15.12,15.876,2024-10-13T20:30:00Z,2024-10-13T21:00:00Z,
18.82,19.761,2024-10-13T21:00:00Z,2024-10-13T21:30:00Z,
12.6,13.23,2024-10-13T21:30:00Z,2024-10-13T22:00:00Z,
19.53,20.5065,2024-10-13T22:00:00Z,2024-10-13T22:30:00Z,
18.21,19.1205,2024-10-13T22:30:00Z,2024-10-13T23:00:00Z,
17.64,18.522,2024-10-13T23:00:00Z,2024-10-13T23:30:00Z,
17.43,18.3015,2024-10-13T23:30:00Z,2024-10-14T00:00:00Z,
16.17,16.9785,2024-10-14T00:00:00Z,2024-10-14T00:30:00Z,
16.39,17.2095,2024-10-14T00:30:00Z,2024-10-14T01:00:00Z,
16.52,17.346,2024-10-14T01:00:00Z,2024-10-14T01:30:00Z,
16.17,16.9785,2024-10-14T01:30:00Z,2024-10-14T02:00:00Z,
16.15,16.9575,2024-10-14T02:00:00Z,2024-10-14T02:30:00Z,
15.02,15.771,2024-10-14T02:30:00Z,2024-10-14T03:00:00Z,
14.45,15.1725,2024-10-14T03:00:00Z,2024-10-14T03:30:00Z,
13.65,14.3325,2024-10-14T03:30:00Z,2024-10-14T04:00:00Z,
14.38,15.099,2024-10-14T04:00:00Z,2024-10-14T04:30:00Z,
14.18,14.889,2024-10-14T04:30:00Z,2024-10-14T05:00:00Z,
18.9,19.845,2024-10-14T05:00:00Z,2024-10-14T05:30:00Z,
20.16,21.168,2024-10-14T05:30:00Z,2024-10-14T06:00:00Z,
24.86,26.103,2024-10-14T06:00:00Z,2024-10-14T06:30:00Z,
27.4,28.77,2024-10-14T06:30:00Z,2024-10-14T07:00:00Z,
23.96,25.158,2024-10-14T07:00:00Z,2024-10-14T07:30:00Z,
25.54,26.817,2024-10-14T07:30:00Z,2024-10-14T08:00:00Z,
27.28,28.644,2024-10-14T08:00:00Z,2024-10-14T08:30:00Z,
26.25,27.5625,2024-10-14T08:30:00Z,2024-10-14T09:00:00Z,
26.25,27.5625,2024-10-14T09:00:00Z,2024-10-14T09:30:00Z,
25.62,26.901,2024-10-14T09:30:00Z,2024-10-14T10:00:00Z,
23.1,24.255,2024-10-14T10:00:00Z,2024-10-14T10:30:00Z,
21.84,22.932,2024-10-14T10:30:00Z,2024-10-14T11:00:00Z,
22.89,24.0345,2024-10-14T11:00:00Z,2024-10-14T11:30:00Z,
19.95,20.9475,2024-10-14T11:30:00Z,2024-10-14T12:00:00Z,
19.11,20.0655,2024-10-14T12:00:00Z,2024-10-14T12:30:00Z,
17.85,18.7425,2024-10-14T12:30:00Z,2024-10-14T13:00:00Z,
18.27,19.1835,2024-10-14T13:00:00Z,2024-10-14T13:30:00Z,
19.11,20.0655,2024-10-14T13:30:00Z,2024-10-14T14:00:00Z,
18.03,18.9315,2024-10-14T14:00:00Z,2024-10-14T14:30:00Z,
20.68,21.714,2024-10-14T14:30:00Z,2024-10-14T15:00:00Z,
40.3,42.315,2024-10-14T15:00:00Z,2024-10-14T15:30:00Z,
45.59,47.8695,2024-10-14T15:30:00Z,2024-10-14T16:00:00Z,
57.08,59.934,2024-10-14T16:00:00Z,2024-10-14T16:30:00Z,
63.82,67.011,2024-10-14T16:30:00Z,2024-10-14T17:00:00Z,
61.64,64.722,2024-10-14T17:00:00Z,2024-10-14T17:30:00Z,
65.71,68.9955,2024-10-14T17:30:00Z,2024-10-14T18:00:00Z,
36.33,38.1465,2024-10-14T18:00:00Z,2024-10-14T18:30:00Z,
31.29,32.8545,2024-10-14T18:30:00Z,2024-10-14T19:00:00Z,
24.14,25.347,2024-10-14T19:00:00Z,2024-10-14T19:30:00Z,
22.05,23.1525,2024-10-14T19:30:00Z,2024-10-14T20:00:00Z,
20.2,21.21,2024-10-14T20:00:00Z,2024-10-14T20:30:00Z,
17.64,18.522,2024-10-14T20:30:00Z,2024-10-14T21:00:00Z,
17.85,18.7425,2024-10-14T21:00:00Z,2024-10-14T21:30:00Z,
17.43,18.3015,2024-10-14T21:30:00Z,2024-10-14T22:00:00Z,
19.74,20.727,2024-10-14T22:00:00Z,2024-10-14T22:30:00Z,
19.74,20.727,2024-10-14T22:30:00Z,2024-10-14T23:00:00Z,
18.69,19.6245,2024-10-14T23:00:00Z,2024-10-14T23:30:00Z,
18.45,19.3725,2024-10-14T23:30:00Z,2024-10-15T00:00:00Z,
16.4,17.22,2024-10-15T00:00:00Z,2024-10-15T00:30:00Z,
16.8,17.64,2024-10-15T00:30:00Z,2024-10-15T01:00:00Z,
16.24,17.052,2024-10-15T01:00:00Z,2024-10-15T01:30:00Z,
16.24,17.052,2024-10-15T01:30:00Z,2024-10-15T02:00:00Z,
16.63,17.4615,2024-10-15T02:00:00Z,2024-10-15T02:30:00Z,
16.04,16.842,2024-10-15T02:30:00Z,2024-10-15T03:00:00Z,
17.22,18.081,2024-10-15T03:00:00Z,2024-10-15T03:30:00Z,
16.04,16.842,2024-10-15T03:30:00Z,2024-10-15T04:00:00Z,
19.5,20.475,2024-10-15T04:00:00Z,2024-10-15T04:30:00Z,
17.22,18.081,2024-10-15T04:30:00Z,2024-10-15T05:00:00Z,
21.0,22.05,2024-10-15T05:00:00Z,2024-10-15T05:30:00Z,
23.1,24.255,2024-10-15T05:30:00Z,2024-10-15T06:00:00Z,
24.15,25.3575,2024-10-15T06:00:00Z,2024-10-15T06:30:00Z,
27.44,28.812,2024-10-15T06:30:00Z,2024-10-15T07:00:00Z,
21.63,22.7115,2024-10-15T07:00:00Z,2024-10-15T07:30:00Z,
20.45,21.4725,2024-10-15T07:30:00Z,2024-10-15T08:00:00Z,
18.98,19.929,2024-10-15T08:00:00Z,2024-10-15T08:30:00Z,
17.49,18.3645,2024-10-15T08:30:00Z,2024-10-15T09:00:00Z,
16.59,17.4195,2024-10-15T09:00:00Z,2024-10-15T09:30:00Z,
15.33,16.0965,2024-10-15T09:30:00Z,2024-10-15T10:00:00Z,
16.89,17.7345,2024-10-15T10:00:00Z,2024-10-15T10:30:00Z,
16.38,17.199,2024-10-15T10:30:00Z,2024-10-15T11:00:00Z,
17.13,17.9865,2024-10-15T11:00:00Z,2024-10-15T11:30:00Z,
15.96,16.758,2024-10-15T11:30:00Z,2024-10-15T12:00:00Z,
16.38,17.199,2024-10-15T12:00:00Z,2024-10-15T12:30:00Z,
16.09,16.8945,2024-10-15T12:30:00Z,2024-10-15T13:00:00Z,
16.17,16.9785,2024-10-15T13:00:00Z,2024-10-15T13:30:00Z,
16.17,16.9785,2024-10-15T13:30:00Z,2024-10-15T14:00:00Z,
16.17,16.9785,2024-10-15T14:00:00Z,2024-10-15T14:30:00Z,
17.85,18.7425,2024-10-15T14:30:00Z,2024-10-15T15:00:00Z,
33.37,35.0385,2024-10-15T15:00:00Z,2024-10-15T15:30:00Z,
35.95,37.7475,2024-10-15T15:30:00Z,2024-10-15T16:00:00Z,
35.76,37.548,2024-10-15T16:00:00Z,2024-10-15T16:30:00Z,
37.15,39.0075,2024-10-15T16:30:00Z,2024-10-15T17:00:00Z,
33.16,34.818,2024-10-15T17:00:00Z,2024-10-15T17:30:00Z,
34.0,35.7,2024-10-15T17:30:00Z,2024-10-15T18:00:00Z,
19.03,19.9815,2024-10-15T18:00:00Z,2024-10-15T18:30:00Z,
18.06,18.963,2024-10-15T18:30:00Z,2024-10-15T19:00:00Z,
17.64,18.522,2024-10-15T19:00:00Z,2024-10-15T19:30:00Z,
17.58,18.459,2024-10-15T19:30:00Z,2024-10-15T20:00:00Z,
17.45,18.3225,2024-10-15T20:00:00Z,2024-10-15T20:30:00Z,
14.85,15.5925,2024-10-15T20:30:00Z,2024-10-15T21:00:00Z,
14.7,15.435,2024-10-15T21:00:00Z,2024-10-15T21:30:00Z,
11.97,12.5685,2024-10-15T21:30:00Z,2024-10-15T22:00:00Z,
9.66,10.143,2024-10-15T22:00:00Z,2024-10-15T22:30:00Z,
2.1,2.205,2024-10-15T22:30:00Z,2024-10-15T23:00:00Z,
2.6,2.73,2024-10-15T23:00:00Z,2024-10-15T23:30:00Z,
4.94,5.187,2024-10-15T23:30:00Z,2024-10-16T00:00:00Z,
1.89,1.9845,2024-10-16T00:00:00Z,2024-10-16T00:30:00Z,
3.15,3.3075,2024-10-16T00:30:00Z,2024-10-16T01:00:00Z,
3.15,3.3075,2024-10-16T01:00:00Z,2024-10-16T01:30:00Z,
0.48,0.504,2024-10-16T01:30:00Z,2024-10-16T02:00:00Z,
0.33,0.3465,2024-10-16T02:00:00Z,2024-10-16T02:30:00Z,
-1.05,-1.1025,2024-10-16T02:30:00Z,2024-10-16T03:00:00Z,
0.63,0.6615,2024-10-16T03:00:00Z,2024-10-16T03:30:00Z,
-1.39,-1.4595,2024-10-16T03:30:00Z,2024-10-16T04:00:00Z,
3.15,3.3075,2024-10-16T04:00:00Z,2024-10-16T04:30:00Z,
7.48,7.854,2024-10-16T04:30:00Z,2024-10-16T05:00:00Z,
6.55,6.8775,2024-10-16T05:00:00Z,2024-10-16T05:30:00Z,
13.23,13.8915,2024-10-16T05:30:00Z,2024-10-16T06:00:00Z,
14.53,15.2565,2024-10-16T06:00:00Z,2024-10-16T06:30:00Z,
16.46,17.283,2024-10-16T06:30:00Z,2024-10-16T07:00:00Z,
17.45,18.3225,2024-10-16T07:00:00Z,2024-10-16T07:30:00Z,
15.12,15.876,2024-10-16T07:30:00Z,2024-10-16T08:00:00Z,
18.14,19.047,2024-10-16T08:00:00Z,2024-10-16T08:30:00Z,
17.64,18.522,2024-10-16T08:30:00Z,2024-10-16T09:00:00Z,
18.9,19.845,2024-10-16T09:00:00Z,2024-10-16T09:30:00Z,
16.89,17.7345,2024-10-16T09:30:00Z,2024-10-16T10:00:00Z,
17.98,18.879,2024-10-16T10:00:00Z,2024-10-16T10:30:00Z,
17.64,18.522,2024-10-16T10:30:00Z,2024-10-16T11:00:00Z,
19.47,20.4435,2024-10-16T11:00:00Z,2024-10-16T11:30:00Z,
17.85,18.7425,2024-10-16T11:30:00Z,2024-10-16T12:00:00Z,
18.9,19.845,2024-10-16T12:00:00Z,2024-10-16T12:30:00Z,
18.19,19.0995,2024-10-16T12:30:00Z,2024-10-16T13:00:00Z,
18.85,19.7925,2024-10-16T13:00:00Z,2024-10-16T13:30:00Z,
19.32,20.286,2024-10-16T13:30:00Z,2024-10-16T14:00:00Z,
17.24,18.102,2024-10-16T14:00:00Z,2024-10-16T14:30:00Z,
19.32,20.286,2024-10-16T14:30:00Z,2024-10-16T15:00:00Z,
30.66,32.193,2024-10-16T15:00:00Z,2024-10-16T15:30:00Z,
32.53,34.1565,2024-10-16T15:30:00Z,2024-10-16T16:00:00Z,
32.13,33.7365,2024-10-16T16:00:00Z,2024-10-16T16:30:00Z,
35.47,37.2435,2024-10-16T16:30:00Z,2024-10-16T17:00:00Z,
35.89,37.6845,2024-10-16T17:00:00Z,2024-10-16T17:30:00Z,
36.2,38.01,2024-10-16T17:30:00Z,2024-10-16T18:00:00Z,
21.17,22.2285,2024-10-16T18:00:00Z,2024-10-16T18:30:00Z,
18.9,19.845,2024-10-16T18:30:00Z,2024-10-16T19:00:00Z,
18.92,19.866,2024-10-16T19:00:00Z,2024-10-16T19:30:00Z,
18.06,18.963,2024-10-16T19:30:00Z,2024-10-16T20:00:00Z,
17.64,18.522,2024-10-16T20:00:00Z,2024-10-16T20:30:00Z,
16.59,17.4195,2024-10-16T20:30:00Z,2024-10-16T21:00:00Z,
18.27,19.1835,2024-10-16T21:00:00Z,2024-10-16T21:30:00Z,
15.46,16.233,2024-10-16T21:30:00Z,2024-10-16T22:00:00Z,
17.85,18.7425,2024-10-16T22:00:00Z,2024-10-16T22:30:00Z,
16.8,17.64,2024-10-16T22:30:00Z,2024-10-16T23:00:00Z,
16.17,16.9785,2024-10-16T23:00:00Z,2024-10-16T23:30:00Z,
17.22,18.081,2024-10-16T23:30:00Z,2024-10-17T00:00:00Z,
16.77,17.6085,2024-10-17T00:00:00Z,2024-10-17T00:30:00Z,
16.8,17.64,2024-10-17T00:30:00Z,2024-10-17T01:00:00Z,
15.77,16.5585,2024-10-17T01:00:00Z,2024-10-17T01:30:00Z,
16.3,17.115,2024-10-17T01:30:00Z,2024-10-17T02:00:00Z,
15.29,16.0545,2024-10-17T02:00:00Z,2024-10-17T02:30:00Z,
14.96,15.708,2024-10-17T02:30:00Z,2024-10-17T03:00:00Z,
16.38,17.199,2024-10-17T03:00:00Z,2024-10-17T03:30:00Z,
14.91,15.6555,2024-10-17T03:30:00Z,2024-10-17T04:00:00Z,
16.38,17.199,2024-10-17T04:00:00Z,2024-10-17T04:30:00Z,
16.28,17.094,2024-10-17T04:30:00Z,2024-10-17T05:00:00Z,
17.4,18.27,2024-10-17T05:00:00Z,2024-10-17T05:30:00Z,
17.64,18.522,2024-10-17T05:30:00Z,2024-10-17T06:00:00Z,
18.06,18.963,2024-10-17T06:00:00Z,2024-10-17T06:30:00Z,
23.18,24.339,2024-10-17T06:30:00Z,2024-10-17T07:00:00Z,
23.86,25.053,2024-10-17T07:00:00Z,2024-10-17T07:30:00Z,
22.05,23.1525,2024-10-17T07:30:00Z,2024-10-17T08:00:00Z,
22.81,23.9505,2024-10-17T08:00:00Z,2024-10-17T08:30:00Z,
20.81,21.8505,2024-10-17T08:30:00Z,2024-10-17T09:00:00Z,
18.8,19.74,2024-10-17T09:00:00Z,2024-10-17T09:30:00Z,
16.42,17.241,2024-10-17T09:30:00Z,2024-10-17T10:00:00Z,
17.28,18.144,2024-10-17T10:00:00Z,2024-10-17T10:30:00Z,
15.96,16.758,2024-10-17T10:30:00Z,2024-10-17T11:00:00Z,
16.17,16.9785,2024-10-17T11:00:00Z,2024-10-17T11:30:00Z,
16.36,17.178,2024-10-17T11:30:00Z,2024-10-17T12:00:00Z,
16.49,17.3145,2024-10-17T12:00:00Z,2024-10-17T12:30:00Z,
16.4,17.22,2024-10-17T12:30:00Z,2024-10-17T13:00:00Z,
16.8,17.64,2024-10-17T13:00:00Z,2024-10-17T13:30:00Z,
16.38,17.199,2024-10-17T13:30:00Z,2024-10-17T14:00:00Z,
16.8,17.64,2024-10-17T14:00:00Z,2024-10-17T14:30:00Z,
16.8,17.64,2024-10-17T14:30:00Z,2024-10-17T15:00:00Z,
32.54,34.167,2024-10-17T15:00:00Z,2024-10-17T15:30:00Z,
34.66,36.393,2024-10-17T15:30:00Z,2024-10-17T16:00:00Z,
39.88,41.874,2024-10-17T16:00:00Z,2024-10-17T16:30:00Z,
41.76,43.848,2024-10-17T16:30:00Z,2024-10-17T17:00:00Z,
42.46,44.583,2024-10-17T17:00:00Z,2024-10-17T17:30:00Z,
46.12,48.426,2024-10-17T17:30:00Z,2024-10-17T18:00:00Z,
25.85,27.1425,2024-10-17T18:00:00Z,2024-10-17T18:30:00Z,
21.23,22.2915,2024-10-17T18:30:00Z,2024-10-17T19:00:00Z,
19.2,20.16,2024-10-17T19:00:00Z,2024-10-17T19:30:00Z,
18.27,19.1835,2024-10-17T19:30:00Z,2024-10-17T20:00:00Z,
18.69,19.6245,2024-10-17T20:00:00Z,2024-10-17T20:30:00Z,
18.9,19.845,2024-10-17T20:30:00Z,2024-10-17T21:00:00Z,
18.06,18.963,2024-10-17T21:00:00Z,2024-10-17T21:30:00Z,
15.08,15.834,2024-10-17T21:30:00Z,2024-10-17T22:00:00Z,
19.28,20.244,2024-10-17T22:00:00Z,2024-10-17T22:30:00Z,
18.88,19.824,2024-10-17T22:30:00Z,2024-10-17T23:00:00Z,
16.8,17.64,2024-10-17T23:00:00Z,2024-10-17T23:30:00Z,
16.76,17.598,2024-10-17T23:30:00Z,2024-10-18T00:00:00Z,
15.48,16.254,2024-10-18T00:00:00Z,2024-10-18T00:30:00Z,
16.65,17.4825,2024-10-18T00:30:00Z,2024-10-18T01:00:00Z,
16.19,16.9995,2024-10-18T01:00:00Z,2024-10-18T01:30:00Z,
15.86,16.653,2024-10-18T01:30:00Z,2024-10-18T02:00:00Z,
16.38,17.199,2024-10-18T02:00:00Z,2024-10-18T02:30:00Z,
15.96,16.758,2024-10-18T02:30:00Z,2024-10-18T03:00:00Z,
16.57,17.3985,2024-10-18T03:00:00Z,2024-10-18T03:30:00Z,
15.54,16.317,2024-10-18T03:30:00Z,2024-10-18T04:00:00Z,
16.17,16.9785,2024-10-18T04:00:00Z,2024-10-18T04:30:00Z,
15.75,16.5375,2024-10-18T04:30:00Z,2024-10-18T05:00:00Z,
18.19,19.0995,2024-10-18T05:00:00Z,2024-10-18T05:30:00Z,
22.05,23.1525,2024-10-18T05:30:00Z,2024-10-18T06:00:00Z,
21.42,22.491,2024-10-18T06:00:00Z,2024-10-18T06:30:00Z,
25.58,26.859,2024-10-18T06:30:00Z,2024-10-18T07:00:00Z,
20.96,22.008,2024-10-18T07:00:00Z,2024-10-18T07:30:00Z,
18.82,19.761,2024-10-18T07:30:00Z,2024-10-18T08:00:00Z,
17.22,18.081,2024-10-18T08:00:00Z,2024-10-18T08:30:00Z,
16.9,17.745,2024-10-18T08:30:00Z,2024-10-18T09:00:00Z,
16.93,17.7765,2024-10-18T09:00:00Z,2024-10-18T09:30:00Z,
14.62,15.351,2024-10-18T09:30:00Z,2024-10-18T10:00:00Z,
15.5,16.275,2024-10-18T10:00:00Z,2024-10-18T10:30:00Z,
15.12,15.876,2024-10-18T10:30:00Z,2024-10-18T11:00:00Z,
15.54,16.317,2024-10-18T11:00:00Z,2024-10-18T11:30:00Z,
15.13,15.8865,2024-10-18T11:30:00Z,2024-10-18T12:00:00Z,
15.75,16.5375,2024-10-18T12:00:00Z,2024-10-18T12:30:00Z,
15.54,16.317,2024-10-18T12:30:00Z,2024-10-18T13:00:00Z,
14.72,15.456,2024-10-18T13:00:00Z,2024-10-18T13:30:00Z,
14.7,15.435,2024-10-18T13:30:00Z,2024-10-18T14:00:00Z,
16.26,17.073,2024-10-18T14:00:00Z,2024-10-18T14:30:00Z,
16.54,17.367,2024-10-18T14:30:00Z,2024-10-18T15:00:00Z,
31.06,32.613,2024-10-18T15:00:00Z,2024-10-18T15:30:00Z,
33.47,35.1435,2024-10-18T15:30:00Z,2024-10-18T16:00:00Z,
33.48,35.154,2024-10-18T16:00:00Z,2024-10-18T16:30:00Z,
36.19,37.9995,2024-10-18T16:30:00Z,2024-10-18T17:00:00Z,
36.18,37.989,2024-10-18T17:00:00Z,2024-10-18T17:30:00Z,
37.99,39.8895,2024-10-18T17:30:00Z,2024-10-18T18:00:00Z,
18.27,19.1835,2024-10-18T18:00:00Z,2024-10-18T18:30:00Z,
17.84,18.732,2024-10-18T18:30:00Z,2024-10-18T19:00:00Z,
17.62,18.501,2024-10-18T19:00:00Z,2024-10-18T19:30:00Z,
18.31,19.2255,2024-10-18T19:30:00Z,2024-10-18T20:00:00Z,
19.48,20.454,2024-10-18T20:00:00Z,2024-10-18T20:30:00Z,
18.27,19.1835,2024-10-18T20:30:00Z,2024-10-18T21:00:00Z,
17.17,18.0285,2024-10-18T21:00:00Z,2024-10-18T21:30:00Z,
13.88,14.574,2024-10-18T21:30:00Z,2024-10-18T22:00:00Z,
15.12,15.876,2024-10-18T22:00:00Z,2024-10-18T22:30:00Z,
13.26,13.923,2024-10-18T22:30:00Z,2024-10-18T23:00:00Z,
12.6,13.23,2024-10-18T23:00:00Z,2024-10-18T23:30:00Z,
13.86,14.553,2024-10-18T23:30:00Z,2024-10-19T00:00:00Z,
13.44,14.112,2024-10-19T00:00:00Z,2024-10-19T00:30:00Z,
15.12,15.876,2024-10-19T00:30:00Z,2024-10-19T01:00:00Z,
14.51,15.2355,2024-10-19T01:00:00Z,2024-10-19T01:30:00Z,
12.6,13.23,2024-10-19T01:30:00Z,2024-10-19T02:00:00Z,
14.07,14.7735,2024-10-19T02:00:00Z,2024-10-19T02:30:00Z,
14.07,14.7735,2024-10-19T02:30:00Z,2024-10-19T03:00:00Z,
15.53,16.3065,2024-10-19T03:00:00Z,2024-10-19T03:30:00Z,
14.3,15.015,2024-10-19T03:30:00Z,2024-10-19T04:00:00Z,
15.46,16.233,2024-10-19T04:00:00Z,2024-10-19T04:30:00Z,
16.13,16.9365,2024-10-19T04:30:00Z,2024-10-19T05:00:00Z,
16.54,17.367,2024-10-19T05:00:00Z,2024-10-19T05:30:00Z,
16.24,17.052,2024-10-19T05:30:00Z,2024-10-19T06:00:00Z,
16.38,17.199,2024-10-19T06:00:00Z,2024-10-19T06:30:00Z,
18.38,19.299,2024-10-19T06:30:00Z,2024-10-19T07:00:00Z,
18.4,19.32,2024-10-19T07:00:00Z,2024-10-19T07:30:00Z,
19.17,20.1285,2024-10-19T07:30:00Z,2024-10-19T08:00:00Z,
19.99,20.9895,2024-10-19T08:00:00Z,2024-10-19T08:30:00Z,
20.1,21.105,2024-10-19T08:30:00Z,2024-10-19T09:00:00Z,
19.93,20.9265,2024-10-19T09:00:00Z,2024-10-19T09:30:00Z,
17.64,18.522,2024-10-19T09:30:00Z,2024-10-19T10:00:00Z,
17.64,18.522,2024-10-19T10:00:00Z,2024-10-19T10:30:00Z,
16.54,17.367,2024-10-19T10:30:00Z,2024-10-19T11:00:00Z,
14.7,15.435,2024-10-19T11:00:00Z,2024-10-19T11:30:00Z,
15.3,16.065,2024-10-19T11:30:00Z,2024-10-19T12:00:00Z,
16.23,17.0415,2024-10-19T12:00:00Z,2024-10-19T12:30:00Z,
14.91,15.6555,2024-10-19T12:30:00Z,2024-10-19T13:00:00Z,
15.33,16.0965,2024-10-19T13:00:00Z,2024-10-19T13:30:00Z,
15.75,16.5375,2024-10-19T13:30:00Z,2024-10-19T14:00:00Z,
17.31,18.1755,2024-10-19T14:00:00Z,2024-10-19T14:30:00Z,
16.8,17.64,2024-10-19T14:30:00Z,2024-10-19T15:00:00Z,
28.92,30.366,2024-10-19T15:00:00Z,2024-10-19T15:30:00Z,
33.58,35.259,2024-10-19T15:30:00Z,2024-10-19T16:00:00Z,
35.05,36.8025,2024-10-19T16:00:00Z,2024-10-19T16:30:00Z,
39.04,40.992,2024-10-19T16:30:00Z,2024-10-19T17:00:00Z,
37.23,39.0915,2024-10-19T17:00:00Z,2024-10-19T17:30:00Z,
38.54,40.467,2024-10-19T17:30:00Z,2024-10-19T18:00:00Z,
24.86,26.103,2024-10-19T18:00:00Z,2024-10-19T18:30:00Z,
22.07,23.1735,2024-10-19T18:30:00Z,2024-10-19T19:00:00Z,
19.46,20.433,2024-10-19T19:00:00Z,2024-10-19T19:30:00Z,
17.64,18.522,2024-10-19T19:30:00Z,2024-10-19T20:00:00Z,
19.74,20.727,2024-10-19T20:00:00Z,2024-10-19T20:30:00Z,
18.27,19.1835,2024-10-19T20:30:00Z,2024-10-19T21:00:00Z,
17.43,18.3015,2024-10-19T21:00:00Z,2024-10-19T21:30:00Z,
16.54,17.367,2024-10-19T21:30:00Z,2024-10-19T22:00:00Z,
19.03,19.9815,2024-10-19T22:00:00Z,2024-10-19T22:30:00Z,
17.01,17.8605,2024-10-19T22:30:00Z,2024-10-19T23:00:00Z,
18.87,19.8135,2024-10-19T23:00:00Z,2024-10-19T23:30:00Z,
16.59,17.4195,2024-10-19T23:30:00Z,2024-10-20T00:00:00Z,
17.85,18.7425,2024-10-20T00:00:00Z,2024-10-20T00:30:00Z,
18.65,19.5825,2024-10-20T00:30:00Z,2024-10-20T01:00:00Z,
16.38,17.199,2024-10-20T01:00:00Z,2024-10-20T01:30:00Z,
9.24,9.702,2024-10-20T01:30:00Z,2024-10-20T02:00:00Z,
4.2,4.41,2024-10-20T02:00:00Z,2024-10-20T02:30:00Z,
0.0,0.0,2024-10-20T02:30:00Z,2024-10-20T03:00:00Z,
6.51,6.8355,2024-10-20T03:00:00Z,2024-10-20T03:30:00Z,
-0.61,-0.6405,2024-10-20T03:30:00Z,2024-10-20T04:00:00Z,
1.68,1.764,2024-10-20T04:00:00Z,2024-10-20T04:30:00Z,
-0.76,-0.798,2024-10-20T04:30:00Z,2024-10-20T05:00:00Z,
0.63,0.6615,2024-10-20T05:00:00Z,2024-10-20T05:30:00Z,
0.74,0.777,2024-10-20T05:30:00Z,2024-10-20T06:00:00Z,
0.0,0.0,2024-10-20T06:00:00Z,2024-10-20T06:30:00Z,
1.47,1.5435,2024-10-20T06:30:00Z,2024-10-20T07:00:00Z,
2.1,2.205,2024-10-20T07:00:00Z,2024-10-20T07:30:00Z,
4.2,4.41,2024-10-20T07:30:00Z,2024-10-20T08:00:00Z,
0.16,0.168,2024-10-20T08:00:00Z,2024-10-20T08:30:00Z,
2.1,2.205,2024-10-20T08:30:00Z,2024-10-20T09:00:00Z,
0.0,0.0,2024-10-20T09:00:00Z,2024-10-20T09:30:00Z,
1.34,1.407,2024-10-20T09:30:00Z,2024-10-20T10:00:00Z,
0.0,0.0,2024-10-20T10:00:00Z,2024-10-20T10:30:00Z,
1.81,1.9005,2024-10-20T10:30:00Z,2024-10-20T11:00:00Z,
1.11,1.1655,2024-10-20T11:00:00Z,2024-10-20T11:30:00Z,
1.63,1.7115,2024-10-20T11:30:00Z,2024-10-20T12:00:00Z,
1.89,1.9845,2024-10-20T12:00:00Z,2024-10-20T12:30:00Z,
1.02,1.071,2024-10-20T12:30:00Z,2024-10-20T13:00:00Z,
1.9,1.995,2024-10-20T13:00:00Z,2024-10-20T13:30:00Z,
1.9,1.995,2024-10-20T13:30:00Z,2024-10-20T14:00:00Z,
2.1,2.205,2024-10-20T14:00:00Z,2024-10-20T14:30:00Z,
2.01,2.1105,2024-10-20T14:30:00Z,2024-10-20T15:00:00Z,
20.06,21.063,2024-10-20T15:00:00Z,2024-10-20T15:30:00Z,
26.72,28.056,2024-10-20T15:30:00Z,2024-10-20T16:00:00Z,
22.89,24.0345,2024-10-20T16:00:00Z,2024-10-20T16:30:00Z,
28.67,30.1035,2024-10-20T16:30:00Z,2024-10-20T17:00:00Z,
29.8,31.29,2024-10-20T17:00:00Z,2024-10-20T17:30:00Z,
29.21,30.6705,2024-10-20T17:30:00Z,2024-10-20T18:00:00Z,
15.27,16.0335,2024-10-20T18:00:00Z,2024-10-20T18:30:00Z,
9.81,10.3005,2024-10-20T18:30:00Z,2024-10-20T19:00:00Z,
8.4,8.82,2024-10-20T19:00:00Z,2024-10-20T19:30:00Z,
3.94,4.137,2024-10-20T19:30:00Z,2024-10-20T20:00:00Z,
5.25,5.5125,2024-10-20T20:00:00Z,2024-10-20T20:30:00Z,
1.26,1.323,2024-10-20T20:30:00Z,2024-10-20T21:00:00Z,
4.2,4.41,2024-10-20T21:00:00Z,2024-10-20T21:30:00Z,
-0.67,-0.7035,2024-10-20T21:30:00Z,2024-10-20T22:00:00Z,
2.1,2.205,2024-10-20T22:00:00Z,2024-10-20T22:30:00Z,
-1.53,-1.6065,2024-10-20T22:30:00Z,2024-10-20T23:00:00Z,
-0.52,-0.546,2024-10-20T23:00:00Z,2024-10-20T23:30:00Z,
-0.21,-0.2205,2024-10-20T23:30:00Z,2024-10-21T00:00:00Z,
-0.63,-0.6615,2024-10-21T00:00:00Z,2024-10-21T00:30:00Z,
0.34,0.357,2024-10-21T00:30:00Z,2024-10-21T01:00:00Z,
-0.69,-0.7245,2024-10-21T01:00:00Z,2024-10-21T01:30:00Z,
-0.88,-0.924,2024-10-21T01:30:00Z,2024-10-21T02:00:00Z,
-1.05,-1.1025,2024-10-21T02:00:00Z,2024-10-21T02:30:00Z,
-0.88,-0.924,2024-10-21T02:30:00Z,2024-10-21T03:00:00Z,
-0.27,-0.2835,2024-10-21T03:00:00Z,2024-10-21T03:30:00Z,
-0.34,-0.357,2024-10-21T03:30:00Z,2024-10-21T04:00:00Z,
-1.53,-1.6065,2024-10-21T04:00:00Z,2024-10-21T04:30:00Z,
-1.53,-1.6065,2024-10-21T04:30:00Z,2024-10-21T05:00:00Z,
9.22,9.681,2024-10-21T05:00:00Z,2024-10-21T05:30:00Z,
12.78,13.419,2024-10-21T05:30:00Z,2024-10-21T06:00:00Z,
17.81,18.7005,2024-10-21T06:00:00Z,2024-10-21T06:30:00Z,
22.05,23.1525,2024-10-21T06:30:00Z,2024-10-21T07:00:00Z,
19.38,20.349,2024-10-21T07:00:00Z,2024-10-21T07:30:00Z,
20.62,21.651,2024-10-21T07:30:00Z,2024-10-21T08:00:00Z,
16.88,17.724,2024-10-21T08:00:00Z,2024-10-21T08:30:00Z,
15.12,15.876,2024-10-21T08:30:00Z,2024-10-21T09:00:00Z,
13.65,14.3325,2024-10-21T09:00:00Z,2024-10-21T09:30:00Z,
12.97,13.6185,2024-10-21T09:30:00Z,2024-10-21T10:00:00Z,
16.19,16.9995,2024-10-21T10:00:00Z,2024-10-21T10:30:00Z,
15.64,16.422,2024-10-21T10:30:00Z,2024-10-21T11:00:00Z,
16.85,17.6925,2024-10-21T11:00:00Z,2024-10-21T11:30:00Z,
16.34,17.157,2024-10-21T11:30:00Z,2024-10-21T12:00:00Z,
17.34,18.207,2024-10-21T12:00:00Z,2024-10-21T12:30:00Z,
16.01,16.8105,2024-10-21T12:30:00Z,2024-10-21T13:00:00Z,
16.38,17.199,2024-10-21T13:00:00Z,2024-10-21T13:30:00Z,
15.79,16.5795,2024-10-21T13:30:00Z,2024-10-21T14:00:00Z,
16.8,17.64,2024-10-21T14:00:00Z,2024-10-21T14:30:00Z,
15.75,16.5375,2024-10-21T14:30:00Z,2024-10-21T15:00:00Z,
30.39,31.9095,2024-10-21T15:00:00Z,2024-10-21T15:30:00Z,
32.66,34.293,2024-10-21T15:30:00Z,2024-10-21T16:00:00Z,
35.91,37.7055,2024-10-21T16:00:00Z,2024-10-21T16:30:00Z,
37.86,39.753,2024-10-21T16:30:00Z,2024-10-21T17:00:00Z,
41.56,43.638,2024-10-21T17:00:00Z,2024-10-21T17:30:00Z,
40.89,42.9345,2024-10-21T17:30:00Z,2024-10-21T18:00:00Z,
21.0,22.05,2024-10-21T18:00:00Z,2024-10-21T18:30:00Z,
18.56,19.488,2024-10-21T18:30:00Z,2024-10-21T19:00:00Z,
17.69,18.5745,2024-10-21T19:00:00Z,2024-10-21T19:30:00Z,
15.75,16.5375,2024-10-21T19:30:00Z,2024-10-21T20:00:00Z,
20.1,21.105,2024-10-21T20:00:00Z,2024-10-21T20:30:00Z,
17.64,18.522,2024-10-21T20:30:00Z,2024-10-21T21:00:00Z,
17.96,18.858,2024-10-21T21:00:00Z,2024-10-21T21:30:00Z,
14.7,15.435,2024-10-21T21:30:00Z,2024-10-21T22:00:00Z,
18.9,19.845,2024-10-21T22:00:00Z,2024-10-21T22:30:00Z,
16.69,17.5245,2024-10-21T22:30:00Z,2024-10-21T23:00:00Z,
16.3,17.115,2024-10-21T23:00:00Z,2024-10-21T23:30:00Z,
15.75,16.5375,2024-10-21T23:30:00Z,2024-10-22T00:00:00Z,
15.54,16.317,2024-10-22T00:00:00Z,2024-10-22T00:30:00Z,
15.96,16.758,2024-10-22T00:30:00Z,2024-10-22T01:00:00Z,
15.52,16.296,2024-10-22T01:00:00Z,2024-10-22T01:30:00Z,
14.73,15.4665,2024-10-22T01:30:00Z,2024-10-22T02:00:00Z,
14.73,15.4665,2024-10-22T02:00:00Z,2024-10-22T02:30:00Z,
14.7,15.435,2024-10-22T02:30:00Z,2024-10-22T03:00:00Z,
15.77,16.5585,2024-10-22T03:00:00Z,2024-10-22T03:30:00Z,
14.74,15.477,2024-10-22T03:30:00Z,2024-10-22T04:00:00Z,
16.59,17.4195,2024-10-22T04:00:00Z,2024-10-22T04:30:00Z,
15.12,15.876,2024-10-22T04:30:00Z,2024-10-22T05:00:00Z,
19.53,20.5065,2024-10-22T05:00:00Z,2024-10-22T05:30:00Z,
19.53,20.5065,2024-10-22T05:30:00Z,2024-10-22T06:00:00Z,
24.19,25.3995,2024-10-22T06:00:00Z,2024-10-22T06:30:00Z,
28.73,30.1665,2024-10-22T06:30:00Z,2024-10-22T07:00:00Z,
21.0,22.05,2024-10-22T07:00:00Z,2024-10-22T07:30:00Z,
21.0,22.05,2024-10-22T07:30:00Z,2024-10-22T08:00:00Z,
21.0,22.05,2024-10-22T08:00:00Z,2024-10-22T08:30:00Z,
18.9,19.845,2024-10-22T08:30:00Z,2024-10-22T09:00:00Z,
17.19,18.0495,2024-10-22T09:00:00Z,2024-10-22T09:30:00Z,
16.84,17.682,2024-10-22T09:30:00Z,2024-10-22T10:00:00Z,
16.38,17.199,2024-10-22T10:00:00Z,2024-10-22T10:30:00Z,
15.56,16.338,2024-10-22T10:30:00Z,2024-10-22T11:00:00Z,
15.88,16.674,2024-10-22T11:00:00Z,2024-10-22T11:30:00Z,
15.49,16.2645,2024-10-22T11:30:00Z,2024-10-22T12:00:00Z,
15.62,16.401,2024-10-22T12:00:00Z,2024-10-22T12:30:00Z,
15.56,16.338,2024-10-22T12:30:00Z,2024-10-22T13:00:00Z,
15.54,16.317,2024-10-22T13:00:00Z,2024-10-22T13:30:00Z,
15.54,16.317,2024-10-22T13:30:00Z,2024-10-22T14:00:00Z,
18.27,19.1835,2024-10-22T14:00:00Z,2024-10-22T14:30:00Z,
18.27,19.1835,2024-10-22T14:30:00Z,2024-10-22T15:00:00Z,
30.32,31.836,2024-10-22T15:00:00Z,2024-10-22T15:30:00Z,
36.52,38.346,2024-10-22T15:30:00Z,2024-10-22T16:00:00Z,
37.78,39.669,2024-10-22T16:00:00Z,2024-10-22T16:30:00Z,
41.35,43.4175,2024-10-22T16:30:00Z,2024-10-22T17:00:00Z,
43.03,45.1815,2024-10-22T17:00:00Z,2024-10-22T17:30:00Z,
43.45,45.6225,2024-10-22T17:30:00Z,2024-10-22T18:00:00Z,
27.72,29.106,2024-10-22T18:00:00Z,2024-10-22T18:30:00Z,
25.2,26.46,2024-10-22T18:30:00Z,2024-10-22T19:00:00Z,
21.0,22.05,2024-10-22T19:00:00Z,2024-10-22T19:30:00Z,
17.98,18.879,2024-10-22T19:30:00Z,2024-10-22T20:00:00Z,
19.53,20.5065,2024-10-22T20:00:00Z,2024-10-22T20:30:00Z,
19.32,20.286,2024-10-22T20:30:00Z,2024-10-22T21:00:00Z,
18.21,19.1205,2024-10-22T21:00:00Z,2024-10-22T21:30:00Z,
17.47,18.3435,2024-10-22T21:30:00Z,2024-10-22T22:00:00Z,
19.53,20.5065,2024-10-22T22:00:00Z,2024-10-22T22:30:00Z,
18.9,19.845,2024-10-22T22:30:00Z,2024-10-22T23:00:00Z,
18.08,18.984,2024-10-22T23:00:00Z,2024-10-22T23:30:00Z,
18.08,18.984,2024-10-22T23:30:00Z,2024-10-23T00:00:00Z,
15.87,16.6635,2024-10-23T00:00:00Z,2024-10-23T00:30:00Z,
16.38,17.199,2024-10-23T00:30:00Z,2024-10-23T01:00:00Z,
15.71,16.4955,2024-10-23T01:00:00Z,2024-10-23T01:30:00Z,
15.54,16.317,2024-10-23T01:30:00Z,2024-10-23T02:00:00Z,
16.13,16.9365,2024-10-23T02:00:00Z,2024-10-23T02:30:00Z,
15.35,16.1175,2024-10-23T02:30:00Z,2024-10-23T03:00:00Z,
16.8,17.64,2024-10-23T03:00:00Z,2024-10-23T03:30:00Z,
15.75,16.5375,2024-10-23T03:30:00Z,2024-10-23T04:00:00Z,
18.9,19.845,2024-10-23T04:00:00Z,2024-10-23T04:30:00Z,
17.78,18.669,2024-10-23T04:30:00Z,2024-10-23T05:00:00Z,
18.52,19.446,2024-10-23T05:00:00Z,2024-10-23T05:30:00Z,
21.0,22.05,2024-10-23T05:30:00Z,2024-10-23T06:00:00Z,
24.8,26.04,2024-10-23T06:00:00Z,2024-10-23T06:30:00Z,
28.24,29.652,2024-10-23T06:30:00Z,2024-10-23T07:00:00Z,
23.1,24.255,2024-10-23T07:00:00Z,2024-10-23T07:30:00Z,
23.37,24.5385,2024-10-23T07:30:00Z,2024-10-23T08:00:00Z,
23.1,24.255,2024-10-23T08:00:00Z,2024-10-23T08:30:00Z,
21.42,22.491,2024-10-23T08:30:00Z,2024-10-23T09:00:00Z,
19.62,20.601,2024-10-23T09:00:00Z,2024-10-23T09:30:00Z,
18.08,18.984,2024-10-23T09:30:00Z,2024-10-23T10:00:00Z,
17.07,17.9235,2024-10-23T10:00:00Z,2024-10-23T10:30:00Z,
16.8,17.64,2024-10-23T10:30:00Z,2024-10-23T11:00:00Z,
17.14,17.997,2024-10-23T11:00:00Z,2024-10-23T11:30:00Z,
16.8,17.64,2024-10-23T11:30:00Z,2024-10-23T12:00:00Z,
16.85,17.6925,2024-10-23T12:00:00Z,2024-10-23T12:30:00Z,
16.97,17.8185,2024-10-23T12:30:00Z,2024-10-23T13:00:00Z,
16.28,17.094,2024-10-23T13:00:00Z,2024-10-23T13:30:00Z,
16.13,16.9365,2024-10-23T13:30:00Z,2024-10-23T14:00:00Z,
17.58,18.459,2024-10-23T14:00:00Z,2024-10-23T14:30:00Z,
17.01,17.8605,2024-10-23T14:30:00Z,2024-10-23T15:00:00Z,
31.55,33.1275,2024-10-23T15:00:00Z,2024-10-23T15:30:00Z,
35.51,37.2855,2024-10-23T15:30:00Z,2024-10-23T16:00:00Z,
37.99,39.8895,2024-10-23T16:00:00Z,2024-10-23T16:30:00Z,
40.11,42.1155,2024-10-23T16:30:00Z,2024-10-23T17:00:00Z,
41.44,43.512,2024-10-23T17:00:00Z,2024-10-23T17:30:00Z,
41.39,43.4595,2024-10-23T17:30:00Z,2024-10-23T18:00:00Z,
21.42,22.491,2024-10-23T18:00:00Z,2024-10-23T18:30:00Z,
18.77,19.7085,2024-10-23T18:30:00Z,2024-10-23T19:00:00Z,
16.84,17.682,2024-10-23T19:00:00Z,2024-10-23T19:30:00Z,
18.08,18.984,2024-10-23T19:30:00Z,2024-10-23T20:00:00Z,
17.77,18.6585,2024-10-23T20:00:00Z,2024-10-23T20:30:00Z,
15.98,16.779,2024-10-23T20:30:00Z,2024-10-23T21:00:00Z,
16.21,17.0205,2024-10-23T21:00:00Z,2024-10-23T21:30:00Z,
13.44,14.112,2024-10-23T21:30:00Z,2024-10-23T22:00:00Z,
17.22,18.081,2024-10-23T22:00:00Z,2024-10-23T22:30:00Z,
12.55,13.1775,2024-10-23T22:30:00Z,2024-10-23T23:00:00Z,
12.37,12.9885,2024-10-23T23:00:00Z,2024-10-23T23:30:00Z,
10.92,11.466,2024-10-23T23:30:00Z,2024-10-24T00:00:00Z,
10.71,11.2455,2024-10-24T00:00:00Z,2024-10-24T00:30:00Z,
11.4,11.97,2024-10-24T00:30:00Z,2024-10-24T01:00:00Z,
12.43,13.0515,2024-10-24T01:00:00Z,2024-10-24T01:30:00Z,
9.03,9.4815,2024-10-24T01:30:00Z,2024-10-24T02:00:00Z,
10.92,11.466,2024-10-24T02:00:00Z,2024-10-24T02:30:00Z,
10.86,11.403,2024-10-24T02:30:00Z,2024-10-24T03:00:00Z,
12.84,13.482,2024-10-24T03:00:00Z,2024-10-24T03:30:00Z,
11.64,12.222,2024-10-24T03:30:00Z,2024-10-24T04:00:00Z,
12.39,13.0095,2024-10-24T04:00:00Z,2024-10-24T04:30:00Z,
15.54,16.317,2024-10-24T04:30:00Z,2024-10-24T05:00:00Z,
15.33,16.0965,2024-10-24T05:00:00Z,2024-10-24T05:30:00Z,
18.48,19.404,2024-10-24T05:30:00Z,2024-10-24T06:00:00Z,
19.66,20.643,2024-10-24T06:00:00Z,2024-10-24T06:30:00Z,
24.82,26.061,2024-10-24T06:30:00Z,2024-10-24T07:00:00Z,
20.77,21.8085,2024-10-24T07:00:00Z,2024-10-24T07:30:00Z,
20.62,21.651,2024-10-24T07:30:00Z,2024-10-24T08:00:00Z,
19.0,19.95,2024-10-24T08:00:00Z,2024-10-24T08:30:00Z,
18.35,19.2675,2024-10-24T08:30:00Z,2024-10-24T09:00:00Z,
17.79,18.6795,2024-10-24T09:00:00Z,2024-10-24T09:30:00Z,
16.35,17.1675,2024-10-24T09:30:00Z,2024-10-24T10:00:00Z,
16.8,17.64,2024-10-24T10:00:00Z,2024-10-24T10:30:00Z,
16.38,17.199,2024-10-24T10:30:00Z,2024-10-24T11:00:00Z,
15.81,16.6005,2024-10-24T11:00:00Z,2024-10-24T11:30:00Z,
15.58,16.359,2024-10-24T11:30:00Z,2024-10-24T12:00:00Z,
15.47,16.2435,2024-10-24T12:00:00Z,2024-10-24T12:30:00Z,
14.89,15.6345,2024-10-24T12:30:00Z,2024-10-24T13:00:00Z,
16.7,17.535,2024-10-24T13:00:00Z,2024-10-24T13:30:00Z,
16.17,16.9785,2024-10-24T13:30:00Z,2024-10-24T14:00:00Z,
17.01,17.8605,2024-10-24T14:00:00Z,2024-10-24T14:30:00Z,
17.49,18.3645,2024-10-24T14:30:00Z,2024-10-24T15:00:00Z,
32.13,33.7365,2024-10-24T15:00:00Z,2024-10-24T15:30:00Z,
34.56,36.288,2024-10-24T15:30:00Z,2024-10-24T16:00:00Z,
35.93,37.7265,2024-10-24T16:00:00Z,2024-10-24T16:30:00Z,
38.54,40.467,2024-10-24T16:30:00Z,2024-10-24T17:00:00Z,
36.1,37.905,2024-10-24T17:00:00Z,2024-10-24T17:30:00Z,
36.02,37.821,2024-10-24T17:30:00Z,2024-10-24T18:00:00Z,
22.18,23.289,2024-10-24T18:00:00Z,2024-10-24T18:30:00Z,
19.28,20.244,2024-10-24T18:30:00Z,2024-10-24T19:00:00Z,
19.11,20.0655,2024-10-24T19:00:00Z,2024-10-24T19:30:00Z,
18.69,19.6245,2024-10-24T19:30:00Z,2024-10-24T20:00:00Z,
19.49,20.4645,2024-10-24T20:00:00Z,2024-10-24T20:30:00Z,
18.48,19.404,2024-10-24T20:30:00Z,2024-10-24T21:00:00Z,
17.79,18.6795,2024-10-24T21:00:00Z,2024-10-24T21:30:00Z,
16.4,17.22,2024-10-24T21:30:00Z,2024-10-24T22:00:00Z,
18.48,19.404,2024-10-24T22:00:00Z,2024-10-24T22:30:00Z,
17.67,18.5535,2024-10-24T22:30:00Z,2024-10-24T23:00:00Z,
17.88,18.774,2024-10-24T23:00:00Z,2024-10-24T23:30:00Z,
18.27,19.1835,2024-10-24T23:30:00Z,2024-10-25T00:00:00Z,
17.64,18.522,2024-10-25T00:00:00Z,2024-10-25T00:30:00Z,
18.9,19.845,2024-10-25T00:30:00Z,2024-10-25T01:00:00Z,
18.09,18.9945,2024-10-25T01:00:00Z,2024-10-25T01:30:00Z,
17.26,18.123,2024-10-25T01:30:00Z,2024-10-25T02:00:00Z,
17.01,17.8605,2024-10-25T02:00:00Z,2024-10-25T02:30:00Z,
17.66,18.543,2024-10-25T02:30:00Z,2024-10-25T03:00:00Z,
18.22,19.131,2024-10-25T03:00:00Z,2024-10-25T03:30:00Z,
16.8,17.64,2024-10-25T03:30:00Z,2024-10-25T04:00:00Z,
19.95,20.9475,2024-10-25T04:00:00Z,2024-10-25T04:30:00Z,
16.8,17.64,2024-10-25T04:30:00Z,2024-10-25T05:00:00Z,
20.52,21.546,2024-10-25T05:00:00Z,2024-10-25T05:30:00Z,
20.26,21.273,2024-10-25T05:30:00Z,2024-10-25T06:00:00Z,
22.01,23.1105,2024-10-25T06:00:00Z,2024-10-25T06:30:00Z,
27.93,29.3265,2024-10-25T06:30:00Z,2024-10-25T07:00:00Z,
21.71,22.7955,2024-10-25T07:00:00Z,2024-10-25T07:30:00Z,
23.62,24.801,2024-10-25T07:30:00Z,2024-10-25T08:00:00Z,
24.31,25.5255,2024-10-25T08:00:00Z,2024-10-25T08:30:00Z,
23.1,24.255,2024-10-25T08:30:00Z,2024-10-25T09:00:00Z,
23.48,24.654,2024-10-25T09:00:00Z,2024-10-25T09:30:00Z,
23.2,24.36,2024-10-25T09:30:00Z,2024-10-25T10:00:00Z,
23.56,24.738,2024-10-25T10:00:00Z,2024-10-25T10:30:00Z,
21.88,22.974,2024-10-25T10:30:00Z,2024-10-25T11:00:00Z,
21.47,22.5435,2024-10-25T11:00:00Z,2024-10-25T11:30:00Z,
21.0,22.05,2024-10-25T11:30:00Z,2024-10-25T12:00:00Z,
19.11,20.0655,2024-10-25T12:00:00Z,2024-10-25T12:30:00Z,
19.66,20.643,2024-10-25T12:30:00Z,2024-10-25T13:00:00Z,
18.69,19.6245,2024-10-25T13:00:00Z,2024-10-25T13:30:00Z,
18.25,19.1625,2024-10-25T13:30:00Z,2024-10-25T14:00:00Z,
19.94,20.937,2024-10-25T14:00:00Z,2024-10-25T14:30:00Z,
20.93,21.9765,2024-10-25T14:30:00Z,2024-10-25T15:00:00Z,
36.94,38.787,2024-10-25T15:00:00Z,2024-10-25T15:30:00Z,
44.08,46.284,2024-10-25T15:30:00Z,2024-10-25T16:00:00Z,
45.59,47.8695,2024-10-25T16:00:00Z,2024-10-25T16:30:00Z,
49.18,51.639,2024-10-25T16:30:00Z,2024-10-25T17:00:00Z,
46.6,48.93,2024-10-25T17:00:00Z,2024-10-25T17:30:00Z,
46.39,48.7095,2024-10-25T17:30:00Z,2024-10-25T18:00:00Z,
27.3,28.665,2024-10-25T18:00:00Z,2024-10-25T18:30:00Z,
21.0,22.05,2024-10-25T18:30:00Z,2024-10-25T19:00:00Z,
21.32,22.386,2024-10-25T19:00:00Z,2024-10-25T19:30:00Z,
19.88,20.874,2024-10-25T19:30:00Z,2024-10-25T20:00:00Z,
21.87,22.9635,2024-10-25T20:00:00Z,2024-10-25T20:30:00Z,
17.89,18.7845,2024-10-25T20:30:00Z,2024-10-25T21:00:00Z,
18.48,19.404,2024-10-25T21:00:00Z,2024-10-25T21:30:00Z,
17.22,18.081,2024-10-25T21:30:00Z,2024-10-25T22:00:00Z,
20.96,22.008,2024-10-25T22:00:00Z,2024-10-25T22:30:00Z,
20.16,21.168,2024-10-25T22:30:00Z,2024-10-25T23:00:00Z,
19.25,20.2125,2024-10-25T23:00:00Z,2024-10-25T23:30:00Z,
18.48,19.404,2024-10-25T23:30:00Z,2024-10-26T00:00:00Z,
17.27,18.1335,2024-10-26T00:00:00Z,2024-10-26T00:30:00Z,
18.57,19.4985,2024-10-26T00:30:00Z,2024-10-26T01:00:00Z,
18.06,18.963,2024-10-26T01:00:00Z,2024-10-26T01:30:00Z,
15.79,16.5795,2024-10-26T01:30:00Z,2024-10-26T02:00:00Z,
17.43,18.3015,2024-10-26T02:00:00Z,2024-10-26T02:30:00Z,
18.24,19.152,2024-10-26T02:30:00Z,2024-10-26T03:00:00Z,
18.24,19.152,2024-10-26T03:00:00Z,2024-10-26T03:30:00Z,
16.9,17.745,2024-10-26T03:30:00Z,2024-10-26T04:00:00Z,
18.06,18.963,2024-10-26T04:00:00Z,2024-10-26T04:30:00Z,
18.82,19.761,2024-10-26T04:30:00Z,2024-10-26T05:00:00Z,
19.57,20.5485,2024-10-26T05:00:00Z,2024-10-26T05:30:00Z,
20.37,21.3885,2024-10-26T05:30:00Z,2024-10-26T06:00:00Z,
17.81,18.7005,2024-10-26T06:00:00Z,2024-10-26T06:30:00Z,
23.1,24.255,2024-10-26T06:30:00Z,2024-10-26T07:00:00Z,
22.68,23.814,2024-10-26T07:00:00Z,2024-10-26T07:30:00Z,
23.72,24.906,2024-10-26T07:30:00Z,2024-10-26T08:00:00Z,
23.73,24.9165,2024-10-26T08:00:00Z,2024-10-26T08:30:00Z,
24.36,25.578,2024-10-26T08:30:00Z,2024-10-26T09:00:00Z,
23.54,24.717,2024-10-26T09:00:00Z,2024-10-26T09:30:00Z,
22.55,23.6775,2024-10-26T09:30:00Z,2024-10-26T10:00:00Z,
17.64,18.522,2024-10-26T10:00:00Z,2024-10-26T10:30:00Z,
16.06,16.863,2024-10-26T10:30:00Z,2024-10-26T11:00:00Z,
17.66,18.543,2024-10-26T11:00:00Z,2024-10-26T11:30:00Z,
16.86,17.703,2024-10-26T11:30:00Z,2024-10-26T12:00:00Z,
16.4,17.22,2024-10-26T12:00:00Z,2024-10-26T12:30:00Z,
15.75,16.5375,2024-10-26T12:30:00Z,2024-10-26T13:00:00Z,
15.75,16.5375,2024-10-26T13:00:00Z,2024-10-26T13:30:00Z,
15.75,16.5375,2024-10-26T13:30:00Z,2024-10-26T14:00:00Z,
17.64,18.522,2024-10-26T14:00:00Z,2024-10-26T14:30:00Z,
18.69,19.6245,2024-10-26T14:30:00Z,2024-10-26T15:00:00Z,
32.95,34.5975,2024-10-26T15:00:00Z,2024-10-26T15:30:00Z,
38.2,40.11,2024-10-26T15:30:00Z,2024-10-26T16:00:00Z,
37.7,39.585,2024-10-26T16:00:00Z,2024-10-26T16:30:00Z,
38.89,40.8345,2024-10-26T16:30:00Z,2024-10-26T17:00:00Z,
38.2,40.11,2024-10-26T17:00:00Z,2024-10-26T17:30:00Z,
38.26,40.173,2024-10-26T17:30:00Z,2024-10-26T18:00:00Z,
25.2,26.46,2024-10-26T18:00:00Z,2024-10-26T18:30:00Z,
20.66,21.693,2024-10-26T18:30:00Z,2024-10-26T19:00:00Z,
18.94,19.887,2024-10-26T19:00:00Z,2024-10-26T19:30:00Z,
18.27,19.1835,2024-10-26T19:30:00Z,2024-10-26T20:00:00Z,
20.16,21.168,2024-10-26T20:00:00Z,2024-10-26T20:30:00Z,
19.12,20.076,2024-10-26T20:30:00Z,2024-10-26T21:00:00Z,
19.53,20.5065,2024-10-26T21:00:00Z,2024-10-26T21:30:00Z,
18.46,19.383,2024-10-26T21:30:00Z,2024-10-26T22:00:00Z,
27.3,28.665,2024-10-26T22:00:00Z,2024-10-26T22:30:00Z,
22.47,23.5935,2024-10-26T22:30:00Z,2024-10-26T23:00:00Z,
20.16,21.168,2024-10-26T23:00:00Z,2024-10-26T23:30:00Z,
18.32,19.236,2024-10-26T23:30:00Z,2024-10-27T00:00:00Z,
14.7,15.435,2024-10-27T00:00:00Z,2024-10-27T00:30:00Z,
21.0,22.05,2024-10-27T00:30:00Z,2024-10-27T01:00:00Z,
22.85,23.9925,2024-10-27T01:00:00Z,2024-10-27T01:30:00Z,
16.05,16.8525,2024-10-27T01:30:00Z,2024-10-27T02:00:00Z,
15.12,15.876,2024-10-27T02:00:00Z,2024-10-27T02:30:00Z,
14.7,15.435,2024-10-27T02:30:00Z,2024-10-27T03:00:00Z,
15.59,16.3695,2024-10-27T03:00:00Z,2024-10-27T03:30:00Z,
15.96,16.758,2024-10-27T03:30:00Z,2024-10-27T04:00:00Z,
18.45,19.3725,2024-10-27T04:00:00Z,2024-10-27T04:30:00Z,
18.06,18.963,2024-10-27T04:30:00Z,2024-10-27T05:00:00Z,
15.75,16.5375,2024-10-27T05:00:00Z,2024-10-27T05:30:00Z,
19.82,20.811,2024-10-27T05:30:00Z,2024-10-27T06:00:00Z,
17.85,18.7425,2024-10-27T06:00:00Z,2024-10-27T06:30:00Z,
22.26,23.373,2024-10-27T06:30:00Z,2024-10-27T07:00:00Z,
18.9,19.845,2024-10-27T07:00:00Z,2024-10-27T07:30:00Z,
18.65,19.5825,2024-10-27T07:30:00Z,2024-10-27T08:00:00Z,
19.22,20.181,2024-10-27T08:00:00Z,2024-10-27T08:30:00Z,
19.24,20.202,2024-10-27T08:30:00Z,2024-10-27T09:00:00Z,
19.53,20.5065,2024-10-27T09:00:00Z,2024-10-27T09:30:00Z,
18.72,19.656,2024-10-27T09:30:00Z,2024-10-27T10:00:00Z,
16.77,17.6085,2024-10-27T10:00:00Z,2024-10-27T10:30:00Z,
15.75,16.5375,2024-10-27T10:30:00Z,2024-10-27T11:00:00Z,
15.75,16.5375,2024-10-27T11:00:00Z,2024-10-27T11:30:00Z,
16.28,17.094,2024-10-27T11:30:00Z,2024-10-27T12:00:00Z,
15.75,16.5375,2024-10-27T12:00:00Z,2024-10-27T12:30:00Z,
15.69,16.4745,2024-10-27T12:30:00Z,2024-10-27T13:00:00Z,
17.85,18.7425,2024-10-27T13:00:00Z,2024-10-27T13:30:00Z,
16.67,17.5035,2024-10-27T13:30:00Z,2024-10-27T14:00:00Z,
15.75,16.5375,2024-10-27T14:00:00Z,2024-10-27T14:30:00Z,
17.43,18.3015,2024-10-27T14:30:00Z,2024-10-27T15:00:00Z,
15.54,16.317,2024-10-27T15:00:00Z,2024-10-27T15:30:00Z,
20.71,21.7455,2024-10-27T15:30:00Z,2024-10-27T16:00:00Z,
31.16,32.718,2024-10-27T16:00:00Z,2024-10-27T16:30:00Z,
36.1,37.905,2024-10-27T16:30:00Z,2024-10-27T17:00:00Z,
38.2,40.11,2024-10-27T17:00:00Z,2024-10-27T17:30:00Z,
35.85,37.6425,2024-10-27T17:30:00Z,2024-10-27T18:00:00Z,
38.54,40.467,2024-10-27T18:00:00Z,2024-10-27T18:30:00Z,
33.22,34.881,2024-10-27T18:30:00Z,2024-10-27T19:00:00Z,
19.02,19.971,2024-10-27T19:00:00Z,2024-10-27T19:30:00Z,
18.82,19.761,2024-10-27T19:30:00Z,2024-10-27T20:00:00Z,
23.18,24.339,2024-10-27T20:00:00Z,2024-10-27T20:30:00Z,
17.68,18.564,2024-10-27T20:30:00Z,2024-10-27T21:00:00Z,
25.2,26.46,2024-10-27T21:00:00Z,2024-10-27T21:30:00Z,
15.96,16.758,2024-10-27T21:30:00Z,2024-10-27T22:00:00Z,
23.94,25.137,2024-10-27T22:00:00Z,2024-10-27T22:30:00Z,
13.14,13.797,2024-10-27T22:30:00Z,2024-10-27T23:00:00Z,
16.8,17.64,2024-10-27T23:00:00Z,2024-10-27T23:30:00Z,
15.75,16.5375,2024-10-27T23:30:00Z,2024-10-28T00:00:00Z,
12.6,13.23,2024-10-28T00:00:00Z,2024-10-28T00:30:00Z,
15.12,15.876,2024-10-28T00:30:00Z,2024-10-28T01:00:00Z,
14.15,14.8575,2024-10-28T01:00:00Z,2024-10-28T01:30:00Z,
12.42,13.041,2024-10-28T01:30:00Z,2024-10-28T02:00:00Z,
13.9,14.595,2024-10-28T02:00:00Z,2024-10-28T02:30:00Z,
12.6,13.23,2024-10-28T02:30:00Z,2024-10-28T03:00:00Z,
13.65,14.3325,2024-10-28T03:00:00Z,2024-10-28T03:30:00Z,
13.21,13.8705,2024-10-28T03:30:00Z,2024-10-28T04:00:00Z,
15.75,16.5375,2024-10-28T04:00:00Z,2024-10-28T04:30:00Z,
14.91,15.6555,2024-10-28T04:30:00Z,2024-10-28T05:00:00Z,
16.38,17.199,2024-10-28T05:00:00Z,2024-10-28T05:30:00Z,
16.45,17.2725,2024-10-28T05:30:00Z,2024-10-28T06:00:00Z,
19.61,20.5905,2024-10-28T06:00:00Z,2024-10-28T06:30:00Z,
18.9,19.845,2024-10-28T06:30:00Z,2024-10-28T07:00:00Z,
17.85,18.7425,2024-10-28T07:00:00Z,2024-10-28T07:30:00Z,
18.19,19.0995,2024-10-28T07:30:00Z,2024-10-28T08:00:00Z,
17.85,18.7425,2024-10-28T08:00:00Z,2024-10-28T08:30:00Z,
19.95,20.9475,2024-10-28T08:30:00Z,2024-10-28T09:00:00Z,
17.85,18.7425,2024-10-28T09:00:00Z,2024-10-28T09:30:00Z,
18.9,19.845,2024-10-28T09:30:00Z,2024-10-28T10:00:00Z,
19.95,20.9475,2024-10-28T10:00:00Z,2024-10-28T10:30:00Z,
21.21,22.2705,2024-10-28T10:30:00Z,2024-10-28T11:00:00Z,
19.66,20.643,2024-10-28T11:00:00Z,2024-10-28T11:30:00Z,
20.54,21.567,2024-10-28T11:30:00Z,2024-10-28T12:00:00Z,
22.51,23.6355,2024-10-28T12:00:00Z,2024-10-28T12:30:00Z,
22.68,23.814,2024-10-28T12:30:00Z,2024-10-28T13:00:00Z,
21.88,22.974,2024-10-28T13:00:00Z,2024-10-28T13:30:00Z,
21.02,22.071,2024-10-28T13:30:00Z,2024-10-28T14:00:00Z,
22.07,23.1735,2024-10-28T14:00:00Z,2024-10-28T14:30:00Z,
21.42,22.491,2024-10-28T14:30:00Z,2024-10-28T15:00:00Z,
22.05,23.1525,2024-10-28T15:00:00Z,2024-10-28T15:30:00Z,
24.15,25.3575,2024-10-28T15:30:00Z,2024-10-28T16:00:00Z,
35.68,37.464,2024-10-28T16:00:00Z,2024-10-28T16:30:00Z,
41.77,43.8585,2024-10-28T16:30:00Z,2024-10-28T17:00:00Z,
38.2,40.11,2024-10-28T17:00:00Z,2024-10-28T17:30:00Z,
38.79,40.7295,2024-10-28T17:30:00Z,2024-10-28T18:00:00Z,
42.19,44.2995,2024-10-28T18:00:00Z,2024-10-28T18:30:00Z,
37.36,39.228,2024-10-28T18:30:00Z,2024-10-28T19:00:00Z,
25.19,26.4495,2024-10-28T19:00:00Z,2024-10-28T19:30:00Z,
22.01,23.1105,2024-10-28T19:30:00Z,2024-10-28T20:00:00Z,
23.52,24.696,2024-10-28T20:00:00Z,2024-10-28T20:30:00Z,
21.08,22.134,2024-10-28T20:30:00Z,2024-10-28T21:00:00Z,
22.85,23.9925,2024-10-28T21:00:00Z,2024-10-28T21:30:00Z,
21.0,22.05,2024-10-28T21:30:00Z,2024-10-28T22:00:00Z,
19.74,20.727,2024-10-28T22:00:00Z,2024-10-28T22:30:00Z,
17.66,18.543,2024-10-28T22:30:00Z,2024-10-28T23:00:00Z,
19.15,20.1075,2024-10-28T23:00:00Z,2024-10-28T23:30:00Z,
19.53,20.5065,2024-10-28T23:30:00Z,2024-10-29T00:00:00Z,
17.85,18.7425,2024-10-29T00:00:00Z,2024-10-29T00:30:00Z,
19.57,20.5485,2024-10-29T00:30:00Z,2024-10-29T01:00:00Z,
17.86,18.753,2024-10-29T01:00:00Z,2024-10-29T01:30:00Z,
17.49,18.3645,2024-10-29T01:30:00Z,2024-10-29T02:00:00Z,
18.48,19.404,2024-10-29T02:00:00Z,2024-10-29T02:30:00Z,
17.71,18.5955,2024-10-29T02:30:00Z,2024-10-29T03:00:00Z,
18.23,19.1415,2024-10-29T03:00:00Z,2024-10-29T03:30:00Z,
17.35,18.2175,2024-10-29T03:30:00Z,2024-10-29T04:00:00Z,
19.61,20.5905,2024-10-29T04:00:00Z,2024-10-29T04:30:00Z,
17.85,18.7425,2024-10-29T04:30:00Z,2024-10-29T05:00:00Z,
20.18,21.189,2024-10-29T05:00:00Z,2024-10-29T05:30:00Z,
18.48,19.404,2024-10-29T05:30:00Z,2024-10-29T06:00:00Z,
20.18,21.189,2024-10-29T06:00:00Z,2024-10-29T06:30:00Z,
20.35,21.3675,2024-10-29T06:30:00Z,2024-10-29T07:00:00Z,
18.73,19.6665,2024-10-29T07:00:00Z,2024-10-29T07:30:00Z,
24.59,25.8195,2024-10-29T07:30:00Z,2024-10-29T08:00:00Z,
20.03,21.0315,2024-10-29T08:00:00Z,2024-10-29T08:30:00Z,
21.84,22.932,2024-10-29T08:30:00Z,2024-10-29T09:00:00Z,
22.18,23.289,2024-10-29T09:00:00Z,2024-10-29T09:30:00Z,
20.94,21.987,2024-10-29T09:30:00Z,2024-10-29T10:00:00Z,
20.04,21.042,2024-10-29T10:00:00Z,2024-10-29T10:30:00Z,
19.15,20.1075,2024-10-29T10:30:00Z,2024-10-29T11:00:00Z,
18.23,19.1415,2024-10-29T11:00:00Z,2024-10-29T11:30:00Z,
18.2,19.11,2024-10-29T11:30:00Z,2024-10-29T12:00:00Z,
19.62,20.601,2024-10-29T12:00:00Z,2024-10-29T12:30:00Z,
19.99,20.9895,2024-10-29T12:30:00Z,2024-10-29T13:00:00Z,
21.59,22.6695,2024-10-29T13:00:00Z,2024-10-29T13:30:00Z,
19.8,20.79,2024-10-29T13:30:00Z,2024-10-29T14:00:00Z,
22.51,23.6355,2024-10-29T14:00:00Z,2024-10-29T14:30:00Z,
21.39,22.4595,2024-10-29T14:30:00Z,2024-10-29T15:00:00Z,
24.16,25.368,2024-10-29T15:00:00Z,2024-10-29T15:30:00Z,
25.83,27.1215,2024-10-29T15:30:00Z,2024-10-29T16:00:00Z,
36.52,38.346,2024-10-29T16:00:00Z,2024-10-29T16:30:00Z,
52.9,55.545,2024-10-29T16:30:00Z,2024-10-29T17:00:00Z,
46.6,48.93,2024-10-29T17:00:00Z,2024-10-29T17:30:00Z,
54.54,57.267,2024-10-29T17:30:00Z,2024-10-29T18:00:00Z,
44.72,46.956,2024-10-29T18:00:00Z,2024-10-29T18:30:00Z,
42.86,45.003,2024-10-29T18:30:00Z,2024-10-29T19:00:00Z,
26.04,27.342,2024-10-29T19:00:00Z,2024-10-29T19:30:00Z,
20.22,21.231,2024-10-29T19:30:00Z,2024-10-29T20:00:00Z,
21.55,22.6275,2024-10-29T20:00:00Z,2024-10-29T20:30:00Z,
20.11,21.1155,2024-10-29T20:30:00Z,2024-10-29T21:00:00Z,
20.37,21.3885,2024-10-29T21:00:00Z,2024-10-29T21:30:00Z,
17.89,18.7845,2024-10-29T21:30:00Z,2024-10-29T22:00:00Z,
18.05,18.9525,2024-10-29T22:00:00Z,2024-10-29T22:30:00Z,
16.8,17.64,2024-10-29T22:30:00Z,2024-10-29T23:00:00Z,
18.9,19.845,2024-10-29T23:00:00Z,2024-10-29T23:30:00Z,
19.0,19.95,2024-10-29T23:30:00Z,2024-10-30T00:00:00Z,
17.71,18.5955,2024-10-30T00:00:00Z,2024-10-30T00:30:00Z,
18.06,18.963,2024-10-30T00:30:00Z,2024-10-30T01:00:00Z,
17.85,18.7425,2024-10-30T01:00:00Z,2024-10-30T01:30:00Z,
17.71,18.5955,2024-10-30T01:30:00Z,2024-10-30T02:00:00Z,
17.43,18.3015,2024-10-30T02:00:00Z,2024-10-30T02:30:00Z,
16.8,17.64,2024-10-30T02:30:00Z,2024-10-30T03:00:00Z,
17.54,18.417,2024-10-30T03:00:00Z,2024-10-30T03:30:00Z,
17.37,18.2385,2024-10-30T03:30:00Z,2024-10-30T04:00:00Z,
17.5,18.375,2024-10-30T04:00:00Z,2024-10-30T04:30:00Z,
15.12,15.876,2024-10-30T04:30:00Z,2024-10-30T05:00:00Z,
18.06,18.963,2024-10-30T05:00:00Z,2024-10-30T05:30:00Z,
17.85,18.7425,2024-10-30T05:30:00Z,2024-10-30T06:00:00Z,
19.15,20.1075,2024-10-30T06:00:00Z,2024-10-30T06:30:00Z,
20.79,21.8295,2024-10-30T06:30:00Z,2024-10-30T07:00:00Z,
19.74,20.727,2024-10-30T07:00:00Z,2024-10-30T07:30:00Z,
24.76,25.998,2024-10-30T07:30:00Z,2024-10-30T08:00:00Z,
20.79,21.8295,2024-10-30T08:00:00Z,2024-10-30T08:30:00Z,
22.44,23.562,2024-10-30T08:30:00Z,2024-10-30T09:00:00Z,
21.42,22.491,2024-10-30T09:00:00Z,2024-10-30T09:30:00Z,
20.37,21.3885,2024-10-30T09:30:00Z,2024-10-30T10:00:00Z,
20.79,21.8295,2024-10-30T10:00:00Z,2024-10-30T10:30:00Z,
19.17,20.1285,2024-10-30T10:30:00Z,2024-10-30T11:00:00Z,
18.61,19.5405,2024-10-30T11:00:00Z,2024-10-30T11:30:00Z,
18.98,19.929,2024-10-30T11:30:00Z,2024-10-30T12:00:00Z,
20.16,21.168,2024-10-30T12:00:00Z,2024-10-30T12:30:00Z,
20.58,21.609,2024-10-30T12:30:00Z,2024-10-30T13:00:00Z,
21.74,22.827,2024-10-30T13:00:00Z,2024-10-30T13:30:00Z,
20.79,21.8295,2024-10-30T13:30:00Z,2024-10-30T14:00:00Z,
22.89,24.0345,2024-10-30T14:00:00Z,2024-10-30T14:30:00Z,
19.32,20.286,2024-10-30T14:30:00Z,2024-10-30T15:00:00Z,
24.26,25.473,2024-10-30T15:00:00Z,2024-10-30T15:30:00Z,
26.46,27.783,2024-10-30T15:30:00Z,2024-10-30T16:00:00Z,
40.18,42.189,2024-10-30T16:00:00Z,2024-10-30T16:30:00Z,
46.96,49.308,2024-10-30T16:30:00Z,2024-10-30T17:00:00Z,
43.87,46.0635,2024-10-30T17:00:00Z,2024-10-30T17:30:00Z,
46.18,48.489,2024-10-30T17:30:00Z,2024-10-30T18:00:00Z,
41.35,43.4175,2024-10-30T18:00:00Z,2024-10-30T18:30:00Z,
40.48,42.504,2024-10-30T18:30:00Z,2024-10-30T19:00:00Z,
21.82,22.911,2024-10-30T19:00:00Z,2024-10-30T19:30:00Z,
20.94,21.987,2024-10-30T19:30:00Z,2024-10-30T20:00:00Z,
20.37,21.3885,2024-10-30T20:00:00Z,2024-10-30T20:30:00Z,
18.06,18.963,2024-10-30T20:30:00Z,2024-10-30T21:00:00Z,
20.16,21.168,2024-10-30T21:00:00Z,2024-10-30T21:30:00Z,
20.16,21.168,2024-10-30T21:30:00Z,2024-10-30T22:00:00Z,
20.79,21.8295,2024-10-30T22:00:00Z,2024-10-30T22:30:00Z,
18.27,19.1835,2024-10-30T22:30:00Z,2024-10-30T23:00:00Z,
20.68,21.714,2024-10-30T23:00:00Z,2024-10-30T23:30:00Z,
19.95,20.9475,2024-10-30T23:30:00Z,2024-10-31T00:00:00Z,
15.96,16.758,2024-10-31T00:00:00Z,2024-10-31T00:30:00Z,
19.57,20.5485,2024-10-31T00:30:00Z,2024-10-31T01:00:00Z,
17.22,18.081,2024-10-31T01:00:00Z,2024-10-31T01:30:00Z,
13.86,14.553,2024-10-31T01:30:00Z,2024-10-31T02:00:00Z,
16.87,17.7135,2024-10-31T02:00:00Z,2024-10-31T02:30:00Z,
15.19,15.9495,2024-10-31T02:30:00Z,2024-10-31T03:00:00Z,
15.9,16.695,2024-10-31T03:00:00Z,2024-10-31T03:30:00Z,
15.19,15.9495,2024-10-31T03:30:00Z,2024-10-31T04:00:00Z,
16.9,17.745,2024-10-31T04:00:00Z,2024-10-31T04:30:00Z,
15.75,16.5375,2024-10-31T04:30:00Z,2024-10-31T05:00:00Z,
15.96,16.758,2024-10-31T05:00:00Z,2024-10-31T05:30:00Z,
16.8,17.64,2024-10-31T05:30:00Z,2024-10-31T06:00:00Z,
18.9,19.845,2024-10-31T06:00:00Z,2024-10-31T06:30:00Z,
22.26,23.373,2024-10-31T06:30:00Z,2024-10-31T07:00:00Z,
19.06,20.013,2024-10-31T07:00:00Z,2024-10-31T07:30:00Z,
23.9,25.095,2024-10-31T07:30:00Z,2024-10-31T08:00:00Z,
21.0,22.05,2024-10-31T08:00:00Z,2024-10-31T08:30:00Z,
21.84,22.932,2024-10-31T08:30:00Z,2024-10-31T09:00:00Z,
21.84,22.932,2024-10-31T09:00:00Z,2024-10-31T09:30:00Z,
19.95,20.9475,2024-10-31T09:30:00Z,2024-10-31T10:00:00Z,
18.46,19.383,2024-10-31T10:00:00Z,2024-10-31T10:30:00Z,
15.96,16.758,2024-10-31T10:30:00Z,2024-10-31T11:00:00Z,
17.01,17.8605,2024-10-31T11:00:00Z,2024-10-31T11:30:00Z,
17.04,17.892,2024-10-31T11:30:00Z,2024-10-31T12:00:00Z,
16.4,17.22,2024-10-31T12:00:00Z,2024-10-31T12:30:00Z,
17.81,18.7005,2024-10-31T12:30:00Z,2024-10-31T13:00:00Z,
17.64,18.522,2024-10-31T13:00:00Z,2024-10-31T13:30:00Z,
17.26,18.123,2024-10-31T13:30:00Z,2024-10-31T14:00:00Z,
19.13,20.0865,2024-10-31T14:00:00Z,2024-10-31T14:30:00Z,
16.17,16.9785,2024-10-31T14:30:00Z,2024-10-31T15:00:00Z,
20.9,21.945,2024-10-31T15:00:00Z,2024-10-31T15:30:00Z,
21.84,22.932,2024-10-31T15:30:00Z,2024-10-31T16:00:00Z,
32.89,34.5345,2024-10-31T16:00:00Z,2024-10-31T16:30:00Z,
41.04,43.092,2024-10-31T16:30:00Z,2024-10-31T17:00:00Z,
36.39,38.2095,2024-10-31T17:00:00Z,2024-10-31T17:30:00Z,
38.37,40.2885,2024-10-31T17:30:00Z,2024-10-31T18:00:00Z,
36.65,38.4825,2024-10-31T18:00:00Z,2024-10-31T18:30:00Z,
33.08,34.734,2024-10-31T18:30:00Z,2024-10-31T19:00:00Z,
20.87,21.9135,2024-10-31T19:00:00Z,2024-10-31T19:30:00Z,
17.3,18.165,2024-10-31T19:30:00Z,2024-10-31T20:00:00Z,
18.9,19.845,2024-10-31T20:00:00Z,2024-10-31T20:30:00Z,
19.95,20.9475,2024-10-31T20:30:00Z,2024-10-31T21:00:00Z,
20.74,21.777,2024-10-31T21:00:00Z,2024-10-31T21:30:00Z,
19.95,20.9475,2024-10-31T21:30:00Z,2024-10-31T22:00:00Z,
19.28,20.244,2024-10-31T22:00:00Z,2024-10-31T22:30:00Z,
15.87,16.6635,2024-10-31T22:30:00Z,2024-10-31T23:00:00Z,
18.9,19.845,2024-10-31T23:00:00Z,2024-10-31T23:30:00Z,
19.95,20.9475,2024-10-31T23:30:00Z,2024-11-01T00:00:00Z,
19.11,20.0655,2024-11-01T00:00:00Z,2024-11-01T00:30:00Z,
21.42,22.491,2024-11-01T00:30:00Z,2024-11-01T01:00:00Z,
18.22,19.131,2024-11-01T01:00:00Z,2024-11-01T01:30:00Z,
16.65,17.4825,2024-11-01T01:30:00Z,2024-11-01T02:00:00Z,
15.79,16.5795,2024-11-01T02:00:00Z,2024-11-01T02:30:00Z,
13.96,14.658,2024-11-01T02:30:00Z,2024-11-01T03:00:00Z,
14.7,15.435,2024-11-01T03:00:00Z,2024-11-01T03:30:00Z,
14.7,15.435,2024-11-01T03:30:00Z,2024-11-01T04:00:00Z,
16.57,17.3985,2024-11-01T04:00:00Z,2024-11-01T04:30:00Z,
15.54,16.317,2024-11-01T04:30:00Z,2024-11-01T05:00:00Z,
15.75,16.5375,2024-11-01T05:00:00Z,2024-11-01T05:30:00Z,
15.75,16.5375,2024-11-01T05:30:00Z,2024-11-01T06:00:00Z,
18.9,19.845,2024-11-01T06:00:00Z,2024-11-01T06:30:00Z,
18.9,19.845,2024-11-01T06:30:00Z,2024-11-01T07:00:00Z,
18.48,19.404,2024-11-01T07:00:00Z,2024-11-01T07:30:00Z,
23.04,24.192,2024-11-01T07:30:00Z,2024-11-01T08:00:00Z,
20.58,21.609,2024-11-01T08:00:00Z,2024-11-01T08:30:00Z,
18.69,19.6245,2024-11-01T08:30:00Z,2024-11-01T09:00:00Z,
18.27,19.1835,2024-11-01T09:00:00Z,2024-11-01T09:30:00Z,
17.3,18.165,2024-11-01T09:30:00Z,2024-11-01T10:00:00Z,
18.48,19.404,2024-11-01T10:00:00Z,2024-11-01T10:30:00Z,
17.26,18.123,2024-11-01T10:30:00Z,2024-11-01T11:00:00Z,
17.79,18.6795,2024-11-01T11:00:00Z,2024-11-01T11:30:00Z,
18.73,19.6665,2024-11-01T11:30:00Z,2024-11-01T12:00:00Z,
19.95,20.9475,2024-11-01T12:00:00Z,2024-11-01T12:30:00Z,
21.0,22.05,2024-11-01T12:30:00Z,2024-11-01T13:00:00Z,
19.95,20.9475,2024-11-01T13:00:00Z,2024-11-01T13:30:00Z,
19.82,20.811,2024-11-01T13:30:00Z,2024-11-01T14:00:00Z,
17.43,18.3015,2024-11-01T14:00:00Z,2024-11-01T14:30:00Z,
17.43,18.3015,2024-11-01T14:30:00Z,2024-11-01T15:00:00Z,
19.64,20.622,2024-11-01T15:00:00Z,2024-11-01T15:30:00Z,
19.98,20.979,2024-11-01T15:30:00Z,2024-11-01T16:00:00Z,
32.95,34.5975,2024-11-01T16:00:00Z,2024-11-01T16:30:00Z,
41.14,43.197,2024-11-01T16:30:00Z,2024-11-01T17:00:00Z,
37.15,39.0075,2024-11-01T17:00:00Z,2024-11-01T17:30:00Z,
38.25,40.1625,2024-11-01T17:30:00Z,2024-11-01T18:00:00Z,
37.36,39.228,2024-11-01T18:00:00Z,2024-11-01T18:30:00Z,
37.15,39.0075,2024-11-01T18:30:00Z,2024-11-01T19:00:00Z,
23.91,25.1055,2024-11-01T19:00:00Z,2024-11-01T19:30:00Z,
19.79,20.7795,2024-11-01T19:30:00Z,2024-11-01T20:00:00Z,
20.5,21.525,2024-11-01T20:00:00Z,2024-11-01T20:30:00Z,
19.4,20.37,2024-11-01T20:30:00Z,2024-11-01T21:00:00Z,
19.38,20.349,2024-11-01T21:00:00Z,2024-11-01T21:30:00Z,
18.94,19.887,2024-11-01T21:30:00Z,2024-11-01T22:00:00Z,
18.69,19.6245,2024-11-01T22:00:00Z,2024-11-01T22:30:00Z,
18.9,19.845,2024-11-01T22:30:00Z,2024-11-01T23:00:00Z,
18.48,19.404,2024-11-01T23:00:00Z,2024-11-01T23:30:00Z,
18.44,19.362,2024-11-01T23:30:00Z,2024-11-02T00:00:00Z,
16.57,17.3985,2024-11-02T00:00:00Z,2024-11-02T00:30:00Z,
18.69,19.6245,2024-11-02T00:30:00Z,2024-11-02T01:00:00Z,
17.03,17.8815,2024-11-02T01:00:00Z,2024-11-02T01:30:00Z,
16.38,17.199,2024-11-02T01:30:00Z,2024-11-02T02:00:00Z,
16.23,17.0415,2024-11-02T02:00:00Z,2024-11-02T02:30:00Z,
14.91,15.6555,2024-11-02T02:30:00Z,2024-11-02T03:00:00Z,
15.8,16.59,2024-11-02T03:00:00Z,2024-11-02T03:30:00Z,
15.75,16.5375,2024-11-02T03:30:00Z,2024-11-02T04:00:00Z,
16.8,17.64,2024-11-02T04:00:00Z,2024-11-02T04:30:00Z,
15.75,16.5375,2024-11-02T04:30:00Z,2024-11-02T05:00:00Z,
17.47,18.3435,2024-11-02T05:00:00Z,2024-11-02T05:30:00Z,
16.38,17.199,2024-11-02T05:30:00Z,2024-11-02T06:00:00Z,
17.04,17.892,2024-11-02T06:00:00Z,2024-11-02T06:30:00Z,
17.24,18.102,2024-11-02T06:30:00Z,2024-11-02T07:00:00Z,
16.38,17.199,2024-11-02T07:00:00Z,2024-11-02T07:30:00Z,
19.68,20.664,2024-11-02T07:30:00Z,2024-11-02T08:00:00Z,
18.88,19.824,2024-11-02T08:00:00Z,2024-11-02T08:30:00Z,
18.4,19.32,2024-11-02T08:30:00Z,2024-11-02T09:00:00Z,
19.45,20.4225,2024-11-02T09:00:00Z,2024-11-02T09:30:00Z,
19.17,20.1285,2024-11-02T09:30:00Z,2024-11-02T10:00:00Z,
19.53,20.5065,2024-11-02T10:00:00Z,2024-11-02T10:30:00Z,
19.53,20.5065,2024-11-02T10:30:00Z,2024-11-02T11:00:00Z,
18.52,19.446,2024-11-02T11:00:00Z,2024-11-02T11:30:00Z,
19.32,20.286,2024-11-02T11:30:00Z,2024-11-02T12:00:00Z,
19.11,20.0655,2024-11-02T12:00:00Z,2024-11-02T12:30:00Z,
19.57,20.5485,2024-11-02T12:30:00Z,2024-11-02T13:00:00Z,
20.83,21.8715,2024-11-02T13:00:00Z,2024-11-02T13:30:00Z,
18.9,19.845,2024-11-02T13:30:00Z,2024-11-02T14:00:00Z,
21.17,22.2285,2024-11-02T14:00:00Z,2024-11-02T14:30:00Z,
18.73,19.6665,2024-11-02T14:30:00Z,2024-11-02T15:00:00Z,
20.92,21.966,2024-11-02T15:00:00Z,2024-11-02T15:30:00Z,
20.92,21.966,2024-11-02T15:30:00Z,2024-11-02T16:00:00Z,
31.96,33.558,2024-11-02T16:00:00Z,2024-11-02T16:30:00Z,
40.3,42.315,2024-11-02T16:30:00Z,2024-11-02T17:00:00Z,
37.15,39.0075,2024-11-02T17:00:00Z,2024-11-02T17:30:00Z,
37.59,39.4695,2024-11-02T17:30:00Z,2024-11-02T18:00:00Z,
37.36,39.228,2024-11-02T18:00:00Z,2024-11-02T18:30:00Z,
34.5,36.225,2024-11-02T18:30:00Z,2024-11-02T19:00:00Z,
20.77,21.8085,2024-11-02T19:00:00Z,2024-11-02T19:30:00Z,
19.32,20.286,2024-11-02T19:30:00Z,2024-11-02T20:00:00Z,
20.66,21.693,2024-11-02T20:00:00Z,2024-11-02T20:30:00Z,
20.0,21.0,2024-11-02T20:30:00Z,2024-11-02T21:00:00Z,
19.89,20.8845,2024-11-02T21:00:00Z,2024-11-02T21:30:00Z,
18.92,19.866,2024-11-02T21:30:00Z,2024-11-02T22:00:00Z,
18.65,19.5825,2024-11-02T22:00:00Z,2024-11-02T22:30:00Z,
17.03,17.8815,2024-11-02T22:30:00Z,2024-11-02T23:00:00Z,
18.9,19.845,2024-11-02T23:00:00Z,2024-11-02T23:30:00Z,
18.9,19.845,2024-11-02T23:30:00Z,2024-11-03T00:00:00Z,
16.38,17.199,2024-11-03T00:00:00Z,2024-11-03T00:30:00Z,
20.16,21.168,2024-11-03T00:30:00Z,2024-11-03T01:00:00Z,
18.19,19.0995,2024-11-03T01:00:00Z,2024-11-03T01:30:00Z,
16.34,17.157,2024-11-03T01:30:00Z,2024-11-03T02:00:00Z,
15.96,16.758,2024-11-03T02:00:00Z,2024-11-03T02:30:00Z,
15.75,16.5375,2024-11-03T02:30:00Z,2024-11-03T03:00:00Z,
15.96,16.758,2024-11-03T03:00:00Z,2024-11-03T03:30:00Z,
15.96,16.758,2024-11-03T03:30:00Z,2024-11-03T04:00:00Z,
16.38,17.199,2024-11-03T04:00:00Z,2024-11-03T04:30:00Z,
15.96,16.758,2024-11-03T04:30:00Z,2024-11-03T05:00:00Z,
17.85,18.7425,2024-11-03T05:00:00Z,2024-11-03T05:30:00Z,
17.48,18.354,2024-11-03T05:30:00Z,2024-11-03T06:00:00Z,
16.84,17.682,2024-11-03T06:00:00Z,2024-11-03T06:30:00Z,
18.51,19.4355,2024-11-03T06:30:00Z,2024-11-03T07:00:00Z,
15.96,16.758,2024-11-03T07:00:00Z,2024-11-03T07:30:00Z,
17.81,18.7005,2024-11-03T07:30:00Z,2024-11-03T08:00:00Z,
16.38,17.199,2024-11-03T08:00:00Z,2024-11-03T08:30:00Z,
16.38,17.199,2024-11-03T08:30:00Z,2024-11-03T09:00:00Z,
17.64,18.522,2024-11-03T09:00:00Z,2024-11-03T09:30:00Z,
21.63,22.7115,2024-11-03T09:30:00Z,2024-11-03T10:00:00Z,
21.67,22.7535,2024-11-03T10:00:00Z,2024-11-03T10:30:00Z,
21.0,22.05,2024-11-03T10:30:00Z,2024-11-03T11:00:00Z,
18.27,19.1835,2024-11-03T11:00:00Z,2024-11-03T11:30:00Z,
21.0,22.05,2024-11-03T11:30:00Z,2024-11-03T12:00:00Z,
21.32,22.386,2024-11-03T12:00:00Z,2024-11-03T12:30:00Z,
22.68,23.814,2024-11-03T12:30:00Z,2024-11-03T13:00:00Z,
20.58,21.609,2024-11-03T13:00:00Z,2024-11-03T13:30:00Z,
18.8,19.74,2024-11-03T13:30:00Z,2024-11-03T14:00:00Z,
17.65,18.5325,2024-11-03T14:00:00Z,2024-11-03T14:30:00Z,
16.8,17.64,2024-11-03T14:30:00Z,2024-11-03T15:00:00Z,
20.16,21.168,2024-11-03T15:00:00Z,2024-11-03T15:30:00Z,
19.74,20.727,2024-11-03T15:30:00Z,2024-11-03T16:00:00Z,
35.68,37.464,2024-11-03T16:00:00Z,2024-11-03T16:30:00Z,
41.14,43.197,2024-11-03T16:30:00Z,2024-11-03T17:00:00Z,
38.2,40.11,2024-11-03T17:00:00Z,2024-11-03T17:30:00Z,
36.94,38.787,2024-11-03T17:30:00Z,2024-11-03T18:00:00Z,
39.46,41.433,2024-11-03T18:00:00Z,2024-11-03T18:30:00Z,
36.75,38.5875,2024-11-03T18:30:00Z,2024-11-03T19:00:00Z,
24.36,25.578,2024-11-03T19:00:00Z,2024-11-03T19:30:00Z,
18.06,18.963,2024-11-03T19:30:00Z,2024-11-03T20:00:00Z,
18.94,19.887,2024-11-03T20:00:00Z,2024-11-03T20:30:00Z,
21.42,22.491,2024-11-03T20:30:00Z,2024-11-03T21:00:00Z,
19.53,20.5065,2024-11-03T21:00:00Z,2024-11-03T21:30:00Z,
18.69,19.6245,2024-11-03T21:30:00Z,2024-11-03T22:00:00Z,
19.11,20.0655,2024-11-03T22:00:00Z,2024-11-03T22:30:00Z,
15.96,16.758,2024-11-03T22:30:00Z,2024-11-03T23:00:00Z,
18.06,18.963,2024-11-03T23:00:00Z,2024-11-03T23:30:00Z,
17.29,18.1545,2024-11-03T23:30:00Z,2024-11-04T00:00:00Z,
16.8,17.64,2024-11-04T00:00:00Z,2024-11-04T00:30:00Z,
17.85,18.7425,2024-11-04T00:30:00Z,2024-11-04T01:00:00Z,
17.22,18.081,2024-11-04T01:00:00Z,2024-11-04T01:30:00Z,
16.46,17.283,2024-11-04T01:30:00Z,2024-11-04T02:00:00Z,
16.59,17.4195,2024-11-04T02:00:00Z,2024-11-04T02:30:00Z,
16.47,17.2935,2024-11-04T02:30:00Z,2024-11-04T03:00:00Z,
16.34,17.157,2024-11-04T03:00:00Z,2024-11-04T03:30:00Z,
16.38,17.199,2024-11-04T03:30:00Z,2024-11-04T04:00:00Z,
16.8,17.64,2024-11-04T04:00:00Z,2024-11-04T04:30:00Z,
16.46,17.283,2024-11-04T04:30:00Z,2024-11-04T05:00:00Z,
19.95,20.9475,2024-11-04T05:00:00Z,2024-11-04T05:30:00Z,
18.88,19.824,2024-11-04T05:30:00Z,2024-11-04T06:00:00Z,
20.46,21.483,2024-11-04T06:00:00Z,2024-11-04T06:30:00Z,
20.79,21.8295,2024-11-04T06:30:00Z,2024-11-04T07:00:00Z,
20.58,21.609,2024-11-04T07:00:00Z,2024-11-04T07:30:00Z,
25.2,26.46,2024-11-04T07:30:00Z,2024-11-04T08:00:00Z,
22.05,23.1525,2024-11-04T08:00:00Z,2024-11-04T08:30:00Z,
21.84,22.932,2024-11-04T08:30:00Z,2024-11-04T09:00:00Z,
20.25,21.2625,2024-11-04T09:00:00Z,2024-11-04T09:30:00Z,
20.16,21.168,2024-11-04T09:30:00Z,2024-11-04T10:00:00Z,
19.74,20.727,2024-11-04T10:00:00Z,2024-11-04T10:30:00Z,
20.03,21.0315,2024-11-04T10:30:00Z,2024-11-04T11:00:00Z,
19.53,20.5065,2024-11-04T11:00:00Z,2024-11-04T11:30:00Z,
19.95,20.9475,2024-11-04T11:30:00Z,2024-11-04T12:00:00Z,
19.03,19.9815,2024-11-04T12:00:00Z,2024-11-04T12:30:00Z,
19.58,20.559,2024-11-04T12:30:00Z,2024-11-04T13:00:00Z,
21.0,22.05,2024-11-04T13:00:00Z,2024-11-04T13:30:00Z,
20.16,21.168,2024-11-04T13:30:00Z,2024-11-04T14:00:00Z,
25.2,26.46,2024-11-04T14:00:00Z,2024-11-04T14:30:00Z,
24.86,26.103,2024-11-04T14:30:00Z,2024-11-04T15:00:00Z,
27.96,29.358,2024-11-04T15:00:00Z,2024-11-04T15:30:00Z,
31.5,33.075,2024-11-04T15:30:00Z,2024-11-04T16:00:00Z,
49.96,52.458,2024-11-04T16:00:00Z,2024-11-04T16:30:00Z,
61.14,64.197,2024-11-04T16:30:00Z,2024-11-04T17:00:00Z,
57.1,59.955,2024-11-04T17:00:00Z,2024-11-04T17:30:00Z,
59.93,62.9265,2024-11-04T17:30:00Z,2024-11-04T18:00:00Z,
48.7,51.135,2024-11-04T18:00:00Z,2024-11-04T18:30:00Z,
43.03,45.1815,2024-11-04T18:30:00Z,2024-11-04T19:00:00Z,
26.72,28.056,2024-11-04T19:00:00Z,2024-11-04T19:30:00Z,
23.1,24.255,2024-11-04T19:30:00Z,2024-11-04T20:00:00Z,
22.36,23.478,2024-11-04T20:00:00Z,2024-11-04T20:30:00Z,
20.03,21.0315,2024-11-04T20:30:00Z,2024-11-04T21:00:00Z,
20.64,21.672,2024-11-04T21:00:00Z,2024-11-04T21:30:00Z,
18.67,19.6035,2024-11-04T21:30:00Z,2024-11-04T22:00:00Z,
18.95,19.8975,2024-11-04T22:00:00Z,2024-11-04T22:30:00Z,
15.46,16.233,2024-11-04T22:30:00Z,2024-11-04T23:00:00Z,
17.85,18.7425,2024-11-04T23:00:00Z,2024-11-04T23:30:00Z,
16.59,17.4195,2024-11-04T23:30:00Z,2024-11-05T00:00:00Z,
16.05,16.8525,2024-11-05T00:00:00Z,2024-11-05T00:30:00Z,
18.27,19.1835,2024-11-05T00:30:00Z,2024-11-05T01:00:00Z,
16.92,17.766,2024-11-05T01:00:00Z,2024-11-05T01:30:00Z,
16.05,16.8525,2024-11-05T01:30:00Z,2024-11-05T02:00:00Z,
16.4,17.22,2024-11-05T02:00:00Z,2024-11-05T02:30:00Z,
16.38,17.199,2024-11-05T02:30:00Z,2024-11-05T03:00:00Z,
16.59,17.4195,2024-11-05T03:00:00Z,2024-11-05T03:30:00Z,
16.17,16.9785,2024-11-05T03:30:00Z,2024-11-05T04:00:00Z,
16.92,17.766,2024-11-05T04:00:00Z,2024-11-05T04:30:00Z,
16.17,16.9785,2024-11-05T04:30:00Z,2024-11-05T05:00:00Z,
17.01,17.8605,2024-11-05T05:00:00Z,2024-11-05T05:30:00Z,
17.64,18.522,2024-11-05T05:30:00Z,2024-11-05T06:00:00Z,
21.23,22.2915,2024-11-05T06:00:00Z,2024-11-05T06:30:00Z,
23.73,24.9165,2024-11-05T06:30:00Z,2024-11-05T07:00:00Z,
20.58,21.609,2024-11-05T07:00:00Z,2024-11-05T07:30:00Z,
25.54,26.817,2024-11-05T07:30:00Z,2024-11-05T08:00:00Z,
23.18,24.339,2024-11-05T08:00:00Z,2024-11-05T08:30:00Z,
23.31,24.4755,2024-11-05T08:30:00Z,2024-11-05T09:00:00Z,
22.05,23.1525,2024-11-05T09:00:00Z,2024-11-05T09:30:00Z,
21.5,22.575,2024-11-05T09:30:00Z,2024-11-05T10:00:00Z,
21.84,22.932,2024-11-05T10:00:00Z,2024-11-05T10:30:00Z,
21.42,22.491,2024-11-05T10:30:00Z,2024-11-05T11:00:00Z,
22.05,23.1525,2024-11-05T11:00:00Z,2024-11-05T11:30:00Z,
22.51,23.6355,2024-11-05T11:30:00Z,2024-11-05T12:00:00Z,
22.08,23.184,2024-11-05T12:00:00Z,2024-11-05T12:30:00Z,
22.08,23.184,2024-11-05T12:30:00Z,2024-11-05T13:00:00Z,
22.89,24.0345,2024-11-05T13:00:00Z,2024-11-05T13:30:00Z,
22.05,23.1525,2024-11-05T13:30:00Z,2024-11-05T14:00:00Z,
26.21,27.5205,2024-11-05T14:00:00Z,2024-11-05T14:30:00Z,
26.37,27.6885,2024-11-05T14:30:00Z,2024-11-05T15:00:00Z,
29.69,31.1745,2024-11-05T15:00:00Z,2024-11-05T15:30:00Z,
35.56,37.338,2024-11-05T15:30:00Z,2024-11-05T16:00:00Z,
62.35,65.4675,2024-11-05T16:00:00Z,2024-11-05T16:30:00Z,
82.09,86.1945,2024-11-05T16:30:00Z,2024-11-05T17:00:00Z,
71.85,75.4425,2024-11-05T17:00:00Z,2024-11-05T17:30:00Z,
75.79,79.5795,2024-11-05T17:30:00Z,2024-11-05T18:00:00Z,
78.54,82.467,2024-11-05T18:00:00Z,2024-11-05T18:30:00Z,
57.54,60.417,2024-11-05T18:30:00Z,2024-11-05T19:00:00Z,
36.75,38.5875,2024-11-05T19:00:00Z,2024-11-05T19:30:00Z,
26.16,27.468,2024-11-05T19:30:00Z,2024-11-05T20:00:00Z,
28.56,29.988,2024-11-05T20:00:00Z,2024-11-05T20:30:00Z,
21.84,22.932,2024-11-05T20:30:00Z,2024-11-05T21:00:00Z,
22.05,23.1525,2024-11-05T21:00:00Z,2024-11-05T21:30:00Z,
18.48,19.404,2024-11-05T21:30:00Z,2024-11-05T22:00:00Z,
20.79,21.8295,2024-11-05T22:00:00Z,2024-11-05T22:30:00Z,
16.05,16.8525,2024-11-05T22:30:00Z,2024-11-05T23:00:00Z,
17.4,18.27,2024-11-05T23:00:00Z,2024-11-05T23:30:00Z,
18.06,18.963,2024-11-05T23:30:00Z,2024-11-06T00:00:00Z,
17.33,18.1965,2024-11-06T00:00:00Z,2024-11-06T00:30:00Z,
18.06,18.963,2024-11-06T00:30:00Z,2024-11-06T01:00:00Z,
17.32,18.186,2024-11-06T01:00:00Z,2024-11-06T01:30:00Z,
17.13,17.9865,2024-11-06T01:30:00Z,2024-11-06T02:00:00Z,
16.76,17.598,2024-11-06T02:00:00Z,2024-11-06T02:30:00Z,
16.45,17.2725,2024-11-06T02:30:00Z,2024-11-06T03:00:00Z,
16.8,17.64,2024-11-06T03:00:00Z,2024-11-06T03:30:00Z,
17.01,17.8605,2024-11-06T03:30:00Z,2024-11-06T04:00:00Z,
17.33,18.1965,2024-11-06T04:00:00Z,2024-11-06T04:30:00Z,
17.01,17.8605,2024-11-06T04:30:00Z,2024-11-06T05:00:00Z,
19.95,20.9475,2024-11-06T05:00:00Z,2024-11-06T05:30:00Z,
17.33,18.1965,2024-11-06T05:30:00Z,2024-11-06T06:00:00Z,
19.74,20.727,2024-11-06T06:00:00Z,2024-11-06T06:30:00Z,
22.26,23.373,2024-11-06T06:30:00Z,2024-11-06T07:00:00Z,
23.73,24.9165,2024-11-06T07:00:00Z,2024-11-06T07:30:00Z,
24.75,25.9875,2024-11-06T07:30:00Z,2024-11-06T08:00:00Z,
25.54,26.817,2024-11-06T08:00:00Z,2024-11-06T08:30:00Z,
25.68,26.964,2024-11-06T08:30:00Z,2024-11-06T09:00:00Z,
25.2,26.46,2024-11-06T09:00:00Z,2024-11-06T09:30:00Z,
25.2,26.46,2024-11-06T09:30:00Z,2024-11-06T10:00:00Z,
24.36,25.578,2024-11-06T10:00:00Z,2024-11-06T10:30:00Z,
24.36,25.578,2024-11-06T10:30:00Z,2024-11-06T11:00:00Z,
23.18,24.339,2024-11-06T11:00:00Z,2024-11-06T11:30:00Z,
23.18,24.339,2024-11-06T11:30:00Z,2024-11-06T12:00:00Z,
22.68,23.814,2024-11-06T12:00:00Z,2024-11-06T12:30:00Z,
23.31,24.4755,2024-11-06T12:30:00Z,2024-11-06T13:00:00Z,
25.3,26.565,2024-11-06T13:00:00Z,2024-11-06T13:30:00Z,
24.15,25.3575,2024-11-06T13:30:00Z,2024-11-06T14:00:00Z,
26.88,28.224,2024-11-06T14:00:00Z,2024-11-06T14:30:00Z,
26.92,28.266,2024-11-06T14:30:00Z,2024-11-06T15:00:00Z,
27.93,29.3265,2024-11-06T15:00:00Z,2024-11-06T15:30:00Z,
31.57,33.1485,2024-11-06T15:30:00Z,2024-11-06T16:00:00Z,
52.33,54.9465,2024-11-06T16:00:00Z,2024-11-06T16:30:00Z,
63.65,66.8325,2024-11-06T16:30:00Z,2024-11-06T17:00:00Z,
63.48,66.654,2024-11-06T17:00:00Z,2024-11-06T17:30:00Z,
66.11,69.4155,2024-11-06T17:30:00Z,2024-11-06T18:00:00Z,
55.0,57.75,2024-11-06T18:00:00Z,2024-11-06T18:30:00Z,
52.27,54.8835,2024-11-06T18:30:00Z,2024-11-06T19:00:00Z,
29.24,30.702,2024-11-06T19:00:00Z,2024-11-06T19:30:00Z,
25.22,26.481,2024-11-06T19:30:00Z,2024-11-06T20:00:00Z,
22.91,24.0555,2024-11-06T20:00:00Z,2024-11-06T20:30:00Z,
21.42,22.491,2024-11-06T20:30:00Z,2024-11-06T21:00:00Z,
20.74,21.777,2024-11-06T21:00:00Z,2024-11-06T21:30:00Z,
19.53,20.5065,2024-11-06T21:30:00Z,2024-11-06T22:00:00Z,
19.84,20.832,2024-11-06T22:00:00Z,2024-11-06T22:30:00Z,
17.33,18.1965,2024-11-06T22:30:00Z,2024-11-06T23:00:00Z,
18.4,19.32,2024-11-06T23:00:00Z,2024-11-06T23:30:00Z,
19.32,20.286,2024-11-06T23:30:00Z,2024-11-07T00:00:00Z,
16.77,17.6085,2024-11-07T00:00:00Z,2024-11-07T00:30:00Z,
17.92,18.816,2024-11-07T00:30:00Z,2024-11-07T01:00:00Z,
17.64,18.522,2024-11-07T01:00:00Z,2024-11-07T01:30:00Z,
16.76,17.598,2024-11-07T01:30:00Z,2024-11-07T02:00:00Z,
16.76,17.598,2024-11-07T02:00:00Z,2024-11-07T02:30:00Z,
16.76,17.598,2024-11-07T02:30:00Z,2024-11-07T03:00:00Z,
16.76,17.598,2024-11-07T03:00:00Z,2024-11-07T03:30:00Z,
16.77,17.6085,2024-11-07T03:30:00Z,2024-11-07T04:00:00Z,
16.77,17.6085,2024-11-07T04:00:00Z,2024-11-07T04:30:00Z,
16.48,17.304,2024-11-07T04:30:00Z,2024-11-07T05:00:00Z,
17.85,18.7425,2024-11-07T05:00:00Z,2024-11-07T05:30:00Z,
17.16,18.018,2024-11-07T05:30:00Z,2024-11-07T06:00:00Z,
18.86,19.803,2024-11-07T06:00:00Z,2024-11-07T06:30:00Z,
19.74,20.727,2024-11-07T06:30:00Z,2024-11-07T07:00:00Z,
18.46,19.383,2024-11-07T07:00:00Z,2024-11-07T07:30:00Z,
21.5,22.575,2024-11-07T07:30:00Z,2024-11-07T08:00:00Z,
21.32,22.386,2024-11-07T08:00:00Z,2024-11-07T08:30:00Z,
20.79,21.8295,2024-11-07T08:30:00Z,2024-11-07T09:00:00Z,
21.28,22.344,2024-11-07T09:00:00Z,2024-11-07T09:30:00Z,
20.79,21.8295,2024-11-07T09:30:00Z,2024-11-07T10:00:00Z,
20.68,21.714,2024-11-07T10:00:00Z,2024-11-07T10:30:00Z,
20.35,21.3675,2024-11-07T10:30:00Z,2024-11-07T11:00:00Z,
20.32,21.336,2024-11-07T11:00:00Z,2024-11-07T11:30:00Z,
20.06,21.063,2024-11-07T11:30:00Z,2024-11-07T12:00:00Z,
20.58,21.609,2024-11-07T12:00:00Z,2024-11-07T12:30:00Z,
20.73,21.7665,2024-11-07T12:30:00Z,2024-11-07T13:00:00Z,
20.16,21.168,2024-11-07T13:00:00Z,2024-11-07T13:30:00Z,
19.74,20.727,2024-11-07T13:30:00Z,2024-11-07T14:00:00Z,
20.89,21.9345,2024-11-07T14:00:00Z,2024-11-07T14:30:00Z,
20.15,21.1575,2024-11-07T14:30:00Z,2024-11-07T15:00:00Z,
21.0,22.05,2024-11-07T15:00:00Z,2024-11-07T15:30:00Z,
23.91,25.1055,2024-11-07T15:30:00Z,2024-11-07T16:00:00Z,
36.1,37.905,2024-11-07T16:00:00Z,2024-11-07T16:30:00Z,
39.02,40.971,2024-11-07T16:30:00Z,2024-11-07T17:00:00Z,
37.36,39.228,2024-11-07T17:00:00Z,2024-11-07T17:30:00Z,
38.29,40.2045,2024-11-07T17:30:00Z,2024-11-07T18:00:00Z,
38.2,40.11,2024-11-07T18:00:00Z,2024-11-07T18:30:00Z,
37.15,39.0075,2024-11-07T18:30:00Z,2024-11-07T19:00:00Z,
21.26,22.323,2024-11-07T19:00:00Z,2024-11-07T19:30:00Z,
20.75,21.7875,2024-11-07T19:30:00Z,2024-11-07T20:00:00Z,
19.11,20.0655,2024-11-07T20:00:00Z,2024-11-07T20:30:00Z,
16.8,17.64,2024-11-07T20:30:00Z,2024-11-07T21:00:00Z,
21.37,22.4385,2024-11-07T21:00:00Z,2024-11-07T21:30:00Z,
17.51,18.3855,2024-11-07T21:30:00Z,2024-11-07T22:00:00Z,
18.5,19.425,2024-11-07T22:00:00Z,2024-11-07T22:30:00Z,
17.43,18.3015,2024-11-07T22:30:00Z,2024-11-07T23:00:00Z,
17.68,18.564,2024-11-07T23:00:00Z,2024-11-07T23:30:00Z,
18.27,19.1835,2024-11-07T23:30:00Z,2024-11-08T00:00:00Z,
17.01,17.8605,2024-11-08T00:00:00Z,2024-11-08T00:30:00Z,
18.27,19.1835,2024-11-08T00:30:00Z,2024-11-08T01:00:00Z,
17.01,17.8605,2024-11-08T01:00:00Z,2024-11-08T01:30:00Z,
17.01,17.8605,2024-11-08T01:30:00Z,2024-11-08T02:00:00Z,
17.33,18.1965,2024-11-08T02:00:00Z,2024-11-08T02:30:00Z,
17.01,17.8605,2024-11-08T02:30:00Z,2024-11-08T03:00:00Z,
17.28,18.144,2024-11-08T03:00:00Z,2024-11-08T03:30:00Z,
17.26,18.123,2024-11-08T03:30:00Z,2024-11-08T04:00:00Z,
18.27,19.1835,2024-11-08T04:00:00Z,2024-11-08T04:30:00Z,
17.64,18.522,2024-11-08T04:30:00Z,2024-11-08T05:00:00Z,
19.11,20.0655,2024-11-08T05:00:00Z,2024-11-08T05:30:00Z,
18.48,19.404,2024-11-08T05:30:00Z,2024-11-08T06:00:00Z,
18.9,19.845,2024-11-08T06:00:00Z,2024-11-08T06:30:00Z,
19.74,20.727,2024-11-08T06:30:00Z,2024-11-08T07:00:00Z,
18.9,19.845,2024-11-08T07:00:00Z,2024-11-08T07:30:00Z,
22.05,23.1525,2024-11-08T07:30:00Z,2024-11-08T08:00:00Z,
21.0,22.05,2024-11-08T08:00:00Z,2024-11-08T08:30:00Z,
21.17,22.2285,2024-11-08T08:30:00Z,2024-11-08T09:00:00Z,
19.53,20.5065,2024-11-08T09:00:00Z,2024-11-08T09:30:00Z,
20.16,21.168,2024-11-08T09:30:00Z,2024-11-08T10:00:00Z,
20.83,21.8715,2024-11-08T10:00:00Z,2024-11-08T10:30:00Z,
20.16,21.168,2024-11-08T10:30:00Z,2024-11-08T11:00:00Z,
20.16,21.168,2024-11-08T11:00:00Z,2024-11-08T11:30:00Z,
20.58,21.609,2024-11-08T11:30:00Z,2024-11-08T12:00:00Z,
20.77,21.8085,2024-11-08T12:00:00Z,2024-11-08T12:30:00Z,
20.65,21.6825,2024-11-08T12:30:00Z,2024-11-08T13:00:00Z,
21.0,22.05,2024-11-08T13:00:00Z,2024-11-08T13:30:00Z,
20.58,21.609,2024-11-08T13:30:00Z,2024-11-08T14:00:00Z,
24.15,25.3575,2024-11-08T14:00:00Z,2024-11-08T14:30:00Z,
23.35,24.5175,2024-11-08T14:30:00Z,2024-11-08T15:00:00Z,
23.06,24.213,2024-11-08T15:00:00Z,2024-11-08T15:30:00Z,
24.15,25.3575,2024-11-08T15:30:00Z,2024-11-08T16:00:00Z,
36.1,37.905,2024-11-08T16:00:00Z,2024-11-08T16:30:00Z,
38.82,40.761,2024-11-08T16:30:00Z,2024-11-08T17:00:00Z,
37.32,39.186,2024-11-08T17:00:00Z,2024-11-08T17:30:00Z,
37.15,39.0075,2024-11-08T17:30:00Z,2024-11-08T18:00:00Z,
37.36,39.228,2024-11-08T18:00:00Z,2024-11-08T18:30:00Z,
35.05,36.8025,2024-11-08T18:30:00Z,2024-11-08T19:00:00Z,
23.88,25.074,2024-11-08T19:00:00Z,2024-11-08T19:30:00Z,
21.0,22.05,2024-11-08T19:30:00Z,2024-11-08T20:00:00Z,
21.0,22.05,2024-11-08T20:00:00Z,2024-11-08T20:30:00Z,
20.26,21.273,2024-11-08T20:30:00Z,2024-11-08T21:00:00Z,
20.58,21.609,2024-11-08T21:00:00Z,2024-11-08T21:30:00Z,
18.48,19.404,2024-11-08T21:30:00Z,2024-11-08T22:00:00Z,
19.53,20.5065,2024-11-08T22:00:00Z,2024-11-08T22:30:00Z,
18.51,19.4355,2024-11-08T22:30:00Z,2024-11-08T23:00:00Z,
19.73,20.7165,2024-11-08T23:00:00Z,2024-11-08T23:30:00Z,
18.35,19.2675,2024-11-08T23:30:00Z,2024-11-09T00:00:00Z,
18.23,19.1415,2024-11-09T00:00:00Z,2024-11-09T00:30:00Z,
19.16,20.118,2024-11-09T00:30:00Z,2024-11-09T01:00:00Z,
18.3,19.215,2024-11-09T01:00:00Z,2024-11-09T01:30:00Z,
18.9,19.845,2024-11-09T01:30:00Z,2024-11-09T02:00:00Z,
18.27,19.1835,2024-11-09T02:00:00Z,2024-11-09T02:30:00Z,
18.27,19.1835,2024-11-09T02:30:00Z,2024-11-09T03:00:00Z,
18.27,19.1835,2024-11-09T03:00:00Z,2024-11-09T03:30:00Z,
18.65,19.5825,2024-11-09T03:30:00Z,2024-11-09T04:00:00Z,
19.24,20.202,2024-11-09T04:00:00Z,2024-11-09T04:30:00Z,
18.23,19.1415,2024-11-09T04:30:00Z,2024-11-09T05:00:00Z,
18.9,19.845,2024-11-09T05:00:00Z,2024-11-09T05:30:00Z,
18.23,19.1415,2024-11-09T05:30:00Z,2024-11-09T06:00:00Z,
19.94,20.937,2024-11-09T06:00:00Z,2024-11-09T06:30:00Z,
20.21,21.2205,2024-11-09T06:30:00Z,2024-11-09T07:00:00Z,
19.59,20.5695,2024-11-09T07:00:00Z,2024-11-09T07:30:00Z,
22.22,23.331,2024-11-09T07:30:00Z,2024-11-09T08:00:00Z,
21.0,22.05,2024-11-09T08:00:00Z,2024-11-09T08:30:00Z,
23.94,25.137,2024-11-09T08:30:00Z,2024-11-09T09:00:00Z,
22.13,23.2365,2024-11-09T09:00:00Z,2024-11-09T09:30:00Z,
22.05,23.1525,2024-11-09T09:30:00Z,2024-11-09T10:00:00Z,
22.94,24.087,2024-11-09T10:00:00Z,2024-11-09T10:30:00Z,
23.2,24.36,2024-11-09T10:30:00Z,2024-11-09T11:00:00Z,
22.22,23.331,2024-11-09T11:00:00Z,2024-11-09T11:30:00Z,
24.19,25.3995,2024-11-09T11:30:00Z,2024-11-09T12:00:00Z,
24.15,25.3575,2024-11-09T12:00:00Z,2024-11-09T12:30:00Z,
24.57,25.7985,2024-11-09T12:30:00Z,2024-11-09T13:00:00Z,
24.99,26.2395,2024-11-09T13:00:00Z,2024-11-09T13:30:00Z,
22.27,23.3835,2024-11-09T13:30:00Z,2024-11-09T14:00:00Z,
24.7,25.935,2024-11-09T14:00:00Z,2024-11-09T14:30:00Z,
24.7,25.935,2024-11-09T14:30:00Z,2024-11-09T15:00:00Z,
25.39,26.6595,2024-11-09T15:00:00Z,2024-11-09T15:30:00Z,
27.09,28.4445,2024-11-09T15:30:00Z,2024-11-09T16:00:00Z,
37.78,39.669,2024-11-09T16:00:00Z,2024-11-09T16:30:00Z,
42.57,44.6985,2024-11-09T16:30:00Z,2024-11-09T17:00:00Z,
39.46,41.433,2024-11-09T17:00:00Z,2024-11-09T17:30:00Z,
40.72,42.756,2024-11-09T17:30:00Z,2024-11-09T18:00:00Z,
41.56,43.638,2024-11-09T18:00:00Z,2024-11-09T18:30:00Z,
39.17,41.1285,2024-11-09T18:30:00Z,2024-11-09T19:00:00Z,
25.41,26.6805,2024-11-09T19:00:00Z,2024-11-09T19:30:00Z,
22.07,23.1735,2024-11-09T19:30:00Z,2024-11-09T20:00:00Z,
23.02,24.171,2024-11-09T20:00:00Z,2024-11-09T20:30:00Z,
20.6,21.63,2024-11-09T20:30:00Z,2024-11-09T21:00:00Z,
23.0,24.15,2024-11-09T21:00:00Z,2024-11-09T21:30:00Z,
20.79,21.8295,2024-11-09T21:30:00Z,2024-11-09T22:00:00Z,
21.21,22.2705,2024-11-09T22:00:00Z,2024-11-09T22:30:00Z,
18.48,19.404,2024-11-09T22:30:00Z,2024-11-09T23:00:00Z,
18.82,19.761,2024-11-09T23:00:00Z,2024-11-09T23:30:00Z,
18.38,19.299,2024-11-09T23:30:00Z,2024-11-10T00:00:00Z,
17.83,18.7215,2024-11-10T00:00:00Z,2024-11-10T00:30:00Z,
19.42,20.391,2024-11-10T00:30:00Z,2024-11-10T01:00:00Z,
18.69,19.6245,2024-11-10T01:00:00Z,2024-11-10T01:30:00Z,
18.08,18.984,2024-11-10T01:30:00Z,2024-11-10T02:00:00Z,
18.06,18.963,2024-11-10T02:00:00Z,2024-11-10T02:30:00Z,
17.85,18.7425,2024-11-10T02:30:00Z,2024-11-10T03:00:00Z,
18.5,19.425,2024-11-10T03:00:00Z,2024-11-10T03:30:00Z,
18.06,18.963,2024-11-10T03:30:00Z,2024-11-10T04:00:00Z,
18.12,19.026,2024-11-10T04:00:00Z,2024-11-10T04:30:00Z,
17.85,18.7425,2024-11-10T04:30:00Z,2024-11-10T05:00:00Z,
18.27,19.1835,2024-11-10T05:00:00Z,2024-11-10T05:30:00Z,
17.85,18.7425,2024-11-10T05:30:00Z,2024-11-10T06:00:00Z,
18.71,19.6455,2024-11-10T06:00:00Z,2024-11-10T06:30:00Z,
18.27,19.1835,2024-11-10T06:30:00Z,2024-11-10T07:00:00Z,
18.64,19.572,2024-11-10T07:00:00Z,2024-11-10T07:30:00Z,
19.95,20.9475,2024-11-10T07:30:00Z,2024-11-10T08:00:00Z,
17.85,18.7425,2024-11-10T08:00:00Z,2024-11-10T08:30:00Z,
21.74,22.827,2024-11-10T08:30:00Z,2024-11-10T09:00:00Z,
18.82,19.761,2024-11-10T09:00:00Z,2024-11-10T09:30:00Z,
21.82,22.911,2024-11-10T09:30:00Z,2024-11-10T10:00:00Z,
19.11,20.0655,2024-11-10T10:00:00Z,2024-11-10T10:30:00Z,
20.01,21.0105,2024-11-10T10:30:00Z,2024-11-10T11:00:00Z,
20.37,21.3885,2024-11-10T11:00:00Z,2024-11-10T11:30:00Z,
21.27,22.3335,2024-11-10T11:30:00Z,2024-11-10T12:00:00Z,
21.63,22.7115,2024-11-10T12:00:00Z,2024-11-10T12:30:00Z,
22.8,23.94,2024-11-10T12:30:00Z,2024-11-10T13:00:00Z,
22.26,23.373,2024-11-10T13:00:00Z,2024-11-10T13:30:00Z,
21.06,22.113,2024-11-10T13:30:00Z,2024-11-10T14:00:00Z,
23.73,24.9165,2024-11-10T14:00:00Z,2024-11-10T14:30:00Z,
23.73,24.9165,2024-11-10T14:30:00Z,2024-11-10T15:00:00Z,
22.78,23.919,2024-11-10T15:00:00Z,2024-11-10T15:30:00Z,
24.15,25.3575,2024-11-10T15:30:00Z,2024-11-10T16:00:00Z,
36.86,38.703,2024-11-10T16:00:00Z,2024-11-10T16:30:00Z,
39.25,41.2125,2024-11-10T16:30:00Z,2024-11-10T17:00:00Z,
37.28,39.144,2024-11-10T17:00:00Z,2024-11-10T17:30:00Z,
37.61,39.4905,2024-11-10T17:30:00Z,2024-11-10T18:00:00Z,
38.3,40.215,2024-11-10T18:00:00Z,2024-11-10T18:30:00Z,
34.34,36.057,2024-11-10T18:30:00Z,2024-11-10T19:00:00Z,
23.18,24.339,2024-11-10T19:00:00Z,2024-11-10T19:30:00Z,
17.85,18.7425,2024-11-10T19:30:00Z,2024-11-10T20:00:00Z,
20.06,21.063,2024-11-10T20:00:00Z,2024-11-10T20:30:00Z,
17.85,18.7425,2024-11-10T20:30:00Z,2024-11-10T21:00:00Z,
19.95,20.9475,2024-11-10T21:00:00Z,2024-11-10T21:30:00Z,
19.7,20.685,2024-11-10T21:30:00Z,2024-11-10T22:00:00Z,
19.3,20.265,2024-11-10T22:00:00Z,2024-11-10T22:30:00Z,
18.04,18.942,2024-11-10T22:30:00Z,2024-11-10T23:00:00Z,
18.82,19.761,2024-11-10T23:00:00Z,2024-11-10T23:30:00Z,
17.86,18.753,2024-11-10T23:30:00Z,2024-11-11T00:00:00Z,
17.79,18.6795,2024-11-11T00:00:00Z,2024-11-11T00:30:00Z,
18.38,19.299,2024-11-11T00:30:00Z,2024-11-11T01:00:00Z,
17.67,18.5535,2024-11-11T01:00:00Z,2024-11-11T01:30:00Z,
15.75,16.5375,2024-11-11T01:30:00Z,2024-11-11T02:00:00Z,
15.75,16.5375,2024-11-11T02:00:00Z,2024-11-11T02:30:00Z,
15.75,16.5375,2024-11-11T02:30:00Z,2024-11-11T03:00:00Z,
16.26,17.073,2024-11-11T03:00:00Z,2024-11-11T03:30:00Z,
15.96,16.758,2024-11-11T03:30:00Z,2024-11-11T04:00:00Z,
16.81,17.6505,2024-11-11T04:00:00Z,2024-11-11T04:30:00Z,
16.44,17.262,2024-11-11T04:30:00Z,2024-11-11T05:00:00Z,
17.79,18.6795,2024-11-11T05:00:00Z,2024-11-11T05:30:00Z,
17.79,18.6795,2024-11-11T05:30:00Z,2024-11-11T06:00:00Z,
20.81,21.8505,2024-11-11T06:00:00Z,2024-11-11T06:30:00Z,
20.81,21.8505,2024-11-11T06:30:00Z,2024-11-11T07:00:00Z,
17.79,18.6795,2024-11-11T07:00:00Z,2024-11-11T07:30:00Z,
22.19,23.2995,2024-11-11T07:30:00Z,2024-11-11T08:00:00Z,
21.75,22.8375,2024-11-11T08:00:00Z,2024-11-11T08:30:00Z,
21.74,22.827,2024-11-11T08:30:00Z,2024-11-11T09:00:00Z,
22.2,23.31,2024-11-11T09:00:00Z,2024-11-11T09:30:00Z,
20.26,21.273,2024-11-11T09:30:00Z,2024-11-11T10:00:00Z,
19.95,20.9475,2024-11-11T10:00:00Z,2024-11-11T10:30:00Z,
18.71,19.6455,2024-11-11T10:30:00Z,2024-11-11T11:00:00Z,
20.58,21.609,2024-11-11T11:00:00Z,2024-11-11T11:30:00Z,
20.46,21.483,2024-11-11T11:30:00Z,2024-11-11T12:00:00Z,
20.58,21.609,2024-11-11T12:00:00Z,2024-11-11T12:30:00Z,
20.16,21.168,2024-11-11T12:30:00Z,2024-11-11T13:00:00Z,
21.84,22.932,2024-11-11T13:00:00Z,2024-11-11T13:30:00Z,
17.85,18.7425,2024-11-11T13:30:00Z,2024-11-11T14:00:00Z,
22.26,23.373,2024-11-11T14:00:00Z,2024-11-11T14:30:00Z,
21.9,22.995,2024-11-11T14:30:00Z,2024-11-11T15:00:00Z,
22.03,23.1315,2024-11-11T15:00:00Z,2024-11-11T15:30:00Z,
24.78,26.019,2024-11-11T15:30:00Z,2024-11-11T16:00:00Z,
34.21,35.9205,2024-11-11T16:00:00Z,2024-11-11T16:30:00Z,
40.14,42.147,2024-11-11T16:30:00Z,2024-11-11T17:00:00Z,
36.88,38.724,2024-11-11T17:00:00Z,2024-11-11T17:30:00Z,
37.99,39.8895,2024-11-11T17:30:00Z,2024-11-11T18:00:00Z,
39.14,41.097,2024-11-11T18:00:00Z,2024-11-11T18:30:00Z,
36.31,38.1255,2024-11-11T18:30:00Z,2024-11-11T19:00:00Z,
21.72,22.806,2024-11-11T19:00:00Z,2024-11-11T19:30:00Z,
17.79,18.6795,2024-11-11T19:30:00Z,2024-11-11T20:00:00Z,
20.4,21.42,2024-11-11T20:00:00Z,2024-11-11T20:30:00Z,
17.79,18.6795,2024-11-11T20:30:00Z,2024-11-11T21:00:00Z,
19.17,20.1285,2024-11-11T21:00:00Z,2024-11-11T21:30:00Z,
17.79,18.6795,2024-11-11T21:30:00Z,2024-11-11T22:00:00Z,
21.29,22.3545,2024-11-11T22:00:00Z,2024-11-11T22:30:00Z,
17.87,18.7635,2024-11-11T22:30:00Z,2024-11-11T23:00:00Z,
18.9,19.845,2024-11-11T23:00:00Z,2024-11-11T23:30:00Z,
18.33,19.2465,2024-11-11T23:30:00Z,2024-11-12T00:00:00Z,
16.8,17.64,2024-11-12T00:00:00Z,2024-11-12T00:30:00Z,
18.23,19.1415,2024-11-12T00:30:00Z,2024-11-12T01:00:00Z,
17.85,18.7425,2024-11-12T01:00:00Z,2024-11-12T01:30:00Z,
17.01,17.8605,2024-11-12T01:30:00Z,2024-11-12T02:00:00Z,
16.8,17.64,2024-11-12T02:00:00Z,2024-11-12T02:30:00Z,
17.64,18.522,2024-11-12T02:30:00Z,2024-11-12T03:00:00Z,
17.85,18.7425,2024-11-12T03:00:00Z,2024-11-12T03:30:00Z,
17.85,18.7425,2024-11-12T03:30:00Z,2024-11-12T04:00:00Z,
18.33,19.2465,2024-11-12T04:00:00Z,2024-11-12T04:30:00Z,
17.96,18.858,2024-11-12T04:30:00Z,2024-11-12T05:00:00Z,
17.85,18.7425,2024-11-12T05:00:00Z,2024-11-12T05:30:00Z,
17.85,18.7425,2024-11-12T05:30:00Z,2024-11-12T06:00:00Z,
19.95,20.9475,2024-11-12T06:00:00Z,2024-11-12T06:30:00Z,
19.95,20.9475,2024-11-12T06:30:00Z,2024-11-12T07:00:00Z,
20.63,21.6615,2024-11-12T07:00:00Z,2024-11-12T07:30:00Z,
23.52,24.696,2024-11-12T07:30:00Z,2024-11-12T08:00:00Z,
22.26,23.373,2024-11-12T08:00:00Z,2024-11-12T08:30:00Z,
21.91,23.0055,2024-11-12T08:30:00Z,2024-11-12T09:00:00Z,
24.28,25.494,2024-11-12T09:00:00Z,2024-11-12T09:30:00Z,
22.11,23.2155,2024-11-12T09:30:00Z,2024-11-12T10:00:00Z,
21.17,22.2285,2024-11-12T10:00:00Z,2024-11-12T10:30:00Z,
20.22,21.231,2024-11-12T10:30:00Z,2024-11-12T11:00:00Z,
19.32,20.286,2024-11-12T11:00:00Z,2024-11-12T11:30:00Z,
20.87,21.9135,2024-11-12T11:30:00Z,2024-11-12T12:00:00Z,
22.41,23.5305,2024-11-12T12:00:00Z,2024-11-12T12:30:00Z,
22.47,23.5935,2024-11-12T12:30:00Z,2024-11-12T13:00:00Z,
23.52,24.696,2024-11-12T13:00:00Z,2024-11-12T13:30:00Z,
23.88,25.074,2024-11-12T13:30:00Z,2024-11-12T14:00:00Z,
25.41,26.6805,2024-11-12T14:00:00Z,2024-11-12T14:30:00Z,
25.54,26.817,2024-11-12T14:30:00Z,2024-11-12T15:00:00Z,
26.36,27.678,2024-11-12T15:00:00Z,2024-11-12T15:30:00Z,
29.57,31.0485,2024-11-12T15:30:00Z,2024-11-12T16:00:00Z,
41.35,43.4175,2024-11-12T16:00:00Z,2024-11-12T16:30:00Z,
47.65,50.0325,2024-11-12T16:30:00Z,2024-11-12T17:00:00Z,
42.9,45.045,2024-11-12T17:00:00Z,2024-11-12T17:30:00Z,
48.63,51.0615,2024-11-12T17:30:00Z,2024-11-12T18:00:00Z,
44.62,46.851,2024-11-12T18:00:00Z,2024-11-12T18:30:00Z,
41.29,43.3545,2024-11-12T18:30:00Z,2024-11-12T19:00:00Z,
30.45,31.9725,2024-11-12T19:00:00Z,2024-11-12T19:30:00Z,
25.72,27.006,2024-11-12T19:30:00Z,2024-11-12T20:00:00Z,
25.2,26.46,2024-11-12T20:00:00Z,2024-11-12T20:30:00Z,
20.9,21.945,2024-11-12T20:30:00Z,2024-11-12T21:00:00Z,
22.68,23.814,2024-11-12T21:00:00Z,2024-11-12T21:30:00Z,
18.33,19.2465,2024-11-12T21:30:00Z,2024-11-12T22:00:00Z,
19.74,20.727,2024-11-12T22:00:00Z,2024-11-12T22:30:00Z,
18.33,19.2465,2024-11-12T22:30:00Z,2024-11-12T23:00:00Z,
18.48,19.404,2024-11-12T23:00:00Z,2024-11-12T23:30:00Z,
18.48,19.404,2024-11-12T23:30:00Z,2024-11-13T00:00:00Z,
17.26,18.123,2024-11-13T00:00:00Z,2024-11-13T00:30:00Z,
18.69,19.6245,2024-11-13T00:30:00Z,2024-11-13T01:00:00Z,
19.11,20.0655,2024-11-13T01:00:00Z,2024-11-13T01:30:00Z,
17.85,18.7425,2024-11-13T01:30:00Z,2024-11-13T02:00:00Z,
18.06,18.963,2024-11-13T02:00:00Z,2024-11-13T02:30:00Z,
17.74,18.627,2024-11-13T02:30:00Z,2024-11-13T03:00:00Z,
19.11,20.0655,2024-11-13T03:00:00Z,2024-11-13T03:30:00Z,
18.27,19.1835,2024-11-13T03:30:00Z,2024-11-13T04:00:00Z,
18.69,19.6245,2024-11-13T04:00:00Z,2024-11-13T04:30:00Z,
18.69,19.6245,2024-11-13T04:30:00Z,2024-11-13T05:00:00Z,
20.2,21.21,2024-11-13T05:00:00Z,2024-11-13T05:30:00Z,
18.9,19.845,2024-11-13T05:30:00Z,2024-11-13T06:00:00Z,
23.11,24.2655,2024-11-13T06:00:00Z,2024-11-13T06:30:00Z,
26.21,27.5205,2024-11-13T06:30:00Z,2024-11-13T07:00:00Z,
24.51,25.7355,2024-11-13T07:00:00Z,2024-11-13T07:30:00Z,
27.3,28.665,2024-11-13T07:30:00Z,2024-11-13T08:00:00Z,
27.72,29.106,2024-11-13T08:00:00Z,2024-11-13T08:30:00Z,
26.01,27.3105,2024-11-13T08:30:00Z,2024-11-13T09:00:00Z,
28.14,29.547,2024-11-13T09:00:00Z,2024-11-13T09:30:00Z,
27.39,28.7595,2024-11-13T09:30:00Z,2024-11-13T10:00:00Z,
27.3,28.665,2024-11-13T10:00:00Z,2024-11-13T10:30:00Z,
24.78,26.019,2024-11-13T10:30:00Z,2024-11-13T11:00:00Z,
24.53,25.7565,2024-11-13T11:00:00Z,2024-11-13T11:30:00Z,
26.93,28.2765,2024-11-13T11:30:00Z,2024-11-13T12:00:00Z,
24.19,25.3995,2024-11-13T12:00:00Z,2024-11-13T12:30:00Z,
24.86,26.103,2024-11-13T12:30:00Z,2024-11-13T13:00:00Z,
23.2,24.36,2024-11-13T13:00:00Z,2024-11-13T13:30:00Z,
25.87,27.1635,2024-11-13T13:30:00Z,2024-11-13T14:00:00Z,
25.63,26.9115,2024-11-13T14:00:00Z,2024-11-13T14:30:00Z,
27.3,28.665,2024-11-13T14:30:00Z,2024-11-13T15:00:00Z,
25.33,26.5965,2024-11-13T15:00:00Z,2024-11-13T15:30:00Z,
28.98,30.429,2024-11-13T15:30:00Z,2024-11-13T16:00:00Z,
38.66,40.593,2024-11-13T16:00:00Z,2024-11-13T16:30:00Z,
45.76,48.048,2024-11-13T16:30:00Z,2024-11-13T17:00:00Z,
41.01,43.0605,2024-11-13T17:00:00Z,2024-11-13T17:30:00Z,
41.22,43.281,2024-11-13T17:30:00Z,2024-11-13T18:00:00Z,
44.75,46.9875,2024-11-13T18:00:00Z,2024-11-13T18:30:00Z,
41.27,43.3335,2024-11-13T18:30:00Z,2024-11-13T19:00:00Z,
25.2,26.46,2024-11-13T19:00:00Z,2024-11-13T19:30:00Z,
22.68,23.814,2024-11-13T19:30:00Z,2024-11-13T20:00:00Z,
21.9,22.995,2024-11-13T20:00:00Z,2024-11-13T20:30:00Z,
19.74,20.727,2024-11-13T20:30:00Z,2024-11-13T21:00:00Z,
21.84,22.932,2024-11-13T21:00:00Z,2024-11-13T21:30:00Z,
19.62,20.601,2024-11-13T21:30:00Z,2024-11-13T22:00:00Z,
19.62,20.601,2024-11-13T22:00:00Z,2024-11-13T22:30:00Z,
17.22,18.081,2024-11-13T22:30:00Z,2024-11-13T23:00:00Z,
18.56,19.488,2024-11-13T23:00:00Z,2024-11-13T23:30:00Z,
19.32,20.286,2024-11-13T23:30:00Z,2024-11-14T00:00:00Z,
17.22,18.081,2024-11-14T00:00:00Z,2024-11-14T00:30:00Z,
19.07,20.0235,2024-11-14T00:30:00Z,2024-11-14T01:00:00Z,
17.85,18.7425,2024-11-14T01:00:00Z,2024-11-14T01:30:00Z,
17.29,18.1545,2024-11-14T01:30:00Z,2024-11-14T02:00:00Z,
17.85,18.7425,2024-11-14T02:00:00Z,2024-11-14T02:30:00Z,
17.85,18.7425,2024-11-14T02:30:00Z,2024-11-14T03:00:00Z,
18.04,18.942,2024-11-14T03:00:00Z,2024-11-14T03:30:00Z,
17.66,18.543,2024-11-14T03:30:00Z,2024-11-14T04:00:00Z,
18.06,18.963,2024-11-14T04:00:00Z,2024-11-14T04:30:00Z,
17.64,18.522,2024-11-14T04:30:00Z,2024-11-14T05:00:00Z,
19.51,20.4855,2024-11-14T05:00:00Z,2024-11-14T05:30:00Z,
17.85,18.7425,2024-11-14T05:30:00Z,2024-11-14T06:00:00Z,
21.0,22.05,2024-11-14T06:00:00Z,2024-11-14T06:30:00Z,
20.16,21.168,2024-11-14T06:30:00Z,2024-11-14T07:00:00Z,
20.9,21.945,2024-11-14T07:00:00Z,2024-11-14T07:30:00Z,
24.04,25.242,2024-11-14T07:30:00Z,2024-11-14T08:00:00Z,
22.85,23.9925,2024-11-14T08:00:00Z,2024-11-14T08:30:00Z,
23.0,24.15,2024-11-14T08:30:00Z,2024-11-14T09:00:00Z,
22.2,23.31,2024-11-14T09:00:00Z,2024-11-14T09:30:00Z,
22.44,23.562,2024-11-14T09:30:00Z,2024-11-14T10:00:00Z,
23.0,24.15,2024-11-14T10:00:00Z,2024-11-14T10:30:00Z,
22.95,24.0975,2024-11-14T10:30:00Z,2024-11-14T11:00:00Z,
22.05,23.1525,2024-11-14T11:00:00Z,2024-11-14T11:30:00Z,
23.1,24.255,2024-11-14T11:30:00Z,2024-11-14T12:00:00Z,
22.51,23.6355,2024-11-14T12:00:00Z,2024-11-14T12:30:00Z,
22.32,23.436,2024-11-14T12:30:00Z,2024-11-14T13:00:00Z,
23.9,25.095,2024-11-14T13:00:00Z,2024-11-14T13:30:00Z,
22.89,24.0345,2024-11-14T13:30:00Z,2024-11-14T14:00:00Z,
25.2,26.46,2024-11-14T14:00:00Z,2024-11-14T14:30:00Z,
25.1,26.355,2024-11-14T14:30:00Z,2024-11-14T15:00:00Z,
25.2,26.46,2024-11-14T15:00:00Z,2024-11-14T15:30:00Z,
26.67,28.0035,2024-11-14T15:30:00Z,2024-11-14T16:00:00Z,
36.1,37.905,2024-11-14T16:00:00Z,2024-11-14T16:30:00Z,
42.61,44.7405,2024-11-14T16:30:00Z,2024-11-14T17:00:00Z,
37.76,39.648,2024-11-14T17:00:00Z,2024-11-14T17:30:00Z,
39.46,41.433,2024-11-14T17:30:00Z,2024-11-14T18:00:00Z,
39.46,41.433,2024-11-14T18:00:00Z,2024-11-14T18:30:00Z,
36.94,38.787,2024-11-14T18:30:00Z,2024-11-14T19:00:00Z,
24.53,25.7565,2024-11-14T19:00:00Z,2024-11-14T19:30:00Z,
22.68,23.814,2024-11-14T19:30:00Z,2024-11-14T20:00:00Z,
23.67,24.8535,2024-11-14T20:00:00Z,2024-11-14T20:30:00Z,
21.49,22.5645,2024-11-14T20:30:00Z,2024-11-14T21:00:00Z,
21.94,23.037,2024-11-14T21:00:00Z,2024-11-14T21:30:00Z,
20.95,21.9975,2024-11-14T21:30:00Z,2024-11-14T22:00:00Z,
20.79,21.8295,2024-11-14T22:00:00Z,2024-11-14T22:30:00Z,
18.69,19.6245,2024-11-14T22:30:00Z,2024-11-14T23:00:00Z,
18.9,19.845,2024-11-14T23:00:00Z,2024-11-14T23:30:00Z,
19.95,20.9475,2024-11-14T23:30:00Z,2024-11-15T00:00:00Z,
17.64,18.522,2024-11-15T00:00:00Z,2024-11-15T00:30:00Z,
19.83,20.8215,2024-11-15T00:30:00Z,2024-11-15T01:00:00Z,
18.06,18.963,2024-11-15T01:00:00Z,2024-11-15T01:30:00Z,
18.27,19.1835,2024-11-15T01:30:00Z,2024-11-15T02:00:00Z,
18.9,19.845,2024-11-15T02:00:00Z,2024-11-15T02:30:00Z,
17.64,18.522,2024-11-15T02:30:00Z,2024-11-15T03:00:00Z,
18.9,19.845,2024-11-15T03:00:00Z,2024-11-15T03:30:00Z,
17.85,18.7425,2024-11-15T03:30:00Z,2024-11-15T04:00:00Z,
19.19,20.1495,2024-11-15T04:00:00Z,2024-11-15T04:30:00Z,
18.21,19.1205,2024-11-15T04:30:00Z,2024-11-15T05:00:00Z,
22.81,23.9505,2024-11-15T05:00:00Z,2024-11-15T05:30:00Z,
20.65,21.6825,2024-11-15T05:30:00Z,2024-11-15T06:00:00Z,
22.36,23.478,2024-11-15T06:00:00Z,2024-11-15T06:30:00Z,
23.94,25.137,2024-11-15T06:30:00Z,2024-11-15T07:00:00Z,
25.67,26.9535,2024-11-15T07:00:00Z,2024-11-15T07:30:00Z,
25.87,27.1635,2024-11-15T07:30:00Z,2024-11-15T08:00:00Z,
25.37,26.6385,2024-11-15T08:00:00Z,2024-11-15T08:30:00Z,
24.86,26.103,2024-11-15T08:30:00Z,2024-11-15T09:00:00Z,
23.73,24.9165,2024-11-15T09:00:00Z,2024-11-15T09:30:00Z,
22.57,23.6985,2024-11-15T09:30:00Z,2024-11-15T10:00:00Z,
23.1,24.255,2024-11-15T10:00:00Z,2024-11-15T10:30:00Z,
21.63,22.7115,2024-11-15T10:30:00Z,2024-11-15T11:00:00Z,
20.16,21.168,2024-11-15T11:00:00Z,2024-11-15T11:30:00Z,
22.05,23.1525,2024-11-15T11:30:00Z,2024-11-15T12:00:00Z,
21.0,22.05,2024-11-15T12:00:00Z,2024-11-15T12:30:00Z,
20.7,21.735,2024-11-15T12:30:00Z,2024-11-15T13:00:00Z,
20.24,21.252,2024-11-15T13:00:00Z,2024-11-15T13:30:00Z,
21.08,22.134,2024-11-15T13:30:00Z,2024-11-15T14:00:00Z,
20.31,21.3255,2024-11-15T14:00:00Z,2024-11-15T14:30:00Z,
21.0,22.05,2024-11-15T14:30:00Z,2024-11-15T15:00:00Z,
20.08,21.084,2024-11-15T15:00:00Z,2024-11-15T15:30:00Z,
21.63,22.7115,2024-11-15T15:30:00Z,2024-11-15T16:00:00Z,
35.1,36.855,2024-11-15T16:00:00Z,2024-11-15T16:30:00Z,
36.73,38.5665,2024-11-15T16:30:00Z,2024-11-15T17:00:00Z,
36.05,37.8525,2024-11-15T17:00:00Z,2024-11-15T17:30:00Z,
35.68,37.464,2024-11-15T17:30:00Z,2024-11-15T18:00:00Z,
34.0,35.7,2024-11-15T18:00:00Z,2024-11-15T18:30:00Z,
33.79,35.4795,2024-11-15T18:30:00Z,2024-11-15T19:00:00Z,
20.83,21.8715,2024-11-15T19:00:00Z,2024-11-15T19:30:00Z,
21.4,22.47,2024-11-15T19:30:00Z,2024-11-15T20:00:00Z,
20.14,21.147,2024-11-15T20:00:00Z,2024-11-15T20:30:00Z,
20.16,21.168,2024-11-15T20:30:00Z,2024-11-15T21:00:00Z,
20.16,21.168,2024-11-15T21:00:00Z,2024-11-15T21:30:00Z,
20.16,21.168,2024-11-15T21:30:00Z,2024-11-15T22:00:00Z,
18.9,19.845,2024-11-15T22:00:00Z,2024-11-15T22:30:00Z,
17.64,18.522,2024-11-15T22:30:00Z,2024-11-15T23:00:00Z,
19.53,20.5065,2024-11-15T23:00:00Z,2024-11-15T23:30:00Z,
18.27,19.1835,2024-11-15T23:30:00Z,2024-11-16T00:00:00Z,
15.54,16.317,2024-11-16T00:00:00Z,2024-11-16T00:30:00Z,
17.85,18.7425,2024-11-16T00:30:00Z,2024-11-16T01:00:00Z,
17.85,18.7425,2024-11-16T01:00:00Z,2024-11-16T01:30:00Z,
15.92,16.716,2024-11-16T01:30:00Z,2024-11-16T02:00:00Z,
16.59,17.4195,2024-11-16T02:00:00Z,2024-11-16T02:30:00Z,
15.84,16.632,2024-11-16T02:30:00Z,2024-11-16T03:00:00Z,
16.38,17.199,2024-11-16T03:00:00Z,2024-11-16T03:30:00Z,
15.71,16.4955,2024-11-16T03:30:00Z,2024-11-16T04:00:00Z,
18.03,18.9315,2024-11-16T04:00:00Z,2024-11-16T04:30:00Z,
16.16,16.968,2024-11-16T04:30:00Z,2024-11-16T05:00:00Z,
16.3,17.115,2024-11-16T05:00:00Z,2024-11-16T05:30:00Z,
16.72,17.556,2024-11-16T05:30:00Z,2024-11-16T06:00:00Z,
16.72,17.556,2024-11-16T06:00:00Z,2024-11-16T06:30:00Z,
18.06,18.963,2024-11-16T06:30:00Z,2024-11-16T07:00:00Z,
17.23,18.0915,2024-11-16T07:00:00Z,2024-11-16T07:30:00Z,
20.15,21.1575,2024-11-16T07:30:00Z,2024-11-16T08:00:00Z,
19.74,20.727,2024-11-16T08:00:00Z,2024-11-16T08:30:00Z,
21.42,22.491,2024-11-16T08:30:00Z,2024-11-16T09:00:00Z,
21.0,22.05,2024-11-16T09:00:00Z,2024-11-16T09:30:00Z,
21.4,22.47,2024-11-16T09:30:00Z,2024-11-16T10:00:00Z,
21.46,22.533,2024-11-16T10:00:00Z,2024-11-16T10:30:00Z,
21.84,22.932,2024-11-16T10:30:00Z,2024-11-16T11:00:00Z,
21.0,22.05,2024-11-16T11:00:00Z,2024-11-16T11:30:00Z,
21.22,22.281,2024-11-16T11:30:00Z,2024-11-16T12:00:00Z,
20.18,21.189,2024-11-16T12:00:00Z,2024-11-16T12:30:00Z,
20.18,21.189,2024-11-16T12:30:00Z,2024-11-16T13:00:00Z,
19.53,20.5065,2024-11-16T13:00:00Z,2024-11-16T13:30:00Z,
18.06,18.963,2024-11-16T13:30:00Z,2024-11-16T14:00:00Z,
19.49,20.4645,2024-11-16T14:00:00Z,2024-11-16T14:30:00Z,
18.7,19.635,2024-11-16T14:30:00Z,2024-11-16T15:00:00Z,
19.87,20.8635,2024-11-16T15:00:00Z,2024-11-16T15:30:00Z,
20.16,21.168,2024-11-16T15:30:00Z,2024-11-16T16:00:00Z,
35.22,36.981,2024-11-16T16:00:00Z,2024-11-16T16:30:00Z,
39.04,40.992,2024-11-16T16:30:00Z,2024-11-16T17:00:00Z,
36.94,38.787,2024-11-16T17:00:00Z,2024-11-16T17:30:00Z,
36.4,38.22,2024-11-16T17:30:00Z,2024-11-16T18:00:00Z,
37.86,39.753,2024-11-16T18:00:00Z,2024-11-16T18:30:00Z,
35.47,37.2435,2024-11-16T18:30:00Z,2024-11-16T19:00:00Z,
21.84,22.932,2024-11-16T19:00:00Z,2024-11-16T19:30:00Z,
20.61,21.6405,2024-11-16T19:30:00Z,2024-11-16T20:00:00Z,
19.75,20.7375,2024-11-16T20:00:00Z,2024-11-16T20:30:00Z,
19.53,20.5065,2024-11-16T20:30:00Z,2024-11-16T21:00:00Z,
19.95,20.9475,2024-11-16T21:00:00Z,2024-11-16T21:30:00Z,
18.75,19.6875,2024-11-16T21:30:00Z,2024-11-16T22:00:00Z,
19.74,20.727,2024-11-16T22:00:00Z,2024-11-16T22:30:00Z,
15.75,16.5375,2024-11-16T22:30:00Z,2024-11-16T23:00:00Z,
18.18,19.089,2024-11-16T23:00:00Z,2024-11-16T23:30:00Z,
13.86,14.553,2024-11-16T23:30:00Z,2024-11-17T00:00:00Z,
12.22,12.831,2024-11-17T00:00:00Z,2024-11-17T00:30:00Z,
17.85,18.7425,2024-11-17T00:30:00Z,2024-11-17T01:00:00Z,
14.74,15.477,2024-11-17T01:00:00Z,2024-11-17T01:30:00Z,
11.34,11.907,2024-11-17T01:30:00Z,2024-11-17T02:00:00Z,
12.89,13.5345,2024-11-17T02:00:00Z,2024-11-17T02:30:00Z,
9.24,9.702,2024-11-17T02:30:00Z,2024-11-17T03:00:00Z,
10.16,10.668,2024-11-17T03:00:00Z,2024-11-17T03:30:00Z,
8.61,9.0405,2024-11-17T03:30:00Z,2024-11-17T04:00:00Z,
11.76,12.348,2024-11-17T04:00:00Z,2024-11-17T04:30:00Z,
10.92,11.466,2024-11-17T04:30:00Z,2024-11-17T05:00:00Z,
12.77,13.4085,2024-11-17T05:00:00Z,2024-11-17T05:30:00Z,
13.44,14.112,2024-11-17T05:30:00Z,2024-11-17T06:00:00Z,
15.12,15.876,2024-11-17T06:00:00Z,2024-11-17T06:30:00Z,
18.9,19.845,2024-11-17T06:30:00Z,2024-11-17T07:00:00Z,
15.62,16.401,2024-11-17T07:00:00Z,2024-11-17T07:30:00Z,
18.06,18.963,2024-11-17T07:30:00Z,2024-11-17T08:00:00Z,
16.61,17.4405,2024-11-17T08:00:00Z,2024-11-17T08:30:00Z,
21.0,22.05,2024-11-17T08:30:00Z,2024-11-17T09:00:00Z,
21.0,22.05,2024-11-17T09:00:00Z,2024-11-17T09:30:00Z,
21.0,22.05,2024-11-17T09:30:00Z,2024-11-17T10:00:00Z,
21.78,22.869,2024-11-17T10:00:00Z,2024-11-17T10:30:00Z,
19.74,20.727,2024-11-17T10:30:00Z,2024-11-17T11:00:00Z,
19.09,20.0445,2024-11-17T11:00:00Z,2024-11-17T11:30:00Z,
19.55,20.5275,2024-11-17T11:30:00Z,2024-11-17T12:00:00Z,
20.5,21.525,2024-11-17T12:00:00Z,2024-11-17T12:30:00Z,
20.68,21.714,2024-11-17T12:30:00Z,2024-11-17T13:00:00Z,
22.11,23.2155,2024-11-17T13:00:00Z,2024-11-17T13:30:00Z,
21.17,22.2285,2024-11-17T13:30:00Z,2024-11-17T14:00:00Z,
20.83,21.8715,2024-11-17T14:00:00Z,2024-11-17T14:30:00Z,
19.7,20.685,2024-11-17T14:30:00Z,2024-11-17T15:00:00Z,
20.06,21.063,2024-11-17T15:00:00Z,2024-11-17T15:30:00Z,
20.92,21.966,2024-11-17T15:30:00Z,2024-11-17T16:00:00Z,
35.18,36.939,2024-11-17T16:00:00Z,2024-11-17T16:30:00Z,
39.16,41.118,2024-11-17T16:30:00Z,2024-11-17T17:00:00Z,
39.25,41.2125,2024-11-17T17:00:00Z,2024-11-17T17:30:00Z,
38.1,40.005,2024-11-17T17:30:00Z,2024-11-17T18:00:00Z,
40.93,42.9765,2024-11-17T18:00:00Z,2024-11-17T18:30:00Z,
39.4,41.37,2024-11-17T18:30:00Z,2024-11-17T19:00:00Z,
23.45,24.6225,2024-11-17T19:00:00Z,2024-11-17T19:30:00Z,
21.82,22.911,2024-11-17T19:30:00Z,2024-11-17T20:00:00Z,
21.0,22.05,2024-11-17T20:00:00Z,2024-11-17T20:30:00Z,
20.79,21.8295,2024-11-17T20:30:00Z,2024-11-17T21:00:00Z,
18.9,19.845,2024-11-17T21:00:00Z,2024-11-17T21:30:00Z,
22.26,23.373,2024-11-17T21:30:00Z,2024-11-17T22:00:00Z,
20.73,21.7665,2024-11-17T22:00:00Z,2024-11-17T22:30:00Z,
18.06,18.963,2024-11-17T22:30:00Z,2024-11-17T23:00:00Z,
16.8,17.64,2024-11-17T23:00:00Z,2024-11-17T23:30:00Z,
16.15,16.9575,2024-11-17T23:30:00Z,2024-11-18T00:00:00Z,
14.87,15.6135,2024-11-18T00:00:00Z,2024-11-18T00:30:00Z,
18.14,19.047,2024-11-18T00:30:00Z,2024-11-18T01:00:00Z,
16.8,17.64,2024-11-18T01:00:00Z,2024-11-18T01:30:00Z,
15.54,16.317,2024-11-18T01:30:00Z,2024-11-18T02:00:00Z,
15.96,16.758,2024-11-18T02:00:00Z,2024-11-18T02:30:00Z,
15.54,16.317,2024-11-18T02:30:00Z,2024-11-18T03:00:00Z,
17.68,18.564,2024-11-18T03:00:00Z,2024-11-18T03:30:00Z,
16.76,17.598,2024-11-18T03:30:00Z,2024-11-18T04:00:00Z,
16.74,17.577,2024-11-18T04:00:00Z,2024-11-18T04:30:00Z,
16.38,17.199,2024-11-18T04:30:00Z,2024-11-18T05:00:00Z,
19.09,20.0445,2024-11-18T05:00:00Z,2024-11-18T05:30:00Z,
17.09,17.9445,2024-11-18T05:30:00Z,2024-11-18T06:00:00Z,
21.78,22.869,2024-11-18T06:00:00Z,2024-11-18T06:30:00Z,
21.0,22.05,2024-11-18T06:30:00Z,2024-11-18T07:00:00Z,
21.99,23.0895,2024-11-18T07:00:00Z,2024-11-18T07:30:00Z,
24.39,25.6095,2024-11-18T07:30:00Z,2024-11-18T08:00:00Z,
23.73,24.9165,2024-11-18T08:00:00Z,2024-11-18T08:30:00Z,
24.78,26.019,2024-11-18T08:30:00Z,2024-11-18T09:00:00Z,
22.05,23.1525,2024-11-18T09:00:00Z,2024-11-18T09:30:00Z,
21.89,22.9845,2024-11-18T09:30:00Z,2024-11-18T10:00:00Z,
21.63,22.7115,2024-11-18T10:00:00Z,2024-11-18T10:30:00Z,
21.39,22.4595,2024-11-18T10:30:00Z,2024-11-18T11:00:00Z,
24.97,26.2185,2024-11-18T11:00:00Z,2024-11-18T11:30:00Z,
25.54,26.817,2024-11-18T11:30:00Z,2024-11-18T12:00:00Z,
26.8,28.14,2024-11-18T12:00:00Z,2024-11-18T12:30:00Z,
27.32,28.686,2024-11-18T12:30:00Z,2024-11-18T13:00:00Z,
27.99,29.3895,2024-11-18T13:00:00Z,2024-11-18T13:30:00Z,
27.09,28.4445,2024-11-18T13:30:00Z,2024-11-18T14:00:00Z,
25.2,26.46,2024-11-18T14:00:00Z,2024-11-18T14:30:00Z,
26.33,27.6465,2024-11-18T14:30:00Z,2024-11-18T15:00:00Z,
26.5,27.825,2024-11-18T15:00:00Z,2024-11-18T15:30:00Z,
28.44,29.862,2024-11-18T15:30:00Z,2024-11-18T16:00:00Z,
39.25,41.2125,2024-11-18T16:00:00Z,2024-11-18T16:30:00Z,
42.82,44.961,2024-11-18T16:30:00Z,2024-11-18T17:00:00Z,
41.04,43.092,2024-11-18T17:00:00Z,2024-11-18T17:30:00Z,
41.37,43.4385,2024-11-18T17:30:00Z,2024-11-18T18:00:00Z,
42.57,44.6985,2024-11-18T18:00:00Z,2024-11-18T18:30:00Z,
39.25,41.2125,2024-11-18T18:30:00Z,2024-11-18T19:00:00Z,
23.84,25.032,2024-11-18T19:00:00Z,2024-11-18T19:30:00Z,
23.1,24.255,2024-11-18T19:30:00Z,2024-11-18T20:00:00Z,
22.36,23.478,2024-11-18T20:00:00Z,2024-11-18T20:30:00Z,
20.22,21.231,2024-11-18T20:30:00Z,2024-11-18T21:00:00Z,
21.63,22.7115,2024-11-18T21:00:00Z,2024-11-18T21:30:00Z,
19.45,20.4225,2024-11-18T21:30:00Z,2024-11-18T22:00:00Z,
20.79,21.8295,2024-11-18T22:00:00Z,2024-11-18T22:30:00Z,
18.53,19.4565,2024-11-18T22:30:00Z,2024-11-18T23:00:00Z,
20.37,21.3885,2024-11-18T23:00:00Z,2024-11-18T23:30:00Z,
19.52,20.496,2024-11-18T23:30:00Z,2024-11-19T00:00:00Z,
18.9,19.845,2024-11-19T00:00:00Z,2024-11-19T00:30:00Z,
22.72,23.856,2024-11-19T00:30:00Z,2024-11-19T01:00:00Z,
19.95,20.9475,2024-11-19T01:00:00Z,2024-11-19T01:30:00Z,
17.43,18.3015,2024-11-19T01:30:00Z,2024-11-19T02:00:00Z,
17.85,18.7425,2024-11-19T02:00:00Z,2024-11-19T02:30:00Z,
17.38,18.249,2024-11-19T02:30:00Z,2024-11-19T03:00:00Z,
17.64,18.522,2024-11-19T03:00:00Z,2024-11-19T03:30:00Z,
16.88,17.724,2024-11-19T03:30:00Z,2024-11-19T04:00:00Z,
17.64,18.522,2024-11-19T04:00:00Z,2024-11-19T04:30:00Z,
16.97,17.8185,2024-11-19T04:30:00Z,2024-11-19T05:00:00Z,
17.85,18.7425,2024-11-19T05:00:00Z,2024-11-19T05:30:00Z,
19.52,20.496,2024-11-19T05:30:00Z,2024-11-19T06:00:00Z,
20.82,21.861,2024-11-19T06:00:00Z,2024-11-19T06:30:00Z,
21.46,22.533,2024-11-19T06:30:00Z,2024-11-19T07:00:00Z,
20.62,21.651,2024-11-19T07:00:00Z,2024-11-19T07:30:00Z,
23.52,24.696,2024-11-19T07:30:00Z,2024-11-19T08:00:00Z,
26.12,27.426,2024-11-19T08:00:00Z,2024-11-19T08:30:00Z,
26.09,27.3945,2024-11-19T08:30:00Z,2024-11-19T09:00:00Z,
26.04,27.342,2024-11-19T09:00:00Z,2024-11-19T09:30:00Z,
26.16,27.468,2024-11-19T09:30:00Z,2024-11-19T10:00:00Z,
25.57,26.8485,2024-11-19T10:00:00Z,2024-11-19T10:30:00Z,
25.62,26.901,2024-11-19T10:30:00Z,2024-11-19T11:00:00Z,
24.78,26.019,2024-11-19T11:00:00Z,2024-11-19T11:30:00Z,
24.64,25.872,2024-11-19T11:30:00Z,2024-11-19T12:00:00Z,
24.15,25.3575,2024-11-19T12:00:00Z,2024-11-19T12:30:00Z,
23.55,24.7275,2024-11-19T12:30:00Z,2024-11-19T13:00:00Z,
23.52,24.696,2024-11-19T13:00:00Z,2024-11-19T13:30:00Z,
22.85,23.9925,2024-11-19T13:30:00Z,2024-11-19T14:00:00Z,
22.89,24.0345,2024-11-19T14:00:00Z,2024-11-19T14:30:00Z,
22.07,23.1735,2024-11-19T14:30:00Z,2024-11-19T15:00:00Z,
23.48,24.654,2024-11-19T15:00:00Z,2024-11-19T15:30:00Z,
23.94,25.137,2024-11-19T15:30:00Z,2024-11-19T16:00:00Z,
34.5,36.225,2024-11-19T16:00:00Z,2024-11-19T16:30:00Z,
39.04,40.992,2024-11-19T16:30:00Z,2024-11-19T17:00:00Z,
35.05,36.8025,2024-11-19T17:00:00Z,2024-11-19T17:30:00Z,
37.25,39.1125,2024-11-19T17:30:00Z,2024-11-19T18:00:00Z,
37.17,39.0285,2024-11-19T18:00:00Z,2024-11-19T18:30:00Z,
34.0,35.7,2024-11-19T18:30:00Z,2024-11-19T19:00:00Z,
22.26,23.373,2024-11-19T19:00:00Z,2024-11-19T19:30:00Z,
21.0,22.05,2024-11-19T19:30:00Z,2024-11-19T20:00:00Z,
21.63,22.7115,2024-11-19T20:00:00Z,2024-11-19T20:30:00Z,
20.79,21.8295,2024-11-19T20:30:00Z,2024-11-19T21:00:00Z,
20.96,22.008,2024-11-19T21:00:00Z,2024-11-19T21:30:00Z,
19.52,20.496,2024-11-19T21:30:00Z,2024-11-19T22:00:00Z,
21.0,22.05,2024-11-19T22:00:00Z,2024-11-19T22:30:00Z,
17.44,18.312,2024-11-19T22:30:00Z,2024-11-19T23:00:00Z,
21.0,22.05,2024-11-19T23:00:00Z,2024-11-19T23:30:00Z,
17.22,18.081,2024-11-19T23:30:00Z,2024-11-20T00:00:00Z,
13.86,14.553,2024-11-20T00:00:00Z,2024-11-20T00:30:00Z,
18.9,19.845,2024-11-20T00:30:00Z,2024-11-20T01:00:00Z,
15.82,16.611,2024-11-20T01:00:00Z,2024-11-20T01:30:00Z,
14.8,15.54,2024-11-20T01:30:00Z,2024-11-20T02:00:00Z,
15.82,16.611,2024-11-20T02:00:00Z,2024-11-20T02:30:00Z,
14.78,15.519,2024-11-20T02:30:00Z,2024-11-20T03:00:00Z,
16.59,17.4195,2024-11-20T03:00:00Z,2024-11-20T03:30:00Z,
15.75,16.5375,2024-11-20T03:30:00Z,2024-11-20T04:00:00Z,
17.22,18.081,2024-11-20T04:00:00Z,2024-11-20T04:30:00Z,
15.82,16.611,2024-11-20T04:30:00Z,2024-11-20T05:00:00Z,
17.85,18.7425,2024-11-20T05:00:00Z,2024-11-20T05:30:00Z,
17.67,18.5535,2024-11-20T05:30:00Z,2024-11-20T06:00:00Z,
22.63,23.7615,2024-11-20T06:00:00Z,2024-11-20T06:30:00Z,
22.44,23.562,2024-11-20T06:30:00Z,2024-11-20T07:00:00Z,
23.1,24.255,2024-11-20T07:00:00Z,2024-11-20T07:30:00Z,
25.41,26.6805,2024-11-20T07:30:00Z,2024-11-20T08:00:00Z,
24.57,25.7985,2024-11-20T08:00:00Z,2024-11-20T08:30:00Z,
24.78,26.019,2024-11-20T08:30:00Z,2024-11-20T09:00:00Z,
23.08,24.234,2024-11-20T09:00:00Z,2024-11-20T09:30:00Z,
22.47,23.5935,2024-11-20T09:30:00Z,2024-11-20T10:00:00Z,
20.58,21.609,2024-11-20T10:00:00Z,2024-11-20T10:30:00Z,
19.53,20.5065,2024-11-20T10:30:00Z,2024-11-20T11:00:00Z,
17.85,18.7425,2024-11-20T11:00:00Z,2024-11-20T11:30:00Z,
17.84,18.732,2024-11-20T11:30:00Z,2024-11-20T12:00:00Z,
18.42,19.341,2024-11-20T12:00:00Z,2024-11-20T12:30:00Z,
18.94,19.887,2024-11-20T12:30:00Z,2024-11-20T13:00:00Z,
19.78,20.769,2024-11-20T13:00:00Z,2024-11-20T13:30:00Z,
19.39,20.3595,2024-11-20T13:30:00Z,2024-11-20T14:00:00Z,
21.82,22.911,2024-11-20T14:00:00Z,2024-11-20T14:30:00Z,
21.82,22.911,2024-11-20T14:30:00Z,2024-11-20T15:00:00Z,
22.26,23.373,2024-11-20T15:00:00Z,2024-11-20T15:30:00Z,
25.2,26.46,2024-11-20T15:30:00Z,2024-11-20T16:00:00Z,
36.1,37.905,2024-11-20T16:00:00Z,2024-11-20T16:30:00Z,
39.12,41.076,2024-11-20T16:30:00Z,2024-11-20T17:00:00Z,
36.86,38.703,2024-11-20T17:00:00Z,2024-11-20T17:30:00Z,
38.2,40.11,2024-11-20T17:30:00Z,2024-11-20T18:00:00Z,
39.12,41.076,2024-11-20T18:00:00Z,2024-11-20T18:30:00Z,
38.62,40.551,2024-11-20T18:30:00Z,2024-11-20T19:00:00Z,
25.35,26.6175,2024-11-20T19:00:00Z,2024-11-20T19:30:00Z,
24.15,25.3575,2024-11-20T19:30:00Z,2024-11-20T20:00:00Z,
22.68,23.814,2024-11-20T20:00:00Z,2024-11-20T20:30:00Z,
23.1,24.255,2024-11-20T20:30:00Z,2024-11-20T21:00:00Z,
21.69,22.7745,2024-11-20T21:00:00Z,2024-11-20T21:30:00Z,
21.61,22.6905,2024-11-20T21:30:00Z,2024-11-20T22:00:00Z,
20.66,21.693,2024-11-20T22:00:00Z,2024-11-20T22:30:00Z,
17.89,18.7845,2024-11-20T22:30:00Z,2024-11-20T23:00:00Z,
21.84,22.932,2024-11-20T23:00:00Z,2024-11-20T23:30:00Z,
18.96,19.908,2024-11-20T23:30:00Z,2024-11-21T00:00:00Z,
18.48,19.404,2024-11-21T00:00:00Z,2024-11-21T00:30:00Z,
21.21,22.2705,2024-11-21T00:30:00Z,2024-11-21T01:00:00Z,
19.74,20.727,2024-11-21T01:00:00Z,2024-11-21T01:30:00Z,
18.9,19.845,2024-11-21T01:30:00Z,2024-11-21T02:00:00Z,
18.9,19.845,2024-11-21T02:00:00Z,2024-11-21T02:30:00Z,
18.48,19.404,2024-11-21T02:30:00Z,2024-11-21T03:00:00Z,
18.53,19.4565,2024-11-21T03:00:00Z,2024-11-21T03:30:00Z,
18.43,19.3515,2024-11-21T03:30:00Z,2024-11-21T04:00:00Z,
18.27,19.1835,2024-11-21T04:00:00Z,2024-11-21T04:30:00Z,
17.93,18.8265,2024-11-21T04:30:00Z,2024-11-21T05:00:00Z,
20.37,21.3885,2024-11-21T05:00:00Z,2024-11-21T05:30:00Z,
18.82,19.761,2024-11-21T05:30:00Z,2024-11-21T06:00:00Z,
21.84,22.932,2024-11-21T06:00:00Z,2024-11-21T06:30:00Z,
21.67,22.7535,2024-11-21T06:30:00Z,2024-11-21T07:00:00Z,
23.45,24.6225,2024-11-21T07:00:00Z,2024-11-21T07:30:00Z,
24.99,26.2395,2024-11-21T07:30:00Z,2024-11-21T08:00:00Z,
24.15,25.3575,2024-11-21T08:00:00Z,2024-11-21T08:30:00Z,
24.57,25.7985,2024-11-21T08:30:00Z,2024-11-21T09:00:00Z,
23.18,24.339,2024-11-21T09:00:00Z,2024-11-21T09:30:00Z,
23.0,24.15,2024-11-21T09:30:00Z,2024-11-21T10:00:00Z,
22.68,23.814,2024-11-21T10:00:00Z,2024-11-21T10:30:00Z,
21.59,22.6695,2024-11-21T10:30:00Z,2024-11-21T11:00:00Z,
22.05,23.1525,2024-11-21T11:00:00Z,2024-11-21T11:30:00Z,
21.42,22.491,2024-11-21T11:30:00Z,2024-11-21T12:00:00Z,
22.97,24.1185,2024-11-21T12:00:00Z,2024-11-21T12:30:00Z,
22.49,23.6145,2024-11-21T12:30:00Z,2024-11-21T13:00:00Z,
23.18,24.339,2024-11-21T13:00:00Z,2024-11-21T13:30:00Z,
22.41,23.5305,2024-11-21T13:30:00Z,2024-11-21T14:00:00Z,
24.34,25.557,2024-11-21T14:00:00Z,2024-11-21T14:30:00Z,
24.26,25.473,2024-11-21T14:30:00Z,2024-11-21T15:00:00Z,
24.3,25.515,2024-11-21T15:00:00Z,2024-11-21T15:30:00Z,
25.37,26.6385,2024-11-21T15:30:00Z,2024-11-21T16:00:00Z,
37.57,39.4485,2024-11-21T16:00:00Z,2024-11-21T16:30:00Z,
38.62,40.551,2024-11-21T16:30:00Z,2024-11-21T17:00:00Z,
37.46,39.333,2024-11-21T17:00:00Z,2024-11-21T17:30:00Z,
37.61,39.4905,2024-11-21T17:30:00Z,2024-11-21T18:00:00Z,
37.36,39.228,2024-11-21T18:00:00Z,2024-11-21T18:30:00Z,
36.52,38.346,2024-11-21T18:30:00Z,2024-11-21T19:00:00Z,
22.09,23.1945,2024-11-21T19:00:00Z,2024-11-21T19:30:00Z,
20.48,21.504,2024-11-21T19:30:00Z,2024-11-21T20:00:00Z,
21.0,22.05,2024-11-21T20:00:00Z,2024-11-21T20:30:00Z,
21.02,22.071,2024-11-21T20:30:00Z,2024-11-21T21:00:00Z,
21.42,22.491,2024-11-21T21:00:00Z,2024-11-21T21:30:00Z,
20.91,21.9555,2024-11-21T21:30:00Z,2024-11-21T22:00:00Z,
19.81,20.8005,2024-11-21T22:00:00Z,2024-11-21T22:30:00Z,
18.4,19.32,2024-11-21T22:30:00Z,2024-11-21T23:00:00Z,
20.12,21.126,2024-11-21T23:00:00Z,2024-11-21T23:30:00Z,
19.57,20.5485,2024-11-21T23:30:00Z,2024-11-22T00:00:00Z,
14.7,15.435,2024-11-22T00:00:00Z,2024-11-22T00:30:00Z,
19.32,20.286,2024-11-22T00:30:00Z,2024-11-22T01:00:00Z,
17.47,18.3435,2024-11-22T01:00:00Z,2024-11-22T01:30:00Z,
15.12,15.876,2024-11-22T01:30:00Z,2024-11-22T02:00:00Z,
15.73,16.5165,2024-11-22T02:00:00Z,2024-11-22T02:30:00Z,
14.19,14.8995,2024-11-22T02:30:00Z,2024-11-22T03:00:00Z,
15.12,15.876,2024-11-22T03:00:00Z,2024-11-22T03:30:00Z,
15.22,15.981,2024-11-22T03:30:00Z,2024-11-22T04:00:00Z,
17.75,18.6375,2024-11-22T04:00:00Z,2024-11-22T04:30:00Z,
17.37,18.2385,2024-11-22T04:30:00Z,2024-11-22T05:00:00Z,
19.74,20.727,2024-11-22T05:00:00Z,2024-11-22T05:30:00Z,
19.32,20.286,2024-11-22T05:30:00Z,2024-11-22T06:00:00Z,
22.59,23.7195,2024-11-22T06:00:00Z,2024-11-22T06:30:00Z,
21.52,22.596,2024-11-22T06:30:00Z,2024-11-22T07:00:00Z,
23.56,24.738,2024-11-22T07:00:00Z,2024-11-22T07:30:00Z,
26.88,28.224,2024-11-22T07:30:00Z,2024-11-22T08:00:00Z,
26.21,27.5205,2024-11-22T08:00:00Z,2024-11-22T08:30:00Z,
26.04,27.342,2024-11-22T08:30:00Z,2024-11-22T09:00:00Z,
24.59,25.8195,2024-11-22T09:00:00Z,2024-11-22T09:30:00Z,
23.54,24.717,2024-11-22T09:30:00Z,2024-11-22T10:00:00Z,
22.78,23.919,2024-11-22T10:00:00Z,2024-11-22T10:30:00Z,
21.0,22.05,2024-11-22T10:30:00Z,2024-11-22T11:00:00Z,
18.81,19.7505,2024-11-22T11:00:00Z,2024-11-22T11:30:00Z,
19.32,20.286,2024-11-22T11:30:00Z,2024-11-22T12:00:00Z,
21.04,22.092,2024-11-22T12:00:00Z,2024-11-22T12:30:00Z,
21.64,22.722,2024-11-22T12:30:00Z,2024-11-22T13:00:00Z,
21.88,22.974,2024-11-22T13:00:00Z,2024-11-22T13:30:00Z,
21.9,22.995,2024-11-22T13:30:00Z,2024-11-22T14:00:00Z,
23.52,24.696,2024-11-22T14:00:00Z,2024-11-22T14:30:00Z,
23.15,24.3075,2024-11-22T14:30:00Z,2024-11-22T15:00:00Z,
21.82,22.911,2024-11-22T15:00:00Z,2024-11-22T15:30:00Z,
23.18,24.339,2024-11-22T15:30:00Z,2024-11-22T16:00:00Z,
37.82,39.711,2024-11-22T16:00:00Z,2024-11-22T16:30:00Z,
44.19,46.3995,2024-11-22T16:30:00Z,2024-11-22T17:00:00Z,
40.76,42.798,2024-11-22T17:00:00Z,2024-11-22T17:30:00Z,
42.4,44.52,2024-11-22T17:30:00Z,2024-11-22T18:00:00Z,
40.95,42.9975,2024-11-22T18:00:00Z,2024-11-22T18:30:00Z,
36.96,38.808,2024-11-22T18:30:00Z,2024-11-22T19:00:00Z,
28.35,29.7675,2024-11-22T19:00:00Z,2024-11-22T19:30:00Z,
27.3,28.665,2024-11-22T19:30:00Z,2024-11-22T20:00:00Z,
24.15,25.3575,2024-11-22T20:00:00Z,2024-11-22T20:30:00Z,
21.33,22.3965,2024-11-22T20:30:00Z,2024-11-22T21:00:00Z,
22.72,23.856,2024-11-22T21:00:00Z,2024-11-22T21:30:00Z,
21.5,22.575,2024-11-22T21:30:00Z,2024-11-22T22:00:00Z,
22.68,23.814,2024-11-22T22:00:00Z,2024-11-22T22:30:00Z,
20.68,21.714,2024-11-22T22:30:00Z,2024-11-22T23:00:00Z,
23.69,24.8745,2024-11-22T23:00:00Z,2024-11-22T23:30:00Z,
21.08,22.134,2024-11-22T23:30:00Z,2024-11-23T00:00:00Z,
19.77,20.7585,2024-11-23T00:00:00Z,2024-11-23T00:30:00Z,
23.68,24.864,2024-11-23T00:30:00Z,2024-11-23T01:00:00Z,
22.18,23.289,2024-11-23T01:00:00Z,2024-11-23T01:30:00Z,
18.69,19.6245,2024-11-23T01:30:00Z,2024-11-23T02:00:00Z,
19.53,20.5065,2024-11-23T02:00:00Z,2024-11-23T02:30:00Z,
16.2,17.01,2024-11-23T02:30:00Z,2024-11-23T03:00:00Z,
20.58,21.609,2024-11-23T03:00:00Z,2024-11-23T03:30:00Z,
19.77,20.7585,2024-11-23T03:30:00Z,2024-11-23T04:00:00Z,
17.43,18.3015,2024-11-23T04:00:00Z,2024-11-23T04:30:00Z,
12.08,12.684,2024-11-23T04:30:00Z,2024-11-23T05:00:00Z,
14.87,15.6135,2024-11-23T05:00:00Z,2024-11-23T05:30:00Z,
14.7,15.435,2024-11-23T05:30:00Z,2024-11-23T06:00:00Z,
15.35,16.1175,2024-11-23T06:00:00Z,2024-11-23T06:30:00Z,
14.87,15.6135,2024-11-23T06:30:00Z,2024-11-23T07:00:00Z,
14.87,15.6135,2024-11-23T07:00:00Z,2024-11-23T07:30:00Z,
16.2,17.01,2024-11-23T07:30:00Z,2024-11-23T08:00:00Z,
14.87,15.6135,2024-11-23T08:00:00Z,2024-11-23T08:30:00Z,
16.2,17.01,2024-11-23T08:30:00Z,2024-11-23T09:00:00Z,
14.87,15.6135,2024-11-23T09:00:00Z,2024-11-23T09:30:00Z,
16.38,17.199,2024-11-23T09:30:00Z,2024-11-23T10:00:00Z,
17.26,18.123,2024-11-23T10:00:00Z,2024-11-23T10:30:00Z,
17.64,18.522,2024-11-23T10:30:00Z,2024-11-23T11:00:00Z,
18.9,19.845,2024-11-23T11:00:00Z,2024-11-23T11:30:00Z,
19.49,20.4645,2024-11-23T11:30:00Z,2024-11-23T12:00:00Z,
21.0,22.05,2024-11-23T12:00:00Z,2024-11-23T12:30:00Z,
23.1,24.255,2024-11-23T12:30:00Z,2024-11-23T13:00:00Z,
21.41,22.4805,2024-11-23T13:00:00Z,2024-11-23T13:30:00Z,
19.84,20.832,2024-11-23T13:30:00Z,2024-11-23T14:00:00Z,
21.95,23.0475,2024-11-23T14:00:00Z,2024-11-23T14:30:00Z,
20.79,21.8295,2024-11-23T14:30:00Z,2024-11-23T15:00:00Z,
20.37,21.3885,2024-11-23T15:00:00Z,2024-11-23T15:30:00Z,
21.61,22.6905,2024-11-23T15:30:00Z,2024-11-23T16:00:00Z,
35.68,37.464,2024-11-23T16:00:00Z,2024-11-23T16:30:00Z,
39.04,40.992,2024-11-23T16:30:00Z,2024-11-23T17:00:00Z,
38.85,40.7925,2024-11-23T17:00:00Z,2024-11-23T17:30:00Z,
38.91,40.8555,2024-11-23T17:30:00Z,2024-11-23T18:00:00Z,
39.04,40.992,2024-11-23T18:00:00Z,2024-11-23T18:30:00Z,
36.25,38.0625,2024-11-23T18:30:00Z,2024-11-23T19:00:00Z,
21.76,22.848,2024-11-23T19:00:00Z,2024-11-23T19:30:00Z,
20.58,21.609,2024-11-23T19:30:00Z,2024-11-23T20:00:00Z,
21.84,22.932,2024-11-23T20:00:00Z,2024-11-23T20:30:00Z,
17.53,18.4065,2024-11-23T20:30:00Z,2024-11-23T21:00:00Z,
16.74,17.577,2024-11-23T21:00:00Z,2024-11-23T21:30:00Z,
3.78,3.969,2024-11-23T21:30:00Z,2024-11-23T22:00:00Z,
3.15,3.3075,2024-11-23T22:00:00Z,2024-11-23T22:30:00Z,
-3.78,-3.969,2024-11-23T22:30:00Z,2024-11-23T23:00:00Z,
4.77,5.0085,2024-11-23T23:00:00Z,2024-11-23T23:30:00Z,
-0.21,-0.2205,2024-11-23T23:30:00Z,2024-11-24T00:00:00Z,
-0.02,-0.021,2024-11-24T00:00:00Z,2024-11-24T00:30:00Z,
0.32,0.336,2024-11-24T00:30:00Z,2024-11-24T01:00:00Z,
-1.26,-1.323,2024-11-24T01:00:00Z,2024-11-24T01:30:00Z,
-2.12,-2.226,2024-11-24T01:30:00Z,2024-11-24T02:00:00Z,
-1.26,-1.323,2024-11-24T02:00:00Z,2024-11-24T02:30:00Z,
-2.1,-2.205,2024-11-24T02:30:00Z,2024-11-24T03:00:00Z,
-1.57,-1.6485,2024-11-24T03:00:00Z,2024-11-24T03:30:00Z,
-2.44,-2.562,2024-11-24T03:30:00Z,2024-11-24T04:00:00Z,
-0.25,-0.2625,2024-11-24T04:00:00Z,2024-11-24T04:30:00Z,
-1.26,-1.323,2024-11-24T04:30:00Z,2024-11-24T05:00:00Z,
-0.88,-0.924,2024-11-24T05:00:00Z,2024-11-24T05:30:00Z,
-0.74,-0.777,2024-11-24T05:30:00Z,2024-11-24T06:00:00Z,
-1.26,-1.323,2024-11-24T06:00:00Z,2024-11-24T06:30:00Z,
0.0,0.0,2024-11-24T06:30:00Z,2024-11-24T07:00:00Z,
-1.26,-1.323,2024-11-24T07:00:00Z,2024-11-24T07:30:00Z,
0.21,0.2205,2024-11-24T07:30:00Z,2024-11-24T08:00:00Z,
-2.42,-2.541,2024-11-24T08:00:00Z,2024-11-24T08:30:00Z,
0.63,0.6615,2024-11-24T08:30:00Z,2024-11-24T09:00:00Z,
-1.26,-1.323,2024-11-24T09:00:00Z,2024-11-24T09:30:00Z,
1.05,1.1025,2024-11-24T09:30:00Z,2024-11-24T10:00:00Z,
4.03,4.2315,2024-11-24T10:00:00Z,2024-11-24T10:30:00Z,
5.23,5.4915,2024-11-24T10:30:00Z,2024-11-24T11:00:00Z,
4.0,4.2,2024-11-24T11:00:00Z,2024-11-24T11:30:00Z,
4.89,5.1345,2024-11-24T11:30:00Z,2024-11-24T12:00:00Z,
4.2,4.41,2024-11-24T12:00:00Z,2024-11-24T12:30:00Z,
6.98,7.329,2024-11-24T12:30:00Z,2024-11-24T13:00:00Z,
6.93,7.2765,2024-11-24T13:00:00Z,2024-11-24T13:30:00Z,
6.72,7.056,2024-11-24T13:30:00Z,2024-11-24T14:00:00Z,
10.65,11.1825,2024-11-24T14:00:00Z,2024-11-24T14:30:00Z,
10.65,11.1825,2024-11-24T14:30:00Z,2024-11-24T15:00:00Z,
11.13,11.6865,2024-11-24T15:00:00Z,2024-11-24T15:30:00Z,
14.49,15.2145,2024-11-24T15:30:00Z,2024-11-24T16:00:00Z,
30.54,32.067,2024-11-24T16:00:00Z,2024-11-24T16:30:00Z,
34.69,36.4245,2024-11-24T16:30:00Z,2024-11-24T17:00:00Z,
34.42,36.141,2024-11-24T17:00:00Z,2024-11-24T17:30:00Z,
34.69,36.4245,2024-11-24T17:30:00Z,2024-11-24T18:00:00Z,
32.8,34.44,2024-11-24T18:00:00Z,2024-11-24T18:30:00Z,
29.06,30.513,2024-11-24T18:30:00Z,2024-11-24T19:00:00Z,
15.2,15.96,2024-11-24T19:00:00Z,2024-11-24T19:30:00Z,
10.16,10.668,2024-11-24T19:30:00Z,2024-11-24T20:00:00Z,
6.72,7.056,2024-11-24T20:00:00Z,2024-11-24T20:30:00Z,
2.13,2.2365,2024-11-24T20:30:00Z,2024-11-24T21:00:00Z,
3.81,4.0005,2024-11-24T21:00:00Z,2024-11-24T21:30:00Z,
0.63,0.6615,2024-11-24T21:30:00Z,2024-11-24T22:00:00Z,
1.16,1.218,2024-11-24T22:00:00Z,2024-11-24T22:30:00Z,
-1.26,-1.323,2024-11-24T22:30:00Z,2024-11-24T23:00:00Z,
3.13,3.2865,2024-11-24T23:00:00Z,2024-11-24T23:30:00Z,
1.05,1.1025,2024-11-24T23:30:00Z,2024-11-25T00:00:00Z,
-0.42,-0.441,2024-11-25T00:00:00Z,2024-11-25T00:30:00Z,
1.07,1.1235,2024-11-25T00:30:00Z,2024-11-25T01:00:00Z,
-0.34,-0.357,2024-11-25T01:00:00Z,2024-11-25T01:30:00Z,
-1.58,-1.659,2024-11-25T01:30:00Z,2024-11-25T02:00:00Z,
-1.82,-1.911,2024-11-25T02:00:00Z,2024-11-25T02:30:00Z,
-2.1,-2.205,2024-11-25T02:30:00Z,2024-11-25T03:00:00Z,
-1.45,-1.5225,2024-11-25T03:00:00Z,2024-11-25T03:30:00Z,
-1.03,-1.0815,2024-11-25T03:30:00Z,2024-11-25T04:00:00Z,
-0.04,-0.042,2024-11-25T04:00:00Z,2024-11-25T04:30:00Z,
-0.04,-0.042,2024-11-25T04:30:00Z,2024-11-25T05:00:00Z,
0.0,0.0,2024-11-25T05:00:00Z,2024-11-25T05:30:00Z,
1.05,1.1025,2024-11-25T05:30:00Z,2024-11-25T06:00:00Z,
4.2,4.41,2024-11-25T06:00:00Z,2024-11-25T06:30:00Z,
11.06,11.613,2024-11-25T06:30:00Z,2024-11-25T07:00:00Z,
13.14,13.797,2024-11-25T07:00:00Z,2024-11-25T07:30:00Z,
17.83,18.7215,2024-11-25T07:30:00Z,2024-11-25T08:00:00Z,
17.66,18.543,2024-11-25T08:00:00Z,2024-11-25T08:30:00Z,
16.94,17.787,2024-11-25T08:30:00Z,2024-11-25T09:00:00Z,
19.49,20.4645,2024-11-25T09:00:00Z,2024-11-25T09:30:00Z,
18.48,19.404,2024-11-25T09:30:00Z,2024-11-25T10:00:00Z,
19.32,20.286,2024-11-25T10:00:00Z,2024-11-25T10:30:00Z,
18.8,19.74,2024-11-25T10:30:00Z,2024-11-25T11:00:00Z,
18.48,19.404,2024-11-25T11:00:00Z,2024-11-25T11:30:00Z,
18.56,19.488,2024-11-25T11:30:00Z,2024-11-25T12:00:00Z,
17.62,18.501,2024-11-25T12:00:00Z,2024-11-25T12:30:00Z,
19.03,19.9815,2024-11-25T12:30:00Z,2024-11-25T13:00:00Z,
19.11,20.0655,2024-11-25T13:00:00Z,2024-11-25T13:30:00Z,
19.19,20.1495,2024-11-25T13:30:00Z,2024-11-25T14:00:00Z,
19.95,20.9475,2024-11-25T14:00:00Z,2024-11-25T14:30:00Z,
19.32,20.286,2024-11-25T14:30:00Z,2024-11-25T15:00:00Z,
18.9,19.845,2024-11-25T15:00:00Z,2024-11-25T15:30:00Z,
20.58,21.609,2024-11-25T15:30:00Z,2024-11-25T16:00:00Z,
33.91,35.6055,2024-11-25T16:00:00Z,2024-11-25T16:30:00Z,
38.62,40.551,2024-11-25T16:30:00Z,2024-11-25T17:00:00Z,
37.53,39.4065,2024-11-25T17:00:00Z,2024-11-25T17:30:00Z,
37.54,39.417,2024-11-25T17:30:00Z,2024-11-25T18:00:00Z,
37.53,39.4065,2024-11-25T18:00:00Z,2024-11-25T18:30:00Z,
33.54,35.217,2024-11-25T18:30:00Z,2024-11-25T19:00:00Z,
21.67,22.7535,2024-11-25T19:00:00Z,2024-11-25T19:30:00Z,
17.5,18.375,2024-11-25T19:30:00Z,2024-11-25T20:00:00Z,
22.18,23.289,2024-11-25T20:00:00Z,2024-11-25T20:30:00Z,
20.66,21.693,2024-11-25T20:30:00Z,2024-11-25T21:00:00Z,
20.16,21.168,2024-11-25T21:00:00Z,2024-11-25T21:30:00Z,
14.91,15.6555,2024-11-25T21:30:00Z,2024-11-25T22:00:00Z,
16.46,17.283,2024-11-25T22:00:00Z,2024-11-25T22:30:00Z,
9.45,9.9225,2024-11-25T22:30:00Z,2024-11-25T23:00:00Z,
18.63,19.5615,2024-11-25T23:00:00Z,2024-11-25T23:30:00Z,
14.93,15.6765,2024-11-25T23:30:00Z,2024-11-26T00:00:00Z,
14.11,14.8155,2024-11-26T00:00:00Z,2024-11-26T00:30:00Z,
19.74,20.727,2024-11-26T00:30:00Z,2024-11-26T01:00:00Z,
14.91,15.6555,2024-11-26T01:00:00Z,2024-11-26T01:30:00Z,
13.02,13.671,2024-11-26T01:30:00Z,2024-11-26T02:00:00Z,
15.12,15.876,2024-11-26T02:00:00Z,2024-11-26T02:30:00Z,
14.49,15.2145,2024-11-26T02:30:00Z,2024-11-26T03:00:00Z,
14.93,15.6765,2024-11-26T03:00:00Z,2024-11-26T03:30:00Z,
16.17,16.9785,2024-11-26T03:30:00Z,2024-11-26T04:00:00Z,
17.0,17.85,2024-11-26T04:00:00Z,2024-11-26T04:30:00Z,
16.17,16.9785,2024-11-26T04:30:00Z,2024-11-26T05:00:00Z,
18.9,19.845,2024-11-26T05:00:00Z,2024-11-26T05:30:00Z,
19.17,20.1285,2024-11-26T05:30:00Z,2024-11-26T06:00:00Z,
23.1,24.255,2024-11-26T06:00:00Z,2024-11-26T06:30:00Z,
21.13,22.1865,2024-11-26T06:30:00Z,2024-11-26T07:00:00Z,
22.05,23.1525,2024-11-26T07:00:00Z,2024-11-26T07:30:00Z,
24.04,25.242,2024-11-26T07:30:00Z,2024-11-26T08:00:00Z,
23.1,24.255,2024-11-26T08:00:00Z,2024-11-26T08:30:00Z,
23.1,24.255,2024-11-26T08:30:00Z,2024-11-26T09:00:00Z,
23.45,24.6225,2024-11-26T09:00:00Z,2024-11-26T09:30:00Z,
22.05,23.1525,2024-11-26T09:30:00Z,2024-11-26T10:00:00Z,
21.21,22.2705,2024-11-26T10:00:00Z,2024-11-26T10:30:00Z,
20.58,21.609,2024-11-26T10:30:00Z,2024-11-26T11:00:00Z,
21.39,22.4595,2024-11-26T11:00:00Z,2024-11-26T11:30:00Z,
21.0,22.05,2024-11-26T11:30:00Z,2024-11-26T12:00:00Z,
21.0,22.05,2024-11-26T12:00:00Z,2024-11-26T12:30:00Z,
20.83,21.8715,2024-11-26T12:30:00Z,2024-11-26T13:00:00Z,
21.63,22.7115,2024-11-26T13:00:00Z,2024-11-26T13:30:00Z,
22.55,23.6775,2024-11-26T13:30:00Z,2024-11-26T14:00:00Z,
23.27,24.4335,2024-11-26T14:00:00Z,2024-11-26T14:30:00Z,
23.9,25.095,2024-11-26T14:30:00Z,2024-11-26T15:00:00Z,
23.18,24.339,2024-11-26T15:00:00Z,2024-11-26T15:30:00Z,
29.23,30.6915,2024-11-26T15:30:00Z,2024-11-26T16:00:00Z,
39.95,41.9475,2024-11-26T16:00:00Z,2024-11-26T16:30:00Z,
51.85,54.4425,2024-11-26T16:30:00Z,2024-11-26T17:00:00Z,
45.34,47.607,2024-11-26T17:00:00Z,2024-11-26T17:30:00Z,
45.34,47.607,2024-11-26T17:30:00Z,2024-11-26T18:00:00Z,
49.75,52.2375,2024-11-26T18:00:00Z,2024-11-26T18:30:00Z,
44.92,47.166,2024-11-26T18:30:00Z,2024-11-26T19:00:00Z,
30.72,32.256,2024-11-26T19:00:00Z,2024-11-26T19:30:00Z,
29.4,30.87,2024-11-26T19:30:00Z,2024-11-26T20:00:00Z,
28.35,29.7675,2024-11-26T20:00:00Z,2024-11-26T20:30:00Z,
25.58,26.859,2024-11-26T20:30:00Z,2024-11-26T21:00:00Z,
24.38,25.599,2024-11-26T21:00:00Z,2024-11-26T21:30:00Z,
20.83,21.8715,2024-11-26T21:30:00Z,2024-11-26T22:00:00Z,
22.33,23.4465,2024-11-26T22:00:00Z,2024-11-26T22:30:00Z,
22.41,23.5305,2024-11-26T22:30:00Z,2024-11-26T23:00:00Z,
22.89,24.0345,2024-11-26T23:00:00Z,2024-11-26T23:30:00Z,
19.82,20.811,2024-11-26T23:30:00Z,2024-11-27T00:00:00Z,
21.0,22.05,2024-11-27T00:00:00Z,2024-11-27T00:30:00Z,
23.56,24.738,2024-11-27T00:30:00Z,2024-11-27T01:00:00Z,
21.2,22.26,2024-11-27T01:00:00Z,2024-11-27T01:30:00Z,
19.11,20.0655,2024-11-27T01:30:00Z,2024-11-27T02:00:00Z,
18.9,19.845,2024-11-27T02:00:00Z,2024-11-27T02:30:00Z,
18.9,19.845,2024-11-27T02:30:00Z,2024-11-27T03:00:00Z,
18.9,19.845,2024-11-27T03:00:00Z,2024-11-27T03:30:00Z,
18.69,19.6245,2024-11-27T03:30:00Z,2024-11-27T04:00:00Z,
20.11,21.1155,2024-11-27T04:00:00Z,2024-11-27T04:30:00Z,
17.96,18.858,2024-11-27T04:30:00Z,2024-11-27T05:00:00Z,
18.98,19.929,2024-11-27T05:00:00Z,2024-11-27T05:30:00Z,
18.9,19.845,2024-11-27T05:30:00Z,2024-11-27T06:00:00Z,
21.39,22.4595,2024-11-27T06:00:00Z,2024-11-27T06:30:00Z,
22.26,23.373,2024-11-27T06:30:00Z,2024-11-27T07:00:00Z,
21.84,22.932,2024-11-27T07:00:00Z,2024-11-27T07:30:00Z,
26.25,27.5625,2024-11-27T07:30:00Z,2024-11-27T08:00:00Z,
24.78,26.019,2024-11-27T08:00:00Z,2024-11-27T08:30:00Z,
23.52,24.696,2024-11-27T08:30:00Z,2024-11-27T09:00:00Z,
25.41,26.6805,2024-11-27T09:00:00Z,2024-11-27T09:30:00Z,
25.61,26.8905,2024-11-27T09:30:00Z,2024-11-27T10:00:00Z,
25.2,26.46,2024-11-27T10:00:00Z,2024-11-27T10:30:00Z,
25.2,26.46,2024-11-27T10:30:00Z,2024-11-27T11:00:00Z,
24.99,26.2395,2024-11-27T11:00:00Z,2024-11-27T11:30:00Z,
24.57,25.7985,2024-11-27T11:30:00Z,2024-11-27T12:00:00Z,
22.66,23.793,2024-11-27T12:00:00Z,2024-11-27T12:30:00Z,
24.19,25.3995,2024-11-27T12:30:00Z,2024-11-27T13:00:00Z,
20.52,21.546,2024-11-27T13:00:00Z,2024-11-27T13:30:00Z,
23.44,24.612,2024-11-27T13:30:00Z,2024-11-27T14:00:00Z,
21.45,22.5225,2024-11-27T14:00:00Z,2024-11-27T14:30:00Z,
22.78,23.919,2024-11-27T14:30:00Z,2024-11-27T15:00:00Z,
20.16,21.168,2024-11-27T15:00:00Z,2024-11-27T15:30:00Z,
24.02,25.221,2024-11-27T15:30:00Z,2024-11-27T16:00:00Z,
37.07,38.9235,2024-11-27T16:00:00Z,2024-11-27T16:30:00Z,
39.04,40.992,2024-11-27T16:30:00Z,2024-11-27T17:00:00Z,
36.18,37.989,2024-11-27T17:00:00Z,2024-11-27T17:30:00Z,
37.53,39.4065,2024-11-27T17:30:00Z,2024-11-27T18:00:00Z,
38.2,40.11,2024-11-27T18:00:00Z,2024-11-27T18:30:00Z,
36.62,38.451,2024-11-27T18:30:00Z,2024-11-27T19:00:00Z,
24.34,25.557,2024-11-27T19:00:00Z,2024-11-27T19:30:00Z,
22.66,23.793,2024-11-27T19:30:00Z,2024-11-27T20:00:00Z,
23.94,25.137,2024-11-27T20:00:00Z,2024-11-27T20:30:00Z,
22.32,23.436,2024-11-27T20:30:00Z,2024-11-27T21:00:00Z,
23.0,24.15,2024-11-27T21:00:00Z,2024-11-27T21:30:00Z,
20.58,21.609,2024-11-27T21:30:00Z,2024-11-27T22:00:00Z,
20.13,21.1365,2024-11-27T22:00:00Z,2024-11-27T22:30:00Z,
18.05,18.9525,2024-11-27T22:30:00Z,2024-11-27T23:00:00Z,
21.0,22.05,2024-11-27T23:00:00Z,2024-11-27T23:30:00Z,
19.93,20.9265,2024-11-27T23:30:00Z,2024-11-28T00:00:00Z,
19.23,20.1915,2024-11-28T00:00:00Z,2024-11-28T00:30:00Z,
23.6,24.78,2024-11-28T00:30:00Z,2024-11-28T01:00:00Z,
20.93,21.9765,2024-11-28T01:00:00Z,2024-11-28T01:30:00Z,
19.01,19.9605,2024-11-28T01:30:00Z,2024-11-28T02:00:00Z,
20.5,21.525,2024-11-28T02:00:00Z,2024-11-28T02:30:00Z,
19.57,20.5485,2024-11-28T02:30:00Z,2024-11-28T03:00:00Z,
19.32,20.286,2024-11-28T03:00:00Z,2024-11-28T03:30:00Z,
19.32,20.286,2024-11-28T03:30:00Z,2024-11-28T04:00:00Z,
19.01,19.9605,2024-11-28T04:00:00Z,2024-11-28T04:30:00Z,
19.01,19.9605,2024-11-28T04:30:00Z,2024-11-28T05:00:00Z,
19.22,20.181,2024-11-28T05:00:00Z,2024-11-28T05:30:00Z,
19.01,19.9605,2024-11-28T05:30:00Z,2024-11-28T06:00:00Z,
21.84,22.932,2024-11-28T06:00:00Z,2024-11-28T06:30:00Z,
22.23,23.3415,2024-11-28T06:30:00Z,2024-11-28T07:00:00Z,
23.65,24.8325,2024-11-28T07:00:00Z,2024-11-28T07:30:00Z,
26.21,27.5205,2024-11-28T07:30:00Z,2024-11-28T08:00:00Z,
26.67,28.0035,2024-11-28T08:00:00Z,2024-11-28T08:30:00Z,
26.54,27.867,2024-11-28T08:30:00Z,2024-11-28T09:00:00Z,
26.88,28.224,2024-11-28T09:00:00Z,2024-11-28T09:30:00Z,
25.2,26.46,2024-11-28T09:30:00Z,2024-11-28T10:00:00Z,
24.42,25.641,2024-11-28T10:00:00Z,2024-11-28T10:30:00Z,
23.52,24.696,2024-11-28T10:30:00Z,2024-11-28T11:00:00Z,
21.89,22.9845,2024-11-28T11:00:00Z,2024-11-28T11:30:00Z,
21.89,22.9845,2024-11-28T11:30:00Z,2024-11-28T12:00:00Z,
20.58,21.609,2024-11-28T12:00:00Z,2024-11-28T12:30:00Z,
20.06,21.063,2024-11-28T12:30:00Z,2024-11-28T13:00:00Z,
20.08,21.084,2024-11-28T13:00:00Z,2024-11-28T13:30:00Z,
19.26,20.223,2024-11-28T13:30:00Z,2024-11-28T14:00:00Z,
19.95,20.9475,2024-11-28T14:00:00Z,2024-11-28T14:30:00Z,
19.74,20.727,2024-11-28T14:30:00Z,2024-11-28T15:00:00Z,
22.68,23.814,2024-11-28T15:00:00Z,2024-11-28T15:30:00Z,
24.78,26.019,2024-11-28T15:30:00Z,2024-11-28T16:00:00Z,
38.07,39.9735,2024-11-28T16:00:00Z,2024-11-28T16:30:00Z,
39.84,41.832,2024-11-28T16:30:00Z,2024-11-28T17:00:00Z,
40.55,42.5775,2024-11-28T17:00:00Z,2024-11-28T17:30:00Z,
40.09,42.0945,2024-11-28T17:30:00Z,2024-11-28T18:00:00Z,
40.1,42.105,2024-11-28T18:00:00Z,2024-11-28T18:30:00Z,
38.26,40.173,2024-11-28T18:30:00Z,2024-11-28T19:00:00Z,
24.78,26.019,2024-11-28T19:00:00Z,2024-11-28T19:30:00Z,
23.56,24.738,2024-11-28T19:30:00Z,2024-11-28T20:00:00Z,
24.49,25.7145,2024-11-28T20:00:00Z,2024-11-28T20:30:00Z,
21.99,23.0895,2024-11-28T20:30:00Z,2024-11-28T21:00:00Z,
22.72,23.856,2024-11-28T21:00:00Z,2024-11-28T21:30:00Z,
21.0,22.05,2024-11-28T21:30:00Z,2024-11-28T22:00:00Z,
21.0,22.05,2024-11-28T22:00:00Z,2024-11-28T22:30:00Z,
18.48,19.404,2024-11-28T22:30:00Z,2024-11-28T23:00:00Z,
19.95,20.9475,2024-11-28T23:00:00Z,2024-11-28T23:30:00Z,
20.37,21.3885,2024-11-28T23:30:00Z,2024-11-29T00:00:00Z,
19.11,20.0655,2024-11-29T00:00:00Z,2024-11-29T00:30:00Z,
19.74,20.727,2024-11-29T00:30:00Z,2024-11-29T01:00:00Z,
19.56,20.538,2024-11-29T01:00:00Z,2024-11-29T01:30:00Z,
18.06,18.963,2024-11-29T01:30:00Z,2024-11-29T02:00:00Z,
19.26,20.223,2024-11-29T02:00:00Z,2024-11-29T02:30:00Z,
16.8,17.64,2024-11-29T02:30:00Z,2024-11-29T03:00:00Z,
18.65,19.5825,2024-11-29T03:00:00Z,2024-11-29T03:30:00Z,
17.64,18.522,2024-11-29T03:30:00Z,2024-11-29T04:00:00Z,
19.56,20.538,2024-11-29T04:00:00Z,2024-11-29T04:30:00Z,
19.49,20.4645,2024-11-29T04:30:00Z,2024-11-29T05:00:00Z,
21.84,22.932,2024-11-29T05:00:00Z,2024-11-29T05:30:00Z,
19.32,20.286,2024-11-29T05:30:00Z,2024-11-29T06:00:00Z,
23.42,24.591,2024-11-29T06:00:00Z,2024-11-29T06:30:00Z,
20.63,21.6615,2024-11-29T06:30:00Z,2024-11-29T07:00:00Z,
22.78,23.919,2024-11-29T07:00:00Z,2024-11-29T07:30:00Z,
25.2,26.46,2024-11-29T07:30:00Z,2024-11-29T08:00:00Z,
24.86,26.103,2024-11-29T08:00:00Z,2024-11-29T08:30:00Z,
24.84,26.082,2024-11-29T08:30:00Z,2024-11-29T09:00:00Z,
24.78,26.019,2024-11-29T09:00:00Z,2024-11-29T09:30:00Z,
23.77,24.9585,2024-11-29T09:30:00Z,2024-11-29T10:00:00Z,
22.62,23.751,2024-11-29T10:00:00Z,2024-11-29T10:30:00Z,
21.02,22.071,2024-11-29T10:30:00Z,2024-11-29T11:00:00Z,
20.16,21.168,2024-11-29T11:00:00Z,2024-11-29T11:30:00Z,
19.95,20.9475,2024-11-29T11:30:00Z,2024-11-29T12:00:00Z,
20.41,21.4305,2024-11-29T12:00:00Z,2024-11-29T12:30:00Z,
20.16,21.168,2024-11-29T12:30:00Z,2024-11-29T13:00:00Z,
20.16,21.168,2024-11-29T13:00:00Z,2024-11-29T13:30:00Z,
19.56,20.538,2024-11-29T13:30:00Z,2024-11-29T14:00:00Z,
20.37,21.3885,2024-11-29T14:00:00Z,2024-11-29T14:30:00Z,
19.95,20.9475,2024-11-29T14:30:00Z,2024-11-29T15:00:00Z,
21.63,22.7115,2024-11-29T15:00:00Z,2024-11-29T15:30:00Z,
23.1,24.255,2024-11-29T15:30:00Z,2024-11-29T16:00:00Z,
38.2,40.11,2024-11-29T16:00:00Z,2024-11-29T16:30:00Z,
39.88,41.874,2024-11-29T16:30:00Z,2024-11-29T17:00:00Z,
36.52,38.346,2024-11-29T17:00:00Z,2024-11-29T17:30:00Z,
37.15,39.0075,2024-11-29T17:30:00Z,2024-11-29T18:00:00Z,
37.36,39.228,2024-11-29T18:00:00Z,2024-11-29T18:30:00Z,
34.9,36.645,2024-11-29T18:30:00Z,2024-11-29T19:00:00Z,
20.37,21.3885,2024-11-29T19:00:00Z,2024-11-29T19:30:00Z,
22.89,24.0345,2024-11-29T19:30:00Z,2024-11-29T20:00:00Z,
20.83,21.8715,2024-11-29T20:00:00Z,2024-11-29T20:30:00Z,
19.56,20.538,2024-11-29T20:30:00Z,2024-11-29T21:00:00Z,
23.31,24.4755,2024-11-29T21:00:00Z,2024-11-29T21:30:00Z,
21.0,22.05,2024-11-29T21:30:00Z,2024-11-29T22:00:00Z,
19.56,20.538,2024-11-29T22:00:00Z,2024-11-29T22:30:00Z,
18.65,19.5825,2024-11-29T22:30:00Z,2024-11-29T23:00:00Z,
17.87,18.7635,2024-11-29T23:00:00Z,2024-11-29T23:30:00Z,
17.25,18.1125,2024-11-29T23:30:00Z,2024-11-30T00:00:00Z,
15.89,16.6845,2024-11-30T00:00:00Z,2024-11-30T00:30:00Z,
18.51,19.4355,2024-11-30T00:30:00Z,2024-11-30T01:00:00Z,
16.34,17.157,2024-11-30T01:00:00Z,2024-11-30T01:30:00Z,
15.33,16.0965,2024-11-30T01:30:00Z,2024-11-30T02:00:00Z,
15.54,16.317,2024-11-30T02:00:00Z,2024-11-30T02:30:00Z,
15.62,16.401,2024-11-30T02:30:00Z,2024-11-30T03:00:00Z,
15.75,16.5375,2024-11-30T03:00:00Z,2024-11-30T03:30:00Z,
15.33,16.0965,2024-11-30T03:30:00Z,2024-11-30T04:00:00Z,
16.17,16.9785,2024-11-30T04:00:00Z,2024-11-30T04:30:00Z,
15.96,16.758,2024-11-30T04:30:00Z,2024-11-30T05:00:00Z,
16.04,16.842,2024-11-30T05:00:00Z,2024-11-30T05:30:00Z,
16.3,17.115,2024-11-30T05:30:00Z,2024-11-30T06:00:00Z,
18.48,19.404,2024-11-30T06:00:00Z,2024-11-30T06:30:00Z,
18.48,19.404,2024-11-30T06:30:00Z,2024-11-30T07:00:00Z,
20.16,21.168,2024-11-30T07:00:00Z,2024-11-30T07:30:00Z,
21.0,22.05,2024-11-30T07:30:00Z,2024-11-30T08:00:00Z,
19.93,20.9265,2024-11-30T08:00:00Z,2024-11-30T08:30:00Z,
21.23,22.2915,2024-11-30T08:30:00Z,2024-11-30T09:00:00Z,
20.05,21.0525,2024-11-30T09:00:00Z,2024-11-30T09:30:00Z,
21.31,22.3755,2024-11-30T09:30:00Z,2024-11-30T10:00:00Z,
21.85,22.9425,2024-11-30T10:00:00Z,2024-11-30T10:30:00Z,
21.85,22.9425,2024-11-30T10:30:00Z,2024-11-30T11:00:00Z,
20.05,21.0525,2024-11-30T11:00:00Z,2024-11-30T11:30:00Z,
20.58,21.609,2024-11-30T11:30:00Z,2024-11-30T12:00:00Z,
20.2,21.21,2024-11-30T12:00:00Z,2024-11-30T12:30:00Z,
20.79,21.8295,2024-11-30T12:30:00Z,2024-11-30T13:00:00Z,
19.61,20.5905,2024-11-30T13:00:00Z,2024-11-30T13:30:00Z,
16.17,16.9785,2024-11-30T13:30:00Z,2024-11-30T14:00:00Z,
20.35,21.3675,2024-11-30T14:00:00Z,2024-11-30T14:30:00Z,
20.79,21.8295,2024-11-30T14:30:00Z,2024-11-30T15:00:00Z,
21.67,22.7535,2024-11-30T15:00:00Z,2024-11-30T15:30:00Z,
22.53,23.6565,2024-11-30T15:30:00Z,2024-11-30T16:00:00Z,
35.72,37.506,2024-11-30T16:00:00Z,2024-11-30T16:30:00Z,
37.72,39.606,2024-11-30T16:30:00Z,2024-11-30T17:00:00Z,
37.52,39.396,2024-11-30T17:00:00Z,2024-11-30T17:30:00Z,
37.15,39.0075,2024-11-30T17:30:00Z,2024-11-30T18:00:00Z,
37.7,39.585,2024-11-30T18:00:00Z,2024-11-30T18:30:00Z,
34.84,36.582,2024-11-30T18:30:00Z,2024-11-30T19:00:00Z,
22.05,23.1525,2024-11-30T19:00:00Z,2024-11-30T19:30:00Z,
21.14,22.197,2024-11-30T19:30:00Z,2024-11-30T20:00:00Z,
20.14,21.147,2024-11-30T20:00:00Z,2024-11-30T20:30:00Z,
18.67,19.6035,2024-11-30T20:30:00Z,2024-11-30T21:00:00Z,
19.32,20.286,2024-11-30T21:00:00Z,2024-11-30T21:30:00Z,
18.96,19.908,2024-11-30T21:30:00Z,2024-11-30T22:00:00Z,
18.48,19.404,2024-11-30T22:00:00Z,2024-11-30T22:30:00Z,
15.39,16.1595,2024-11-30T22:30:00Z,2024-11-30T23:00:00Z,
20.37,21.3885,2024-11-30T23:00:00Z,2024-11-30T23:30:00Z,
17.25,18.1125,2024-11-30T23:30:00Z,2024-12-01T00:00:00Z,
11.76,12.348,2024-12-01T00:00:00Z,2024-12-01T00:30:00Z,
17.72,18.606,2024-12-01T00:30:00Z,2024-12-01T01:00:00Z,
15.78,16.569,2024-12-01T01:00:00Z,2024-12-01T01:30:00Z,
10.53,11.0565,2024-12-01T01:30:00Z,2024-12-01T02:00:00Z,
14.91,15.6555,2024-12-01T02:00:00Z,2024-12-01T02:30:00Z,
10.6,11.13,2024-12-01T02:30:00Z,2024-12-01T03:00:00Z,
12.81,13.4505,2024-12-01T03:00:00Z,2024-12-01T03:30:00Z,
10.92,11.466,2024-12-01T03:30:00Z,2024-12-01T04:00:00Z,
12.25,12.8625,2024-12-01T04:00:00Z,2024-12-01T04:30:00Z,
13.29,13.9545,2024-12-01T04:30:00Z,2024-12-01T05:00:00Z,
14.01,14.7105,2024-12-01T05:00:00Z,2024-12-01T05:30:00Z,
14.01,14.7105,2024-12-01T05:30:00Z,2024-12-01T06:00:00Z,
15.61,16.3905,2024-12-01T06:00:00Z,2024-12-01T06:30:00Z,
18.14,19.047,2024-12-01T06:30:00Z,2024-12-01T07:00:00Z,
16.78,17.619,2024-12-01T07:00:00Z,2024-12-01T07:30:00Z,
20.06,21.063,2024-12-01T07:30:00Z,2024-12-01T08:00:00Z,
11.34,11.907,2024-12-01T08:00:00Z,2024-12-01T08:30:00Z,
21.4,22.47,2024-12-01T08:30:00Z,2024-12-01T09:00:00Z,
18.9,19.845,2024-12-01T09:00:00Z,2024-12-01T09:30:00Z,
21.19,22.2495,2024-12-01T09:30:00Z,2024-12-01T10:00:00Z,
20.31,21.3255,2024-12-01T10:00:00Z,2024-12-01T10:30:00Z,
21.12,22.176,2024-12-01T10:30:00Z,2024-12-01T11:00:00Z,
21.17,22.2285,2024-12-01T11:00:00Z,2024-12-01T11:30:00Z,
21.84,22.932,2024-12-01T11:30:00Z,2024-12-01T12:00:00Z,
20.68,21.714,2024-12-01T12:00:00Z,2024-12-01T12:30:00Z,
22.15,23.2575,2024-12-01T12:30:00Z,2024-12-01T13:00:00Z,
20.56,21.588,2024-12-01T13:00:00Z,2024-12-01T13:30:00Z,
21.42,22.491,2024-12-01T13:30:00Z,2024-12-01T14:00:00Z,
22.05,23.1525,2024-12-01T14:00:00Z,2024-12-01T14:30:00Z,
22.68,23.814,2024-12-01T14:30:00Z,2024-12-01T15:00:00Z,
18.48,19.404,2024-12-01T15:00:00Z,2024-12-01T15:30:00Z,
23.13,24.2865,2024-12-01T15:30:00Z,2024-12-01T16:00:00Z,
33.49,35.1645,2024-12-01T16:00:00Z,2024-12-01T16:30:00Z,
40.62,42.651,2024-12-01T16:30:00Z,2024-12-01T17:00:00Z,
39.46,41.433,2024-12-01T17:00:00Z,2024-12-01T17:30:00Z,
39.21,41.1705,2024-12-01T17:30:00Z,2024-12-01T18:00:00Z,
39.93,41.9265,2024-12-01T18:00:00Z,2024-12-01T18:30:00Z,
37.21,39.0705,2024-12-01T18:30:00Z,2024-12-01T19:00:00Z,
23.25,24.4125,2024-12-01T19:00:00Z,2024-12-01T19:30:00Z,
18.82,19.761,2024-12-01T19:30:00Z,2024-12-01T20:00:00Z,
20.62,21.651,2024-12-01T20:00:00Z,2024-12-01T20:30:00Z,
20.41,21.4305,2024-12-01T20:30:00Z,2024-12-01T21:00:00Z,
23.11,24.2655,2024-12-01T21:00:00Z,2024-12-01T21:30:00Z,
20.16,21.168,2024-12-01T21:30:00Z,2024-12-01T22:00:00Z,
19.88,20.874,2024-12-01T22:00:00Z,2024-12-01T22:30:00Z,
15.82,16.611,2024-12-01T22:30:00Z,2024-12-01T23:00:00Z,
18.06,18.963,2024-12-01T23:00:00Z,2024-12-01T23:30:00Z,
12.6,13.23,2024-12-01T23:30:00Z,2024-12-02T00:00:00Z,
10.5,11.025,2024-12-02T00:00:00Z,2024-12-02T00:30:00Z,
14.72,15.456,2024-12-02T00:30:00Z,2024-12-02T01:00:00Z,
13.1,13.755,2024-12-02T01:00:00Z,2024-12-02T01:30:00Z,
8.44,8.862,2024-12-02T01:30:00Z,2024-12-02T02:00:00Z,
10.08,10.584,2024-12-02T02:00:00Z,2024-12-02T02:30:00Z,
7.1,7.455,2024-12-02T02:30:00Z,2024-12-02T03:00:00Z,
9.45,9.9225,2024-12-02T03:00:00Z,2024-12-02T03:30:00Z,
7.46,7.833,2024-12-02T03:30:00Z,2024-12-02T04:00:00Z,
13.62,14.301,2024-12-02T04:00:00Z,2024-12-02T04:30:00Z,
11.55,12.1275,2024-12-02T04:30:00Z,2024-12-02T05:00:00Z,
15.73,16.5165,2024-12-02T05:00:00Z,2024-12-02T05:30:00Z,
19.74,20.727,2024-12-02T05:30:00Z,2024-12-02T06:00:00Z,
22.98,24.129,2024-12-02T06:00:00Z,2024-12-02T06:30:00Z,
19.42,20.391,2024-12-02T06:30:00Z,2024-12-02T07:00:00Z,
21.0,22.05,2024-12-02T07:00:00Z,2024-12-02T07:30:00Z,
25.37,26.6385,2024-12-02T07:30:00Z,2024-12-02T08:00:00Z,
20.59,21.6195,2024-12-02T08:00:00Z,2024-12-02T08:30:00Z,
20.37,21.3885,2024-12-02T08:30:00Z,2024-12-02T09:00:00Z,
21.46,22.533,2024-12-02T09:00:00Z,2024-12-02T09:30:00Z,
20.46,21.483,2024-12-02T09:30:00Z,2024-12-02T10:00:00Z,
20.14,21.147,2024-12-02T10:00:00Z,2024-12-02T10:30:00Z,
20.62,21.651,2024-12-02T10:30:00Z,2024-12-02T11:00:00Z,
19.71,20.6955,2024-12-02T11:00:00Z,2024-12-02T11:30:00Z,
19.71,20.6955,2024-12-02T11:30:00Z,2024-12-02T12:00:00Z,
21.1,22.155,2024-12-02T12:00:00Z,2024-12-02T12:30:00Z,
21.65,22.7325,2024-12-02T12:30:00Z,2024-12-02T13:00:00Z,
23.18,24.339,2024-12-02T13:00:00Z,2024-12-02T13:30:00Z,
21.17,22.2285,2024-12-02T13:30:00Z,2024-12-02T14:00:00Z,
23.1,24.255,2024-12-02T14:00:00Z,2024-12-02T14:30:00Z,
21.7,22.785,2024-12-02T14:30:00Z,2024-12-02T15:00:00Z,
21.11,22.1655,2024-12-02T15:00:00Z,2024-12-02T15:30:00Z,
26.04,27.342,2024-12-02T15:30:00Z,2024-12-02T16:00:00Z,
34.0,35.7,2024-12-02T16:00:00Z,2024-12-02T16:30:00Z,
41.9,43.995,2024-12-02T16:30:00Z,2024-12-02T17:00:00Z,
39.36,41.328,2024-12-02T17:00:00Z,2024-12-02T17:30:00Z,
39.69,41.6745,2024-12-02T17:30:00Z,2024-12-02T18:00:00Z,
39.25,41.2125,2024-12-02T18:00:00Z,2024-12-02T18:30:00Z,
34.63,36.3615,2024-12-02T18:30:00Z,2024-12-02T19:00:00Z,
24.03,25.2315,2024-12-02T19:00:00Z,2024-12-02T19:30:00Z,
21.0,22.05,2024-12-02T19:30:00Z,2024-12-02T20:00:00Z,
22.51,23.6355,2024-12-02T20:00:00Z,2024-12-02T20:30:00Z,
21.22,22.281,2024-12-02T20:30:00Z,2024-12-02T21:00:00Z,
22.85,23.9925,2024-12-02T21:00:00Z,2024-12-02T21:30:00Z,
21.01,22.0605,2024-12-02T21:30:00Z,2024-12-02T22:00:00Z,
20.16,21.168,2024-12-02T22:00:00Z,2024-12-02T22:30:00Z,
17.85,18.7425,2024-12-02T22:30:00Z,2024-12-02T23:00:00Z,
19.09,20.0445,2024-12-02T23:00:00Z,2024-12-02T23:30:00Z,
18.06,18.963,2024-12-02T23:30:00Z,2024-12-03T00:00:00Z,
17.96,18.858,2024-12-03T00:00:00Z,2024-12-03T00:30:00Z,
19.36,20.328,2024-12-03T00:30:00Z,2024-12-03T01:00:00Z,
18.66,19.593,2024-12-03T01:00:00Z,2024-12-03T01:30:00Z,
18.66,19.593,2024-12-03T01:30:00Z,2024-12-03T02:00:00Z,
19.32,20.286,2024-12-03T02:00:00Z,2024-12-03T02:30:00Z,
19.32,20.286,2024-12-03T02:30:00Z,2024-12-03T03:00:00Z,
18.88,19.824,2024-12-03T03:00:00Z,2024-12-03T03:30:00Z,
17.43,18.3015,2024-12-03T03:30:00Z,2024-12-03T04:00:00Z,
19.95,20.9475,2024-12-03T04:00:00Z,2024-12-03T04:30:00Z,
18.69,19.6245,2024-12-03T04:30:00Z,2024-12-03T05:00:00Z,
23.98,25.179,2024-12-03T05:00:00Z,2024-12-03T05:30:00Z,
21.0,22.05,2024-12-03T05:30:00Z,2024-12-03T06:00:00Z,
22.9,24.045,2024-12-03T06:00:00Z,2024-12-03T06:30:00Z,
24.15,25.3575,2024-12-03T06:30:00Z,2024-12-03T07:00:00Z,
26.07,27.3735,2024-12-03T07:00:00Z,2024-12-03T07:30:00Z,
30.66,32.193,2024-12-03T07:30:00Z,2024-12-03T08:00:00Z,
27.51,28.8855,2024-12-03T08:00:00Z,2024-12-03T08:30:00Z,
27.38,28.749,2024-12-03T08:30:00Z,2024-12-03T09:00:00Z,
27.28,28.644,2024-12-03T09:00:00Z,2024-12-03T09:30:00Z,
26.73,28.0665,2024-12-03T09:30:00Z,2024-12-03T10:00:00Z,
25.09,26.3445,2024-12-03T10:00:00Z,2024-12-03T10:30:00Z,
24.21,25.4205,2024-12-03T10:30:00Z,2024-12-03T11:00:00Z,
24.94,26.187,2024-12-03T11:00:00Z,2024-12-03T11:30:00Z,
23.25,24.4125,2024-12-03T11:30:00Z,2024-12-03T12:00:00Z,
23.75,24.9375,2024-12-03T12:00:00Z,2024-12-03T12:30:00Z,
23.52,24.696,2024-12-03T12:30:00Z,2024-12-03T13:00:00Z,
26.94,28.287,2024-12-03T13:00:00Z,2024-12-03T13:30:00Z,
26.64,27.972,2024-12-03T13:30:00Z,2024-12-03T14:00:00Z,
28.0,29.4,2024-12-03T14:00:00Z,2024-12-03T14:30:00Z,
28.7,30.135,2024-12-03T14:30:00Z,2024-12-03T15:00:00Z,
30.28,31.794,2024-12-03T15:00:00Z,2024-12-03T15:30:00Z,
34.29,36.0045,2024-12-03T15:30:00Z,2024-12-03T16:00:00Z,
46.6,48.93,2024-12-03T16:00:00Z,2024-12-03T16:30:00Z,
51.68,54.264,2024-12-03T16:30:00Z,2024-12-03T17:00:00Z,
47.86,50.253,2024-12-03T17:00:00Z,2024-12-03T17:30:00Z,
49.31,51.7755,2024-12-03T17:30:00Z,2024-12-03T18:00:00Z,
51.43,54.0015,2024-12-03T18:00:00Z,2024-12-03T18:30:00Z,
47.02,49.371,2024-12-03T18:30:00Z,2024-12-03T19:00:00Z,
33.43,35.1015,2024-12-03T19:00:00Z,2024-12-03T19:30:00Z,
30.24,31.752,2024-12-03T19:30:00Z,2024-12-03T20:00:00Z,
30.24,31.752,2024-12-03T20:00:00Z,2024-12-03T20:30:00Z,
23.52,24.696,2024-12-03T20:30:00Z,2024-12-03T21:00:00Z,
26.44,27.762,2024-12-03T21:00:00Z,2024-12-03T21:30:00Z,
20.83,21.8715,2024-12-03T21:30:00Z,2024-12-03T22:00:00Z,
23.73,24.9165,2024-12-03T22:00:00Z,2024-12-03T22:30:00Z,
19.64,20.622,2024-12-03T22:30:00Z,2024-12-03T23:00:00Z,
22.05,23.1525,2024-12-03T23:00:00Z,2024-12-03T23:30:00Z,
21.0,22.05,2024-12-03T23:30:00Z,2024-12-04T00:00:00Z,
19.11,20.0655,2024-12-04T00:00:00Z,2024-12-04T00:30:00Z,
23.3,24.465,2024-12-04T00:30:00Z,2024-12-04T01:00:00Z,
19.69,20.6745,2024-12-04T01:00:00Z,2024-12-04T01:30:00Z,
17.86,18.753,2024-12-04T01:30:00Z,2024-12-04T02:00:00Z,
18.06,18.963,2024-12-04T02:00:00Z,2024-12-04T02:30:00Z,
18.06,18.963,2024-12-04T02:30:00Z,2024-12-04T03:00:00Z,
18.48,19.404,2024-12-04T03:00:00Z,2024-12-04T03:30:00Z,
17.87,18.7635,2024-12-04T03:30:00Z,2024-12-04T04:00:00Z,
19.47,20.4435,2024-12-04T04:00:00Z,2024-12-04T04:30:00Z,
18.94,19.887,2024-12-04T04:30:00Z,2024-12-04T05:00:00Z,
22.07,23.1735,2024-12-04T05:00:00Z,2024-12-04T05:30:00Z,
21.81,22.9005,2024-12-04T05:30:00Z,2024-12-04T06:00:00Z,
26.74,28.077,2024-12-04T06:00:00Z,2024-12-04T06:30:00Z,
28.2,29.61,2024-12-04T06:30:00Z,2024-12-04T07:00:00Z,
34.36,36.078,2024-12-04T07:00:00Z,2024-12-04T07:30:00Z,
36.76,38.598,2024-12-04T07:30:00Z,2024-12-04T08:00:00Z,
35.69,37.4745,2024-12-04T08:00:00Z,2024-12-04T08:30:00Z,
35.7,37.485,2024-12-04T08:30:00Z,2024-12-04T09:00:00Z,
34.65,36.3825,2024-12-04T09:00:00Z,2024-12-04T09:30:00Z,
34.86,36.603,2024-12-04T09:30:00Z,2024-12-04T10:00:00Z,
32.97,34.6185,2024-12-04T10:00:00Z,2024-12-04T10:30:00Z,
31.73,33.3165,2024-12-04T10:30:00Z,2024-12-04T11:00:00Z,
31.54,33.117,2024-12-04T11:00:00Z,2024-12-04T11:30:00Z,
29.76,31.248,2024-12-04T11:30:00Z,2024-12-04T12:00:00Z,
30.55,32.0775,2024-12-04T12:00:00Z,2024-12-04T12:30:00Z,
30.55,32.0775,2024-12-04T12:30:00Z,2024-12-04T13:00:00Z,
33.58,35.259,2024-12-04T13:00:00Z,2024-12-04T13:30:00Z,
30.91,32.4555,2024-12-04T13:30:00Z,2024-12-04T14:00:00Z,
29.25,30.7125,2024-12-04T14:00:00Z,2024-12-04T14:30:00Z,
27.95,29.3475,2024-12-04T14:30:00Z,2024-12-04T15:00:00Z,
30.24,31.752,2024-12-04T15:00:00Z,2024-12-04T15:30:00Z,
30.03,31.5315,2024-12-04T15:30:00Z,2024-12-04T16:00:00Z,
47.46,49.833,2024-12-04T16:00:00Z,2024-12-04T16:30:00Z,
46.83,49.1715,2024-12-04T16:30:00Z,2024-12-04T17:00:00Z,
45.34,47.607,2024-12-04T17:00:00Z,2024-12-04T17:30:00Z,
45.34,47.607,2024-12-04T17:30:00Z,2024-12-04T18:00:00Z,
41.1,43.155,2024-12-04T18:00:00Z,2024-12-04T18:30:00Z,
38.55,40.4775,2024-12-04T18:30:00Z,2024-12-04T19:00:00Z,
23.94,25.137,2024-12-04T19:00:00Z,2024-12-04T19:30:00Z,
22.68,23.814,2024-12-04T19:30:00Z,2024-12-04T20:00:00Z,
21.84,22.932,2024-12-04T20:00:00Z,2024-12-04T20:30:00Z,
19.32,20.286,2024-12-04T20:30:00Z,2024-12-04T21:00:00Z,
21.62,22.701,2024-12-04T21:00:00Z,2024-12-04T21:30:00Z,
19.77,20.7585,2024-12-04T21:30:00Z,2024-12-04T22:00:00Z,
20.74,21.777,2024-12-04T22:00:00Z,2024-12-04T22:30:00Z,
18.51,19.4355,2024-12-04T22:30:00Z,2024-12-04T23:00:00Z,
19.53,20.5065,2024-12-04T23:00:00Z,2024-12-04T23:30:00Z,
18.27,19.1835,2024-12-04T23:30:00Z,2024-12-05T00:00:00Z,
16.42,17.241,2024-12-05T00:00:00Z,2024-12-05T00:30:00Z,
19.74,20.727,2024-12-05T00:30:00Z,2024-12-05T01:00:00Z,
17.47,18.3435,2024-12-05T01:00:00Z,2024-12-05T01:30:00Z,
16.5,17.325,2024-12-05T01:30:00Z,2024-12-05T02:00:00Z,
16.5,17.325,2024-12-05T02:00:00Z,2024-12-05T02:30:00Z,
16.37,17.1885,2024-12-05T02:30:00Z,2024-12-05T03:00:00Z,
16.37,17.1885,2024-12-05T03:00:00Z,2024-12-05T03:30:00Z,
15.96,16.758,2024-12-05T03:30:00Z,2024-12-05T04:00:00Z,
17.64,18.522,2024-12-05T04:00:00Z,2024-12-05T04:30:00Z,
16.38,17.199,2024-12-05T04:30:00Z,2024-12-05T05:00:00Z,
18.75,19.6875,2024-12-05T05:00:00Z,2024-12-05T05:30:00Z,
20.29,21.3045,2024-12-05T05:30:00Z,2024-12-05T06:00:00Z,
21.48,22.554,2024-12-05T06:00:00Z,2024-12-05T06:30:00Z,
21.21,22.2705,2024-12-05T06:30:00Z,2024-12-05T07:00:00Z,
19.52,20.496,2024-12-05T07:00:00Z,2024-12-05T07:30:00Z,
25.16,26.418,2024-12-05T07:30:00Z,2024-12-05T08:00:00Z,
23.0,24.15,2024-12-05T08:00:00Z,2024-12-05T08:30:00Z,
25.18,26.439,2024-12-05T08:30:00Z,2024-12-05T09:00:00Z,
21.9,22.995,2024-12-05T09:00:00Z,2024-12-05T09:30:00Z,
22.89,24.0345,2024-12-05T09:30:00Z,2024-12-05T10:00:00Z,
20.96,22.008,2024-12-05T10:00:00Z,2024-12-05T10:30:00Z,
21.35,22.4175,2024-12-05T10:30:00Z,2024-12-05T11:00:00Z,
21.63,22.7115,2024-12-05T11:00:00Z,2024-12-05T11:30:00Z,
20.81,21.8505,2024-12-05T11:30:00Z,2024-12-05T12:00:00Z,
21.99,23.0895,2024-12-05T12:00:00Z,2024-12-05T12:30:00Z,
22.68,23.814,2024-12-05T12:30:00Z,2024-12-05T13:00:00Z,
22.47,23.5935,2024-12-05T13:00:00Z,2024-12-05T13:30:00Z,
21.0,22.05,2024-12-05T13:30:00Z,2024-12-05T14:00:00Z,
21.21,22.2705,2024-12-05T14:00:00Z,2024-12-05T14:30:00Z,
20.58,21.609,2024-12-05T14:30:00Z,2024-12-05T15:00:00Z,
19.96,20.958,2024-12-05T15:00:00Z,2024-12-05T15:30:00Z,
21.74,22.827,2024-12-05T15:30:00Z,2024-12-05T16:00:00Z,
34.82,36.561,2024-12-05T16:00:00Z,2024-12-05T16:30:00Z,
36.5,38.325,2024-12-05T16:30:00Z,2024-12-05T17:00:00Z,
34.63,36.3615,2024-12-05T17:00:00Z,2024-12-05T17:30:00Z,
34.21,35.9205,2024-12-05T17:30:00Z,2024-12-05T18:00:00Z,
33.35,35.0175,2024-12-05T18:00:00Z,2024-12-05T18:30:00Z,
32.32,33.936,2024-12-05T18:30:00Z,2024-12-05T19:00:00Z,
20.63,21.6615,2024-12-05T19:00:00Z,2024-12-05T19:30:00Z,
20.58,21.609,2024-12-05T19:30:00Z,2024-12-05T20:00:00Z,
20.96,22.008,2024-12-05T20:00:00Z,2024-12-05T20:30:00Z,
16.38,17.199,2024-12-05T20:30:00Z,2024-12-05T21:00:00Z,
15.79,16.5795,2024-12-05T21:00:00Z,2024-12-05T21:30:00Z,
7.45,7.8225,2024-12-05T21:30:00Z,2024-12-05T22:00:00Z,
9.45,9.9225,2024-12-05T22:00:00Z,2024-12-05T22:30:00Z,
1.52,1.596,2024-12-05T22:30:00Z,2024-12-05T23:00:00Z,
4.97,5.2185,2024-12-05T23:00:00Z,2024-12-05T23:30:00Z,
1.26,1.323,2024-12-05T23:30:00Z,2024-12-06T00:00:00Z,
0.0,0.0,2024-12-06T00:00:00Z,2024-12-06T00:30:00Z,
4.94,5.187,2024-12-06T00:30:00Z,2024-12-06T01:00:00Z,
2.27,2.3835,2024-12-06T01:00:00Z,2024-12-06T01:30:00Z,
0.86,0.903,2024-12-06T01:30:00Z,2024-12-06T02:00:00Z,
2.02,2.121,2024-12-06T02:00:00Z,2024-12-06T02:30:00Z,
0.42,0.441,2024-12-06T02:30:00Z,2024-12-06T03:00:00Z,
1.68,1.764,2024-12-06T03:00:00Z,2024-12-06T03:30:00Z,
1.61,1.6905,2024-12-06T03:30:00Z,2024-12-06T04:00:00Z,
2.52,2.646,2024-12-06T04:00:00Z,2024-12-06T04:30:00Z,
2.72,2.856,2024-12-06T04:30:00Z,2024-12-06T05:00:00Z,
8.28,8.694,2024-12-06T05:00:00Z,2024-12-06T05:30:00Z,
12.81,13.4505,2024-12-06T05:30:00Z,2024-12-06T06:00:00Z,
13.7,14.385,2024-12-06T06:00:00Z,2024-12-06T06:30:00Z,
17.43,18.3015,2024-12-06T06:30:00Z,2024-12-06T07:00:00Z,
21.26,22.323,2024-12-06T07:00:00Z,2024-12-06T07:30:00Z,
21.0,22.05,2024-12-06T07:30:00Z,2024-12-06T08:00:00Z,
20.87,21.9135,2024-12-06T08:00:00Z,2024-12-06T08:30:00Z,
21.0,22.05,2024-12-06T08:30:00Z,2024-12-06T09:00:00Z,
20.79,21.8295,2024-12-06T09:00:00Z,2024-12-06T09:30:00Z,
20.16,21.168,2024-12-06T09:30:00Z,2024-12-06T10:00:00Z,
22.05,23.1525,2024-12-06T10:00:00Z,2024-12-06T10:30:00Z,
22.05,23.1525,2024-12-06T10:30:00Z,2024-12-06T11:00:00Z,
21.81,22.9005,2024-12-06T11:00:00Z,2024-12-06T11:30:00Z,
21.4,22.47,2024-12-06T11:30:00Z,2024-12-06T12:00:00Z,
22.36,23.478,2024-12-06T12:00:00Z,2024-12-06T12:30:00Z,
22.28,23.394,2024-12-06T12:30:00Z,2024-12-06T13:00:00Z,
22.05,23.1525,2024-12-06T13:00:00Z,2024-12-06T13:30:00Z,
22.24,23.352,2024-12-06T13:30:00Z,2024-12-06T14:00:00Z,
22.58,23.709,2024-12-06T14:00:00Z,2024-12-06T14:30:00Z,
22.05,23.1525,2024-12-06T14:30:00Z,2024-12-06T15:00:00Z,
22.75,23.8875,2024-12-06T15:00:00Z,2024-12-06T15:30:00Z,
24.53,25.7565,2024-12-06T15:30:00Z,2024-12-06T16:00:00Z,
38.2,40.11,2024-12-06T16:00:00Z,2024-12-06T16:30:00Z,
38.54,40.467,2024-12-06T16:30:00Z,2024-12-06T17:00:00Z,
39.54,41.517,2024-12-06T17:00:00Z,2024-12-06T17:30:00Z,
38.2,40.11,2024-12-06T17:30:00Z,2024-12-06T18:00:00Z,
38.54,40.467,2024-12-06T18:00:00Z,2024-12-06T18:30:00Z,
36.06,37.863,2024-12-06T18:30:00Z,2024-12-06T19:00:00Z,
22.89,24.0345,2024-12-06T19:00:00Z,2024-12-06T19:30:00Z,
23.1,24.255,2024-12-06T19:30:00Z,2024-12-06T20:00:00Z,
20.67,21.7035,2024-12-06T20:00:00Z,2024-12-06T20:30:00Z,
21.0,22.05,2024-12-06T20:30:00Z,2024-12-06T21:00:00Z,
21.75,22.8375,2024-12-06T21:00:00Z,2024-12-06T21:30:00Z,
20.37,21.3885,2024-12-06T21:30:00Z,2024-12-06T22:00:00Z,
18.27,19.1835,2024-12-06T22:00:00Z,2024-12-06T22:30:00Z,
13.42,14.091,2024-12-06T22:30:00Z,2024-12-06T23:00:00Z,
14.37,15.0885,2024-12-06T23:00:00Z,2024-12-06T23:30:00Z,
12.08,12.684,2024-12-06T23:30:00Z,2024-12-07T00:00:00Z,
10.58,11.109,2024-12-07T00:00:00Z,2024-12-07T00:30:00Z,
15.44,16.212,2024-12-07T00:30:00Z,2024-12-07T01:00:00Z,
13.31,13.9755,2024-12-07T01:00:00Z,2024-12-07T01:30:00Z,
10.42,10.941,2024-12-07T01:30:00Z,2024-12-07T02:00:00Z,
12.6,13.23,2024-12-07T02:00:00Z,2024-12-07T02:30:00Z,
10.08,10.584,2024-12-07T02:30:00Z,2024-12-07T03:00:00Z,
10.6,11.13,2024-12-07T03:00:00Z,2024-12-07T03:30:00Z,
6.64,6.972,2024-12-07T03:30:00Z,2024-12-07T04:00:00Z,
9.6,10.08,2024-12-07T04:00:00Z,2024-12-07T04:30:00Z,
8.21,8.6205,2024-12-07T04:30:00Z,2024-12-07T05:00:00Z,
9.45,9.9225,2024-12-07T05:00:00Z,2024-12-07T05:30:00Z,
9.01,9.4605,2024-12-07T05:30:00Z,2024-12-07T06:00:00Z,
6.73,7.0665,2024-12-07T06:00:00Z,2024-12-07T06:30:00Z,
8.47,8.8935,2024-12-07T06:30:00Z,2024-12-07T07:00:00Z,
10.08,10.584,2024-12-07T07:00:00Z,2024-12-07T07:30:00Z,
11.13,11.6865,2024-12-07T07:30:00Z,2024-12-07T08:00:00Z,
10.5,11.025,2024-12-07T08:00:00Z,2024-12-07T08:30:00Z,
15.07,15.8235,2024-12-07T08:30:00Z,2024-12-07T09:00:00Z,
19.66,20.643,2024-12-07T09:00:00Z,2024-12-07T09:30:00Z,
21.59,22.6695,2024-12-07T09:30:00Z,2024-12-07T10:00:00Z,
23.62,24.801,2024-12-07T10:00:00Z,2024-12-07T10:30:00Z,
22.81,23.9505,2024-12-07T10:30:00Z,2024-12-07T11:00:00Z,
23.31,24.4755,2024-12-07T11:00:00Z,2024-12-07T11:30:00Z,
21.67,22.7535,2024-12-07T11:30:00Z,2024-12-07T12:00:00Z,
21.82,22.911,2024-12-07T12:00:00Z,2024-12-07T12:30:00Z,
22.41,23.5305,2024-12-07T12:30:00Z,2024-12-07T13:00:00Z,
20.69,21.7245,2024-12-07T13:00:00Z,2024-12-07T13:30:00Z,
18.88,19.824,2024-12-07T13:30:00Z,2024-12-07T14:00:00Z,
16.71,17.5455,2024-12-07T14:00:00Z,2024-12-07T14:30:00Z,
16.37,17.1885,2024-12-07T14:30:00Z,2024-12-07T15:00:00Z,
15.54,16.317,2024-12-07T15:00:00Z,2024-12-07T15:30:00Z,
16.17,16.9785,2024-12-07T15:30:00Z,2024-12-07T16:00:00Z,
29.8,31.29,2024-12-07T16:00:00Z,2024-12-07T16:30:00Z,
32.95,34.5975,2024-12-07T16:30:00Z,2024-12-07T17:00:00Z,
32.93,34.5765,2024-12-07T17:00:00Z,2024-12-07T17:30:00Z,
33.39,35.0595,2024-12-07T17:30:00Z,2024-12-07T18:00:00Z,
32.15,33.7575,2024-12-07T18:00:00Z,2024-12-07T18:30:00Z,
28.54,29.967,2024-12-07T18:30:00Z,2024-12-07T19:00:00Z,
14.6,15.33,2024-12-07T19:00:00Z,2024-12-07T19:30:00Z,
10.75,11.2875,2024-12-07T19:30:00Z,2024-12-07T20:00:00Z,
12.57,13.1985,2024-12-07T20:00:00Z,2024-12-07T20:30:00Z,
9.07,9.5235,2024-12-07T20:30:00Z,2024-12-07T21:00:00Z,
13.44,14.112,2024-12-07T21:00:00Z,2024-12-07T21:30:00Z,
10.42,10.941,2024-12-07T21:30:00Z,2024-12-07T22:00:00Z,
10.68,11.214,2024-12-07T22:00:00Z,2024-12-07T22:30:00Z,
8.04,8.442,2024-12-07T22:30:00Z,2024-12-07T23:00:00Z,
8.21,8.6205,2024-12-07T23:00:00Z,2024-12-07T23:30:00Z,
5.88,6.174,2024-12-07T23:30:00Z,2024-12-08T00:00:00Z,
2.56,2.688,2024-12-08T00:00:00Z,2024-12-08T00:30:00Z,
11.76,12.348,2024-12-08T00:30:00Z,2024-12-08T01:00:00Z,
8.19,8.5995,2024-12-08T01:00:00Z,2024-12-08T01:30:00Z,
6.51,6.8355,2024-12-08T01:30:00Z,2024-12-08T02:00:00Z,
7.56,7.938,2024-12-08T02:00:00Z,2024-12-08T02:30:00Z,
4.56,4.788,2024-12-08T02:30:00Z,2024-12-08T03:00:00Z,
4.2,4.41,2024-12-08T03:00:00Z,2024-12-08T03:30:00Z,
2.69,2.8245,2024-12-08T03:30:00Z,2024-12-08T04:00:00Z,
5.04,5.292,2024-12-08T04:00:00Z,2024-12-08T04:30:00Z,
2.52,2.646,2024-12-08T04:30:00Z,2024-12-08T05:00:00Z,
4.17,4.3785,2024-12-08T05:00:00Z,2024-12-08T05:30:00Z,
4.17,4.3785,2024-12-08T05:30:00Z,2024-12-08T06:00:00Z,
3.16,3.318,2024-12-08T06:00:00Z,2024-12-08T06:30:00Z,
4.25,4.4625,2024-12-08T06:30:00Z,2024-12-08T07:00:00Z,
5.91,6.2055,2024-12-08T07:00:00Z,2024-12-08T07:30:00Z,
7.81,8.2005,2024-12-08T07:30:00Z,2024-12-08T08:00:00Z,
6.82,7.161,2024-12-08T08:00:00Z,2024-12-08T08:30:00Z,
15.54,16.317,2024-12-08T08:30:00Z,2024-12-08T09:00:00Z,
14.76,15.498,2024-12-08T09:00:00Z,2024-12-08T09:30:00Z,
17.85,18.7425,2024-12-08T09:30:00Z,2024-12-08T10:00:00Z,
18.27,19.1835,2024-12-08T10:00:00Z,2024-12-08T10:30:00Z,
18.48,19.404,2024-12-08T10:30:00Z,2024-12-08T11:00:00Z,
18.83,19.7715,2024-12-08T11:00:00Z,2024-12-08T11:30:00Z,
18.88,19.824,2024-12-08T11:30:00Z,2024-12-08T12:00:00Z,
20.72,21.756,2024-12-08T12:00:00Z,2024-12-08T12:30:00Z,
22.26,23.373,2024-12-08T12:30:00Z,2024-12-08T13:00:00Z,
22.26,23.373,2024-12-08T13:00:00Z,2024-12-08T13:30:00Z,
22.47,23.5935,2024-12-08T13:30:00Z,2024-12-08T14:00:00Z,
20.85,21.8925,2024-12-08T14:00:00Z,2024-12-08T14:30:00Z,
19.51,20.4855,2024-12-08T14:30:00Z,2024-12-08T15:00:00Z,
19.47,20.4435,2024-12-08T15:00:00Z,2024-12-08T15:30:00Z,
20.94,21.987,2024-12-08T15:30:00Z,2024-12-08T16:00:00Z,
32.13,33.7365,2024-12-08T16:00:00Z,2024-12-08T16:30:00Z,
37.4,39.27,2024-12-08T16:30:00Z,2024-12-08T17:00:00Z,
38.62,40.551,2024-12-08T17:00:00Z,2024-12-08T17:30:00Z,
37.38,39.249,2024-12-08T17:30:00Z,2024-12-08T18:00:00Z,
38.83,40.7715,2024-12-08T18:00:00Z,2024-12-08T18:30:00Z,
33.75,35.4375,2024-12-08T18:30:00Z,2024-12-08T19:00:00Z,
22.32,23.436,2024-12-08T19:00:00Z,2024-12-08T19:30:00Z,
19.95,20.9475,2024-12-08T19:30:00Z,2024-12-08T20:00:00Z,
20.96,22.008,2024-12-08T20:00:00Z,2024-12-08T20:30:00Z,
20.26,21.273,2024-12-08T20:30:00Z,2024-12-08T21:00:00Z,
22.26,23.373,2024-12-08T21:00:00Z,2024-12-08T21:30:00Z,
19.17,20.1285,2024-12-08T21:30:00Z,2024-12-08T22:00:00Z,
18.9,19.845,2024-12-08T22:00:00Z,2024-12-08T22:30:00Z,
12.81,13.4505,2024-12-08T22:30:00Z,2024-12-08T23:00:00Z,
13.02,13.671,2024-12-08T23:00:00Z,2024-12-08T23:30:00Z,
9.45,9.9225,2024-12-08T23:30:00Z,2024-12-09T00:00:00Z,
12.79,13.4295,2024-12-09T00:00:00Z,2024-12-09T00:30:00Z,
14.15,14.8575,2024-12-09T00:30:00Z,2024-12-09T01:00:00Z,
12.79,13.4295,2024-12-09T01:00:00Z,2024-12-09T01:30:00Z,
12.79,13.4295,2024-12-09T01:30:00Z,2024-12-09T02:00:00Z,
12.73,13.3665,2024-12-09T02:00:00Z,2024-12-09T02:30:00Z,
12.39,13.0095,2024-12-09T02:30:00Z,2024-12-09T03:00:00Z,
13.86,14.553,2024-12-09T03:00:00Z,2024-12-09T03:30:00Z,
11.76,12.348,2024-12-09T03:30:00Z,2024-12-09T04:00:00Z,
14.65,15.3825,2024-12-09T04:00:00Z,2024-12-09T04:30:00Z,
13.02,13.671,2024-12-09T04:30:00Z,2024-12-09T05:00:00Z,
13.65,14.3325,2024-12-09T05:00:00Z,2024-12-09T05:30:00Z,
15.33,16.0965,2024-12-09T05:30:00Z,2024-12-09T06:00:00Z,
18.9,19.845,2024-12-09T06:00:00Z,2024-12-09T06:30:00Z,
19.32,20.286,2024-12-09T06:30:00Z,2024-12-09T07:00:00Z,
20.96,22.008,2024-12-09T07:00:00Z,2024-12-09T07:30:00Z,
21.97,23.0685,2024-12-09T07:30:00Z,2024-12-09T08:00:00Z,
23.44,24.612,2024-12-09T08:00:00Z,2024-12-09T08:30:00Z,
24.86,26.103,2024-12-09T08:30:00Z,2024-12-09T09:00:00Z,
23.94,25.137,2024-12-09T09:00:00Z,2024-12-09T09:30:00Z,
22.68,23.814,2024-12-09T09:30:00Z,2024-12-09T10:00:00Z,
22.35,23.4675,2024-12-09T10:00:00Z,2024-12-09T10:30:00Z,
22.26,23.373,2024-12-09T10:30:00Z,2024-12-09T11:00:00Z,
23.36,24.528,2024-12-09T11:00:00Z,2024-12-09T11:30:00Z,
22.68,23.814,2024-12-09T11:30:00Z,2024-12-09T12:00:00Z,
22.79,23.9295,2024-12-09T12:00:00Z,2024-12-09T12:30:00Z,
23.33,24.4965,2024-12-09T12:30:00Z,2024-12-09T13:00:00Z,
21.97,23.0685,2024-12-09T13:00:00Z,2024-12-09T13:30:00Z,
20.9,21.945,2024-12-09T13:30:00Z,2024-12-09T14:00:00Z,
21.7,22.785,2024-12-09T14:00:00Z,2024-12-09T14:30:00Z,
21.82,22.911,2024-12-09T14:30:00Z,2024-12-09T15:00:00Z,
22.23,23.3415,2024-12-09T15:00:00Z,2024-12-09T15:30:00Z,
23.82,25.011,2024-12-09T15:30:00Z,2024-12-09T16:00:00Z,
36.23,38.0415,2024-12-09T16:00:00Z,2024-12-09T16:30:00Z,
39.67,41.6535,2024-12-09T16:30:00Z,2024-12-09T17:00:00Z,
38.2,40.11,2024-12-09T17:00:00Z,2024-12-09T17:30:00Z,
39.04,40.992,2024-12-09T17:30:00Z,2024-12-09T18:00:00Z,
39.54,41.517,2024-12-09T18:00:00Z,2024-12-09T18:30:00Z,
38.2,40.11,2024-12-09T18:30:00Z,2024-12-09T19:00:00Z,
25.56,26.838,2024-12-09T19:00:00Z,2024-12-09T19:30:00Z,
23.27,24.4335,2024-12-09T19:30:00Z,2024-12-09T20:00:00Z,
23.94,25.137,2024-12-09T20:00:00Z,2024-12-09T20:30:00Z,
21.32,22.386,2024-12-09T20:30:00Z,2024-12-09T21:00:00Z,
24.01,25.2105,2024-12-09T21:00:00Z,2024-12-09T21:30:00Z,
18.88,19.824,2024-12-09T21:30:00Z,2024-12-09T22:00:00Z,
19.63,20.6115,2024-12-09T22:00:00Z,2024-12-09T22:30:00Z,
18.06,18.963,2024-12-09T22:30:00Z,2024-12-09T23:00:00Z,
20.16,21.168,2024-12-09T23:00:00Z,2024-12-09T23:30:00Z,
18.29,19.2045,2024-12-09T23:30:00Z,2024-12-10T00:00:00Z,
18.22,19.131,2024-12-10T00:00:00Z,2024-12-10T00:30:00Z,
20.1,21.105,2024-12-10T00:30:00Z,2024-12-10T01:00:00Z,
18.84,19.782,2024-12-10T01:00:00Z,2024-12-10T01:30:00Z,
18.22,19.131,2024-12-10T01:30:00Z,2024-12-10T02:00:00Z,
18.22,19.131,2024-12-10T02:00:00Z,2024-12-10T02:30:00Z,
18.22,19.131,2024-12-10T02:30:00Z,2024-12-10T03:00:00Z,
18.02,18.921,2024-12-10T03:00:00Z,2024-12-10T03:30:00Z,
18.22,19.131,2024-12-10T03:30:00Z,2024-12-10T04:00:00Z,
18.31,19.2255,2024-12-10T04:00:00Z,2024-12-10T04:30:00Z,
17.3,18.165,2024-12-10T04:30:00Z,2024-12-10T05:00:00Z,
17.85,18.7425,2024-12-10T05:00:00Z,2024-12-10T05:30:00Z,
16.8,17.64,2024-12-10T05:30:00Z,2024-12-10T06:00:00Z,
20.95,21.9975,2024-12-10T06:00:00Z,2024-12-10T06:30:00Z,
19.64,20.622,2024-12-10T06:30:00Z,2024-12-10T07:00:00Z,
21.42,22.491,2024-12-10T07:00:00Z,2024-12-10T07:30:00Z,
25.62,26.901,2024-12-10T07:30:00Z,2024-12-10T08:00:00Z,
25.54,26.817,2024-12-10T08:00:00Z,2024-12-10T08:30:00Z,
26.25,27.5625,2024-12-10T08:30:00Z,2024-12-10T09:00:00Z,
23.86,25.053,2024-12-10T09:00:00Z,2024-12-10T09:30:00Z,
24.19,25.3995,2024-12-10T09:30:00Z,2024-12-10T10:00:00Z,
23.03,24.1815,2024-12-10T10:00:00Z,2024-12-10T10:30:00Z,
22.5,23.625,2024-12-10T10:30:00Z,2024-12-10T11:00:00Z,
23.01,24.1605,2024-12-10T11:00:00Z,2024-12-10T11:30:00Z,
21.0,22.05,2024-12-10T11:30:00Z,2024-12-10T12:00:00Z,
23.77,24.9585,2024-12-10T12:00:00Z,2024-12-10T12:30:00Z,
23.24,24.402,2024-12-10T12:30:00Z,2024-12-10T13:00:00Z,
24.07,25.2735,2024-12-10T13:00:00Z,2024-12-10T13:30:00Z,
23.86,25.053,2024-12-10T13:30:00Z,2024-12-10T14:00:00Z,
26.25,27.5625,2024-12-10T14:00:00Z,2024-12-10T14:30:00Z,
26.21,27.5205,2024-12-10T14:30:00Z,2024-12-10T15:00:00Z,
25.41,26.6805,2024-12-10T15:00:00Z,2024-12-10T15:30:00Z,
29.74,31.227,2024-12-10T15:30:00Z,2024-12-10T16:00:00Z,
42.02,44.121,2024-12-10T16:00:00Z,2024-12-10T16:30:00Z,
46.31,48.6255,2024-12-10T16:30:00Z,2024-12-10T17:00:00Z,
45.38,47.649,2024-12-10T17:00:00Z,2024-12-10T17:30:00Z,
45.38,47.649,2024-12-10T17:30:00Z,2024-12-10T18:00:00Z,
48.96,51.408,2024-12-10T18:00:00Z,2024-12-10T18:30:00Z,
45.26,47.523,2024-12-10T18:30:00Z,2024-12-10T19:00:00Z,
31.5,33.075,2024-12-10T19:00:00Z,2024-12-10T19:30:00Z,
29.4,30.87,2024-12-10T19:30:00Z,2024-12-10T20:00:00Z,
29.23,30.6915,2024-12-10T20:00:00Z,2024-12-10T20:30:00Z,
24.43,25.6515,2024-12-10T20:30:00Z,2024-12-10T21:00:00Z,
27.3,28.665,2024-12-10T21:00:00Z,2024-12-10T21:30:00Z,
22.05,23.1525,2024-12-10T21:30:00Z,2024-12-10T22:00:00Z,
24.68,25.914,2024-12-10T22:00:00Z,2024-12-10T22:30:00Z,
18.65,19.5825,2024-12-10T22:30:00Z,2024-12-10T23:00:00Z,
20.68,21.714,2024-12-10T23:00:00Z,2024-12-10T23:30:00Z,
18.27,19.1835,2024-12-10T23:30:00Z,2024-12-11T00:00:00Z,
16.38,17.199,2024-12-11T00:00:00Z,2024-12-11T00:30:00Z,
21.0,22.05,2024-12-11T00:30:00Z,2024-12-11T01:00:00Z,
18.48,19.404,2024-12-11T01:00:00Z,2024-12-11T01:30:00Z,
18.69,19.6245,2024-12-11T01:30:00Z,2024-12-11T02:00:00Z,
18.35,19.2675,2024-12-11T02:00:00Z,2024-12-11T02:30:00Z,
17.83,18.7215,2024-12-11T02:30:00Z,2024-12-11T03:00:00Z,
18.27,19.1835,2024-12-11T03:00:00Z,2024-12-11T03:30:00Z,
18.27,19.1835,2024-12-11T03:30:00Z,2024-12-11T04:00:00Z,
18.48,19.404,2024-12-11T04:00:00Z,2024-12-11T04:30:00Z,
18.27,19.1835,2024-12-11T04:30:00Z,2024-12-11T05:00:00Z,
18.7,19.635,2024-12-11T05:00:00Z,2024-12-11T05:30:00Z,
18.88,19.824,2024-12-11T05:30:00Z,2024-12-11T06:00:00Z,
19.49,20.4645,2024-12-11T06:00:00Z,2024-12-11T06:30:00Z,
29.78,31.269,2024-12-11T06:30:00Z,2024-12-11T07:00:00Z,
29.57,31.0485,2024-12-11T07:00:00Z,2024-12-11T07:30:00Z,
42.84,44.982,2024-12-11T07:30:00Z,2024-12-11T08:00:00Z,
40.64,42.672,2024-12-11T08:00:00Z,2024-12-11T08:30:00Z,
42.67,44.8035,2024-12-11T08:30:00Z,2024-12-11T09:00:00Z,
40.5,42.525,2024-12-11T09:00:00Z,2024-12-11T09:30:00Z,
41.9,43.995,2024-12-11T09:30:00Z,2024-12-11T10:00:00Z,
41.96,44.058,2024-12-11T10:00:00Z,2024-12-11T10:30:00Z,
41.96,44.058,2024-12-11T10:30:00Z,2024-12-11T11:00:00Z,
44.52,46.746,2024-12-11T11:00:00Z,2024-12-11T11:30:00Z,
45.02,47.271,2024-12-11T11:30:00Z,2024-12-11T12:00:00Z,
45.99,48.2895,2024-12-11T12:00:00Z,2024-12-11T12:30:00Z,
51.7,54.285,2024-12-11T12:30:00Z,2024-12-11T13:00:00Z,
56.7,59.535,2024-12-11T13:00:00Z,2024-12-11T13:30:00Z,
50.52,53.046,2024-12-11T13:30:00Z,2024-12-11T14:00:00Z,
48.95,51.3975,2024-12-11T14:00:00Z,2024-12-11T14:30:00Z,
52.26,54.873,2024-12-11T14:30:00Z,2024-12-11T15:00:00Z,
56.7,59.535,2024-12-11T15:00:00Z,2024-12-11T15:30:00Z,
70.96,74.508,2024-12-11T15:30:00Z,2024-12-11T16:00:00Z,
84.4,88.62,2024-12-11T16:00:00Z,2024-12-11T16:30:00Z,
90.26,94.773,2024-12-11T16:30:00Z,2024-12-11T17:00:00Z,
84.4,88.62,2024-12-11T17:00:00Z,2024-12-11T17:30:00Z,
79.41,83.3805,2024-12-11T17:30:00Z,2024-12-11T18:00:00Z,
77.58,81.459,2024-12-11T18:00:00Z,2024-12-11T18:30:00Z,
65.08,68.334,2024-12-11T18:30:00Z,2024-12-11T19:00:00Z,
43.6,45.78,2024-12-11T19:00:00Z,2024-12-11T19:30:00Z,
31.52,33.096,2024-12-11T19:30:00Z,2024-12-11T20:00:00Z,
34.02,35.721,2024-12-11T20:00:00Z,2024-12-11T20:30:00Z,
26.25,27.5625,2024-12-11T20:30:00Z,2024-12-11T21:00:00Z,
31.5,33.075,2024-12-11T21:00:00Z,2024-12-11T21:30:00Z,
22.89,24.0345,2024-12-11T21:30:00Z,2024-12-11T22:00:00Z,
28.14,29.547,2024-12-11T22:00:00Z,2024-12-11T22:30:00Z,
18.81,19.7505,2024-12-11T22:30:00Z,2024-12-11T23:00:00Z,
25.62,26.901,2024-12-11T23:00:00Z,2024-12-11T23:30:00Z,
21.42,22.491,2024-12-11T23:30:00Z,2024-12-12T00:00:00Z,
17.77,18.6585,2024-12-12T00:00:00Z,2024-12-12T00:30:00Z,
22.89,24.0345,2024-12-12T00:30:00Z,2024-12-12T01:00:00Z,
19.95,20.9475,2024-12-12T01:00:00Z,2024-12-12T01:30:00Z,
19.61,20.5905,2024-12-12T01:30:00Z,2024-12-12T02:00:00Z,
18.67,19.6035,2024-12-12T02:00:00Z,2024-12-12T02:30:00Z,
17.99,18.8895,2024-12-12T02:30:00Z,2024-12-12T03:00:00Z,
18.91,19.8555,2024-12-12T03:00:00Z,2024-12-12T03:30:00Z,
18.36,19.278,2024-12-12T03:30:00Z,2024-12-12T04:00:00Z,
19.67,20.6535,2024-12-12T04:00:00Z,2024-12-12T04:30:00Z,
18.23,19.1415,2024-12-12T04:30:00Z,2024-12-12T05:00:00Z,
21.84,22.932,2024-12-12T05:00:00Z,2024-12-12T05:30:00Z,
24.62,25.851,2024-12-12T05:30:00Z,2024-12-12T06:00:00Z,
26.46,27.783,2024-12-12T06:00:00Z,2024-12-12T06:30:00Z,
31.5,33.075,2024-12-12T06:30:00Z,2024-12-12T07:00:00Z,
38.43,40.3515,2024-12-12T07:00:00Z,2024-12-12T07:30:00Z,
58.05,60.9525,2024-12-12T07:30:00Z,2024-12-12T08:00:00Z,
55.6,58.38,2024-12-12T08:00:00Z,2024-12-12T08:30:00Z,
61.95,65.0475,2024-12-12T08:30:00Z,2024-12-12T09:00:00Z,
59.22,62.181,2024-12-12T09:00:00Z,2024-12-12T09:30:00Z,
59.64,62.622,2024-12-12T09:30:00Z,2024-12-12T10:00:00Z,
61.34,64.407,2024-12-12T10:00:00Z,2024-12-12T10:30:00Z,
61.95,65.0475,2024-12-12T10:30:00Z,2024-12-12T11:00:00Z,
58.8,61.74,2024-12-12T11:00:00Z,2024-12-12T11:30:00Z,
55.5,58.275,2024-12-12T11:30:00Z,2024-12-12T12:00:00Z,
61.42,64.491,2024-12-12T12:00:00Z,2024-12-12T12:30:00Z,
72.07,75.6735,2024-12-12T12:30:00Z,2024-12-12T13:00:00Z,
73.4,77.07,2024-12-12T13:00:00Z,2024-12-12T13:30:00Z,
70.04,73.542,2024-12-12T13:30:00Z,2024-12-12T14:00:00Z,
74.21,77.9205,2024-12-12T14:00:00Z,2024-12-12T14:30:00Z,
74.55,78.2775,2024-12-12T14:30:00Z,2024-12-12T15:00:00Z,
73.7,77.385,2024-12-12T15:00:00Z,2024-12-12T15:30:00Z,
94.5,99.225,2024-12-12T15:30:00Z,2024-12-12T16:00:00Z,
95.23,99.9915,2024-12-12T16:00:00Z,2024-12-12T16:30:00Z,
95.23,99.9915,2024-12-12T16:30:00Z,2024-12-12T17:00:00Z,
95.23,99.9915,2024-12-12T17:00:00Z,2024-12-12T17:30:00Z,
95.23,99.9915,2024-12-12T17:30:00Z,2024-12-12T18:00:00Z,
95.23,99.9915,2024-12-12T18:00:00Z,2024-12-12T18:30:00Z,
93.25,97.9125,2024-12-12T18:30:00Z,2024-12-12T19:00:00Z,
65.98,69.279,2024-12-12T19:00:00Z,2024-12-12T19:30:00Z,
51.07,53.6235,2024-12-12T19:30:00Z,2024-12-12T20:00:00Z,
35.6,37.38,2024-12-12T20:00:00Z,2024-12-12T20:30:00Z,
27.45,28.8225,2024-12-12T20:30:00Z,2024-12-12T21:00:00Z,
31.92,33.516,2024-12-12T21:00:00Z,2024-12-12T21:30:00Z,
23.94,25.137,2024-12-12T21:30:00Z,2024-12-12T22:00:00Z,
29.63,31.1115,2024-12-12T22:00:00Z,2024-12-12T22:30:00Z,
23.1,24.255,2024-12-12T22:30:00Z,2024-12-12T23:00:00Z,
24.53,25.7565,2024-12-12T23:00:00Z,2024-12-12T23:30:00Z,
20.79,21.8295,2024-12-12T23:30:00Z,2024-12-13T00:00:00Z,
17.43,18.3015,2024-12-13T00:00:00Z,2024-12-13T00:30:00Z,
20.58,21.609,2024-12-13T00:30:00Z,2024-12-13T01:00:00Z,
19.74,20.727,2024-12-13T01:00:00Z,2024-12-13T01:30:00Z,
17.7,18.585,2024-12-13T01:30:00Z,2024-12-13T02:00:00Z,
18.9,19.845,2024-12-13T02:00:00Z,2024-12-13T02:30:00Z,
18.36,19.278,2024-12-13T02:30:00Z,2024-12-13T03:00:00Z,
17.43,18.3015,2024-12-13T03:00:00Z,2024-12-13T03:30:00Z,
17.22,18.081,2024-12-13T03:30:00Z,2024-12-13T04:00:00Z,
19.12,20.076,2024-12-13T04:00:00Z,2024-12-13T04:30:00Z,
17.22,18.081,2024-12-13T04:30:00Z,2024-12-13T05:00:00Z,
21.54,22.617,2024-12-13T05:00:00Z,2024-12-13T05:30:00Z,
22.98,24.129,2024-12-13T05:30:00Z,2024-12-13T06:00:00Z,
27.89,29.2845,2024-12-13T06:00:00Z,2024-12-13T06:30:00Z,
32.76,34.398,2024-12-13T06:30:00Z,2024-12-13T07:00:00Z,
35.58,37.359,2024-12-13T07:00:00Z,2024-12-13T07:30:00Z,
44.26,46.473,2024-12-13T07:30:00Z,2024-12-13T08:00:00Z,
40.07,42.0735,2024-12-13T08:00:00Z,2024-12-13T08:30:00Z,
42.21,44.3205,2024-12-13T08:30:00Z,2024-12-13T09:00:00Z,
34.1,35.805,2024-12-13T09:00:00Z,2024-12-13T09:30:00Z,
33.94,35.637,2024-12-13T09:30:00Z,2024-12-13T10:00:00Z,
30.45,31.9725,2024-12-13T10:00:00Z,2024-12-13T10:30:00Z,
30.45,31.9725,2024-12-13T10:30:00Z,2024-12-13T11:00:00Z,
30.95,32.4975,2024-12-13T11:00:00Z,2024-12-13T11:30:00Z,
30.45,31.9725,2024-12-13T11:30:00Z,2024-12-13T12:00:00Z,
29.36,30.828,2024-12-13T12:00:00Z,2024-12-13T12:30:00Z,
31.08,32.634,2024-12-13T12:30:00Z,2024-12-13T13:00:00Z,
31.29,32.8545,2024-12-13T13:00:00Z,2024-12-13T13:30:00Z,
29.36,30.828,2024-12-13T13:30:00Z,2024-12-13T14:00:00Z,
36.98,38.829,2024-12-13T14:00:00Z,2024-12-13T14:30:00Z,
36.12,37.926,2024-12-13T14:30:00Z,2024-12-13T15:00:00Z,
40.53,42.5565,2024-12-13T15:00:00Z,2024-12-13T15:30:00Z,
49.91,52.4055,2024-12-13T15:30:00Z,2024-12-13T16:00:00Z,
57.77,60.6585,2024-12-13T16:00:00Z,2024-12-13T16:30:00Z,
68.08,71.484,2024-12-13T16:30:00Z,2024-12-13T17:00:00Z,
62.52,65.646,2024-12-13T17:00:00Z,2024-12-13T17:30:00Z,
61.6,64.68,2024-12-13T17:30:00Z,2024-12-13T18:00:00Z,
54.37,57.0885,2024-12-13T18:00:00Z,2024-12-13T18:30:00Z,
44.92,47.166,2024-12-13T18:30:00Z,2024-12-13T19:00:00Z,
32.78,34.419,2024-12-13T19:00:00Z,2024-12-13T19:30:00Z,
28.39,29.8095,2024-12-13T19:30:00Z,2024-12-13T20:00:00Z,
27.72,29.106,2024-12-13T20:00:00Z,2024-12-13T20:30:00Z,
24.19,25.3995,2024-12-13T20:30:00Z,2024-12-13T21:00:00Z,
24.78,26.019,2024-12-13T21:00:00Z,2024-12-13T21:30:00Z,
22.37,23.4885,2024-12-13T21:30:00Z,2024-12-13T22:00:00Z,
21.82,22.911,2024-12-13T22:00:00Z,2024-12-13T22:30:00Z,
18.06,18.963,2024-12-13T22:30:00Z,2024-12-13T23:00:00Z,
19.32,20.286,2024-12-13T23:00:00Z,2024-12-13T23:30:00Z,
20.26,21.273,2024-12-13T23:30:00Z,2024-12-14T00:00:00Z,
20.06,21.063,2024-12-14T00:00:00Z,2024-12-14T00:30:00Z,
23.1,24.255,2024-12-14T00:30:00Z,2024-12-14T01:00:00Z,
19.57,20.5485,2024-12-14T01:00:00Z,2024-12-14T01:30:00Z,
16.8,17.64,2024-12-14T01:30:00Z,2024-12-14T02:00:00Z,
17.54,18.417,2024-12-14T02:00:00Z,2024-12-14T02:30:00Z,
16.17,16.9785,2024-12-14T02:30:00Z,2024-12-14T03:00:00Z,
16.17,16.9785,2024-12-14T03:00:00Z,2024-12-14T03:30:00Z,
16.04,16.842,2024-12-14T03:30:00Z,2024-12-14T04:00:00Z,
16.17,16.9785,2024-12-14T04:00:00Z,2024-12-14T04:30:00Z,
16.17,16.9785,2024-12-14T04:30:00Z,2024-12-14T05:00:00Z,
16.17,16.9785,2024-12-14T05:00:00Z,2024-12-14T05:30:00Z,
16.17,16.9785,2024-12-14T05:30:00Z,2024-12-14T06:00:00Z,
16.91,17.7555,2024-12-14T06:00:00Z,2024-12-14T06:30:00Z,
17.43,18.3015,2024-12-14T06:30:00Z,2024-12-14T07:00:00Z,
17.96,18.858,2024-12-14T07:00:00Z,2024-12-14T07:30:00Z,
22.05,23.1525,2024-12-14T07:30:00Z,2024-12-14T08:00:00Z,
17.43,18.3015,2024-12-14T08:00:00Z,2024-12-14T08:30:00Z,
24.57,25.7985,2024-12-14T08:30:00Z,2024-12-14T09:00:00Z,
22.89,24.0345,2024-12-14T09:00:00Z,2024-12-14T09:30:00Z,
23.86,25.053,2024-12-14T09:30:00Z,2024-12-14T10:00:00Z,
22.51,23.6355,2024-12-14T10:00:00Z,2024-12-14T10:30:00Z,
20.24,21.252,2024-12-14T10:30:00Z,2024-12-14T11:00:00Z,
20.79,21.8295,2024-12-14T11:00:00Z,2024-12-14T11:30:00Z,
17.54,18.417,2024-12-14T11:30:00Z,2024-12-14T12:00:00Z,
17.3,18.165,2024-12-14T12:00:00Z,2024-12-14T12:30:00Z,
18.38,19.299,2024-12-14T12:30:00Z,2024-12-14T13:00:00Z,
18.13,19.0365,2024-12-14T13:00:00Z,2024-12-14T13:30:00Z,
17.22,18.081,2024-12-14T13:30:00Z,2024-12-14T14:00:00Z,
18.43,19.3515,2024-12-14T14:00:00Z,2024-12-14T14:30:00Z,
18.23,19.1415,2024-12-14T14:30:00Z,2024-12-14T15:00:00Z,
17.45,18.3225,2024-12-14T15:00:00Z,2024-12-14T15:30:00Z,
20.48,21.504,2024-12-14T15:30:00Z,2024-12-14T16:00:00Z,
33.79,35.4795,2024-12-14T16:00:00Z,2024-12-14T16:30:00Z,
36.93,38.7765,2024-12-14T16:30:00Z,2024-12-14T17:00:00Z,
36.52,38.346,2024-12-14T17:00:00Z,2024-12-14T17:30:00Z,
36.52,38.346,2024-12-14T17:30:00Z,2024-12-14T18:00:00Z,
36.62,38.451,2024-12-14T18:00:00Z,2024-12-14T18:30:00Z,
31.06,32.613,2024-12-14T18:30:00Z,2024-12-14T19:00:00Z,
19.06,20.013,2024-12-14T19:00:00Z,2024-12-14T19:30:00Z,
17.02,17.871,2024-12-14T19:30:00Z,2024-12-14T20:00:00Z,
19.74,20.727,2024-12-14T20:00:00Z,2024-12-14T20:30:00Z,
18.48,19.404,2024-12-14T20:30:00Z,2024-12-14T21:00:00Z,
19.74,20.727,2024-12-14T21:00:00Z,2024-12-14T21:30:00Z,
18.9,19.845,2024-12-14T21:30:00Z,2024-12-14T22:00:00Z,
18.69,19.6245,2024-12-14T22:00:00Z,2024-12-14T22:30:00Z,
16.48,17.304,2024-12-14T22:30:00Z,2024-12-14T23:00:00Z,
14.69,15.4245,2024-12-14T23:00:00Z,2024-12-14T23:30:00Z,
13.96,14.658,2024-12-14T23:30:00Z,2024-12-15T00:00:00Z,
10.5,11.025,2024-12-15T00:00:00Z,2024-12-15T00:30:00Z,
14.41,15.1305,2024-12-15T00:30:00Z,2024-12-15T01:00:00Z,
11.97,12.5685,2024-12-15T01:00:00Z,2024-12-15T01:30:00Z,
5.67,5.9535,2024-12-15T01:30:00Z,2024-12-15T02:00:00Z,
13.23,13.8915,2024-12-15T02:00:00Z,2024-12-15T02:30:00Z,
7.3,7.665,2024-12-15T02:30:00Z,2024-12-15T03:00:00Z,
8.4,8.82,2024-12-15T03:00:00Z,2024-12-15T03:30:00Z,
7.14,7.497,2024-12-15T03:30:00Z,2024-12-15T04:00:00Z,
8.17,8.5785,2024-12-15T04:00:00Z,2024-12-15T04:30:00Z,
6.53,6.8565,2024-12-15T04:30:00Z,2024-12-15T05:00:00Z,
6.72,7.056,2024-12-15T05:00:00Z,2024-12-15T05:30:00Z,
7.16,7.518,2024-12-15T05:30:00Z,2024-12-15T06:00:00Z,
7.35,7.7175,2024-12-15T06:00:00Z,2024-12-15T06:30:00Z,
9.45,9.9225,2024-12-15T06:30:00Z,2024-12-15T07:00:00Z,
10.08,10.584,2024-12-15T07:00:00Z,2024-12-15T07:30:00Z,
12.41,13.0305,2024-12-15T07:30:00Z,2024-12-15T08:00:00Z,
8.4,8.82,2024-12-15T08:00:00Z,2024-12-15T08:30:00Z,
13.12,13.776,2024-12-15T08:30:00Z,2024-12-15T09:00:00Z,
8.4,8.82,2024-12-15T09:00:00Z,2024-12-15T09:30:00Z,
12.75,13.3875,2024-12-15T09:30:00Z,2024-12-15T10:00:00Z,
9.7,10.185,2024-12-15T10:00:00Z,2024-12-15T10:30:00Z,
11.59,12.1695,2024-12-15T10:30:00Z,2024-12-15T11:00:00Z,
11.26,11.823,2024-12-15T11:00:00Z,2024-12-15T11:30:00Z,
10.82,11.361,2024-12-15T11:30:00Z,2024-12-15T12:00:00Z,
9.58,10.059,2024-12-15T12:00:00Z,2024-12-15T12:30:00Z,
11.76,12.348,2024-12-15T12:30:00Z,2024-12-15T13:00:00Z,
11.34,11.907,2024-12-15T13:00:00Z,2024-12-15T13:30:00Z,
10.92,11.466,2024-12-15T13:30:00Z,2024-12-15T14:00:00Z,
10.08,10.584,2024-12-15T14:00:00Z,2024-12-15T14:30:00Z,
10.08,10.584,2024-12-15T14:30:00Z,2024-12-15T15:00:00Z,
13.23,13.8915,2024-12-15T15:00:00Z,2024-12-15T15:30:00Z,
16.32,17.136,2024-12-15T15:30:00Z,2024-12-15T16:00:00Z,
30.85,32.3925,2024-12-15T16:00:00Z,2024-12-15T16:30:00Z,
33.37,35.0385,2024-12-15T16:30:00Z,2024-12-15T17:00:00Z,
32.86,34.503,2024-12-15T17:00:00Z,2024-12-15T17:30:00Z,
33.81,35.5005,2024-12-15T17:30:00Z,2024-12-15T18:00:00Z,
32.11,33.7155,2024-12-15T18:00:00Z,2024-12-15T18:30:00Z,
30.01,31.5105,2024-12-15T18:30:00Z,2024-12-15T19:00:00Z,
16.68,17.514,2024-12-15T19:00:00Z,2024-12-15T19:30:00Z,
11.76,12.348,2024-12-15T19:30:00Z,2024-12-15T20:00:00Z,
16.38,17.199,2024-12-15T20:00:00Z,2024-12-15T20:30:00Z,
8.4,8.82,2024-12-15T20:30:00Z,2024-12-15T21:00:00Z,
13.54,14.217,2024-12-15T21:00:00Z,2024-12-15T21:30:00Z,
5.25,5.5125,2024-12-15T21:30:00Z,2024-12-15T22:00:00Z,
10.82,11.361,2024-12-15T22:00:00Z,2024-12-15T22:30:00Z,
0.0,0.0,2024-12-15T22:30:00Z,2024-12-15T23:00:00Z,
2.94,3.087,2024-12-15T23:00:00Z,2024-12-15T23:30:00Z,
1.52,1.596,2024-12-15T23:30:00Z,2024-12-16T00:00:00Z,
0.21,0.2205,2024-12-16T00:00:00Z,2024-12-16T00:30:00Z,
2.94,3.087,2024-12-16T00:30:00Z,2024-12-16T01:00:00Z,
0.21,0.2205,2024-12-16T01:00:00Z,2024-12-16T01:30:00Z,
0.13,0.1365,2024-12-16T01:30:00Z,2024-12-16T02:00:00Z,
0.21,0.2205,2024-12-16T02:00:00Z,2024-12-16T02:30:00Z,
-0.43,-0.4515,2024-12-16T02:30:00Z,2024-12-16T03:00:00Z,
0.21,0.2205,2024-12-16T03:00:00Z,2024-12-16T03:30:00Z,
0.1,0.105,2024-12-16T03:30:00Z,2024-12-16T04:00:00Z,
0.21,0.2205,2024-12-16T04:00:00Z,2024-12-16T04:30:00Z,
0.21,0.2205,2024-12-16T04:30:00Z,2024-12-16T05:00:00Z,
-0.57,-0.5985,2024-12-16T05:00:00Z,2024-12-16T05:30:00Z,
4.34,4.557,2024-12-16T05:30:00Z,2024-12-16T06:00:00Z,
11.97,12.5685,2024-12-16T06:00:00Z,2024-12-16T06:30:00Z,
15.78,16.569,2024-12-16T06:30:00Z,2024-12-16T07:00:00Z,
16.46,17.283,2024-12-16T07:00:00Z,2024-12-16T07:30:00Z,
21.21,22.2705,2024-12-16T07:30:00Z,2024-12-16T08:00:00Z,
20.38,21.399,2024-12-16T08:00:00Z,2024-12-16T08:30:00Z,
21.0,22.05,2024-12-16T08:30:00Z,2024-12-16T09:00:00Z,
20.2,21.21,2024-12-16T09:00:00Z,2024-12-16T09:30:00Z,
19.93,20.9265,2024-12-16T09:30:00Z,2024-12-16T10:00:00Z,
17.9,18.795,2024-12-16T10:00:00Z,2024-12-16T10:30:00Z,
17.9,18.795,2024-12-16T10:30:00Z,2024-12-16T11:00:00Z,
17.87,18.7635,2024-12-16T11:00:00Z,2024-12-16T11:30:00Z,
16.65,17.4825,2024-12-16T11:30:00Z,2024-12-16T12:00:00Z,
16.4,17.22,2024-12-16T12:00:00Z,2024-12-16T12:30:00Z,
16.48,17.304,2024-12-16T12:30:00Z,2024-12-16T13:00:00Z,
16.19,16.9995,2024-12-16T13:00:00Z,2024-12-16T13:30:00Z,
15.74,16.527,2024-12-16T13:30:00Z,2024-12-16T14:00:00Z,
18.08,18.984,2024-12-16T14:00:00Z,2024-12-16T14:30:00Z,
16.8,17.64,2024-12-16T14:30:00Z,2024-12-16T15:00:00Z,
15.12,15.876,2024-12-16T15:00:00Z,2024-12-16T15:30:00Z,
18.48,19.404,2024-12-16T15:30:00Z,2024-12-16T16:00:00Z,
31.73,33.3165,2024-12-16T16:00:00Z,2024-12-16T16:30:00Z,
36.52,38.346,2024-12-16T16:30:00Z,2024-12-16T17:00:00Z,
35.45,37.2225,2024-12-16T17:00:00Z,2024-12-16T17:30:00Z,
35.17,36.9285,2024-12-16T17:30:00Z,2024-12-16T18:00:00Z,
34.84,36.582,2024-12-16T18:00:00Z,2024-12-16T18:30:00Z,
33.68,35.364,2024-12-16T18:30:00Z,2024-12-16T19:00:00Z,
20.37,21.3885,2024-12-16T19:00:00Z,2024-12-16T19:30:00Z,
16.38,17.199,2024-12-16T19:30:00Z,2024-12-16T20:00:00Z,
20.16,21.168,2024-12-16T20:00:00Z,2024-12-16T20:30:00Z,
19.32,20.286,2024-12-16T20:30:00Z,2024-12-16T21:00:00Z,
22.89,24.0345,2024-12-16T21:00:00Z,2024-12-16T21:30:00Z,
17.18,18.039,2024-12-16T21:30:00Z,2024-12-16T22:00:00Z,
17.22,18.081,2024-12-16T22:00:00Z,2024-12-16T22:30:00Z,
15.12,15.876,2024-12-16T22:30:00Z,2024-12-16T23:00:00Z,
11.44,12.012,2024-12-16T23:00:00Z,2024-12-16T23:30:00Z,
11.99,12.5895,2024-12-16T23:30:00Z,2024-12-17T00:00:00Z,
9.24,9.702,2024-12-17T00:00:00Z,2024-12-17T00:30:00Z,
14.0,14.7,2024-12-17T00:30:00Z,2024-12-17T01:00:00Z,
13.33,13.9965,2024-12-17T01:00:00Z,2024-12-17T01:30:00Z,
10.65,11.1825,2024-12-17T01:30:00Z,2024-12-17T02:00:00Z,
13.02,13.671,2024-12-17T02:00:00Z,2024-12-17T02:30:00Z,
13.02,13.671,2024-12-17T02:30:00Z,2024-12-17T03:00:00Z,
13.17,13.8285,2024-12-17T03:00:00Z,2024-12-17T03:30:00Z,
12.81,13.4505,2024-12-17T03:30:00Z,2024-12-17T04:00:00Z,
13.65,14.3325,2024-12-17T04:00:00Z,2024-12-17T04:30:00Z,
10.92,11.466,2024-12-17T04:30:00Z,2024-12-17T05:00:00Z,
17.01,17.8605,2024-12-17T05:00:00Z,2024-12-17T05:30:00Z,
15.91,16.7055,2024-12-17T05:30:00Z,2024-12-17T06:00:00Z,
19.61,20.5905,2024-12-17T06:00:00Z,2024-12-17T06:30:00Z,
18.69,19.6245,2024-12-17T06:30:00Z,2024-12-17T07:00:00Z,
17.74,18.627,2024-12-17T07:00:00Z,2024-12-17T07:30:00Z,
22.37,23.4885,2024-12-17T07:30:00Z,2024-12-17T08:00:00Z,
19.97,20.9685,2024-12-17T08:00:00Z,2024-12-17T08:30:00Z,
20.75,21.7875,2024-12-17T08:30:00Z,2024-12-17T09:00:00Z,
20.37,21.3885,2024-12-17T09:00:00Z,2024-12-17T09:30:00Z,
19.53,20.5065,2024-12-17T09:30:00Z,2024-12-17T10:00:00Z,
19.53,20.5065,2024-12-17T10:00:00Z,2024-12-17T10:30:00Z,
18.27,19.1835,2024-12-17T10:30:00Z,2024-12-17T11:00:00Z,
19.53,20.5065,2024-12-17T11:00:00Z,2024-12-17T11:30:00Z,
18.06,18.963,2024-12-17T11:30:00Z,2024-12-17T12:00:00Z,
18.9,19.845,2024-12-17T12:00:00Z,2024-12-17T12:30:00Z,
18.19,19.0995,2024-12-17T12:30:00Z,2024-12-17T13:00:00Z,
19.53,20.5065,2024-12-17T13:00:00Z,2024-12-17T13:30:00Z,
18.04,18.942,2024-12-17T13:30:00Z,2024-12-17T14:00:00Z,
18.9,19.845,2024-12-17T14:00:00Z,2024-12-17T14:30:00Z,
18.51,19.4355,2024-12-17T14:30:00Z,2024-12-17T15:00:00Z,
17.96,18.858,2024-12-17T15:00:00Z,2024-12-17T15:30:00Z,
19.61,20.5905,2024-12-17T15:30:00Z,2024-12-17T16:00:00Z,
31.58,33.159,2024-12-17T16:00:00Z,2024-12-17T16:30:00Z,
34.21,35.9205,2024-12-17T16:30:00Z,2024-12-17T17:00:00Z,
32.8,34.44,2024-12-17T17:00:00Z,2024-12-17T17:30:00Z,
32.8,34.44,2024-12-17T17:30:00Z,2024-12-17T18:00:00Z,
30.32,31.836,2024-12-17T18:00:00Z,2024-12-17T18:30:00Z,
30.21,31.7205,2024-12-17T18:30:00Z,2024-12-17T19:00:00Z,
16.8,17.64,2024-12-17T19:00:00Z,2024-12-17T19:30:00Z,
17.85,18.7425,2024-12-17T19:30:00Z,2024-12-17T20:00:00Z,
17.43,18.3015,2024-12-17T20:00:00Z,2024-12-17T20:30:00Z,
16.8,17.64,2024-12-17T20:30:00Z,2024-12-17T21:00:00Z,
16.8,17.64,2024-12-17T21:00:00Z,2024-12-17T21:30:00Z,
12.64,13.272,2024-12-17T21:30:00Z,2024-12-17T22:00:00Z,
14.34,15.057,2024-12-17T22:00:00Z,2024-12-17T22:30:00Z,
10.71,11.2455,2024-12-17T22:30:00Z,2024-12-17T23:00:00Z,
8.61,9.0405,2024-12-17T23:00:00Z,2024-12-17T23:30:00Z,
5.65,5.9325,2024-12-17T23:30:00Z,2024-12-18T00:00:00Z,
5.21,5.4705,2024-12-18T00:00:00Z,2024-12-18T00:30:00Z,
9.33,9.7965,2024-12-18T00:30:00Z,2024-12-18T01:00:00Z,
4.16,4.368,2024-12-18T01:00:00Z,2024-12-18T01:30:00Z,
1.56,1.638,2024-12-18T01:30:00Z,2024-12-18T02:00:00Z,
3.36,3.528,2024-12-18T02:00:00Z,2024-12-18T02:30:00Z,
2.1,2.205,2024-12-18T02:30:00Z,2024-12-18T03:00:00Z,
1.39,1.4595,2024-12-18T03:00:00Z,2024-12-18T03:30:00Z,
1.36,1.428,2024-12-18T03:30:00Z,2024-12-18T04:00:00Z,
1.69,1.7745,2024-12-18T04:00:00Z,2024-12-18T04:30:00Z,
0.87,0.9135,2024-12-18T04:30:00Z,2024-12-18T05:00:00Z,
2.0,2.1,2024-12-18T05:00:00Z,2024-12-18T05:30:00Z,
4.37,4.5885,2024-12-18T05:30:00Z,2024-12-18T06:00:00Z,
6.72,7.056,2024-12-18T06:00:00Z,2024-12-18T06:30:00Z,
14.45,15.1725,2024-12-18T06:30:00Z,2024-12-18T07:00:00Z,
11.02,11.571,2024-12-18T07:00:00Z,2024-12-18T07:30:00Z,
17.34,18.207,2024-12-18T07:30:00Z,2024-12-18T08:00:00Z,
12.77,13.4085,2024-12-18T08:00:00Z,2024-12-18T08:30:00Z,
14.5,15.225,2024-12-18T08:30:00Z,2024-12-18T09:00:00Z,
14.26,14.973,2024-12-18T09:00:00Z,2024-12-18T09:30:00Z,
14.5,15.225,2024-12-18T09:30:00Z,2024-12-18T10:00:00Z,
14.8,15.54,2024-12-18T10:00:00Z,2024-12-18T10:30:00Z,
14.11,14.8155,2024-12-18T10:30:00Z,2024-12-18T11:00:00Z,
13.94,14.637,2024-12-18T11:00:00Z,2024-12-18T11:30:00Z,
13.02,13.671,2024-12-18T11:30:00Z,2024-12-18T12:00:00Z,
14.07,14.7735,2024-12-18T12:00:00Z,2024-12-18T12:30:00Z,
15.29,16.0545,2024-12-18T12:30:00Z,2024-12-18T13:00:00Z,
16.46,17.283,2024-12-18T13:00:00Z,2024-12-18T13:30:00Z,
17.6,18.48,2024-12-18T13:30:00Z,2024-12-18T14:00:00Z,
18.9,19.845,2024-12-18T14:00:00Z,2024-12-18T14:30:00Z,
19.0,19.95,2024-12-18T14:30:00Z,2024-12-18T15:00:00Z,
17.71,18.5955,2024-12-18T15:00:00Z,2024-12-18T15:30:00Z,
17.81,18.7005,2024-12-18T15:30:00Z,2024-12-18T16:00:00Z,
30.6,32.13,2024-12-18T16:00:00Z,2024-12-18T16:30:00Z,
34.21,35.9205,2024-12-18T16:30:00Z,2024-12-18T17:00:00Z,
34.82,36.561,2024-12-18T17:00:00Z,2024-12-18T17:30:00Z,
35.05,36.8025,2024-12-18T17:30:00Z,2024-12-18T18:00:00Z,
35.05,36.8025,2024-12-18T18:00:00Z,2024-12-18T18:30:00Z,
35.05,36.8025,2024-12-18T18:30:00Z,2024-12-18T19:00:00Z,
23.16,24.318,2024-12-18T19:00:00Z,2024-12-18T19:30:00Z,
21.46,22.533,2024-12-18T19:30:00Z,2024-12-18T20:00:00Z,
19.84,20.832,2024-12-18T20:00:00Z,2024-12-18T20:30:00Z,
18.25,19.1625,2024-12-18T20:30:00Z,2024-12-18T21:00:00Z,
18.92,19.866,2024-12-18T21:00:00Z,2024-12-18T21:30:00Z,
17.47,18.3435,2024-12-18T21:30:00Z,2024-12-18T22:00:00Z,
17.83,18.7215,2024-12-18T22:00:00Z,2024-12-18T22:30:00Z,
15.46,16.233,2024-12-18T22:30:00Z,2024-12-18T23:00:00Z,
5.75,6.0375,2024-12-18T23:00:00Z,2024-12-18T23:30:00Z,
5.33,5.5965,2024-12-18T23:30:00Z,2024-12-19T00:00:00Z,
2.52,2.646,2024-12-19T00:00:00Z,2024-12-19T00:30:00Z,
3.21,3.3705,2024-12-19T00:30:00Z,2024-12-19T01:00:00Z,
3.15,3.3075,2024-12-19T01:00:00Z,2024-12-19T01:30:00Z,
1.26,1.323,2024-12-19T01:30:00Z,2024-12-19T02:00:00Z,
2.02,2.121,2024-12-19T02:00:00Z,2024-12-19T02:30:00Z,
0.67,0.7035,2024-12-19T02:30:00Z,2024-12-19T03:00:00Z,
2.21,2.3205,2024-12-19T03:00:00Z,2024-12-19T03:30:00Z,
1.32,1.386,2024-12-19T03:30:00Z,2024-12-19T04:00:00Z,
2.21,2.3205,2024-12-19T04:00:00Z,2024-12-19T04:30:00Z,
1.89,1.9845,2024-12-19T04:30:00Z,2024-12-19T05:00:00Z,
2.1,2.205,2024-12-19T05:00:00Z,2024-12-19T05:30:00Z,
4.75,4.9875,2024-12-19T05:30:00Z,2024-12-19T06:00:00Z,
9.88,10.374,2024-12-19T06:00:00Z,2024-12-19T06:30:00Z,
13.77,14.4585,2024-12-19T06:30:00Z,2024-12-19T07:00:00Z,
14.49,15.2145,2024-12-19T07:00:00Z,2024-12-19T07:30:00Z,
18.42,19.341,2024-12-19T07:30:00Z,2024-12-19T08:00:00Z,
17.6,18.48,2024-12-19T08:00:00Z,2024-12-19T08:30:00Z,
17.22,18.081,2024-12-19T08:30:00Z,2024-12-19T09:00:00Z,
18.82,19.761,2024-12-19T09:00:00Z,2024-12-19T09:30:00Z,
17.0,17.85,2024-12-19T09:30:00Z,2024-12-19T10:00:00Z,
17.27,18.1335,2024-12-19T10:00:00Z,2024-12-19T10:30:00Z,
16.8,17.64,2024-12-19T10:30:00Z,2024-12-19T11:00:00Z,
16.23,17.0415,2024-12-19T11:00:00Z,2024-12-19T11:30:00Z,
15.17,15.9285,2024-12-19T11:30:00Z,2024-12-19T12:00:00Z,
15.79,16.5795,2024-12-19T12:00:00Z,2024-12-19T12:30:00Z,
15.75,16.5375,2024-12-19T12:30:00Z,2024-12-19T13:00:00Z,
17.0,17.85,2024-12-19T13:00:00Z,2024-12-19T13:30:00Z,
16.46,17.283,2024-12-19T13:30:00Z,2024-12-19T14:00:00Z,
16.8,17.64,2024-12-19T14:00:00Z,2024-12-19T14:30:00Z,
17.3,18.165,2024-12-19T14:30:00Z,2024-12-19T15:00:00Z,
17.64,18.522,2024-12-19T15:00:00Z,2024-12-19T15:30:00Z,
19.93,20.9265,2024-12-19T15:30:00Z,2024-12-19T16:00:00Z,
32.49,34.1145,2024-12-19T16:00:00Z,2024-12-19T16:30:00Z,
35.68,37.464,2024-12-19T16:30:00Z,2024-12-19T17:00:00Z,
34.13,35.8365,2024-12-19T17:00:00Z,2024-12-19T17:30:00Z,
34.17,35.8785,2024-12-19T17:30:00Z,2024-12-19T18:00:00Z,
33.66,35.343,2024-12-19T18:00:00Z,2024-12-19T18:30:00Z,
32.25,33.8625,2024-12-19T18:30:00Z,2024-12-19T19:00:00Z,
21.42,22.491,2024-12-19T19:00:00Z,2024-12-19T19:30:00Z,
20.16,21.168,2024-12-19T19:30:00Z,2024-12-19T20:00:00Z,
19.74,20.727,2024-12-19T20:00:00Z,2024-12-19T20:30:00Z,
18.48,19.404,2024-12-19T20:30:00Z,2024-12-19T21:00:00Z,
18.56,19.488,2024-12-19T21:00:00Z,2024-12-19T21:30:00Z,
18.48,19.404,2024-12-19T21:30:00Z,2024-12-19T22:00:00Z,
17.32,18.186,2024-12-19T22:00:00Z,2024-12-19T22:30:00Z,
16.8,17.64,2024-12-19T22:30:00Z,2024-12-19T23:00:00Z,
15.91,16.7055,2024-12-19T23:00:00Z,2024-12-19T23:30:00Z,
10.5,11.025,2024-12-19T23:30:00Z,2024-12-20T00:00:00Z,
8.41,8.8305,2024-12-20T00:00:00Z,2024-12-20T00:30:00Z,
15.33,16.0965,2024-12-20T00:30:00Z,2024-12-20T01:00:00Z,
12.18,12.789,2024-12-20T01:00:00Z,2024-12-20T01:30:00Z,
8.5,8.925,2024-12-20T01:30:00Z,2024-12-20T02:00:00Z,
6.72,7.056,2024-12-20T02:00:00Z,2024-12-20T02:30:00Z,
3.51,3.6855,2024-12-20T02:30:00Z,2024-12-20T03:00:00Z,
5.65,5.9325,2024-12-20T03:00:00Z,2024-12-20T03:30:00Z,
3.82,4.011,2024-12-20T03:30:00Z,2024-12-20T04:00:00Z,
8.32,8.736,2024-12-20T04:00:00Z,2024-12-20T04:30:00Z,
6.02,6.321,2024-12-20T04:30:00Z,2024-12-20T05:00:00Z,
10.5,11.025,2024-12-20T05:00:00Z,2024-12-20T05:30:00Z,
11.39,11.9595,2024-12-20T05:30:00Z,2024-12-20T06:00:00Z,
18.69,19.6245,2024-12-20T06:00:00Z,2024-12-20T06:30:00Z,
19.25,20.2125,2024-12-20T06:30:00Z,2024-12-20T07:00:00Z,
18.9,19.845,2024-12-20T07:00:00Z,2024-12-20T07:30:00Z,
20.98,22.029,2024-12-20T07:30:00Z,2024-12-20T08:00:00Z,
19.95,20.9475,2024-12-20T08:00:00Z,2024-12-20T08:30:00Z,
20.98,22.029,2024-12-20T08:30:00Z,2024-12-20T09:00:00Z,
20.79,21.8295,2024-12-20T09:00:00Z,2024-12-20T09:30:00Z,
20.16,21.168,2024-12-20T09:30:00Z,2024-12-20T10:00:00Z,
18.58,19.509,2024-12-20T10:00:00Z,2024-12-20T10:30:00Z,
17.74,18.627,2024-12-20T10:30:00Z,2024-12-20T11:00:00Z,
17.46,18.333,2024-12-20T11:00:00Z,2024-12-20T11:30:00Z,
16.7,17.535,2024-12-20T11:30:00Z,2024-12-20T12:00:00Z,
18.07,18.9735,2024-12-20T12:00:00Z,2024-12-20T12:30:00Z,
17.64,18.522,2024-12-20T12:30:00Z,2024-12-20T13:00:00Z,
16.99,17.8395,2024-12-20T13:00:00Z,2024-12-20T13:30:00Z,
16.8,17.64,2024-12-20T13:30:00Z,2024-12-20T14:00:00Z,
18.21,19.1205,2024-12-20T14:00:00Z,2024-12-20T14:30:00Z,
18.25,19.1625,2024-12-20T14:30:00Z,2024-12-20T15:00:00Z,
17.7,18.585,2024-12-20T15:00:00Z,2024-12-20T15:30:00Z,
19.95,20.9475,2024-12-20T15:30:00Z,2024-12-20T16:00:00Z,
31.48,33.054,2024-12-20T16:00:00Z,2024-12-20T16:30:00Z,
35.17,36.9285,2024-12-20T16:30:00Z,2024-12-20T17:00:00Z,
33.79,35.4795,2024-12-20T17:00:00Z,2024-12-20T17:30:00Z,
33.81,35.5005,2024-12-20T17:30:00Z,2024-12-20T18:00:00Z,
34.42,36.141,2024-12-20T18:00:00Z,2024-12-20T18:30:00Z,
32.11,33.7155,2024-12-20T18:30:00Z,2024-12-20T19:00:00Z,
18.48,19.404,2024-12-20T19:00:00Z,2024-12-20T19:30:00Z,
17.85,18.7425,2024-12-20T19:30:00Z,2024-12-20T20:00:00Z,
18.86,19.803,2024-12-20T20:00:00Z,2024-12-20T20:30:00Z,
17.96,18.858,2024-12-20T20:30:00Z,2024-12-20T21:00:00Z,
17.43,18.3015,2024-12-20T21:00:00Z,2024-12-20T21:30:00Z,
13.65,14.3325,2024-12-20T21:30:00Z,2024-12-20T22:00:00Z,
12.4,13.02,2024-12-20T22:00:00Z,2024-12-20T22:30:00Z,
8.25,8.6625,2024-12-20T22:30:00Z,2024-12-20T23:00:00Z,
7.98,8.379,2024-12-20T23:00:00Z,2024-12-20T23:30:00Z,
4.2,4.41,2024-12-20T23:30:00Z,2024-12-21T00:00:00Z,
0.63,0.6615,2024-12-21T00:00:00Z,2024-12-21T00:30:00Z,
5.04,5.292,2024-12-21T00:30:00Z,2024-12-21T01:00:00Z,
4.36,4.578,2024-12-21T01:00:00Z,2024-12-21T01:30:00Z,
-0.52,-0.546,2024-12-21T01:30:00Z,2024-12-21T02:00:00Z,
3.51,3.6855,2024-12-21T02:00:00Z,2024-12-21T02:30:00Z,
-0.15,-0.1575,2024-12-21T02:30:00Z,2024-12-21T03:00:00Z,
3.15,3.3075,2024-12-21T03:00:00Z,2024-12-21T03:30:00Z,
0.7,0.735,2024-12-21T03:30:00Z,2024-12-21T04:00:00Z,
3.36,3.528,2024-12-21T04:00:00Z,2024-12-21T04:30:00Z,
2.1,2.205,2024-12-21T04:30:00Z,2024-12-21T05:00:00Z,
2.1,2.205,2024-12-21T05:00:00Z,2024-12-21T05:30:00Z,
1.34,1.407,2024-12-21T05:30:00Z,2024-12-21T06:00:00Z,
0.63,0.6615,2024-12-21T06:00:00Z,2024-12-21T06:30:00Z,
2.52,2.646,2024-12-21T06:30:00Z,2024-12-21T07:00:00Z,
0.84,0.882,2024-12-21T07:00:00Z,2024-12-21T07:30:00Z,
4.63,4.8615,2024-12-21T07:30:00Z,2024-12-21T08:00:00Z,
3.57,3.7485,2024-12-21T08:00:00Z,2024-12-21T08:30:00Z,
9.14,9.597,2024-12-21T08:30:00Z,2024-12-21T09:00:00Z,
4.23,4.4415,2024-12-21T09:00:00Z,2024-12-21T09:30:00Z,
7.62,8.001,2024-12-21T09:30:00Z,2024-12-21T10:00:00Z,
6.72,7.056,2024-12-21T10:00:00Z,2024-12-21T10:30:00Z,
6.62,6.951,2024-12-21T10:30:00Z,2024-12-21T11:00:00Z,
6.72,7.056,2024-12-21T11:00:00Z,2024-12-21T11:30:00Z,
5.14,5.397,2024-12-21T11:30:00Z,2024-12-21T12:00:00Z,
5.67,5.9535,2024-12-21T12:00:00Z,2024-12-21T12:30:00Z,
6.3,6.615,2024-12-21T12:30:00Z,2024-12-21T13:00:00Z,
6.05,6.3525,2024-12-21T13:00:00Z,2024-12-21T13:30:00Z,
5.04,5.292,2024-12-21T13:30:00Z,2024-12-21T14:00:00Z,
6.28,6.594,2024-12-21T14:00:00Z,2024-12-21T14:30:00Z,
6.2,6.51,2024-12-21T14:30:00Z,2024-12-21T15:00:00Z,
6.64,6.972,2024-12-21T15:00:00Z,2024-12-21T15:30:00Z,
7.06,7.413,2024-12-21T15:30:00Z,2024-12-21T16:00:00Z,
21.4,22.47,2024-12-21T16:00:00Z,2024-12-21T16:30:00Z,
25.6,26.88,2024-12-21T16:30:00Z,2024-12-21T17:00:00Z,
24.66,25.893,2024-12-21T17:00:00Z,2024-12-21T17:30:00Z,
26.44,27.762,2024-12-21T17:30:00Z,2024-12-21T18:00:00Z,
25.31,26.5755,2024-12-21T18:00:00Z,2024-12-21T18:30:00Z,
21.32,22.386,2024-12-21T18:30:00Z,2024-12-21T19:00:00Z,
8.4,8.82,2024-12-21T19:00:00Z,2024-12-21T19:30:00Z,
5.71,5.9955,2024-12-21T19:30:00Z,2024-12-21T20:00:00Z,
3.36,3.528,2024-12-21T20:00:00Z,2024-12-21T20:30:00Z,
1.68,1.764,2024-12-21T20:30:00Z,2024-12-21T21:00:00Z,
4.69,4.9245,2024-12-21T21:00:00Z,2024-12-21T21:30:00Z,
1.05,1.1025,2024-12-21T21:30:00Z,2024-12-21T22:00:00Z,
2.98,3.129,2024-12-21T22:00:00Z,2024-12-21T22:30:00Z,
-0.34,-0.357,2024-12-21T22:30:00Z,2024-12-21T23:00:00Z,
3.78,3.969,2024-12-21T23:00:00Z,2024-12-21T23:30:00Z,
0.84,0.882,2024-12-21T23:30:00Z,2024-12-22T00:00:00Z,
-1.05,-1.1025,2024-12-22T00:00:00Z,2024-12-22T00:30:00Z,
0.22,0.231,2024-12-22T00:30:00Z,2024-12-22T01:00:00Z,
-0.83,-0.8715,2024-12-22T01:00:00Z,2024-12-22T01:30:00Z,
-1.39,-1.4595,2024-12-22T01:30:00Z,2024-12-22T02:00:00Z,
-0.38,-0.399,2024-12-22T02:00:00Z,2024-12-22T02:30:00Z,
-0.87,-0.9135,2024-12-22T02:30:00Z,2024-12-22T03:00:00Z,
-0.85,-0.8925,2024-12-22T03:00:00Z,2024-12-22T03:30:00Z,
-0.85,-0.8925,2024-12-22T03:30:00Z,2024-12-22T04:00:00Z,
-0.27,-0.2835,2024-12-22T04:00:00Z,2024-12-22T04:30:00Z,
-0.87,-0.9135,2024-12-22T04:30:00Z,2024-12-22T05:00:00Z,
-0.27,-0.2835,2024-12-22T05:00:00Z,2024-12-22T05:30:00Z,
-0.21,-0.2205,2024-12-22T05:30:00Z,2024-12-22T06:00:00Z,
-0.52,-0.546,2024-12-22T06:00:00Z,2024-12-22T06:30:00Z,
0.52,0.546,2024-12-22T06:30:00Z,2024-12-22T07:00:00Z,
-0.34,-0.357,2024-12-22T07:00:00Z,2024-12-22T07:30:00Z,
0.83,0.8715,2024-12-22T07:30:00Z,2024-12-22T08:00:00Z,
0.88,0.924,2024-12-22T08:00:00Z,2024-12-22T08:30:00Z,
5.04,5.292,2024-12-22T08:30:00Z,2024-12-22T09:00:00Z,
4.23,4.4415,2024-12-22T09:00:00Z,2024-12-22T09:30:00Z,
8.2,8.61,2024-12-22T09:30:00Z,2024-12-22T10:00:00Z,
2.84,2.982,2024-12-22T10:00:00Z,2024-12-22T10:30:00Z,
3.04,3.192,2024-12-22T10:30:00Z,2024-12-22T11:00:00Z,
3.02,3.171,2024-12-22T11:00:00Z,2024-12-22T11:30:00Z,
2.94,3.087,2024-12-22T11:30:00Z,2024-12-22T12:00:00Z,
2.31,2.4255,2024-12-22T12:00:00Z,2024-12-22T12:30:00Z,
3.44,3.612,2024-12-22T12:30:00Z,2024-12-22T13:00:00Z,
3.91,4.1055,2024-12-22T13:00:00Z,2024-12-22T13:30:00Z,
4.62,4.851,2024-12-22T13:30:00Z,2024-12-22T14:00:00Z,
6.57,6.8985,2024-12-22T14:00:00Z,2024-12-22T14:30:00Z,
9.24,9.702,2024-12-22T14:30:00Z,2024-12-22T15:00:00Z,
8.4,8.82,2024-12-22T15:00:00Z,2024-12-22T15:30:00Z,
10.08,10.584,2024-12-22T15:30:00Z,2024-12-22T16:00:00Z,
22.93,24.0765,2024-12-22T16:00:00Z,2024-12-22T16:30:00Z,
29.77,31.2585,2024-12-22T16:30:00Z,2024-12-22T17:00:00Z,
30.22,31.731,2024-12-22T17:00:00Z,2024-12-22T17:30:00Z,
27.84,29.232,2024-12-22T17:30:00Z,2024-12-22T18:00:00Z,
27.84,29.232,2024-12-22T18:00:00Z,2024-12-22T18:30:00Z,
23.71,24.8955,2024-12-22T18:30:00Z,2024-12-22T19:00:00Z,
14.28,14.994,2024-12-22T19:00:00Z,2024-12-22T19:30:00Z,
10.5,11.025,2024-12-22T19:30:00Z,2024-12-22T20:00:00Z,
14.28,14.994,2024-12-22T20:00:00Z,2024-12-22T20:30:00Z,
9.24,9.702,2024-12-22T20:30:00Z,2024-12-22T21:00:00Z,
12.33,12.9465,2024-12-22T21:00:00Z,2024-12-22T21:30:00Z,
6.57,6.8985,2024-12-22T21:30:00Z,2024-12-22T22:00:00Z,
7.56,7.938,2024-12-22T22:00:00Z,2024-12-22T22:30:00Z,
4.2,4.41,2024-12-22T22:30:00Z,2024-12-22T23:00:00Z,
10.08,10.584,2024-12-22T23:00:00Z,2024-12-22T23:30:00Z,
5.04,5.292,2024-12-22T23:30:00Z,2024-12-23T00:00:00Z,
1.89,1.9845,2024-12-23T00:00:00Z,2024-12-23T00:30:00Z,
8.4,8.82,2024-12-23T00:30:00Z,2024-12-23T01:00:00Z,
4.2,4.41,2024-12-23T01:00:00Z,2024-12-23T01:30:00Z,
2.69,2.8245,2024-12-23T01:30:00Z,2024-12-23T02:00:00Z,
5.33,5.5965,2024-12-23T02:00:00Z,2024-12-23T02:30:00Z,
5.04,5.292,2024-12-23T02:30:00Z,2024-12-23T03:00:00Z,
0.63,0.6615,2024-12-23T03:00:00Z,2024-12-23T03:30:00Z,
0.0,0.0,2024-12-23T03:30:00Z,2024-12-23T04:00:00Z,
1.08,1.134,2024-12-23T04:00:00Z,2024-12-23T04:30:00Z,
1.78,1.869,2024-12-23T04:30:00Z,2024-12-23T05:00:00Z,
1.89,1.9845,2024-12-23T05:00:00Z,2024-12-23T05:30:00Z,
6.28,6.594,2024-12-23T05:30:00Z,2024-12-23T06:00:00Z,
5.48,5.754,2024-12-23T06:00:00Z,2024-12-23T06:30:00Z,
14.28,14.994,2024-12-23T06:30:00Z,2024-12-23T07:00:00Z,
17.12,17.976,2024-12-23T07:00:00Z,2024-12-23T07:30:00Z,
21.0,22.05,2024-12-23T07:30:00Z,2024-12-23T08:00:00Z,
20.29,21.3045,2024-12-23T08:00:00Z,2024-12-23T08:30:00Z,
20.27,21.2835,2024-12-23T08:30:00Z,2024-12-23T09:00:00Z,
20.58,21.609,2024-12-23T09:00:00Z,2024-12-23T09:30:00Z,
20.52,21.546,2024-12-23T09:30:00Z,2024-12-23T10:00:00Z,
20.06,21.063,2024-12-23T10:00:00Z,2024-12-23T10:30:00Z,
19.95,20.9475,2024-12-23T10:30:00Z,2024-12-23T11:00:00Z,
20.16,21.168,2024-12-23T11:00:00Z,2024-12-23T11:30:00Z,
19.95,20.9475,2024-12-23T11:30:00Z,2024-12-23T12:00:00Z,
19.95,20.9475,2024-12-23T12:00:00Z,2024-12-23T12:30:00Z,
19.99,20.9895,2024-12-23T12:30:00Z,2024-12-23T13:00:00Z,
19.95,20.9475,2024-12-23T13:00:00Z,2024-12-23T13:30:00Z,
18.9,19.845,2024-12-23T13:30:00Z,2024-12-23T14:00:00Z,
17.22,18.081,2024-12-23T14:00:00Z,2024-12-23T14:30:00Z,
18.18,19.089,2024-12-23T14:30:00Z,2024-12-23T15:00:00Z,
17.81,18.7005,2024-12-23T15:00:00Z,2024-12-23T15:30:00Z,
21.25,22.3125,2024-12-23T15:30:00Z,2024-12-23T16:00:00Z,
34.15,35.8575,2024-12-23T16:00:00Z,2024-12-23T16:30:00Z,
37.78,39.669,2024-12-23T16:30:00Z,2024-12-23T17:00:00Z,
37.55,39.4275,2024-12-23T17:00:00Z,2024-12-23T17:30:00Z,
37.57,39.4485,2024-12-23T17:30:00Z,2024-12-23T18:00:00Z,
37.73,39.6165,2024-12-23T18:00:00Z,2024-12-23T18:30:00Z,
35.89,37.6845,2024-12-23T18:30:00Z,2024-12-23T19:00:00Z,
22.27,23.3835,2024-12-23T19:00:00Z,2024-12-23T19:30:00Z,
21.78,22.869,2024-12-23T19:30:00Z,2024-12-23T20:00:00Z,
21.0,22.05,2024-12-23T20:00:00Z,2024-12-23T20:30:00Z,
18.9,19.845,2024-12-23T20:30:00Z,2024-12-23T21:00:00Z,
19.8,20.79,2024-12-23T21:00:00Z,2024-12-23T21:30:00Z,
18.67,19.6035,2024-12-23T21:30:00Z,2024-12-23T22:00:00Z,
18.48,19.404,2024-12-23T22:00:00Z,2024-12-23T22:30:00Z,
16.99,17.8395,2024-12-23T22:30:00Z,2024-12-23T23:00:00Z,
16.8,17.64,2024-12-23T23:00:00Z,2024-12-23T23:30:00Z,
14.05,14.7525,2024-12-23T23:30:00Z,2024-12-24T00:00:00Z,
11.11,11.6655,2024-12-24T00:00:00Z,2024-12-24T00:30:00Z,
15.25,16.0125,2024-12-24T00:30:00Z,2024-12-24T01:00:00Z,
14.34,15.057,2024-12-24T01:00:00Z,2024-12-24T01:30:00Z,
10.92,11.466,2024-12-24T01:30:00Z,2024-12-24T02:00:00Z,
13.25,13.9125,2024-12-24T02:00:00Z,2024-12-24T02:30:00Z,
11.95,12.5475,2024-12-24T02:30:00Z,2024-12-24T03:00:00Z,
15.48,16.254,2024-12-24T03:00:00Z,2024-12-24T03:30:00Z,
12.1,12.705,2024-12-24T03:30:00Z,2024-12-24T04:00:00Z,
12.94,13.587,2024-12-24T04:00:00Z,2024-12-24T04:30:00Z,
12.6,13.23,2024-12-24T04:30:00Z,2024-12-24T05:00:00Z,
13.44,14.112,2024-12-24T05:00:00Z,2024-12-24T05:30:00Z,
14.28,14.994,2024-12-24T05:30:00Z,2024-12-24T06:00:00Z,
16.93,17.7765,2024-12-24T06:00:00Z,2024-12-24T06:30:00Z,
19.83,20.8215,2024-12-24T06:30:00Z,2024-12-24T07:00:00Z,
16.59,17.4195,2024-12-24T07:00:00Z,2024-12-24T07:30:00Z,
20.86,21.903,2024-12-24T07:30:00Z,2024-12-24T08:00:00Z,
18.88,19.824,2024-12-24T08:00:00Z,2024-12-24T08:30:00Z,
21.84,22.932,2024-12-24T08:30:00Z,2024-12-24T09:00:00Z,
19.74,20.727,2024-12-24T09:00:00Z,2024-12-24T09:30:00Z,
21.0,22.05,2024-12-24T09:30:00Z,2024-12-24T10:00:00Z,
21.0,22.05,2024-12-24T10:00:00Z,2024-12-24T10:30:00Z,
20.79,21.8295,2024-12-24T10:30:00Z,2024-12-24T11:00:00Z,
20.33,21.3465,2024-12-24T11:00:00Z,2024-12-24T11:30:00Z,
19.57,20.5485,2024-12-24T11:30:00Z,2024-12-24T12:00:00Z,
18.95,19.8975,2024-12-24T12:00:00Z,2024-12-24T12:30:00Z,
20.85,21.8925,2024-12-24T12:30:00Z,2024-12-24T13:00:00Z,
19.71,20.6955,2024-12-24T13:00:00Z,2024-12-24T13:30:00Z,
18.9,19.845,2024-12-24T13:30:00Z,2024-12-24T14:00:00Z,
20.16,21.168,2024-12-24T14:00:00Z,2024-12-24T14:30:00Z,
19.53,20.5065,2024-12-24T14:30:00Z,2024-12-24T15:00:00Z,
20.42,21.441,2024-12-24T15:00:00Z,2024-12-24T15:30:00Z,
22.64,23.772,2024-12-24T15:30:00Z,2024-12-24T16:00:00Z,
34.67,36.4035,2024-12-24T16:00:00Z,2024-12-24T16:30:00Z,
36.52,38.346,2024-12-24T16:30:00Z,2024-12-24T17:00:00Z,
34.67,36.4035,2024-12-24T17:00:00Z,2024-12-24T17:30:00Z,
34.5,36.225,2024-12-24T17:30:00Z,2024-12-24T18:00:00Z,
34.0,35.7,2024-12-24T18:00:00Z,2024-12-24T18:30:00Z,
32.81,34.4505,2024-12-24T18:30:00Z,2024-12-24T19:00:00Z,
20.37,21.3885,2024-12-24T19:00:00Z,2024-12-24T19:30:00Z,
19.82,20.811,2024-12-24T19:30:00Z,2024-12-24T20:00:00Z,
19.49,20.4645,2024-12-24T20:00:00Z,2024-12-24T20:30:00Z,
17.85,18.7425,2024-12-24T20:30:00Z,2024-12-24T21:00:00Z,
20.39,21.4095,2024-12-24T21:00:00Z,2024-12-24T21:30:00Z,
17.64,18.522,2024-12-24T21:30:00Z,2024-12-24T22:00:00Z,
17.32,18.186,2024-12-24T22:00:00Z,2024-12-24T22:30:00Z,
10.08,10.584,2024-12-24T22:30:00Z,2024-12-24T23:00:00Z,
21.0,22.05,2024-12-24T23:00:00Z,2024-12-24T23:30:00Z,
17.01,17.8605,2024-12-24T23:30:00Z,2024-12-25T00:00:00Z,
14.93,15.6765,2024-12-25T00:00:00Z,2024-12-25T00:30:00Z,
16.8,17.64,2024-12-25T00:30:00Z,2024-12-25T01:00:00Z,
15.79,16.5795,2024-12-25T01:00:00Z,2024-12-25T01:30:00Z,
12.93,13.5765,2024-12-25T01:30:00Z,2024-12-25T02:00:00Z,
14.18,14.889,2024-12-25T02:00:00Z,2024-12-25T02:30:00Z,
12.28,12.894,2024-12-25T02:30:00Z,2024-12-25T03:00:00Z,
15.12,15.876,2024-12-25T03:00:00Z,2024-12-25T03:30:00Z,
12.13,12.7365,2024-12-25T03:30:00Z,2024-12-25T04:00:00Z,
12.81,13.4505,2024-12-25T04:00:00Z,2024-12-25T04:30:00Z,
12.39,13.0095,2024-12-25T04:30:00Z,2024-12-25T05:00:00Z,
12.38,12.999,2024-12-25T05:00:00Z,2024-12-25T05:30:00Z,
12.28,12.894,2024-12-25T05:30:00Z,2024-12-25T06:00:00Z,
12.7,13.335,2024-12-25T06:00:00Z,2024-12-25T06:30:00Z,
18.27,19.1835,2024-12-25T06:30:00Z,2024-12-25T07:00:00Z,
15.6,16.38,2024-12-25T07:00:00Z,2024-12-25T07:30:00Z,
20.98,22.029,2024-12-25T07:30:00Z,2024-12-25T08:00:00Z,
16.78,17.619,2024-12-25T08:00:00Z,2024-12-25T08:30:00Z,
20.79,21.8295,2024-12-25T08:30:00Z,2024-12-25T09:00:00Z,
18.9,19.845,2024-12-25T09:00:00Z,2024-12-25T09:30:00Z,
19.28,20.244,2024-12-25T09:30:00Z,2024-12-25T10:00:00Z,
18.73,19.6665,2024-12-25T10:00:00Z,2024-12-25T10:30:00Z,
19.66,20.643,2024-12-25T10:30:00Z,2024-12-25T11:00:00Z,
18.48,19.404,2024-12-25T11:00:00Z,2024-12-25T11:30:00Z,
21.09,22.1445,2024-12-25T11:30:00Z,2024-12-25T12:00:00Z,
21.44,22.512,2024-12-25T12:00:00Z,2024-12-25T12:30:00Z,
22.05,23.1525,2024-12-25T12:30:00Z,2024-12-25T13:00:00Z,
22.47,23.5935,2024-12-25T13:00:00Z,2024-12-25T13:30:00Z,
22.26,23.373,2024-12-25T13:30:00Z,2024-12-25T14:00:00Z,
21.52,22.596,2024-12-25T14:00:00Z,2024-12-25T14:30:00Z,
20.77,21.8085,2024-12-25T14:30:00Z,2024-12-25T15:00:00Z,
21.02,22.071,2024-12-25T15:00:00Z,2024-12-25T15:30:00Z,
20.62,21.651,2024-12-25T15:30:00Z,2024-12-25T16:00:00Z,
35.09,36.8445,2024-12-25T16:00:00Z,2024-12-25T16:30:00Z,
33.16,34.818,2024-12-25T16:30:00Z,2024-12-25T17:00:00Z,
35.05,36.8025,2024-12-25T17:00:00Z,2024-12-25T17:30:00Z,
33.58,35.259,2024-12-25T17:30:00Z,2024-12-25T18:00:00Z,
34.67,36.4035,2024-12-25T18:00:00Z,2024-12-25T18:30:00Z,
34.19,35.8995,2024-12-25T18:30:00Z,2024-12-25T19:00:00Z,
20.73,21.7665,2024-12-25T19:00:00Z,2024-12-25T19:30:00Z,
20.37,21.3885,2024-12-25T19:30:00Z,2024-12-25T20:00:00Z,
19.29,20.2545,2024-12-25T20:00:00Z,2024-12-25T20:30:00Z,
19.22,20.181,2024-12-25T20:30:00Z,2024-12-25T21:00:00Z,
20.16,21.168,2024-12-25T21:00:00Z,2024-12-25T21:30:00Z,
18.57,19.4985,2024-12-25T21:30:00Z,2024-12-25T22:00:00Z,
19.74,20.727,2024-12-25T22:00:00Z,2024-12-25T22:30:00Z,
19.49,20.4645,2024-12-25T22:30:00Z,2024-12-25T23:00:00Z,
22.47,23.5935,2024-12-25T23:00:00Z,2024-12-25T23:30:00Z,
19.82,20.811,2024-12-25T23:30:00Z,2024-12-26T00:00:00Z,
19.95,20.9475,2024-12-26T00:00:00Z,2024-12-26T00:30:00Z,
21.0,22.05,2024-12-26T00:30:00Z,2024-12-26T01:00:00Z,
20.66,21.693,2024-12-26T01:00:00Z,2024-12-26T01:30:00Z,
19.59,20.5695,2024-12-26T01:30:00Z,2024-12-26T02:00:00Z,
20.32,21.336,2024-12-26T02:00:00Z,2024-12-26T02:30:00Z,
18.66,19.593,2024-12-26T02:30:00Z,2024-12-26T03:00:00Z,
18.06,18.963,2024-12-26T03:00:00Z,2024-12-26T03:30:00Z,
17.47,18.3435,2024-12-26T03:30:00Z,2024-12-26T04:00:00Z,
18.75,19.6875,2024-12-26T04:00:00Z,2024-12-26T04:30:00Z,
18.58,19.509,2024-12-26T04:30:00Z,2024-12-26T05:00:00Z,
20.18,21.189,2024-12-26T05:00:00Z,2024-12-26T05:30:00Z,
17.85,18.7425,2024-12-26T05:30:00Z,2024-12-26T06:00:00Z,
19.73,20.7165,2024-12-26T06:00:00Z,2024-12-26T06:30:00Z,
18.46,19.383,2024-12-26T06:30:00Z,2024-12-26T07:00:00Z,
20.2,21.21,2024-12-26T07:00:00Z,2024-12-26T07:30:00Z,
21.5,22.575,2024-12-26T07:30:00Z,2024-12-26T08:00:00Z,
19.51,20.4855,2024-12-26T08:00:00Z,2024-12-26T08:30:00Z,
23.35,24.5175,2024-12-26T08:30:00Z,2024-12-26T09:00:00Z,
17.85,18.7425,2024-12-26T09:00:00Z,2024-12-26T09:30:00Z,
20.79,21.8295,2024-12-26T09:30:00Z,2024-12-26T10:00:00Z,
20.16,21.168,2024-12-26T10:00:00Z,2024-12-26T10:30:00Z,
19.95,20.9475,2024-12-26T10:30:00Z,2024-12-26T11:00:00Z,
21.0,22.05,2024-12-26T11:00:00Z,2024-12-26T11:30:00Z,
21.84,22.932,2024-12-26T11:30:00Z,2024-12-26T12:00:00Z,
22.01,23.1105,2024-12-26T12:00:00Z,2024-12-26T12:30:00Z,
23.1,24.255,2024-12-26T12:30:00Z,2024-12-26T13:00:00Z,
23.5,24.675,2024-12-26T13:00:00Z,2024-12-26T13:30:00Z,
22.28,23.394,2024-12-26T13:30:00Z,2024-12-26T14:00:00Z,
22.75,23.8875,2024-12-26T14:00:00Z,2024-12-26T14:30:00Z,
21.25,22.3125,2024-12-26T14:30:00Z,2024-12-26T15:00:00Z,
22.18,23.289,2024-12-26T15:00:00Z,2024-12-26T15:30:00Z,
23.1,24.255,2024-12-26T15:30:00Z,2024-12-26T16:00:00Z,
36.55,38.3775,2024-12-26T16:00:00Z,2024-12-26T16:30:00Z,
37.7,39.585,2024-12-26T16:30:00Z,2024-12-26T17:00:00Z,
39.04,40.992,2024-12-26T17:00:00Z,2024-12-26T17:30:00Z,
37.02,38.871,2024-12-26T17:30:00Z,2024-12-26T18:00:00Z,
37.88,39.774,2024-12-26T18:00:00Z,2024-12-26T18:30:00Z,
36.73,38.5665,2024-12-26T18:30:00Z,2024-12-26T19:00:00Z,
23.06,24.213,2024-12-26T19:00:00Z,2024-12-26T19:30:00Z,
22.26,23.373,2024-12-26T19:30:00Z,2024-12-26T20:00:00Z,
21.52,22.596,2024-12-26T20:00:00Z,2024-12-26T20:30:00Z,
21.0,22.05,2024-12-26T20:30:00Z,2024-12-26T21:00:00Z,
20.9,21.945,2024-12-26T21:00:00Z,2024-12-26T21:30:00Z,
20.16,21.168,2024-12-26T21:30:00Z,2024-12-26T22:00:00Z,
21.42,22.491,2024-12-26T22:00:00Z,2024-12-26T22:30:00Z,
21.0,22.05,2024-12-26T22:30:00Z,2024-12-26T23:00:00Z,
22.65,23.7825,2024-12-26T23:00:00Z,2024-12-26T23:30:00Z,
21.21,22.2705,2024-12-26T23:30:00Z,2024-12-27T00:00:00Z,
19.26,20.223,2024-12-27T00:00:00Z,2024-12-27T00:30:00Z,
24.51,25.7355,2024-12-27T00:30:00Z,2024-12-27T01:00:00Z,
22.26,23.373,2024-12-27T01:00:00Z,2024-12-27T01:30:00Z,
19.37,20.3385,2024-12-27T01:30:00Z,2024-12-27T02:00:00Z,
20.37,21.3885,2024-12-27T02:00:00Z,2024-12-27T02:30:00Z,
19.19,20.1495,2024-12-27T02:30:00Z,2024-12-27T03:00:00Z,
21.44,22.512,2024-12-27T03:00:00Z,2024-12-27T03:30:00Z,
19.32,20.286,2024-12-27T03:30:00Z,2024-12-27T04:00:00Z,
20.41,21.4305,2024-12-27T04:00:00Z,2024-12-27T04:30:00Z,
19.17,20.1285,2024-12-27T04:30:00Z,2024-12-27T05:00:00Z,
22.05,23.1525,2024-12-27T05:00:00Z,2024-12-27T05:30:00Z,
21.81,22.9005,2024-12-27T05:30:00Z,2024-12-27T06:00:00Z,
22.68,23.814,2024-12-27T06:00:00Z,2024-12-27T06:30:00Z,
21.34,22.407,2024-12-27T06:30:00Z,2024-12-27T07:00:00Z,
21.06,22.113,2024-12-27T07:00:00Z,2024-12-27T07:30:00Z,
22.32,23.436,2024-12-27T07:30:00Z,2024-12-27T08:00:00Z,
19.57,20.5485,2024-12-27T08:00:00Z,2024-12-27T08:30:00Z,
22.05,23.1525,2024-12-27T08:30:00Z,2024-12-27T09:00:00Z,
20.68,21.714,2024-12-27T09:00:00Z,2024-12-27T09:30:00Z,
22.29,23.4045,2024-12-27T09:30:00Z,2024-12-27T10:00:00Z,
22.26,23.373,2024-12-27T10:00:00Z,2024-12-27T10:30:00Z,
22.82,23.961,2024-12-27T10:30:00Z,2024-12-27T11:00:00Z,
21.21,22.2705,2024-12-27T11:00:00Z,2024-12-27T11:30:00Z,
21.19,22.2495,2024-12-27T11:30:00Z,2024-12-27T12:00:00Z,
21.9,22.995,2024-12-27T12:00:00Z,2024-12-27T12:30:00Z,
22.26,23.373,2024-12-27T12:30:00Z,2024-12-27T13:00:00Z,
23.1,24.255,2024-12-27T13:00:00Z,2024-12-27T13:30:00Z,
22.76,23.898,2024-12-27T13:30:00Z,2024-12-27T14:00:00Z,
24.7,25.935,2024-12-27T14:00:00Z,2024-12-27T14:30:00Z,
24.15,25.3575,2024-12-27T14:30:00Z,2024-12-27T15:00:00Z,
26.54,27.867,2024-12-27T15:00:00Z,2024-12-27T15:30:00Z,
28.35,29.7675,2024-12-27T15:30:00Z,2024-12-27T16:00:00Z,
41.35,43.4175,2024-12-27T16:00:00Z,2024-12-27T16:30:00Z,
43.24,45.402,2024-12-27T16:30:00Z,2024-12-27T17:00:00Z,
43.24,45.402,2024-12-27T17:00:00Z,2024-12-27T17:30:00Z,
42.36,44.478,2024-12-27T17:30:00Z,2024-12-27T18:00:00Z,
41.14,43.197,2024-12-27T18:00:00Z,2024-12-27T18:30:00Z,
40.09,42.0945,2024-12-27T18:30:00Z,2024-12-27T19:00:00Z,
27.07,28.4235,2024-12-27T19:00:00Z,2024-12-27T19:30:00Z,
25.52,26.796,2024-12-27T19:30:00Z,2024-12-27T20:00:00Z,
23.35,24.5175,2024-12-27T20:00:00Z,2024-12-27T20:30:00Z,
22.05,23.1525,2024-12-27T20:30:00Z,2024-12-27T21:00:00Z,
22.08,23.184,2024-12-27T21:00:00Z,2024-12-27T21:30:00Z,
21.63,22.7115,2024-12-27T21:30:00Z,2024-12-27T22:00:00Z,
21.52,22.596,2024-12-27T22:00:00Z,2024-12-27T22:30:00Z,
20.79,21.8295,2024-12-27T22:30:00Z,2024-12-27T23:00:00Z,
22.29,23.4045,2024-12-27T23:00:00Z,2024-12-27T23:30:00Z,
22.68,23.814,2024-12-27T23:30:00Z,2024-12-28T00:00:00Z,
20.33,21.3465,2024-12-28T00:00:00Z,2024-12-28T00:30:00Z,
23.35,24.5175,2024-12-28T00:30:00Z,2024-12-28T01:00:00Z,
20.97,22.0185,2024-12-28T01:00:00Z,2024-12-28T01:30:00Z,
17.85,18.7425,2024-12-28T01:30:00Z,2024-12-28T02:00:00Z,
20.12,21.126,2024-12-28T02:00:00Z,2024-12-28T02:30:00Z,
18.27,19.1835,2024-12-28T02:30:00Z,2024-12-28T03:00:00Z,
21.63,22.7115,2024-12-28T03:00:00Z,2024-12-28T03:30:00Z,
19.55,20.5275,2024-12-28T03:30:00Z,2024-12-28T04:00:00Z,
20.41,21.4305,2024-12-28T04:00:00Z,2024-12-28T04:30:00Z,
19.18,20.139,2024-12-28T04:30:00Z,2024-12-28T05:00:00Z,
21.43,22.5015,2024-12-28T05:00:00Z,2024-12-28T05:30:00Z,
20.64,21.672,2024-12-28T05:30:00Z,2024-12-28T06:00:00Z,
22.26,23.373,2024-12-28T06:00:00Z,2024-12-28T06:30:00Z,
20.37,21.3885,2024-12-28T06:30:00Z,2024-12-28T07:00:00Z,
22.26,23.373,2024-12-28T07:00:00Z,2024-12-28T07:30:00Z,
22.47,23.5935,2024-12-28T07:30:00Z,2024-12-28T08:00:00Z,
19.95,20.9475,2024-12-28T08:00:00Z,2024-12-28T08:30:00Z,
24.44,25.662,2024-12-28T08:30:00Z,2024-12-28T09:00:00Z,
21.74,22.827,2024-12-28T09:00:00Z,2024-12-28T09:30:00Z,
23.44,24.612,2024-12-28T09:30:00Z,2024-12-28T10:00:00Z,
21.19,22.2495,2024-12-28T10:00:00Z,2024-12-28T10:30:00Z,
20.75,21.7875,2024-12-28T10:30:00Z,2024-12-28T11:00:00Z,
21.0,22.05,2024-12-28T11:00:00Z,2024-12-28T11:30:00Z,
20.64,21.672,2024-12-28T11:30:00Z,2024-12-28T12:00:00Z,
19.7,20.685,2024-12-28T12:00:00Z,2024-12-28T12:30:00Z,
20.09,21.0945,2024-12-28T12:30:00Z,2024-12-28T13:00:00Z,
22.36,23.478,2024-12-28T13:00:00Z,2024-12-28T13:30:00Z,
21.34,22.407,2024-12-28T13:30:00Z,2024-12-28T14:00:00Z,
23.1,24.255,2024-12-28T14:00:00Z,2024-12-28T14:30:00Z,
19.32,20.286,2024-12-28T14:30:00Z,2024-12-28T15:00:00Z,
22.7,23.835,2024-12-28T15:00:00Z,2024-12-28T15:30:00Z,
23.44,24.612,2024-12-28T15:30:00Z,2024-12-28T16:00:00Z,
38.41,40.3305,2024-12-28T16:00:00Z,2024-12-28T16:30:00Z,
39.38,41.349,2024-12-28T16:30:00Z,2024-12-28T17:00:00Z,
39.02,40.971,2024-12-28T17:00:00Z,2024-12-28T17:30:00Z,
39.02,40.971,2024-12-28T17:30:00Z,2024-12-28T18:00:00Z,
39.36,41.328,2024-12-28T18:00:00Z,2024-12-28T18:30:00Z,
37.49,39.3645,2024-12-28T18:30:00Z,2024-12-28T19:00:00Z,
23.1,24.255,2024-12-28T19:00:00Z,2024-12-28T19:30:00Z,
22.05,23.1525,2024-12-28T19:30:00Z,2024-12-28T20:00:00Z,
20.27,21.2835,2024-12-28T20:00:00Z,2024-12-28T20:30:00Z,
22.05,23.1525,2024-12-28T20:30:00Z,2024-12-28T21:00:00Z,
20.16,21.168,2024-12-28T21:00:00Z,2024-12-28T21:30:00Z,
19.11,20.0655,2024-12-28T21:30:00Z,2024-12-28T22:00:00Z,
19.47,20.4435,2024-12-28T22:00:00Z,2024-12-28T22:30:00Z,
18.4,19.32,2024-12-28T22:30:00Z,2024-12-28T23:00:00Z,
21.63,22.7115,2024-12-28T23:00:00Z,2024-12-28T23:30:00Z,
21.61,22.6905,2024-12-28T23:30:00Z,2024-12-29T00:00:00Z,
18.8,19.74,2024-12-29T00:00:00Z,2024-12-29T00:30:00Z,
22.63,23.7615,2024-12-29T00:30:00Z,2024-12-29T01:00:00Z,
20.71,21.7455,2024-12-29T01:00:00Z,2024-12-29T01:30:00Z,
19.17,20.1285,2024-12-29T01:30:00Z,2024-12-29T02:00:00Z,
19.34,20.307,2024-12-29T02:00:00Z,2024-12-29T02:30:00Z,
17.26,18.123,2024-12-29T02:30:00Z,2024-12-29T03:00:00Z,
16.8,17.64,2024-12-29T03:00:00Z,2024-12-29T03:30:00Z,
15.01,15.7605,2024-12-29T03:30:00Z,2024-12-29T04:00:00Z,
16.9,17.745,2024-12-29T04:00:00Z,2024-12-29T04:30:00Z,
15.16,15.918,2024-12-29T04:30:00Z,2024-12-29T05:00:00Z,
15.22,15.981,2024-12-29T05:00:00Z,2024-12-29T05:30:00Z,
15.85,16.6425,2024-12-29T05:30:00Z,2024-12-29T06:00:00Z,
16.38,17.199,2024-12-29T06:00:00Z,2024-12-29T06:30:00Z,
16.8,17.64,2024-12-29T06:30:00Z,2024-12-29T07:00:00Z,
16.8,17.64,2024-12-29T07:00:00Z,2024-12-29T07:30:00Z,
16.28,17.094,2024-12-29T07:30:00Z,2024-12-29T08:00:00Z,
16.28,17.094,2024-12-29T08:00:00Z,2024-12-29T08:30:00Z,
21.44,22.512,2024-12-29T08:30:00Z,2024-12-29T09:00:00Z,
18.21,19.1205,2024-12-29T09:00:00Z,2024-12-29T09:30:00Z,
20.6,21.63,2024-12-29T09:30:00Z,2024-12-29T10:00:00Z,
18.98,19.929,2024-12-29T10:00:00Z,2024-12-29T10:30:00Z,
19.09,20.0445,2024-12-29T10:30:00Z,2024-12-29T11:00:00Z,
19.15,20.1075,2024-12-29T11:00:00Z,2024-12-29T11:30:00Z,
19.03,19.9815,2024-12-29T11:30:00Z,2024-12-29T12:00:00Z,
17.81,18.7005,2024-12-29T12:00:00Z,2024-12-29T12:30:00Z,
19.15,20.1075,2024-12-29T12:30:00Z,2024-12-29T13:00:00Z,
18.48,19.404,2024-12-29T13:00:00Z,2024-12-29T13:30:00Z,
19.4,20.37,2024-12-29T13:30:00Z,2024-12-29T14:00:00Z,
19.82,20.811,2024-12-29T14:00:00Z,2024-12-29T14:30:00Z,
19.51,20.4855,2024-12-29T14:30:00Z,2024-12-29T15:00:00Z,
19.42,20.391,2024-12-29T15:00:00Z,2024-12-29T15:30:00Z,
22.05,23.1525,2024-12-29T15:30:00Z,2024-12-29T16:00:00Z,
36.18,37.989,2024-12-29T16:00:00Z,2024-12-29T16:30:00Z,
38.2,40.11,2024-12-29T16:30:00Z,2024-12-29T17:00:00Z,
37.4,39.27,2024-12-29T17:00:00Z,2024-12-29T17:30:00Z,
37.4,39.27,2024-12-29T17:30:00Z,2024-12-29T18:00:00Z,
38.24,40.152,2024-12-29T18:00:00Z,2024-12-29T18:30:00Z,
35.51,37.2855,2024-12-29T18:30:00Z,2024-12-29T19:00:00Z,
23.04,24.192,2024-12-29T19:00:00Z,2024-12-29T19:30:00Z,
20.98,22.029,2024-12-29T19:30:00Z,2024-12-29T20:00:00Z,
20.79,21.8295,2024-12-29T20:00:00Z,2024-12-29T20:30:00Z,
20.46,21.483,2024-12-29T20:30:00Z,2024-12-29T21:00:00Z,
22.28,23.394,2024-12-29T21:00:00Z,2024-12-29T21:30:00Z,
19.31,20.2755,2024-12-29T21:30:00Z,2024-12-29T22:00:00Z,
20.79,21.8295,2024-12-29T22:00:00Z,2024-12-29T22:30:00Z,
16.32,17.136,2024-12-29T22:30:00Z,2024-12-29T23:00:00Z,
16.78,17.619,2024-12-29T23:00:00Z,2024-12-29T23:30:00Z,
13.82,14.511,2024-12-29T23:30:00Z,2024-12-30T00:00:00Z,
11.76,12.348,2024-12-30T00:00:00Z,2024-12-30T00:30:00Z,
17.85,18.7425,2024-12-30T00:30:00Z,2024-12-30T01:00:00Z,
13.61,14.2905,2024-12-30T01:00:00Z,2024-12-30T01:30:00Z,
11.15,11.7075,2024-12-30T01:30:00Z,2024-12-30T02:00:00Z,
9.24,9.702,2024-12-30T02:00:00Z,2024-12-30T02:30:00Z,
6.76,7.098,2024-12-30T02:30:00Z,2024-12-30T03:00:00Z,
9.24,9.702,2024-12-30T03:00:00Z,2024-12-30T03:30:00Z,
9.74,10.227,2024-12-30T03:30:00Z,2024-12-30T04:00:00Z,
11.76,12.348,2024-12-30T04:00:00Z,2024-12-30T04:30:00Z,
8.95,9.3975,2024-12-30T04:30:00Z,2024-12-30T05:00:00Z,
9.37,9.8385,2024-12-30T05:00:00Z,2024-12-30T05:30:00Z,
8.4,8.82,2024-12-30T05:30:00Z,2024-12-30T06:00:00Z,
13.9,14.595,2024-12-30T06:00:00Z,2024-12-30T06:30:00Z,
16.8,17.64,2024-12-30T06:30:00Z,2024-12-30T07:00:00Z,
18.48,19.404,2024-12-30T07:00:00Z,2024-12-30T07:30:00Z,
21.42,22.491,2024-12-30T07:30:00Z,2024-12-30T08:00:00Z,
18.9,19.845,2024-12-30T08:00:00Z,2024-12-30T08:30:00Z,
22.68,23.814,2024-12-30T08:30:00Z,2024-12-30T09:00:00Z,
20.15,21.1575,2024-12-30T09:00:00Z,2024-12-30T09:30:00Z,
21.44,22.512,2024-12-30T09:30:00Z,2024-12-30T10:00:00Z,
20.29,21.3045,2024-12-30T10:00:00Z,2024-12-30T10:30:00Z,
20.79,21.8295,2024-12-30T10:30:00Z,2024-12-30T11:00:00Z,
18.7,19.635,2024-12-30T11:00:00Z,2024-12-30T11:30:00Z,
17.86,18.753,2024-12-30T11:30:00Z,2024-12-30T12:00:00Z,
17.83,18.7215,2024-12-30T12:00:00Z,2024-12-30T12:30:00Z,
19.74,20.727,2024-12-30T12:30:00Z,2024-12-30T13:00:00Z,
19.03,19.9815,2024-12-30T13:00:00Z,2024-12-30T13:30:00Z,
19.74,20.727,2024-12-30T13:30:00Z,2024-12-30T14:00:00Z,
19.74,20.727,2024-12-30T14:00:00Z,2024-12-30T14:30:00Z,
20.62,21.651,2024-12-30T14:30:00Z,2024-12-30T15:00:00Z,
22.07,23.1735,2024-12-30T15:00:00Z,2024-12-30T15:30:00Z,
22.03,23.1315,2024-12-30T15:30:00Z,2024-12-30T16:00:00Z,
36.5,38.325,2024-12-30T16:00:00Z,2024-12-30T16:30:00Z,
39.21,41.1705,2024-12-30T16:30:00Z,2024-12-30T17:00:00Z,
39.01,40.9605,2024-12-30T17:00:00Z,2024-12-30T17:30:00Z,
37.57,39.4485,2024-12-30T17:30:00Z,2024-12-30T18:00:00Z,
37.36,39.228,2024-12-30T18:00:00Z,2024-12-30T18:30:00Z,
34.37,36.0885,2024-12-30T18:30:00Z,2024-12-30T19:00:00Z,
25.2,26.46,2024-12-30T19:00:00Z,2024-12-30T19:30:00Z,
23.52,24.696,2024-12-30T19:30:00Z,2024-12-30T20:00:00Z,
22.48,23.604,2024-12-30T20:00:00Z,2024-12-30T20:30:00Z,
19.15,20.1075,2024-12-30T20:30:00Z,2024-12-30T21:00:00Z,
20.58,21.609,2024-12-30T21:00:00Z,2024-12-30T21:30:00Z,
19.36,20.328,2024-12-30T21:30:00Z,2024-12-30T22:00:00Z,
18.47,19.3935,2024-12-30T22:00:00Z,2024-12-30T22:30:00Z,
11.55,12.1275,2024-12-30T22:30:00Z,2024-12-30T23:00:00Z,
13.76,14.448,2024-12-30T23:00:00Z,2024-12-30T23:30:00Z,
10.08,10.584,2024-12-30T23:30:00Z,2024-12-31T00:00:00Z,
4.24,4.452,2024-12-31T00:00:00Z,2024-12-31T00:30:00Z,
10.43,10.9515,2024-12-31T00:30:00Z,2024-12-31T01:00:00Z,
9.28,9.744,2024-12-31T01:00:00Z,2024-12-31T01:30:00Z,
3.99,4.1895,2024-12-31T01:30:00Z,2024-12-31T02:00:00Z,
6.72,7.056,2024-12-31T02:00:00Z,2024-12-31T02:30:00Z,
2.52,2.646,2024-12-31T02:30:00Z,2024-12-31T03:00:00Z,
5.31,5.5755,2024-12-31T03:00:00Z,2024-12-31T03:30:00Z,
3.11,3.2655,2024-12-31T03:30:00Z,2024-12-31T04:00:00Z,
3.93,4.1265,2024-12-31T04:00:00Z,2024-12-31T04:30:00Z,
3.15,3.3075,2024-12-31T04:30:00Z,2024-12-31T05:00:00Z,
2.31,2.4255,2024-12-31T05:00:00Z,2024-12-31T05:30:00Z,
3.36,3.528,2024-12-31T05:30:00Z,2024-12-31T06:00:00Z,
3.78,3.969,2024-12-31T06:00:00Z,2024-12-31T06:30:00Z,
8.4,8.82,2024-12-31T06:30:00Z,2024-12-31T07:00:00Z,
6.72,7.056,2024-12-31T07:00:00Z,2024-12-31T07:30:00Z,
12.05,12.6525,2024-12-31T07:30:00Z,2024-12-31T08:00:00Z,
8.92,9.366,2024-12-31T08:00:00Z,2024-12-31T08:30:00Z,
14.28,14.994,2024-12-31T08:30:00Z,2024-12-31T09:00:00Z,
16.17,16.9785,2024-12-31T09:00:00Z,2024-12-31T09:30:00Z,
18.27,19.1835,2024-12-31T09:30:00Z,2024-12-31T10:00:00Z,
15.87,16.6635,2024-12-31T10:00:00Z,2024-12-31T10:30:00Z,
16.59,17.4195,2024-12-31T10:30:00Z,2024-12-31T11:00:00Z,
17.07,17.9235,2024-12-31T11:00:00Z,2024-12-31T11:30:00Z,
15.54,16.317,2024-12-31T11:30:00Z,2024-12-31T12:00:00Z,
15.15,15.9075,2024-12-31T12:00:00Z,2024-12-31T12:30:00Z,
16.36,17.178,2024-12-31T12:30:00Z,2024-12-31T13:00:00Z,
15.75,16.5375,2024-12-31T13:00:00Z,2024-12-31T13:30:00Z,
15.33,16.0965,2024-12-31T13:30:00Z,2024-12-31T14:00:00Z,
15.53,16.3065,2024-12-31T14:00:00Z,2024-12-31T14:30:00Z,
16.58,17.409,2024-12-31T14:30:00Z,2024-12-31T15:00:00Z,
15.88,16.674,2024-12-31T15:00:00Z,2024-12-31T15:30:00Z,
16.95,17.7975,2024-12-31T15:30:00Z,2024-12-31T16:00:00Z,
30.13,31.6365,2024-12-31T16:00:00Z,2024-12-31T16:30:00Z,
33.17,34.8285,2024-12-31T16:30:00Z,2024-12-31T17:00:00Z,
32.46,34.083,2024-12-31T17:00:00Z,2024-12-31T17:30:00Z,
31.64,33.222,2024-12-31T17:30:00Z,2024-12-31T18:00:00Z,
32.73,34.3665,2024-12-31T18:00:00Z,2024-12-31T18:30:00Z,
26.45,27.7725,2024-12-31T18:30:00Z,2024-12-31T19:00:00Z,
15.46,16.233,2024-12-31T19:00:00Z,2024-12-31T19:30:00Z,
10.84,11.382,2024-12-31T19:30:00Z,2024-12-31T20:00:00Z,
14.04,14.742,2024-12-31T20:00:00Z,2024-12-31T20:30:00Z,
8.4,8.82,2024-12-31T20:30:00Z,2024-12-31T21:00:00Z,
9.66,10.143,2024-12-31T21:00:00Z,2024-12-31T21:30:00Z,
3.15,3.3075,2024-12-31T21:30:00Z,2024-12-31T22:00:00Z,
2.16,2.268,2024-12-31T22:00:00Z,2024-12-31T22:30:00Z,
-4.2,-4.41,2024-12-31T22:30:00Z,2024-12-31T23:00:00Z,
2.52,2.646,2024-12-31T23:00:00Z,2024-12-31T23:30:00Z,
-1.14,-1.197,2024-12-31T23:30:00Z,2025-01-01T00:00:00Z,
